Div,Date,Time,HomeTeam,AwayTeam,FTHG,FTAG,matchday,Home_pre_po,Away_pre_po,home_Public_per,draw_public_per,away_public_per,FTR,HTHG,HTAG,HTR,HS,AS,HST,AST,HF,AF,HC,AC,HY,AY,HR,AR,B365H,B365D,B365A,BWH,BWD,BWA,IWH,IWD,IWA,PSH,PSD,PSA,WHH,WHD,WHA,VCH,VCD,VCA,MaxH,MaxD,MaxA,AvgH,AvgD,AvgA
B1,26/07/2019,19:30,Genk,Kortrijk,2,1,1,7,11,95.5,4.5,0,H,0,1,A,10,8,2,4,7,22,6,2,0,1,0,0,1.36,4.75,8.5,1.4,5,8,1.37,4.8,6.9,1.4,5.22,7.44,1.36,4.8,8,1.36,5,8,1.41,5.25,8.5,1.38,4.94,7.42
B1,27/07/2019,17:00,Cercle Brugge,Standard,0,2,1,14,5,4.5,13.6,81.8,A,0,0,D,13,14,5,9,16,15,3,7,2,2,1,0,3.75,3.75,1.85,3.8,3.75,1.95,3.7,3.6,1.87,3.91,3.63,1.99,3.7,3.6,1.91,3.75,3.7,1.93,4.1,3.8,1.99,3.72,3.59,1.93
B1,27/07/2019,19:00,St Truiden,Mouscron,0,1,1,12,10,77.3,18.2,4.5,A,0,1,A,10,10,4,6,10,21,5,5,2,4,0,0,1.9,3.75,3.75,1.95,3.5,4.1,1.93,3.45,3.65,1.99,3.52,4.04,1.91,3.6,3.75,1.93,3.6,3.8,2.01,3.75,4.1,1.95,3.49,3.77
B1,27/07/2019,19:00,Waregem,Mechelen,0,2,1,9,6,68.2,22.7,9.1,A,0,1,A,7,10,2,5,14,21,4,2,3,1,0,0,2.15,3.6,3.1,2.2,3.75,3.1,2.15,3.5,3,2.23,3.76,3.12,2.2,3.5,3,2.2,3.6,3.1,2.37,3.76,3.15,2.2,3.58,3.03
B1,27/07/2019,19:30,Waasland-Beveren,Club Brugge,1,3,1,16,1,4.5,0,95.5,A,1,1,D,7,25,2,22,18,12,1,14,3,1,0,0,6.5,4,1.5,6,4.5,1.53,5.3,4.3,1.5,5.52,4.59,1.56,5.5,4.33,1.52,5.75,4.5,1.5,6.5,4.6,1.59,5.53,4.36,1.53
B1,28/07/2019,13:30,Anderlecht,Oostende,1,2,1,8,15,100,0,0,A,1,1,D,15,8,6,6,12,17,5,2,1,3,0,0,1.36,4.5,9,1.36,5,9.25,1.37,4.75,7.2,1.36,5.09,8.96,1.35,4.75,8.5,1.36,5,8,1.4,5.1,9.25,1.36,4.82,8.02
B1,28/07/2019,17:00,Charleroi,Gent,1,1,1,3,2,4.5,18.2,77.3,D,0,0,D,7,5,4,4,20,21,5,6,0,2,0,0,3.1,3.25,2.3,3,3.5,2.35,2.95,3.35,2.25,3.03,3.55,2.36,2.9,3.4,2.3,2.9,3.5,2.3,3.1,3.55,2.4,2.94,3.38,2.31
B1,28/07/2019,19:00,Eupen,Antwerp,1,4,1,13,4,22.7,22.7,54.5,A,1,1,D,12,14,3,8,18,10,3,10,1,2,0,0,3.8,3.3,1.95,3.8,3.6,2,3.5,3.45,1.97,3.74,3.69,2.02,3.5,3.5,2,3.6,3.6,2,3.8,3.69,2.13,3.55,3.51,2.01
B1,02/08/2019,19:30,Club Brugge,St Truiden,6,0,2,2,12,95.5,0,4.5,H,4,0,H,16,4,10,2,19,12,6,2,1,3,1,0,1.25,5.5,12,1.26,6.25,11,1.25,5.6,9.9,1.25,6.39,11.45,1.22,5.8,12,1.22,6,12,1.26,6.5,12,1.24,6.04,10.99
B1,03/08/2019,17:00,Standard,Waregem,4,0,2,3,14,100,0,0,H,2,0,H,16,3,7,1,19,18,4,2,0,2,0,1,1.53,4.33,5.5,1.5,4.6,6.25,1.47,4.45,5.6,1.49,4.89,6.07,1.47,4.6,5.8,1.45,4.6,6.25,1.54,4.89,6.25,1.49,4.53,5.8
B1,03/08/2019,19:00,Kortrijk,Charleroi,1,1,2,11,9,40.9,31.8,27.3,D,0,1,A,7,11,4,6,21,18,10,3,1,2,0,0,2.3,3.4,3,2.4,3.5,2.95,2.3,3.35,2.9,2.33,3.61,3.04,2.25,3.5,3,2.3,3.4,3,2.44,3.61,3.05,2.3,3.43,2.95
B1,03/08/2019,19:00,Oostende,Cercle Brugge,3,1,2,6,15,81.8,9.1,9.1,H,2,1,H,11,9,7,4,9,18,3,2,0,2,0,1,2.15,3.5,3.2,2.2,3.6,3.2,2.2,3.5,2.95,2.3,3.75,3,2.2,3.5,3,2.2,3.6,3.1,2.3,3.75,3.27,2.21,3.56,3.01
B1,03/08/2019,19:30,Mechelen,Genk,3,1,2,4,5,13.6,27.3,59.1,H,1,1,D,11,9,5,5,14,13,5,4,1,0,0,0,4.33,3.4,1.85,4.33,3.8,1.83,4.05,3.65,1.8,4.25,3.82,1.86,4,3.7,1.8,4.1,3.75,1.83,4.33,3.85,1.88,4.06,3.68,1.83
B1,04/08/2019,13:30,Gent,Eupen,6,1,2,8,16,100,0,0,H,4,0,H,18,8,11,5,13,13,6,2,0,2,0,0,1.4,4.75,7,1.45,4.6,7.25,1.37,4.8,7,1.39,5.2,7.84,1.36,5,7.5,1.36,5,8,1.46,5.2,8,1.38,4.84,7.32
B1,04/08/2019,17:00,Mouscron,Anderlecht,0,0,2,7,10,9.1,4.5,86.4,D,0,0,D,7,9,2,3,15,18,4,4,2,4,0,0,3.4,3.5,2.05,3.6,3.5,2.1,3.3,3.45,2.05,3.53,3.44,2.17,3.4,3.5,2.05,3.4,3.5,2.1,3.7,3.64,2.18,3.35,3.44,2.1
B1,04/08/2019,19:00,Antwerp,Waasland-Beveren,4,1,2,1,13,100,0,0,H,2,1,H,15,10,11,6,20,11,6,4,0,2,0,0,1.33,5,9,1.4,5,8.25,1.33,4.9,8,1.35,5.5,8.35,1.32,5.25,8.5,1.33,5,9,1.4,5.5,9,1.34,5.02,8.17
B1,09/08/2019,19:30,Anderlecht,Mechelen,0,0,3,11,4,57.1,28.6,14.3,D,0,0,D,12,1,4,0,12,11,8,1,0,2,0,1,1.75,4.2,4,1.83,3.75,3.9,1.77,3.8,3.95,1.82,3.88,4.36,1.75,3.8,4.2,1.75,4,4.2,1.86,4.2,4.36,1.79,3.81,4.07
B1,10/08/2019,17:00,Oostende,Club Brugge,0,2,3,5,1,4.8,9.5,85.7,A,0,0,D,8,10,4,8,11,17,3,6,0,0,0,0,7,4.2,1.45,6,4.6,1.45,5.9,4.6,1.45,6.47,5.01,1.46,6,4.75,1.44,6.25,4.75,1.45,7,5.01,1.51,6.11,4.65,1.45
B1,10/08/2019,19:00,Cercle Brugge,Kortrijk,1,3,3,16,13,42.9,19,38.1,A,1,0,H,13,11,6,9,17,18,2,3,1,1,0,0,2.5,3.5,2.62,2.5,3.5,2.6,2.45,3.5,2.55,2.59,3.74,2.62,2.5,3.6,2.55,2.55,3.6,2.55,2.63,3.74,2.7,2.52,3.52,2.59
B1,10/08/2019,19:00,Eupen,Waasland-Beveren,1,1,3,12,19,57.1,23.8,19,D,0,1,A,4,7,1,4,17,20,4,7,2,1,0,0,1.83,3.6,4.2,1.8,3.8,4,1.85,3.7,3.7,1.9,3.77,4.11,1.85,3.6,3.9,1.9,3.8,3.75,1.92,3.86,4.2,1.87,3.69,3.85
B1,10/08/2019,19:30,Genk,Waregem,0,2,3,8,14,95.2,4.8,0,A,0,1,A,10,8,3,7,16,20,3,2,1,2,0,0,1.22,6,13,1.22,6.25,11.5,1.23,6.1,9.8,1.25,6.69,11.03,1.24,6,11,1.22,6.25,12,1.26,7,13,1.23,6.29,10.57
B1,11/08/2019,13:30,St Truiden,Standard,2,1,3,15,3,9.5,4.8,85.7,H,2,0,H,6,25,5,9,16,16,0,5,4,4,0,1,4.33,3.8,1.72,4.33,3.9,1.72,4.15,3.85,1.73,4.41,4.12,1.76,4.33,3.9,1.73,4.5,3.9,1.73,4.5,4.12,1.78,4.25,3.88,1.74
B1,11/08/2019,17:00,Charleroi,Antwerp,2,1,3,9,2,19,9.5,71.4,H,0,0,D,10,6,4,2,8,20,5,4,0,1,0,0,2.55,3.4,2.62,2.5,3.3,2.7,2.55,3.25,2.65,2.64,3.42,2.75,2.55,3.3,2.7,2.55,3.4,2.7,2.65,3.42,2.75,2.56,3.3,2.66
B1,11/08/2019,19:00,Mouscron,Gent,2,1,3,7,6,9.5,14.3,76.2,H,2,1,H,6,11,2,4,15,15,2,7,0,1,0,0,3.5,3.75,2,3.4,3.75,1.95,3.4,3.6,1.97,3.58,3.71,2.06,3.4,3.6,2,3.5,3.7,2,3.6,3.8,2.06,3.41,3.62,2
B1,16/08/2019,19:30,Club Brugge,Eupen,0,0,4,1,15,100,0,0,D,0,0,D,11,7,1,3,12,19,7,3,3,4,0,0,1.14,8,11,1.2,7.5,13.5,1.21,6.5,10.5,1.19,7.73,13.81,1.18,7,12,1.18,7.5,12,1.23,8,14,1.19,7.14,12.24
B1,17/08/2019,17:00,Kortrijk,Anderlecht,4,2,4,9,13,8,20,72,H,0,1,A,8,9,5,5,15,21,1,3,1,1,0,0,3,3.5,2.1,3,3.7,2.3,2.8,3.45,2.3,2.89,3.74,2.37,2.8,3.5,2.35,2.8,3.5,2.4,3,3.74,2.42,2.87,3.51,2.32
B1,17/08/2019,19:00,Mechelen,Cercle Brugge,3,1,4,2,16,100,0,0,H,0,1,A,7,3,4,2,8,22,5,3,0,4,0,0,1.4,4.33,9,1.42,5,7.25,1.41,4.5,6.7,1.41,4.94,7.58,1.4,4.6,7.5,1.4,4.6,8,1.45,5,9,1.41,4.65,7.08
B1,17/08/2019,19:30,Waasland-Beveren,Genk,0,4,4,14,10,4,12,84,A,0,1,A,7,16,2,5,14,4,3,3,2,0,0,0,6.5,4.75,1.36,6.5,5.25,1.44,6.3,4.8,1.4,6.26,5.33,1.44,6.5,5,1.4,7,5,1.4,7.5,5.33,1.44,6.55,4.95,1.4
B1,18/08/2019,13:30,Standard,Mouscron,4,1,4,5,3,76.9,11.5,11.5,H,2,0,H,10,2,6,0,8,16,3,4,0,1,0,0,1.45,4.5,5.25,1.53,4.33,6.25,1.5,4.25,5.6,1.52,4.45,6.46,1.5,4.2,6,1.5,4.4,6,1.58,4.75,6.46,1.51,4.33,5.83
B1,18/08/2019,17:00,Antwerp,St Truiden,2,0,4,4,12,88.5,7.7,3.8,H,1,0,H,15,6,4,3,14,13,5,4,0,4,0,1,1.45,4.33,5.5,1.55,4.33,6,1.5,4.15,5.6,1.54,4.24,6.43,1.5,4.2,6,1.5,4.3,6.25,1.58,4.47,6.43,1.52,4.18,5.84
B1,18/08/2019,19:00,Gent,Oostende,2,0,4,8,6,81.5,7.4,11.1,H,0,0,D,11,5,4,2,6,15,5,4,0,1,0,0,1.33,5.5,7.5,1.4,5.25,7.5,1.35,4.95,7.3,1.36,5.33,8.56,1.35,5,8,1.36,5,8,1.4,5.5,8.56,1.36,5.1,7.54
B1,19/08/2019,19:30,Waregem,Charleroi,3,1,4,11,7,35.7,50,14.3,H,1,0,H,5,4,3,2,13,15,3,5,2,1,0,0,2.8,3.3,2.3,2.9,3.7,2.35,2.75,3.5,2.3,2.88,3.88,2.32,2.8,3.5,2.35,2.8,3.5,2.38,2.9,3.88,2.5,2.79,3.56,2.34
B1,23/08/2019,19:30,Genk,Anderlecht,1,0,5,8,13,74.1,14.8,11.1,H,0,0,D,6,8,4,2,8,16,5,10,0,1,0,0,1.72,3.8,4.5,1.78,3.75,4.2,1.75,3.8,4.1,1.78,4.09,4.32,1.75,3.9,4.2,1.75,3.9,4.3,1.82,4.1,4.5,1.77,3.84,4.16
B1,24/08/2019,19:00,Cercle Brugge,Waasland-Beveren,1,0,5,16,15,66.7,22.2,11.1,H,0,0,D,7,10,2,2,13,8,3,7,2,1,0,0,2,3.6,3.5,2,3.8,3.3,1.97,3.75,3.25,2,3.91,3.58,1.95,3.75,3.4,2,3.8,3.4,2.03,3.92,3.58,1.99,3.73,3.38
B1,24/08/2019,19:00,St Truiden,Waregem,0,0,5,12,10,33.3,33.3,33.3,D,0,0,D,13,8,2,2,15,15,5,4,2,1,0,0,2.25,3.5,3,2.2,3.5,3,2.25,3.65,2.8,2.31,3.8,2.95,2.2,3.75,2.88,2.3,3.7,2.88,2.33,3.92,3,2.26,3.64,2.86
B1,24/08/2019,19:30,Oostende,Mechelen,2,1,5,9,2,22.2,14.8,63,H,0,0,D,13,11,8,6,18,12,6,9,2,3,0,0,3.1,3.5,2.2,2.9,3.6,2.25,3,3.5,2.15,3.11,3.71,2.25,3,3.5,2.25,3.1,3.6,2.2,3.11,3.75,2.3,3.01,3.54,2.21
B1,25/08/2019,17:00,Standard,Kortrijk,2,1,5,3,6,96.3,0,3.7,H,0,1,A,8,6,5,2,9,18,7,3,2,3,1,0,1.5,4.5,5.75,1.55,4.25,5.25,1.5,4.25,5.5,1.51,4.58,6.34,1.5,4.33,6,1.5,4.4,6,1.55,4.58,6.34,1.51,4.35,5.74
B1,25/08/2019,19:00,Mouscron,Eupen,2,0,5,7,14,81.5,14.8,3.7,H,1,0,H,5,6,4,2,17,11,6,6,3,3,0,0,1.72,3.75,4.5,1.75,3.7,4.4,1.7,3.75,4.4,1.72,3.96,4.88,1.7,3.75,4.6,1.7,3.8,4.8,1.8,3.96,4.88,1.72,3.77,4.52
B1,30/08/2019,19:30,Mechelen,Mouscron,2,2,6,4,5,79.2,16.7,4.2,D,2,1,H,8,10,4,5,13,16,5,7,1,1,0,0,1.95,3.75,3.5,2,3.6,3.8,1.95,3.45,3.6,2.05,3.5,3.83,1.78,3.7,4.2,2,3.5,3.6,2.06,3.75,4.03,2,3.47,3.68
B1,31/08/2019,17:00,Eupen,St Truiden,0,2,6,15,12,29.2,33.3,37.5,A,0,1,A,16,10,6,3,14,7,7,1,2,1,0,0,2.3,3.6,2.8,2.3,3.7,2.9,2.25,3.55,2.85,2.26,3.82,3.02,2.25,3.6,2.88,2.25,3.7,2.9,2.32,3.82,3.02,2.25,3.62,2.91
B1,31/08/2019,19:00,Kortrijk,Oostende,2,2,6,9,7,57.7,19.2,23.1,D,0,1,A,6,12,3,3,16,15,7,1,1,1,0,0,2.05,3.6,3.4,2,3.8,3.5,1.97,3.65,3.35,2.02,3.98,3.47,2,3.75,3.3,2,3.75,3.5,2.13,3.98,3.5,1.99,3.71,3.39
B1,31/08/2019,19:30,Waasland-Beveren,Charleroi,0,4,6,16,11,12,8,80,A,0,1,A,5,7,1,6,18,11,7,4,1,0,0,0,4,3.75,1.83,4,3.9,1.85,3.8,3.7,1.83,3.91,4.18,1.85,3.7,3.9,1.83,3.9,3.8,1.85,4.01,4.18,1.9,3.85,3.84,1.84
B1,01/09/2019,13:30,Club Brugge,Genk,1,1,6,3,6,74.1,22.2,3.7,D,1,0,H,10,13,5,3,16,13,6,5,2,4,0,0,1.75,3.75,4.33,1.8,4,4.1,1.75,3.8,4.1,1.79,4.08,4.26,1.75,3.8,4.2,1.75,3.9,4.2,1.83,4.08,4.35,1.77,3.86,4.15
B1,01/09/2019,17:00,Anderlecht,Standard,1,0,6,14,1,35.7,14.3,50,H,1,0,H,10,11,4,5,15,12,1,3,2,2,0,0,2.05,3.6,3.4,2.15,3.5,3.3,2.1,3.55,3.15,2.2,3.6,3.31,2.1,3.5,3.2,2.15,3.6,3.2,2.25,3.72,3.4,2.15,3.52,3.18
B1,01/09/2019,19:00,Gent,Cercle Brugge,3,2,6,8,13,96.4,3.6,0,H,3,1,H,17,7,8,3,12,16,4,2,1,4,0,0,1.28,6,8.5,1.3,6,8.5,1.28,5.6,8.2,1.31,5.8,9.44,1.27,5.5,9.5,1.29,6,9.5,1.32,6,9.5,1.29,5.75,8.77
B1,01/09/2019,19:00,Waregem,Antwerp,2,0,6,10,2,35.7,17.9,46.4,H,2,0,H,10,3,4,2,7,16,5,6,0,2,0,0,2.7,3.8,2.3,2.75,3.75,2.4,2.65,3.55,2.4,2.75,3.82,2.44,2.7,3.6,2.35,2.7,3.7,2.4,2.85,3.82,2.51,2.68,3.61,2.41
B1,13/09/2019,19:30,Charleroi,Genk,2,1,7,10,7,4,28,68,H,2,0,H,3,11,3,4,14,8,1,3,6,1,0,0,2.7,3.6,2.37,2.9,3.6,2.4,2.7,3.5,2.35,2.8,3.67,2.47,2.75,3.5,2.35,2.75,3.6,2.38,2.9,3.74,2.47,2.77,3.54,2.39
B1,14/09/2019,17:00,Oostende,Standard,1,4,7,8,1,7.7,3.8,88.5,A,1,1,D,4,10,3,8,11,10,2,9,0,2,0,0,4.33,4.2,1.66,4.33,4.33,1.7,4.35,4,1.67,4.36,4.4,1.72,4.4,4,1.67,4.6,4.1,1.67,4.62,4.4,1.75,4.34,4.11,1.69
B1,14/09/2019,19:00,Eupen,Waregem,1,1,7,15,9,11.1,11.1,77.8,D,0,1,A,9,4,2,2,18,20,5,2,3,2,0,1,2.75,3.75,2.3,2.8,3.7,2.35,2.7,3.6,2.3,2.71,3.83,2.47,2.75,3.7,2.3,2.8,3.75,2.3,3,3.9,2.47,2.75,3.66,2.33
B1,14/09/2019,19:00,St Truiden,Waasland-Beveren,1,1,7,12,16,85.2,11.1,3.7,D,0,0,D,4,12,2,4,12,11,6,9,2,1,0,0,1.6,4.2,5,1.65,4.33,4.75,1.63,4.15,4.5,1.65,4.33,4.99,1.63,4.2,4.5,1.65,4.2,4.6,1.7,4.33,5,1.64,4.18,4.64
B1,14/09/2019,19:30,Cercle Brugge,Club Brugge,0,2,7,14,3,0,3.7,96.3,A,0,1,A,11,8,4,4,13,6,3,9,1,2,0,0,8.5,6,1.28,9,6,1.3,8.6,5.7,1.27,9.03,6.23,1.3,10,5.8,1.25,10.5,6,1.25,10.5,6.23,1.31,8.96,5.85,1.28
B1,15/09/2019,13:30,Anderlecht,Antwerp,1,2,7,13,2,63,14.8,22.2,A,0,0,D,10,13,2,8,13,13,11,4,4,4,1,0,2,3.6,3.5,2,3.7,3.6,1.97,3.5,3.5,2.03,3.8,3.6,1.95,3.7,3.5,2,3.6,3.6,2.11,3.8,3.6,2,3.6,3.47
B1,15/09/2019,17:00,Gent,Mechelen,3,0,7,6,4,70.4,11.1,18.5,H,3,0,H,13,4,9,0,10,9,7,4,1,3,0,0,1.5,4.33,6,1.5,4.6,6,1.5,4.35,5.4,1.51,4.72,6.09,1.47,4.5,6,1.5,4.5,5.75,1.54,4.72,6.09,1.5,4.47,5.72
B1,15/09/2019,19:30,Mouscron,Kortrijk,2,0,7,5,11,85.2,7.4,7.4,H,1,0,H,8,7,4,2,14,16,6,5,3,3,0,1,2.1,3.5,3.3,2.15,3.5,3.3,2.1,3.4,3.25,2.21,3.59,3.3,2.15,3.4,3.2,2.1,3.5,3.3,2.22,3.6,3.4,2.13,3.45,3.25
B1,20/09/2019,19:30,Kortrijk,Mechelen,2,3,8,11,7,19.2,30.8,50,A,1,0,H,11,9,7,6,19,18,6,2,0,3,0,0,2.4,3.3,2.87,2.3,3.5,3,2.3,3.35,2.85,2.33,3.72,2.97,2.3,3.5,2.88,2.3,3.5,2.9,2.4,3.72,3.05,2.31,3.49,2.92
B1,21/09/2019,17:00,Charleroi,St Truiden,0,3,8,6,12,96.2,0,3.8,A,0,1,A,12,5,2,5,13,13,12,2,2,3,0,0,1.57,4,5.75,1.62,4,5.5,1.6,4,4.75,1.65,4.18,5.16,1.6,4,5.25,1.62,4.1,5,1.65,4.28,5.75,1.62,4.02,5.03
B1,21/09/2019,19:00,Antwerp,Cercle Brugge,3,1,8,2,14,92.6,7.4,0,H,1,1,D,13,5,8,1,14,13,5,2,1,2,0,0,1.36,4.75,8,1.4,5.1,7,1.37,4.8,6.9,1.42,5.18,6.98,1.38,4.75,7.5,1.36,4.8,8,1.44,5.18,8.35,1.38,4.9,7.2
B1,21/09/2019,19:00,Waasland-Beveren,Mouscron,1,1,8,16,4,11.1,0,88.9,D,0,1,A,7,6,2,4,11,11,2,4,1,2,0,0,3.4,3.5,2.05,3.5,3.5,2.1,3.3,3.6,2,3.46,3.66,2.11,3.3,3.6,2.05,3.4,3.6,2.05,3.5,3.7,2.16,3.36,3.56,2.06
B1,21/09/2019,19:30,Genk,Oostende,3,1,8,9,10,92.6,7.4,0,H,2,1,H,14,14,3,5,11,11,8,4,2,2,0,0,1.33,4.75,10,1.35,5.25,8.25,1.35,5.1,7.2,1.33,5.53,9.12,1.32,5.25,8.5,1.33,5.25,8.5,1.38,5.53,10,1.34,5.17,8.02
B1,22/09/2019,13:30,Standard,Eupen,3,0,8,1,15,100,0,0,H,2,0,H,15,4,8,1,9,14,6,3,0,2,0,1,1.28,5.75,9,1.26,6.25,10.5,1.3,5.3,8.6,1.27,5.84,11.94,1.25,5.5,11,1.29,5.75,10,1.31,6.25,12,1.27,5.6,9.98
B1,22/09/2019,17:00,Club Brugge,Anderlecht,2,1,8,3,13,88.9,11.1,0,H,1,1,D,17,5,8,4,11,14,8,3,1,2,0,0,1.5,4.33,6,1.55,4.4,5.5,1.53,4.35,5.2,1.54,4.69,5.7,1.5,4.5,5.5,1.5,4.5,5.75,1.57,4.75,6,1.52,4.46,5.44
B1,22/09/2019,19:00,Waregem,Gent,2,2,8,8,5,25.9,25.9,48.1,D,1,1,D,6,13,2,5,11,17,3,2,1,1,0,1,3.4,3.75,2,3.5,3.9,1.95,3.2,3.8,1.97,3.38,4.15,2.01,3.25,4,1.95,3.3,3.9,2,3.5,4.15,2.08,3.28,3.85,2
B1,28/09/2019,17:00,Mechelen,Club Brugge,0,5,9,6,3,4.5,13.6,81.8,A,0,1,A,2,22,0,12,6,19,1,12,2,1,1,0,6,4.33,1.5,6,4.2,1.55,5.8,4.4,1.47,5.9,4.9,1.5,4.8,4,1.6,6.25,4.5,1.5,6.3,4.9,1.55,5.88,4.53,1.48
B1,28/09/2019,19:00,Cercle Brugge,Eupen,1,2,9,14,16,59.1,22.7,18.2,A,1,0,H,7,7,3,4,22,19,1,2,4,4,1,0,2,3.6,3.25,2.1,3.7,3.3,2.05,3.5,3.25,2.14,3.66,3.39,2.1,3.5,3.1,2.1,3.6,3.3,2.25,3.7,3.39,2.1,3.54,3.25
B1,28/09/2019,19:00,Gent,Kortrijk,2,0,9,5,12,100,0,0,H,0,0,D,13,3,8,2,9,14,2,5,2,0,0,0,1.3,5.5,9,1.3,5.75,9.25,1.3,5.2,8.1,1.35,5.69,8.04,1.5,4.33,5.5,1.3,5.5,9,1.37,5.75,9.25,1.32,5.4,8.22
B1,28/09/2019,19:00,Mouscron,Waregem,2,2,9,4,9,86.4,9.1,4.5,D,1,0,H,9,13,4,7,23,13,4,6,3,1,0,0,2.15,3.5,2.9,2.35,3.4,3,2.25,3.45,2.9,2.26,3.75,3.06,2.3,3.4,2.8,2.25,3.6,3,2.38,3.75,3.06,2.24,3.54,2.95
B1,28/09/2019,19:30,St Truiden,Genk,3,3,9,10,7,4.4,4.5,90.9,D,0,1,A,8,8,4,4,19,10,10,13,6,1,0,0,4.75,3.8,1.7,4.5,3.8,1.78,4.25,3.8,1.73,4.45,4.12,1.76,4,3.75,1.8,4.5,3.9,1.73,4.75,4.12,1.85,4.26,3.88,1.75
B1,29/09/2019,13:30,Anderlecht,Waasland-Beveren,0,0,9,13,15,95.2,4.8,0,D,0,0,D,12,4,5,2,14,17,7,1,2,3,0,0,1.36,4.75,6.5,1.4,5,7.25,1.4,4.65,6.6,1.41,4.83,8.03,1.3,5,8.5,1.4,4.75,7.5,1.47,5,8.03,1.4,4.75,7.02
B1,29/09/2019,17:00,Standard,Charleroi,1,1,9,1,8,95.5,4.5,0,D,0,1,A,9,10,3,5,13,21,9,2,2,4,0,1,1.57,4,4.75,1.65,4.1,5,1.6,3.85,4.95,1.65,4.1,5.35,1.57,4,5,1.62,4,5.2,1.69,4.2,5.35,1.63,3.99,4.92
B1,29/09/2019,19:00,Oostende,Antwerp,1,1,9,11,2,13.6,9.1,77.3,D,0,1,A,12,7,5,2,14,12,2,5,0,0,0,0,3.8,3.8,1.75,3.8,3.8,1.9,3.85,3.75,1.8,4.12,3.93,1.86,3.75,3.7,1.83,4,3.8,1.83,4.12,4,1.9,3.85,3.8,1.84
B1,04/10/2019,19:30,Charleroi,Anderlecht,1,2,10,8,13,60.9,26.1,13,A,1,1,D,11,11,3,6,23,17,4,4,2,5,0,0,2.37,3.3,2.87,2.5,3.4,2.9,2.4,3.35,2.75,2.45,3.63,2.85,2.4,3.5,2.7,2.45,3.4,2.8,2.56,3.63,2.9,2.43,3.42,2.78
B1,05/10/2019,17:00,Eupen,Mechelen,0,2,10,14,7,12.5,8.3,79.2,A,0,1,A,13,10,5,4,10,11,10,6,1,5,0,1,2.7,3.4,2.5,2.65,3.5,2.6,2.6,3.4,2.5,2.62,3.58,2.68,2.6,3.4,2.55,2.63,3.4,2.6,2.8,3.58,2.68,2.59,3.45,2.57
B1,05/10/2019,19:00,Waasland-Beveren,Oostende,3,1,10,15,11,25,33.3,41.7,H,2,1,H,14,7,8,5,16,16,8,1,1,3,0,0,2.5,3.3,2.75,2.5,3.6,2.7,2.4,3.55,2.6,2.43,3.92,2.72,2.4,3.7,2.6,2.45,3.7,2.63,2.55,3.92,2.75,2.43,3.66,2.63
B1,05/10/2019,19:00,Waregem,Cercle Brugge,6,0,10,9,16,95.8,0,4.2,H,2,0,H,11,8,7,3,8,17,4,7,1,3,0,0,1.6,4,5.5,1.62,4.1,5.25,1.6,4.15,4.65,1.61,4.4,5.29,1.6,4.2,4.8,1.6,4.3,5,1.64,4.45,5.6,1.59,4.22,4.99
B1,05/10/2019,19:30,Kortrijk,St Truiden,4,0,10,12,10,54.2,25,20.8,H,3,0,H,16,6,9,0,16,12,3,2,3,2,0,1,1.83,3.6,4,1.85,3.75,4.1,1.83,3.85,3.7,1.85,4.14,3.96,1.83,3.9,3.7,1.83,3.9,3.9,1.9,4.2,4.1,1.84,3.9,3.78
B1,06/10/2019,13:30,Club Brugge,Gent,4,0,10,1,4,87.5,12.5,0,H,2,0,H,11,15,7,8,16,9,5,5,4,3,0,0,1.6,4,5.25,1.65,4.1,5,1.6,4.15,4.55,1.6,4.53,5.16,1.6,4.2,4.8,1.6,4.3,5,1.67,4.53,5.4,1.6,4.23,4.87
B1,06/10/2019,17:00,Antwerp,Standard,2,2,10,3,2,25,29.2,45.8,D,1,0,H,14,9,5,3,15,19,5,4,3,2,0,0,2.15,3.4,3.25,2.25,3.7,3,2.15,3.5,3.05,2.24,3.79,3.08,2.2,3.6,3,2.2,3.6,3.1,2.26,3.8,3.25,2.17,3.61,3.05
B1,06/10/2019,19:00,Genk,Mouscron,2,1,10,6,5,75,16.7,8.3,H,0,0,D,12,7,6,3,12,12,1,4,1,2,0,0,1.45,4.33,6,1.48,4.75,6.25,1.5,4.3,5.4,1.55,4.43,5.9,1.5,4.33,5.8,1.5,4.4,6,1.56,4.75,6.25,1.51,4.38,5.66
B1,18/10/2019,19:30,Mouscron,Club Brugge,0,1,11,8,1,0,4.2,95.8,A,0,1,A,5,11,1,6,13,15,4,5,0,1,0,0,7,4.75,1.4,7,5,1.44,7,4,1.45,6.77,5.02,1.44,7,5,1.38,7,4.8,1.4,7,5.02,1.46,6.59,4.76,1.43
B1,19/10/2019,17:00,Standard,Genk,1,0,11,2,5,29.2,12.5,58.3,H,0,0,D,10,7,4,2,11,10,4,6,2,1,0,0,2.1,3.75,3.1,2.3,3.3,3.2,2.5,3.95,2.25,2.25,3.83,3.03,2.2,3.6,3,2.15,3.75,3,2.5,3.95,3.2,2.21,3.64,2.96
B1,19/10/2019,19:00,Kortrijk,Waregem,2,0,11,11,7,95.8,4.2,0,H,1,0,H,9,7,7,3,10,8,11,5,1,4,0,1,2.1,3.8,3.1,2.2,3.9,2.95,2.1,3.7,3,2.19,4.04,3.03,2.1,3.8,3,2.1,3.8,3.1,2.22,4.04,3.2,2.14,3.81,2.99
B1,19/10/2019,19:00,Oostende,Eupen,2,3,11,12,15,87.2,8.3,4.2,A,2,1,H,10,10,5,5,8,19,11,5,1,3,0,1,2,3.6,3.4,2.05,3.7,3.4,2.05,3.55,3.2,2.06,3.89,3.42,2.05,3.7,3.2,2.05,3.6,3.4,2.13,3.89,3.42,2.05,3.66,3.29
B1,19/10/2019,19:30,Gent,Waasland-Beveren,2,0,11,4,14,100,0,0,H,1,0,H,11,9,9,2,14,8,8,1,1,2,0,0,1.18,8,11,1.22,7,12,1.2,6.7,11.5,1.2,6.99,13.69,1.18,7,13,1.17,7.5,15,1.22,8,15,1.19,6.93,12.58
B1,20/10/2019,13:30,Mechelen,Antwerp,3,1,11,6,3,45.8,25,29.2,H,2,1,H,9,8,7,3,12,14,6,1,3,3,0,0,3.6,3.6,1.95,3.5,3.8,2,3.3,3.5,2,3.54,3.84,2.04,3.4,3.6,2,3.4,3.6,2.05,3.6,3.84,2.15,3.39,3.63,2.02
B1,20/10/2019,17:00,Anderlecht,St Truiden,4,1,11,13,10,91.7,4.2,4.2,H,2,0,H,11,8,8,3,10,14,3,3,1,2,0,0,1.4,4.75,7,1.48,4.75,6.25,1.42,4.6,6.3,1.47,4.78,6.64,1.4,4.6,7,1.4,4.75,7.5,1.48,4.9,7.5,1.43,4.65,6.5
B1,20/10/2019,19:00,Cercle Brugge,Charleroi,0,3,11,16,9,12.5,20.8,66.7,A,0,3,A,10,9,4,7,13,12,10,2,2,2,0,0,3.5,3.8,1.95,3.8,3.6,1.95,3.5,3.5,1.95,3.58,3.84,2.02,3.6,3.6,1.95,3.6,3.7,1.95,3.8,3.84,2.03,3.53,3.64,1.97
B1,25/10/2019,19:30,Eupen,Anderlecht,0,0,12,14,11,5.6,0,94.4,D,0,0,D,10,8,7,2,15,12,3,4,4,0,0,0,4.2,3.3,1.9,4,3.6,1.91,3.7,3.5,1.9,3.89,3.84,1.93,3.9,3.6,1.85,3.75,3.7,1.91,4.2,3.84,2,3.81,3.62,1.91
B1,26/10/2019,17:00,Charleroi,Mouscron,1,0,12,8,9,50,44.4,5.6,H,0,0,D,9,9,5,3,11,16,1,10,2,2,0,0,1.9,3.4,4,1.95,3.7,3.7,1.93,3.35,3.85,1.96,3.75,3.91,1.95,3.5,3.7,1.93,3.5,3.9,2.01,3.75,4,1.94,3.51,3.79
B1,26/10/2019,19:00,Antwerp,Kortrijk,3,1,12,4,10,100,0,0,H,1,0,H,14,7,7,3,8,12,6,4,1,1,0,0,1.4,4.5,7.5,1.45,4.4,7.25,1.47,4.3,5.9,1.49,4.47,6.88,1.4,4.6,7,1.5,4.5,6.25,1.5,4.65,7.5,1.47,4.38,6.41
B1,26/10/2019,19:00,Waregem,Oostende,2,0,12,7,13,94.4,5.6,0,H,0,0,D,7,5,2,4,12,18,4,2,0,1,0,0,1.75,4,4,1.83,4.1,3.9,1.8,3.85,3.75,1.88,4.01,3.91,1.75,4,4,1.85,4,3.7,1.91,4.2,4,1.83,3.92,3.79
B1,26/10/2019,19:30,Genk,Cercle Brugge,1,0,12,6,16,100,0,0,H,1,0,H,13,11,6,4,7,16,8,4,0,2,0,0,1.16,7,15,1.18,7.5,15,1.18,6.8,12,1.17,7.4,16.47,1.18,6.5,15,1.18,7,15,1.22,7.5,16.47,1.18,7.06,13.65
B1,27/10/2019,13:30,Club Brugge,Standard,1,1,12,1,2,66.7,33.3,0,D,0,1,A,9,6,3,2,8,12,5,5,1,2,0,0,1.45,4.2,6.5,1.48,4.4,7,1.47,4.3,6,1.48,4.36,7.46,1.4,4.75,7,1.45,4.5,7,1.5,4.6,7.5,1.46,4.35,6.7
B1,27/10/2019,17:00,St Truiden,Gent,0,0,12,12,3,0,11.1,88.9,D,0,0,D,8,19,3,6,10,14,4,11,0,1,0,0,6,4,1.55,5.75,4.1,1.57,5,4.25,1.55,5.28,4.67,1.57,5,4.4,1.55,5.5,4.4,1.53,6,4.7,1.64,5.15,4.33,1.56
B1,27/10/2019,19:00,Waasland-Beveren,Mechelen,1,3,12,15,5,5.6,0,94.4,A,0,1,A,8,7,5,2,15,20,10,4,2,1,0,0,3.4,3.5,2.05,3.1,3.5,2.25,3,3.45,2.15,3.19,3.7,2.22,3.1,3.6,2.15,3.1,3.6,2.2,3.4,3.75,2.25,3.09,3.53,2.18
B1,29/10/2019,19:30,Cercle Brugge,Mouscron,2,2,13,16,9,18.8,0,81.3,D,1,1,D,10,4,7,3,19,19,4,5,2,4,0,0,2.8,3.6,2.3,3,3.5,2.3,2.85,3.45,2.3,2.94,3.67,2.37,3.1,3.5,2.15,2.8,3.6,2.38,3.05,3.7,2.38,2.89,3.53,2.31
B1,29/10/2019,19:30,Kortrijk,Eupen,1,2,13,10,14,87.5,12.5,0,A,0,2,A,7,7,2,5,16,16,6,2,1,4,0,0,1.85,4,3.6,1.87,3.9,3.9,1.8,3.65,3.95,1.85,3.87,4.25,1.83,3.7,3.9,1.8,3.8,4.1,1.89,4,4.4,1.82,3.74,4.06
B1,29/10/2019,19:30,Oostende,Charleroi,0,1,13,13,8,25,31.3,43.8,A,0,0,D,8,7,5,3,15,13,6,5,2,1,0,1,3.25,3.4,2.2,3.1,3.5,2.25,3,3.45,2.2,3.08,3.65,2.29,3,3.6,2.2,3.1,3.5,2.2,3.25,3.7,2.29,3.05,3.53,2.21
B1,30/10/2019,19:30,Genk,Antwerp,2,2,13,6,3,76.5,23.5,0,D,0,1,A,11,13,7,6,13,21,7,5,0,4,0,1,1.95,3.6,3.6,2,3.6,3.7,2,3.45,3.45,2.03,3.66,3.74,2.05,3.5,3.4,2.05,3.6,3.4,2.09,3.72,3.75,2,3.53,3.52
B1,30/10/2019,19:30,Mechelen,St Truiden,1,2,13,4,12,100,0,0,A,1,0,H,15,10,5,4,15,14,3,7,1,3,0,0,1.75,4,4.2,1.75,4.2,4.2,1.77,3.85,3.95,1.78,4.28,4.16,1.75,3.9,4.2,1.75,4.1,4.1,1.83,4.28,4.2,1.76,4.01,4.02
B1,30/10/2019,19:30,Standard,Waasland-Beveren,2,0,13,2,15,100,0,0,H,1,0,H,15,3,8,2,8,17,11,1,1,2,0,0,1.2,6.5,11,1.22,6.25,13.5,1.25,5.7,10,1.23,6.27,14.89,1.22,5.8,13,1.22,6.25,12,1.26,6.5,14.89,1.22,6.08,11.98
B1,30/10/2019,19:30,Waregem,Club Brugge,0,2,13,7,1,0,11.8,88.2,A,0,1,A,5,13,2,5,10,13,6,8,1,2,0,0,5.75,4.5,1.45,6.25,4.75,1.48,5.5,4.6,1.47,5.98,4.98,1.49,6,4.75,1.44,6.25,4.75,1.45,6.4,4.98,1.52,5.82,4.65,1.47
B1,31/10/2019,19:30,Anderlecht,Gent,3,3,13,11,5,23.5,41.2,35.3,D,1,1,D,10,13,8,7,18,19,4,5,1,2,0,0,2.75,3.6,2.37,2.75,3.6,2.45,2.7,3.45,2.4,2.83,3.68,2.44,2.7,3.5,2.4,2.75,3.6,2.4,2.83,3.68,2.5,2.72,3.51,2.41
B1,02/11/2019,17:00,Eupen,Genk,2,0,14,13,7,6.7,0,93.3,H,2,0,H,6,7,2,3,12,13,5,5,0,1,0,0,4.33,3.6,1.8,4.4,3.6,1.83,4,3.55,1.83,4.5,3.83,1.81,4.33,3.6,1.78,4.1,3.7,1.83,4.5,3.83,1.86,4.17,3.64,1.82
B1,02/11/2019,19:00,Mouscron,Antwerp,3,1,14,9,3,13.3,40,46.7,H,0,1,A,8,8,6,6,18,14,5,5,3,1,0,0,3.8,3.6,1.9,3.6,3.7,2,3.55,3.5,1.95,3.61,3.79,2.03,3.6,3.6,1.95,3.7,3.6,1.95,3.8,3.79,2.05,3.55,3.6,1.97
B1,02/11/2019,19:00,St Truiden,Oostende,1,0,14,10,14,100,0,0,H,0,0,D,5,10,2,6,9,16,4,6,1,3,0,0,1.95,3.8,3.25,2.05,3.9,3.3,2,3.7,3.15,2.12,3.82,3.31,2.05,3.7,3.2,2.05,3.8,3.25,2.12,3.92,3.4,2.05,3.74,3.21
B1,02/11/2019,19:00,Waasland-Beveren,Waregem,1,2,14,15,8,6.7,26.7,66.7,A,0,1,A,13,9,5,6,13,8,7,4,2,2,0,0,2.9,3.75,2.2,3.1,3.8,2.15,2.9,3.6,2.2,3.14,3.65,2.26,3,3.6,2.2,2.88,3.7,2.25,3.14,3.8,2.33,2.99,3.59,2.21
B1,02/11/2019,19:30,Club Brugge,Kortrijk,3,0,14,1,11,100,0,0,H,2,0,H,15,4,8,1,7,22,5,4,0,4,0,0,1.16,7,15,1.18,7.5,14.5,1.2,6.6,11,1.2,7.27,13.76,1.18,6.5,15,1.18,7,15,1.23,7.5,15,1.19,6.95,12.4
B1,03/11/2019,13:30,Anderlecht,Cercle Brugge,2,1,14,12,16,100,0,0,H,2,1,H,15,8,13,5,7,16,12,6,1,3,0,0,1.36,5.25,7.5,1.42,5,7,1.38,4.85,6.7,1.38,5.24,7.79,1.35,5,7.5,1.36,5.2,7.5,1.42,5.25,7.79,1.38,5.02,7.17
B1,03/11/2019,17:00,Gent,Standard,3,1,14,5,2,33.3,40,26.7,H,0,1,A,11,14,3,4,13,22,5,4,3,5,1,1,1.75,4,4,1.78,4.1,4.1,1.83,3.8,3.7,1.88,3.91,4.02,1.8,3.9,3.9,1.83,4,3.8,1.89,4.1,4.1,1.83,3.85,3.86
B1,03/11/2019,19:00,Mechelen,Charleroi,2,2,14,4,6,80,20,0,D,2,2,D,11,9,5,7,17,19,8,4,2,0,0,0,2.3,3.6,2.8,2.35,3.7,2.85,2.35,3.5,2.75,2.44,3.59,2.88,2.35,3.5,2.8,2.38,3.5,2.8,2.44,3.7,2.9,2.36,3.51,2.79
B1,08/11/2019,19:30,Waregem,Anderlecht,1,2,15,7,11,50,31.3,18.8,A,0,1,A,11,6,6,5,9,14,5,2,2,1,0,0,3,3.75,2.2,3,3.6,2.3,2.95,3.4,2.25,3.09,3.59,2.31,2.9,3.6,2.25,2.9,3.6,2.3,3.1,3.75,2.33,2.97,3.5,2.26
B1,09/11/2019,17:00,Charleroi,Eupen,1,0,15,6,12,87.5,6.3,12,H,0,0,D,13,8,7,3,8,9,6,9,0,1,0,0,1.75,3.75,4.33,1.8,3.75,4.4,1.77,3.55,4.3,1.81,3.65,4.73,1.75,3.6,4.5,1.75,3.7,4.5,1.85,3.75,4.73,1.79,3.59,4.35
B1,09/11/2019,19:00,Cercle Brugge,St Truiden,2,1,15,16,10,18.8,13.3,50,H,1,0,H,16,12,8,4,14,7,10,7,1,2,0,0,2.37,3.6,2.75,2.45,3.6,2.75,2.45,3.45,2.6,2.47,3.7,2.78,2.38,3.6,2.7,2.45,3.6,2.7,2.51,3.75,2.78,2.44,3.52,2.68
B1,09/11/2019,19:00,Kortrijk,Waasland-Beveren,1,3,15,13,15,75,18.8,6.3,A,0,2,A,9,7,4,6,19,14,5,5,1,4,0,0,1.6,4.33,4.75,1.62,4.1,5.25,1.63,3.9,4.85,1.66,3.99,5.44,1.62,4,5,1.62,4.1,5,1.69,4.33,5.44,1.63,3.95,4.97
B1,09/11/2019,19:30,Oostende,Mouscron,2,2,15,14,9,12.5,6.3,81.3,D,1,0,H,7,14,5,7,10,15,3,7,1,1,0,0,2.6,3.6,2.5,2.65,3.4,2.65,2.5,3.3,2.6,2.58,3.54,2.75,2.5,3.5,2.62,2.55,3.5,2.63,2.65,3.6,2.75,2.52,3.4,2.65
B1,10/11/2019,13:30,Antwerp,Club Brugge,2,1,15,4,1,6.3,6.3,87.5,H,0,1,A,9,7,3,4,16,19,4,9,6,3,0,0,3.5,3.6,2,3.5,3.6,2.05,3.25,3.5,2.05,3.53,3.83,2.04,3.25,3.6,2.05,3.4,3.6,2.05,3.53,3.83,2.1,3.36,3.58,2.04
B1,10/11/2019,17:00,Genk,Gent,0,2,15,8,3,43.8,25,31.3,A,0,1,A,10,8,7,7,19,11,6,2,3,0,0,0,2.37,3.6,2.7,2.4,3.5,2.85,2.35,3.45,2.75,2.39,3.66,2.91,2.3,3.6,2.8,2.38,3.6,2.8,2.45,3.74,2.91,2.37,3.5,2.78
B1,10/11/2019,19:00,Standard,Mechelen,1,2,15,2,5,81.3,18.8,0,A,0,1,A,12,6,3,3,14,15,8,2,1,2,0,0,1.57,4,5.5,1.6,4.25,5.25,1.6,3.95,5,1.61,4.44,5.22,1.62,4,5,1.62,4,5.25,1.66,4.44,5.5,1.6,4.12,5.08
B1,21/11/2019,19:30,Antwerp,Gent,3,2,5,4,5,45.8,33.3,20.8,H,2,1,H,10,12,6,5,20,11,4,4,4,5,0,0,2.8,3.4,2.4,2.7,3.6,2.5,2.65,3.5,2.4,2.78,3.71,2.46,2.62,3.6,2.45,2.7,3.6,2.45,2.8,3.74,2.52,2.69,3.54,2.43
B1,22/11/2019,19:30,Club Brugge,Oostende,2,0,16,1,14,100,0,0,H,1,0,H,17,4,8,2,7,6,9,2,1,0,0,1,1.16,7.5,13,1.19,7.5,14.5,1.15,7.2,14.5,1.14,8.24,19.02,1.15,7,17,1.15,7.5,17,1.19,8.6,19.02,1.16,7.53,15.34
B1,23/11/2019,17:00,Eupen,Standard,1,2,16,12,3,11.8,5.9,82.4,A,0,1,A,5,15,2,4,19,12,3,2,3,0,0,0,4.5,3.6,1.8,3.9,3.9,1.87,4,3.6,1.8,4.17,3.91,1.85,3.5,3.5,2,4.2,3.7,1.8,4.5,3.91,1.9,4.01,3.7,1.83
B1,23/11/2019,19:00,Mechelen,Waregem,0,2,16,5,7,58.8,29.4,11.8,A,0,1,A,10,15,4,6,12,17,1,6,2,3,0,0,1.8,3.75,4.2,1.83,3.8,4.1,1.8,3.75,3.75,1.83,4.01,3.9,1.88,3.75,3.7,1.83,3.8,4,1.9,4.06,4.2,1.83,3.84,3.85
B1,23/11/2019,19:00,Waasland-Beveren,Cercle Brugge,1,1,16,15,16,64.7,23.5,11.8,D,1,0,H,6,8,3,7,14,20,2,3,2,3,0,0,2.25,3.4,3.1,2.25,3.7,3,2.2,3.45,2.9,2.34,3.59,3.03,2.15,3.5,3.1,2.25,3.6,3,2.34,3.74,3.1,2.26,3.5,2.96
B1,23/11/2019,19:30,Mouscron,Genk,2,2,16,9,8,11.8,11.8,76.5,D,1,1,D,3,6,2,3,14,10,6,7,1,0,0,0,3.6,3.5,2,3.5,3.6,2.05,3.5,3.35,2,3.67,3.66,2.04,3.4,3.5,2.05,3.5,3.5,2.05,3.67,3.66,2.11,3.49,3.47,2.03
B1,24/11/2019,13:30,Gent,Antwerp,1,1,16,2,4,88.2,5.9,5.9,D,1,0,H,9,10,3,4,15,18,5,2,1,6,0,0,1.95,3.5,3.75,1.95,3.8,3.6,1.93,3.6,3.5,1.96,3.78,3.87,1.88,3.7,3.75,1.95,3.7,3.6,1.98,3.9,3.87,1.93,3.66,3.62
B1,24/11/2019,17:00,Anderlecht,Kortrijk,0,0,16,10,13,100,0,0,D,0,0,D,19,3,7,3,8,19,9,2,1,3,0,0,1.53,4.2,5.75,1.65,4.1,5,1.57,4,5.1,1.59,4.29,5.66,1.55,4.2,5.5,1.57,4.2,5.5,1.67,4.3,5.75,1.58,4.11,5.21
B1,24/11/2019,19:00,St Truiden,Charleroi,1,3,16,11,6,23.5,17.6,58.8,A,0,0,D,7,17,2,7,11,21,6,10,2,0,0,0,2.7,3.4,2.5,2.75,3.5,2.5,2.75,3.3,2.4,2.94,3.43,2.48,2.8,3.4,2.38,2.8,3.4,2.45,2.94,3.67,2.51,2.79,3.35,2.44
B1,29/11/2019,19:30,Antwerp,Mechelen,1,0,17,5,6,94.1,0,5.9,H,0,0,D,14,5,7,3,13,15,6,3,1,1,0,0,1.53,4.33,5.5,1.55,4.6,5.25,1.55,4.15,5.3,1.55,4.49,5.73,1.5,4.33,5.8,1.57,4.3,5.25,1.59,4.6,6,1.55,4.31,5.41
B1,30/11/2019,17:00,Club Brugge,Mouscron,1,0,17,1,9,100,0,0,H,1,0,H,9,6,4,1,8,11,9,1,0,2,0,0,1.12,8,19,1.17,7.5,16.5,1.15,7.1,15,1.17,7.49,16.24,1.14,7.5,17,1.14,7.5,18,1.21,8,19,1.16,7.2,15.52
B1,30/11/2019,19:00,Charleroi,Waasland-Beveren,2,0,17,4,15,100,0,0,H,2,0,H,11,7,6,0,18,9,6,2,1,2,0,0,1.4,4.5,8,1.48,4.5,6.75,1.43,4.35,6.6,1.45,4.62,7.54,1.42,4.33,7.5,1.4,4.5,7.5,1.51,4.62,8,1.44,4.41,6.84
B1,30/11/2019,19:00,Waregem,Eupen,1,0,17,7,12,100,0,0,H,1,0,H,10,7,6,2,11,22,4,4,2,2,0,0,2,3.5,3.6,2,3.7,3.6,2,3.55,3.35,2.03,3.77,3.64,2,3.6,3.5,2,3.6,3.5,2.12,3.77,3.65,2,3.59,3.44
B1,30/11/2019,19:30,Genk,St Truiden,1,2,17,8,11,100,0,0,A,1,2,A,20,6,8,3,7,14,12,1,1,1,0,0,1.33,4.75,9,1.34,5.25,8.75,1.35,4.9,7.6,1.36,5.32,8.56,1.33,5,8.5,1.33,5,8.5,1.41,5.32,9,1.35,5.01,7.97
B1,01/12/2019,13:30,Oostende,Anderlecht,3,2,17,14,10,11.8,17.6,70.6,H,2,0,H,10,7,5,5,12,9,4,8,2,2,0,0,4,3.5,1.9,3.8,3.7,1.95,3.8,3.65,1.85,4,3.88,1.9,3.75,3.75,1.85,4,3.7,1.87,4,3.88,1.96,3.81,3.68,1.88
B1,01/12/2019,17:00,Standard,Cercle Brugge,2,1,17,2,16,100,0,0,H,1,0,H,14,15,11,8,13,17,3,4,1,4,0,0,1.33,5,9,1.34,5.25,8.75,1.35,5,7.2,1.32,5.51,9.78,1.3,5.25,9,1.33,5.2,8.5,1.37,5.51,9.78,1.33,5.21,8.25
B1,01/12/2019,19:00,Kortrijk,Gent,0,2,17,13,3,5.9,11.8,82.4,A,0,1,A,7,11,4,6,16,15,6,5,3,3,0,0,3.8,3.8,1.85,4,3.9,1.85,3.85,3.9,1.77,4.03,4.21,1.81,3.9,4,1.78,4,3.9,1.8,4.03,4.21,1.85,3.88,3.95,1.8
B1,06/12/2019,19:30,Waasland-Beveren,Antwerp,0,4,18,15,5,6.7,0,93.3,A,0,1,A,4,9,0,6,22,13,6,2,1,1,0,0,6,4,1.53,6,4.2,1.55,5.7,4.15,1.5,6.17,4.44,1.53,5.8,4,1.53,6.25,4.3,1.5,6.41,4.44,1.6,5.85,4.24,1.52
B1,07/12/2019,17:00,Mechelen,Kortrijk,1,1,18,7,13,100,0,0,D,0,0,D,9,6,4,4,13,19,7,5,0,3,0,0,1.9,3.75,3.75,2,3.8,3.5,1.95,3.65,3.45,1.96,4.04,3.62,1.95,3.75,3.4,1.95,3.75,3.6,2.01,4.04,3.75,1.95,3.77,3.48
B1,07/12/2019,19:00,Cercle Brugge,Genk,1,2,18,3,6,100,0,0,A,0,1,A,16,10,9,5,13,13,3,3,1,3,0,0,5,4,1.61,4.4,4,1.75,4.4,3.9,1.67,4.54,4.14,1.74,4.5,4,1.67,4.75,4,1.67,5,4.2,1.75,4.39,3.98,1.7
B1,07/12/2019,19:00,Gent,Waregem,2,0,18,16,8,6.3,0,93.8,H,2,0,H,12,10,6,4,14,16,5,5,2,1,0,0,1.33,5,9,1.35,5,9,1.35,5.2,7.1,1.34,5.48,8.64,1.3,5.25,9,1.33,5.25,8.5,1.38,5.5,9,1.34,5.2,7.83
B1,07/12/2019,19:30,St Truiden,Club Brugge,1,2,18,9,1,6.3,0,93.8,A,1,1,D,7,8,2,3,15,20,2,6,3,4,0,0,9.5,4.75,1.33,9.5,4.75,1.36,7.7,5,1.33,8.41,5.41,1.35,8.5,5,1.33,8.5,5.2,1.33,9.5,5.41,1.4,7.98,5.06,1.34
B1,08/12/2019,13:30,Mouscron,Standard,2,2,18,10,2,6.3,6.3,87.5,D,1,1,D,11,11,5,5,15,10,7,5,2,0,0,2,4.5,3.75,1.75,4.4,3.75,1.8,4.35,3.65,1.75,4.38,4.12,1.77,4.2,3.9,1.73,4.5,3.75,1.75,4.5,4.12,1.85,4.31,3.78,1.75
B1,08/12/2019,17:00,Anderlecht,Charleroi,0,0,18,11,4,37.5,37.5,25,D,0,0,D,9,8,3,3,11,20,8,5,0,3,0,0,1.85,3.6,4,1.91,3.7,3.9,1.85,3.5,3.9,1.89,3.77,4.16,1.83,3.6,4,1.85,3.6,4.1,1.92,3.77,4.16,1.87,3.6,3.92
B1,08/12/2019,19:00,Eupen,Oostende,1,0,18,12,14,62.5,31.3,6.3,H,0,0,D,10,11,2,5,15,10,6,8,0,1,0,0,2,3.6,3.4,2,3.6,3.7,2.05,3.45,3.35,2.09,3.6,3.59,2.05,3.5,3.4,2.05,3.6,3.4,2.09,3.7,3.7,2.03,3.51,3.43
B1,13/12/2019,19:30,Kortrijk,Mouscron,1,2,19,13,9,29.4,17.6,52.9,A,1,0,H,12,7,7,3,16,18,8,3,1,2,0,0,1.9,3.8,3.8,1.95,3.6,3.8,1.9,3.5,3.65,1.99,3.76,3.71,2,3.6,3.4,1.93,3.7,3.7,1.99,3.85,3.85,1.93,3.65,3.68
B1,14/12/2019,17:00,Antwerp,Eupen,1,0,19,4,12,88.2,5.9,5.9,H,0,0,D,7,3,4,1,18,19,5,1,2,6,0,1,1.33,5,9,1.34,5.25,9,1.31,5,8.6,1.36,5.18,8.56,1.32,5,9,1.3,5.2,9.5,1.36,5.25,9.5,1.33,5.07,8.55
B1,14/12/2019,19:00,Charleroi,Cercle Brugge,3,0,19,6,10,82.4,17.6,0,H,1,0,H,8,7,7,1,12,18,4,3,1,1,0,0,1.44,4.5,6.5,1.42,4.75,7.25,1.45,4.4,6.3,1.46,4.65,7.02,1.38,4.75,7.5,1.44,4.5,7,1.47,4.9,7.25,1.44,4.58,6.59
B1,14/12/2019,19:00,Waregem,St Truiden,5,1,19,5,16,100,0,0,H,2,1,H,21,3,13,2,12,12,7,3,2,1,0,0,1.75,3.8,4.33,1.87,3.8,3.9,1.8,3.85,3.75,1.77,4.24,4.18,1.85,3.8,3.7,1.8,3.9,4,1.88,4.24,4.36,1.79,3.97,3.92
B1,14/12/2019,19:30,Genk,Waasland-Beveren,4,1,19,8,15,100,0,0,H,3,0,H,8,5,5,4,12,21,6,1,1,2,0,0,1.22,6.5,11,1.22,6.75,11.5,1.23,5.8,10.5,1.24,6.27,11.95,1.22,5.8,12,1.22,6,12,1.25,6.75,12.5,1.22,6.24,11.24
B1,15/12/2019,13:30,Standard,Anderlecht,1,1,19,3,11,76.5,23.5,0,D,1,0,H,15,4,7,1,17,14,9,2,2,3,0,1,1.9,3.6,3.8,1.95,3.7,3.75,1.95,3.55,3.55,1.96,3.78,3.8,1.91,3.6,3.7,1.91,3.7,3.75,2,3.8,3.88,1.93,3.65,3.65
B1,15/12/2019,17:00,Club Brugge,Mechelen,3,0,19,1,7,94.1,5.9,0,H,2,0,H,10,3,3,0,9,10,2,5,1,3,0,0,1.22,6,13,1.2,7,13,1.2,6.2,11.5,1.19,6.89,15.09,1.18,6.5,15,1.2,6.5,13,1.22,7,15.09,1.19,6.52,13.07
B1,15/12/2019,19:00,Oostende,Gent,2,1,19,14,2,0,5.9,94.1,H,1,1,D,6,8,5,5,13,18,6,5,4,0,0,0,5.75,4.5,1.5,5.75,4.4,1.55,5.3,4.25,1.53,5.68,4.22,1.59,5.5,4.2,1.53,5.5,4.3,1.55,5.82,4.51,1.59,5.47,4.25,1.54
B1,20/12/2019,19:30,Mechelen,Oostende,1,0,20,8,13,94.1,0,5.9,H,0,0,D,7,5,4,3,19,15,5,6,3,1,0,0,1.7,3.8,4.75,1.75,4.1,4.33,1.67,3.9,4.35,1.73,4.16,4.5,1.67,4,4.5,1.7,4,4.5,1.75,4.2,4.77,1.7,3.99,4.43
B1,21/12/2019,17:00,Mouscron,Charleroi,1,1,20,9,3,5.9,35.3,58.8,D,1,0,H,3,4,2,4,16,15,4,7,5,2,0,0,3.4,3.4,2.1,3.25,3.7,2.1,3.2,3.4,2.1,3.18,3.61,2.23,3.2,3.4,2.15,3.3,3.4,2.15,3.42,3.7,2.26,3.19,3.46,2.15
B1,21/12/2019,19:00,Cercle Brugge,Waregem,2,0,20,16,6,5.9,5.9,88.2,H,1,0,H,12,5,8,2,16,17,6,6,1,2,0,0,3,3.5,2.25,2.9,3.7,2.3,2.8,3.55,2.25,2.87,3.91,2.29,2.8,3.7,2.25,2.8,3.7,2.3,3.01,3.91,2.39,2.84,3.67,2.26
B1,21/12/2019,19:00,Eupen,Kortrijk,1,2,20,12,14,64.7,35.3,0,A,1,1,D,8,9,1,5,16,16,2,2,1,2,0,0,2.25,3.25,3.25,2.35,3.3,3.1,2.3,3.3,2.85,2.33,3.57,3.02,2.3,3.4,2.9,2.3,3.4,3,2.37,3.57,3.25,2.3,3.4,2.97
B1,21/12/2019,19:30,Waasland-Beveren,Standard,2,1,20,15,5,5.9,0,94.1,H,0,1,A,10,7,7,3,22,17,3,0,5,2,0,1,6.5,4.5,1.45,6,4.4,1.53,5.8,4.4,1.47,6.07,4.6,1.52,6,4.4,1.47,6.5,4.5,1.45,6.55,4.75,1.55,5.93,4.46,1.49
B1,22/12/2019,13:30,Gent,Club Brugge,1,1,20,4,1,0,52.1,47.1,D,0,0,D,14,6,7,2,16,10,3,3,4,1,0,0,2.8,3.4,2.4,2.85,3.5,2.4,2.75,3.45,2.3,2.95,3.61,2.36,2.8,3.6,2.3,2.75,3.6,2.38,2.95,3.76,2.43,2.81,3.51,2.35
B1,22/12/2019,17:00,St Truiden,Antwerp,1,1,20,11,2,11.8,0,88.2,D,0,0,D,10,14,5,6,7,16,7,5,1,2,0,0,4.75,3.6,1.72,4.75,3.75,1.75,4.2,3.75,1.75,4.68,3.86,1.76,4.4,3.9,1.7,4.5,3.9,1.73,4.79,4.1,1.79,4.41,3.77,1.74
B1,22/12/2019,19:00,Anderlecht,Genk,2,0,20,10,7,29.4,29.4,41.2,H,0,0,D,10,8,6,4,13,10,6,5,0,0,0,0,2.5,3.4,2.7,2.55,3.3,2.8,2.45,3.35,2.65,2.59,3.56,2.69,2.5,3.5,2.6,2.5,3.5,2.7,2.59,3.69,2.82,2.49,3.43,2.66
B1,26/12/2019,13:30,Genk,Eupen,2,1,21,8,13,,,,H,1,0,H,15,11,5,5,8,16,9,2,1,3,0,0,1.44,5,6.5,1.4,4.75,7,1.42,4.5,6.4,1.46,4.51,7.45,1.42,4.5,7,1.44,4.6,7,1.46,5,7.5,1.42,4.57,6.82
B1,26/12/2019,13:30,Kortrijk,Cercle Brugge,1,0,21,12,16,,,,H,0,0,D,7,2,4,0,17,23,3,3,2,5,0,0,1.72,4,4.33,1.8,3.8,4,1.77,3.8,3.95,1.76,4.17,4.29,1.75,3.9,4.2,1.75,4,4.2,1.84,4.17,4.34,1.77,3.9,4.06
B1,26/12/2019,13:30,Mouscron,Mechelen,1,2,21,9,7,,,,A,0,2,A,7,8,2,3,16,6,6,1,1,2,0,0,2.62,3.3,2.62,2.55,3.4,2.6,2.6,3.3,2.55,2.64,3.53,2.65,2.55,3.4,2.6,2.6,3.4,2.63,2.65,3.53,2.77,2.56,3.37,2.62
B1,26/12/2019,13:30,Waasland-Beveren,St Truiden,1,0,21,15,11,,,,H,1,0,H,11,8,8,3,10,6,2,3,1,0,0,0,2.37,3.6,2.75,2.5,3.5,2.6,2.4,3.45,2.65,2.41,3.72,2.81,2.4,3.5,2.7,2.45,3.6,2.7,2.55,3.72,2.81,2.45,3.53,2.66
B1,26/12/2019,17:00,Club Brugge,Waregem,4,0,21,1,6,100,0,0,H,1,0,H,8,3,5,1,11,9,1,3,1,2,0,0,1.22,7,10,1.22,6,11.5,1.22,6,11,1.21,6.53,13.82,1.2,6,15,1.2,6.5,13,1.24,7.03,15,1.21,6.33,11.84
B1,26/12/2019,19:30,Standard,Gent,0,1,21,5,4,0,80,20,A,0,0,D,11,7,4,2,7,16,2,3,0,3,0,0,2.3,3.6,2.75,2.35,3.5,2.75,2.35,3.45,2.7,2.47,3.64,2.78,2.38,3.5,2.75,2.4,3.6,2.75,2.47,3.69,2.93,2.37,3.52,2.75
B1,27/12/2019,17:00,Charleroi,Oostende,5,0,21,3,14,100,0,0,H,1,0,H,19,5,10,4,16,10,9,1,0,1,0,0,1.53,4,6,1.57,4,5.5,1.53,4.05,5.5,1.53,4.37,6.29,1.5,4.2,6,1.53,4.2,6,1.57,4.4,6.5,1.53,4.15,5.77
B1,27/12/2019,19:30,Antwerp,Anderlecht,0,0,21,2,10,77.8,22.2,0,D,0,0,D,11,8,5,3,15,17,9,0,2,2,0,0,1.85,3.6,4,1.83,3.7,3.9,1.83,3.6,3.9,1.83,4.08,4.05,1.83,3.6,4,1.83,3.7,4.1,1.9,4.08,4.15,1.83,3.75,3.92
B1,17/01/2020,19:30,Mechelen,Standard,2,3,22,6,5,15.4,23.1,61.5,A,0,1,A,9,13,6,6,10,13,6,10,0,4,0,0,2.8,3.4,2.4,2.85,3.4,2.45,2.8,3.3,2.35,2.95,3.41,2.46,3.1,3.3,2.25,2.88,3.4,2.4,3.04,3.46,2.54,2.85,3.33,2.42
B1,18/01/2020,17:00,Eupen,Charleroi,1,1,22,13,2,0,6.7,93.3,D,1,1,D,6,8,3,5,18,18,3,7,1,2,0,0,3.3,3.3,2.2,3.3,3.3,2.25,3.15,3.2,2.2,3.37,3.27,2.29,3.2,3.25,2.2,3.2,3.3,2.25,3.4,3.4,2.29,3.24,3.25,2.22
B1,18/01/2020,19:00,Oostende,Waasland-Beveren,0,1,22,14,15,53.3,46.7,0,A,0,1,A,10,10,5,3,13,14,10,0,1,1,0,0,1.9,3.6,3.8,1.91,3.9,3.7,1.9,3.55,3.6,1.98,3.73,3.77,1.91,3.6,3.7,1.93,3.7,3.7,2.04,3.9,3.82,1.95,3.62,3.61
B1,18/01/2020,19:00,St Truiden,Kortrijk,2,0,22,11,12,53.3,20,26.7,H,0,0,D,11,6,8,2,12,12,5,5,0,2,0,0,2.7,3.5,2.5,2.6,3.6,2.6,2.55,3.5,2.5,2.65,3.79,2.51,2.55,3.6,2.5,2.63,3.5,2.55,2.7,3.79,2.65,2.6,3.56,2.5
B1,18/01/2020,19:30,Gent,Mouscron,3,1,22,3,10,93.3,0,6.7,H,1,0,H,7,9,4,4,8,9,0,5,1,2,0,0,1.25,6,12,1.25,6,12,1.25,5.6,10.5,1.24,6.33,12.76,1.22,5.8,13,1.22,6,13,1.27,6.33,13,1.23,5.89,11.53
B1,19/01/2020,13:30,Cercle Brugge,Antwerp,1,2,22,16,4,5.9,11.8,82.4,A,1,1,D,12,5,3,3,23,13,10,1,2,3,0,1,5,4,1.61,5,4.25,1.62,4.65,4,1.63,4.97,4.14,1.67,4.8,4,1.63,4.75,4.1,1.65,5.05,4.25,1.7,4.78,4.03,1.64
B1,19/01/2020,17:00,Anderlecht,Club Brugge,1,2,22,9,1,5.6,5.6,88.9,A,1,1,D,8,13,3,7,12,21,3,3,0,3,0,0,4.2,4,1.75,4.6,3.9,1.75,4.15,3.65,1.77,4.47,3.74,1.82,4.33,3.7,1.75,4.2,3.75,1.8,4.6,4,1.82,4.27,3.73,1.78
B1,19/01/2020,19:00,Waregem,Genk,0,3,22,7,8,27.8,11.1,61.1,A,0,1,A,9,10,5,7,12,14,6,4,0,2,0,0,3.2,3.6,2.1,3.2,3.5,2.2,3.05,3.45,2.15,3.25,3.39,2.29,3.1,3.5,2.15,3.13,3.6,2.15,3.3,3.72,2.32,3.1,3.41,2.22
B1,24/01/2020,19:30,Standard,Oostende,2,1,23,5,15,95,5,0,H,0,0,D,15,8,3,4,12,12,5,6,0,2,0,0,1.25,5.75,10.5,1.26,6.25,11,1.25,5.6,9.7,1.27,6.02,11.41,1.25,5.5,11,1.25,6,10.5,1.28,7,12.5,1.25,5.89,10.65
B1,25/01/2020,19:00,Mouscron,St Truiden,1,3,23,10,11,65,20,15,A,0,1,A,10,8,5,6,13,14,3,1,1,2,0,0,1.9,3.6,3.75,1.95,3.7,3.7,1.97,3.45,3.55,2.07,3.64,3.56,2,3.5,3.5,1.95,3.6,3.7,2.08,3.7,3.79,2,3.53,3.54
B1,25/01/2020,19:00,Waasland-Beveren,Eupen,0,1,23,14,13,50,30,20,A,0,1,A,7,2,3,1,15,14,7,4,3,2,0,0,2.5,3.3,2.75,2.55,3.25,2.85,2.55,3.1,2.75,2.69,3.17,2.84,2.55,3.1,2.8,2.5,3.3,2.8,2.69,3.32,3.05,2.54,3.15,2.81
B1,25/01/2020,19:30,Gent,Genk,4,1,23,2,6,80,15,5,H,1,1,D,19,7,8,4,6,14,7,5,0,1,0,0,1.83,3.75,4,1.87,3.8,3.9,1.83,3.75,3.75,1.84,4.08,3.99,1.83,3.8,3.8,1.83,3.9,3.9,1.9,4.08,4.11,1.83,3.85,3.84
B1,26/01/2020,13:30,Cercle Brugge,Anderlecht,1,2,23,16,9,10,5,85,A,1,0,H,18,5,8,3,15,10,10,4,3,2,0,0,3.6,4,1.85,3.9,3.9,1.87,3.7,3.65,1.87,3.9,3.78,1.93,4,3.75,1.8,3.8,3.8,1.87,4.1,4.02,1.94,3.81,3.76,1.86
B1,26/01/2020,17:00,Kortrijk,Club Brugge,2,2,23,12,1,0,5,95,D,1,2,A,5,10,3,4,20,15,3,4,5,1,0,0,7,4.75,1.4,7.5,5,1.4,6.5,4.6,1.41,6.91,4.86,1.44,7,4.6,1.4,7.5,4.75,1.4,7.5,5,1.44,6.87,4.72,1.41
B1,26/01/2020,19:00,Antwerp,Waregem,2,1,23,3,8,90,10,0,H,1,1,D,15,7,7,3,7,18,5,1,0,4,0,0,1.53,3.8,6.5,1.57,4.1,5.75,1.53,4.2,5.4,1.54,4.52,5.84,1.5,4.2,6,1.5,4.33,6.25,1.62,4.52,6.6,1.53,4.24,5.68
B1,29/01/2020,19:30,Charleroi,Club Brugge,0,0,5,11,1,0,0,100,D,0,0,D,6,11,3,5,12,22,3,5,1,2,0,0,4.2,3.8,1.8,4.2,4,1.78,4.1,3.7,1.77,4.12,3.93,1.85,4.2,3.75,1.78,4.2,3.75,1.8,4.4,4,1.85,4.11,3.79,1.79
B1,31/01/2020,19:30,Kortrijk,Standard,3,1,24,12,5,10,0,90,H,0,0,D,16,9,7,4,15,16,7,8,0,0,0,0,4.2,3.75,1.8,3.8,3.8,1.91,3.85,3.7,1.8,4.05,3.86,1.88,3.5,3.7,1.95,4,3.75,1.83,4.21,4,1.91,3.89,3.77,1.85
B1,01/02/2020,17:00,Genk,Charleroi,1,0,24,6,4,80,10,10,H,1,0,H,10,8,6,0,14,18,3,5,2,3,0,0,2.05,3.5,3.4,2.1,3.5,3.5,2.1,3.35,3.3,2.15,3.46,3.5,2.1,3.4,3.4,2.1,3.4,3.5,2.16,3.54,3.55,2.1,3.38,3.38
B1,01/02/2020,19:00,Eupen,Cercle Brugge,1,0,24,13,16,70,25,5,H,1,0,H,9,9,4,4,11,12,4,6,3,2,0,0,2.1,3.4,3.4,2.15,3.4,3.4,2.05,3.35,3.35,2.22,3.49,3.3,2.1,3.4,3.3,2.05,3.5,3.5,2.22,3.54,3.81,2.11,3.4,3.36
B1,01/02/2020,19:00,Oostende,St Truiden,1,0,24,15,10,15,50,35,H,0,0,D,7,7,5,3,12,12,2,7,2,2,0,1,2.1,3.6,3.25,2.15,3.6,3.3,2.05,3.55,3.2,2.13,3.67,3.35,2.05,3.6,3.25,2.05,3.6,3.4,2.16,3.78,3.4,2.09,3.58,3.24
B1,01/02/2020,19:30,Mechelen,Gent,0,3,24,7,2,0,30,70,A,0,1,A,14,8,5,5,5,12,7,5,3,2,0,0,3.8,3.8,1.85,3.9,4,1.83,3.9,3.75,1.8,4.01,4.11,1.83,3.9,3.9,1.78,4.1,3.8,1.8,4.2,4.11,1.89,3.91,3.86,1.81
B1,02/02/2020,13:30,Club Brugge,Antwerp,1,0,24,1,3,100,0,0,H,0,0,D,11,4,5,2,16,19,2,0,2,2,0,0,1.53,4.33,5.5,1.53,4.33,6,1.53,4.1,5.5,1.54,4.22,6.38,1.5,4.2,6,1.53,4.3,5.75,1.57,4.4,6.38,1.53,4.18,5.78
B1,02/02/2020,17:00,Anderlecht,Mouscron,1,0,24,9,11,100,0,0,H,0,0,D,14,4,6,2,17,19,5,2,2,3,0,0,1.45,4.2,6.5,1.48,4.33,6.75,1.46,4.25,6.1,1.47,4.57,6.93,1.44,4.33,7,1.45,4.4,7,1.54,4.57,7,1.47,4.3,6.36
B1,02/02/2020,19:00,Waregem,Waasland-Beveren,5,0,24,8,14,90,5,5,H,3,0,H,12,9,9,4,14,15,5,2,1,3,0,0,1.61,4.33,4.75,1.62,4.1,5.25,1.63,3.9,4.65,1.65,3.97,5.41,1.62,4,5,1.65,4,5,1.69,4.34,5.41,1.64,3.98,4.9
B1,07/02/2020,19:30,Gent,Anderlecht,1,1,25,2,9,100,0,0,D,1,1,D,12,11,5,7,14,13,3,6,2,4,0,0,1.6,4.2,5.25,1.62,4.1,5.25,1.65,4,4.5,1.66,3.99,5.32,1.57,4.2,5.25,1.62,4,5.25,1.68,4.2,5.61,1.63,3.91,5.15
B1,08/02/2020,17:00,Charleroi,Waregem,4,0,25,4,7,89.5,10.5,0,H,1,0,H,12,6,7,3,15,10,5,7,2,4,0,1,1.57,4,5.5,1.6,4.1,5.5,1.57,3.95,5.1,1.61,4.23,5.43,1.7,3.75,4.75,1.6,4.1,5.4,1.65,4.3,6.08,1.58,4.08,5.28
B1,08/02/2020,19:00,Cercle Brugge,Mechelen,3,2,25,16,8,10.5,0,89.5,H,2,1,H,12,6,5,3,15,9,6,1,1,2,0,0,2.3,3.6,2.87,2.5,3.5,2.75,2.35,3.4,2.75,2.37,3.63,2.92,2.5,3.5,2.6,2.45,3.4,2.8,2.65,3.63,2.92,2.41,3.47,2.76
B1,08/02/2020,19:00,St Truiden,Eupen,5,2,25,10,13,73.2,21.1,5.3,H,3,2,H,12,10,5,4,8,16,5,2,4,2,1,0,2.15,3.5,3.2,2.15,3.3,3.5,2.15,3.25,3.3,2.17,3.4,3.5,2.2,3.3,3.2,2.15,3.4,3.3,2.27,3.51,3.5,2.16,3.33,3.3
B1,08/02/2020,19:30,Mouscron,Oostende,3,1,25,11,14,73.7,26.3,0,H,0,1,A,11,10,6,5,9,11,6,5,0,1,0,0,2.2,3.6,3,2.2,3.75,3,2.15,3.45,3,2.26,3.79,2.99,2.05,3.6,3.3,2.15,3.6,3.13,2.27,3.79,3.34,2.19,3.61,2.99
B1,11/02/2020,19:30,Charleroi,Mechelen,2,1,23,4,7,80,13.3,6.7,H,0,0,D,5,4,4,1,17,6,4,3,2,3,0,0,1.61,3.8,5.5,1.57,4.2,6,1.6,3.75,5.1,1.66,3.88,5.49,1.6,3.9,5.25,1.65,3.8,5.2,1.68,4.2,6.02,1.62,3.89,5.28
B1,12/02/2020,19:30,Standard,Club Brugge,0,0,25,5,1,0,33.3,66.7,D,0,0,D,5,7,1,3,13,23,4,5,2,2,0,0,3.1,3.3,2.3,3,3.6,2.3,3.05,3.4,2.2,3.17,3.62,2.23,3,3.5,2.2,3.1,3.5,2.2,3.17,3.62,2.34,3.06,3.45,2.23
B1,12/02/2020,19:30,Waasland-Beveren,Kortrijk,1,2,25,15,12,16.7,50,33.3,A,1,1,D,8,8,1,4,10,18,3,8,2,1,0,0,3,3.4,2.3,3.1,3.3,2.35,2.95,3.4,2.25,3.1,3.56,2.29,3,3.4,2.25,3.1,3.4,2.25,3.1,3.58,2.35,3.01,3.42,2.25
B1,13/02/2020,19:30,Antwerp,Genk,1,1,25,3,6,66.7,11.1,22.2,D,1,1,D,14,8,6,5,13,17,5,7,2,2,0,0,2.1,3.4,3.4,2.1,3.75,3.25,2.05,3.5,3.3,2.06,3.7,3.54,2.1,3.5,3.25,2.05,3.5,3.5,2.14,3.75,3.54,2.07,3.53,3.34
B1,14/02/2020,19:30,Eupen,Gent,2,3,26,13,2,5.6,5.6,88.9,A,2,2,D,8,12,3,9,16,15,7,3,3,1,0,0,5.5,4.33,1.53,6.25,4.4,1.5,5.5,4.05,1.55,6.02,4.21,1.57,6.5,4.33,1.47,6,4.2,1.53,6.4,4.4,1.57,5.76,4.18,1.54
B1,15/02/2020,17:00,Club Brugge,Waasland-Beveren,2,1,26,1,15,94.4,0,5.6,H,1,0,H,15,2,5,1,16,13,16,2,2,7,0,1,1.14,8,15,1.12,8.5,23,1.11,8.4,18,1.11,8.7,20.46,1.12,7.5,19,1.11,8.5,23,1.14,9.3,25,1.11,8.39,20.28
B1,15/02/2020,19:00,Oostende,Kortrijk,0,3,26,14,12,38.9,44.4,16.7,A,0,0,D,6,14,1,5,19,13,4,3,2,1,0,0,2.45,3.4,2.8,2.45,3.4,2.85,2.4,3.35,2.7,2.56,3.44,2.79,2.45,3.4,2.7,2.45,3.4,2.8,2.56,3.58,2.85,2.46,3.38,2.74
B1,15/02/2020,19:00,St Truiden,Cercle Brugge,0,1,26,10,16,88.9,5.6,5.6,A,0,0,D,13,11,2,4,14,16,5,6,5,3,0,0,2.2,3.5,3.1,2.3,3.5,3,2.25,3.45,2.9,2.38,3.49,3,2.15,3.5,3.1,2.25,3.5,3,2.38,3.68,3.1,2.28,3.46,2.95
B1,15/02/2020,19:30,Mechelen,Anderlecht,2,0,26,8,9,27.8,22.2,50,H,0,0,D,13,7,6,0,13,9,4,5,2,3,0,1,2.7,3.4,2.5,2.8,3.5,2.45,2.7,3.4,2.4,2.71,3.64,2.52,2.75,3.5,2.38,2.75,3.5,2.45,2.8,3.65,2.52,2.69,3.49,2.43
B1,16/02/2020,13:30,Antwerp,Charleroi,1,1,26,4,3,50,44.4,5.6,D,1,0,H,6,9,5,6,11,17,6,10,2,3,0,0,2,3.5,3.6,2,3.6,3.7,2,3.4,3.5,2.07,3.5,3.71,2,3.4,3.6,2,3.5,3.7,2.07,3.6,3.95,2.01,3.44,3.6
B1,16/02/2020,17:00,Genk,Standard,1,3,26,6,5,50,27.8,22.2,A,0,2,A,11,8,6,6,12,12,3,2,2,2,0,0,2.5,3.4,2.7,2.6,3.5,2.65,2.4,3.35,2.7,2.51,3.54,2.79,2.45,3.4,2.7,2.5,3.4,2.75,2.6,3.6,2.95,2.43,3.43,2.74
B1,16/02/2020,19:00,Waregem,Mouscron,1,2,26,7,11,88.9,5.6,5.6,A,0,1,A,7,11,3,6,7,10,6,3,2,2,0,0,1.7,4,4.5,1.67,4.1,4.75,1.7,3.8,4.3,1.77,4.08,4.34,1.75,3.8,4.2,1.7,3.9,4.6,1.81,4.1,4.75,1.72,3.91,4.33
B1,21/02/2020,19:30,Kortrijk,Genk,0,1,27,11,6,15.8,26.3,57.9,A,0,0,D,6,14,4,7,14,13,3,4,3,4,0,0,2.5,4,2.4,2.6,3.6,2.65,2.55,3.4,2.5,2.67,3.53,2.62,2.45,3.4,2.7,2.6,3.6,2.5,2.71,4,2.65,2.6,3.49,2.54
B1,22/02/2020,17:00,Standard,Antwerp,1,0,27,5,4,55.6,38.9,5.6,H,1,0,H,9,9,7,3,9,11,3,6,1,3,0,0,1.95,3.6,3.75,2.05,3.6,3.5,2,3.45,3.45,2.06,3.67,3.55,2,3.6,3.4,2,3.5,3.6,2.15,3.72,3.75,2.02,3.53,3.46
B1,22/02/2020,19:00,Mouscron,Cercle Brugge,0,1,27,10,16,66.7,27.8,5.6,A,0,0,D,4,10,1,3,13,12,3,7,3,1,0,0,2.5,3.4,2.7,2.55,3.4,2.75,2.5,3.35,2.65,2.56,3.55,2.72,2.45,3.4,2.7,2.5,3.4,2.75,2.6,3.6,2.82,2.51,3.39,2.66
B1,22/02/2020,19:00,Oostende,Waregem,1,1,27,14,8,16.7,5.6,77.8,D,1,1,D,10,12,3,6,11,20,3,5,1,3,0,0,2.45,3.4,2.75,2.45,3.6,2.75,2.4,3.45,2.65,2.45,3.67,2.78,2.45,3.5,2.62,2.45,3.5,2.75,2.56,3.7,2.78,2.43,3.5,2.69
B1,22/02/2020,19:30,Mechelen,Waasland-Beveren,4,0,27,7,15,94.4,0,5.6,H,2,0,H,17,8,10,3,13,14,4,6,1,1,0,0,1.53,4,6,1.6,4.33,5.25,1.55,4.1,5.2,1.56,4.38,5.73,1.53,4.2,5.5,1.53,4.2,6,1.6,4.44,6,1.55,4.19,5.41
B1,23/02/2020,13:30,Club Brugge,Charleroi,1,0,27,1,3,94.4,5.6,0,H,1,0,H,5,9,3,2,14,13,4,4,0,1,0,0,1.45,4.2,7.5,1.48,4.25,7.25,1.47,4.05,6.5,1.51,4.08,7.43,1.47,4,7,1.5,4.1,7,1.53,4.33,7.5,1.48,4.07,6.84
B1,23/02/2020,17:00,Anderlecht,Eupen,6,1,27,9,13,94.4,0,5.6,H,4,0,H,14,5,9,4,15,9,6,5,1,2,0,1,1.44,4.2,8,1.45,4.33,7.5,1.42,4.25,7,1.42,4.52,8.44,1.42,4.2,8,1.4,4.4,8,1.48,4.54,8.44,1.42,4.35,7.43
B1,23/02/2020,19:00,Gent,St Truiden,4,1,27,2,13,94.4,5.6,0,H,3,0,H,15,6,7,3,9,14,6,5,3,1,0,0,1.3,5,10,1.33,5.25,9,1.31,5.1,8.4,1.32,5.6,9.36,1.28,5.25,9.5,1.3,5.25,10,1.33,5.6,10,1.31,5.24,8.92
B1,28/02/2020,19:30,St Truiden,Mechelen,0,3,28,12,7,15.8,26.3,57.9,A,0,0,D,9,16,3,8,16,14,2,6,4,1,0,0,3,3.6,2.2,3.1,3.5,2.3,2.95,3.45,2.2,3.07,3.65,2.27,2.7,3.6,2.4,3,3.5,2.25,3.15,3.7,2.4,3,3.51,2.24
B1,29/02/2020,17:00,Waasland-Beveren,Anderlecht,0,3,28,16,8,9.5,0,90.5,A,0,1,A,6,8,5,4,16,12,3,10,0,2,0,0,4.75,4,1.66,4.75,4,1.7,4.7,3.75,1.67,4.98,3.98,1.7,4.75,3.8,1.67,5,3.8,1.67,5,4.01,1.75,4.72,3.83,1.68
B1,29/02/2020,19:00,Eupen,Mouscron,2,1,28,13,10,42.9,38.1,19,H,1,1,D,8,3,4,2,13,16,3,4,3,0,0,0,2.05,3.6,3.3,2.15,3.5,3.3,2.05,3.3,3.45,2.07,3.58,3.62,2.1,3.3,3.4,2.1,3.4,3.5,2.15,3.62,3.62,2.06,3.42,3.44
B1,29/02/2020,19:00,Waregem,Kortrijk,2,2,28,9,11,66.7,9.5,23.8,D,2,0,H,9,17,6,7,11,11,6,4,2,1,0,0,2.25,3.6,2.9,2.35,3.7,2.8,2.35,3.5,2.75,2.43,3.7,2.79,2.1,3.6,3.2,2.38,3.6,2.8,2.43,3.79,3.07,2.35,3.56,2.77
B1,29/02/2020,19:30,Antwerp,Oostende,3,1,28,5,14,90.5,4.8,4.8,H,2,0,H,8,7,6,3,11,10,2,6,0,2,0,0,1.4,4.75,7,1.4,5,7.5,1.38,4.5,7.4,1.38,4.91,8.58,1.38,4.5,8,1.4,4.6,8,1.41,5,8.6,1.38,4.69,7.63
B1,01/03/2020,13:30,Genk,Club Brugge,1,2,28,6,1,5,20,75,A,1,1,D,7,10,7,5,15,22,5,4,2,4,0,0,4.2,3.75,1.8,4,3.6,1.91,3.9,3.5,1.87,4.03,3.65,1.94,4,3.5,1.88,4,3.6,1.87,4.21,3.76,1.98,3.89,3.56,1.9
B1,01/03/2020,17:00,Charleroi,Standard,2,0,28,4,3,30,50,20,H,1,0,H,10,4,6,1,7,19,9,7,1,4,0,0,2.37,3.4,2.9,2.45,3.6,2.75,2.4,3.2,2.9,2.39,3.45,3.01,2.45,3.3,2.8,2.45,3.3,2.88,2.51,3.6,3.01,2.38,3.33,2.89
B1,01/03/2020,19:00,Cercle Brugge,Gent,1,0,28,15,2,5,5,90,H,1,0,H,6,15,2,9,9,9,4,4,2,1,0,0,3.6,3.5,2,3.7,3.6,2,3.3,3.55,2,3.49,3.68,2.08,3.3,3.7,2,3.3,3.7,2.05,3.7,3.82,2.1,3.37,3.57,2.03
B1,07/03/2020,19:00,Anderlecht,Waregem,7,0,29,8,9,78.6,21.4,0,H,2,0,H,11,8,8,4,11,11,4,3,2,2,0,0,1.4,4.5,8,1.42,4.75,7.5,1.42,4.55,6.5,1.44,4.91,6.96,1.44,4.4,6.5,1.4,4.6,8,1.45,5.1,8,1.41,4.66,6.95
B1,07/03/2020,19:00,Club Brugge,Cercle Brugge,2,1,29,1,14,100,0,0,H,1,0,H,15,6,5,4,16,8,5,4,0,0,0,0,1.33,5,8,1.36,4.75,9.25,1.35,4.8,7.8,1.33,5.26,9.97,1.32,4.8,9.5,1.33,5.25,8.5,1.36,5.45,10.5,1.33,5.02,8.56
B1,07/03/2020,19:00,Gent,Charleroi,1,4,29,2,3,71.4,21.4,7.1,A,0,2,A,5,14,5,8,16,12,3,4,3,1,1,0,1.8,3.75,4.33,1.83,3.9,4.1,1.8,3.6,4.05,1.83,3.82,4.29,1.8,3.6,4.2,1.8,3.7,4.33,1.91,3.9,4.33,1.81,3.68,4.1
B1,07/03/2020,19:00,Kortrijk,Antwerp,0,1,29,10,4,14.3,28.6,57.1,A,0,0,D,10,12,4,5,17,12,6,7,3,0,0,0,2.8,3.6,2.3,3,3.6,2.3,2.95,3.35,2.25,3.04,3.64,2.29,2.9,3.4,2.3,3,3.4,2.3,3.1,3.64,2.33,2.94,3.48,2.27
B1,07/03/2020,19:00,Mechelen,Eupen,1,1,29,6,13,85.7,14.3,0,D,1,0,H,20,4,8,1,12,9,8,2,0,2,0,0,1.45,4,7.5,1.5,4.6,6,1.5,4.05,5.9,1.52,4.4,6.38,1.6,4,5.25,1.5,4.2,6.5,1.55,4.6,7.5,1.5,4.22,6.17
B1,07/03/2020,19:00,Mouscron,Waasland-Beveren,1,0,29,11,16,78.6,14.3,7.1,H,0,0,D,10,8,6,1,12,12,8,2,3,3,0,0,2.05,3.5,3.5,2.2,3.5,3.25,2.1,3.4,3.25,2.2,3.55,3.3,2.1,3.5,3.2,2.1,3.5,3.4,2.2,3.6,3.5,2.13,3.47,3.24
B1,07/03/2020,19:00,Oostende,Genk,2,4,29,15,5,7.1,7.1,85.7,A,1,0,H,7,12,4,8,11,15,3,6,2,1,1,0,3.4,3.6,2,3.4,3.6,2.1,3.35,3.5,2,3.57,3.65,2.06,3.3,3.6,2.05,3.4,3.6,2.05,3.57,3.76,2.11,3.38,3.57,2.04
B1,07/03/2020,19:00,Standard,St Truiden,0,0,29,5,12,92.9,0,7.1,D,0,0,D,7,9,3,5,14,21,4,4,0,4,1,0,1.36,5,8.5,1.34,5.25,9,1.35,4.9,7.5,1.35,5.2,8.87,1.3,5,10,1.33,5,8.5,1.36,5.52,9.05,1.34,5.04,8.21
B1,08/08/2020,15:30,Club Brugge,Charleroi,0,1,1,1,13,91.7,8.3,0,A,0,0,D,17,6,5,4,10,11,10,2,2,3,0,0,1.5,3.8,6,1.5,4,6.5,1.53,3.8,6,1.53,4.13,6.81,1.5,4,6.5,1.53,4,6.5,1.59,4.33,7.1,1.52,4,6.26
B1,08/08/2020,18:00,Antwerp,Mouscron,1,1,1,2,18,92.9,7.1,0,D,0,0,D,12,4,9,2,8,5,7,3,2,1,0,0,1.3,5,10,1.3,5.25,9,1.33,4.8,8.75,1.32,5.34,10.09,1.29,5,11,,,,1.37,5.5,11.5,1.31,5.11,9.27
B1,08/08/2020,18:00,Standard,Cercle Brugge,1,0,1,6,16,100,0,0,H,0,0,D,11,6,8,1,10,11,5,4,1,1,0,0,1.4,4.5,6.5,1.4,4.75,6.75,1.43,4.4,6.75,1.43,4.75,7.44,1.4,4.5,7.5,1.44,4.5,7,1.5,4.98,7.5,1.43,4.56,6.84
B1,09/08/2020,12:30,St Truiden,Gent,2,1,1,15,7,0,15.4,84.6,H,1,1,D,11,13,8,2,19,13,6,3,2,2,0,0,4.5,3.8,1.65,4.6,4,1.67,4.3,3.85,1.7,4.54,4.19,1.72,4.33,4,1.7,,,,4.7,4.5,1.76,4.36,4.05,1.7
B1,09/08/2020,15:00,Waregem,Genk,1,2,1,10,4,0,35.7,64.3,A,1,0,H,8,15,6,4,15,16,9,8,3,1,0,0,3.75,3.6,1.9,3.7,3.75,1.87,3.45,3.65,1.95,3.65,3.91,1.97,3.5,3.8,1.91,,,,3.75,4.2,2.01,3.52,3.79,1.93
B1,09/08/2020,17:15,Mechelen,Anderlecht,2,2,1,8,3,7.1,42.9,50,D,0,0,D,10,7,4,2,21,17,2,7,3,3,0,0,4.5,3.5,1.8,4.4,3.5,1.8,4,3.4,1.85,4.33,3.6,1.89,4.2,3.5,1.83,,,,4.6,3.86,1.9,4.14,3.53,1.84
B1,09/08/2020,19:45,Kortrijk,Waasland-Beveren,1,3,1,14,17,75,25,0,A,0,1,A,11,8,4,6,15,14,4,1,2,4,0,0,1.6,3.8,4.75,1.67,4,4.5,1.63,3.85,4.8,1.65,4.18,5.08,1.62,4,5,,,,1.7,4.45,5.4,1.63,4.02,4.89
B1,10/08/2020,18:00,Oud-Heverlee Leuven,Eupen,1,1,1,11,12,42.1,21.1,36.8,D,0,0,D,4,16,3,6,12,11,5,8,1,2,0,0,2.3,3.4,3,2.3,3.4,2.9,2.35,3.25,2.85,2.4,3.56,2.92,2.35,3.4,2.88,,,,2.48,3.7,3.04,2.35,3.42,2.86
B1,10/08/2020,18:00,Oostende,Beerschot VA,1,2,1,5,9,73.7,10.5,15.8,A,0,1,A,6,6,2,5,18,12,12,7,3,2,0,0,2.3,3.4,3,2.3,3.5,2.9,2.3,3.3,2.9,2.34,3.63,2.97,2.3,3.5,2.9,,,,2.42,3.76,3.1,2.29,3.47,2.93
B1,14/08/2020,18:00,Mouscron,Mechelen,0,1,2,10,7,20,33.3,46.7,A,0,1,A,9,7,1,4,9,18,5,5,3,3,0,0,3.5,3.4,2.05,3.6,3.5,2.05,3.35,3.3,2.1,3.54,3.62,2.08,3.5,3.4,2.05,3.5,3.5,2.1,3.7,3.62,2.2,3.42,3.48,2.08
B1,15/08/2020,15:30,Genk,Oud-Heverlee Leuven,1,1,2,2,12,94.4,0,5.6,D,0,0,D,20,10,4,4,11,11,7,1,1,1,0,0,1.25,6,12,1.3,5.5,10,1.25,5.5,10,1.27,6,11.37,1.24,5.8,11,1.25,5.75,11.5,1.3,6.45,15.25,1.26,5.75,10.84
B1,15/08/2020,18:00,Charleroi,Oostende,1,0,2,5,15,88.9,11.1,0,H,0,0,D,14,8,2,0,14,19,8,7,1,2,0,0,1.4,4.2,8.5,1.4,4.6,8.25,1.4,4.3,7.25,1.39,4.88,8.45,1.38,4.6,8,1.4,4.5,8,1.45,5.05,8.7,1.39,4.64,7.73
B1,15/08/2020,18:00,Gent,Kortrijk,1,2,2,13,18,88.9,11.1,0,A,0,1,A,23,10,12,5,6,12,6,5,0,1,0,0,1.36,4.75,8,1.36,5.25,8,1.4,4.6,7,1.4,5.04,7.77,1.36,5,7.5,1.36,5,7.5,1.44,5.4,8,1.38,4.95,7.32
B1,16/08/2020,12:30,Cercle Brugge,Antwerp,2,1,2,17,9,5.3,5.3,89.5,H,0,1,A,11,8,5,3,17,14,5,2,1,1,0,0,3.8,3.8,1.85,4,3.9,1.83,3.8,3.55,1.85,3.95,3.96,1.88,3.9,3.8,1.83,4,3.7,1.85,4.2,4.05,1.93,3.87,3.74,1.85
B1,16/08/2020,15:00,Beerschot VA,Waregem,3,1,2,4,14,31.6,47.4,21.1,H,1,0,H,17,6,6,1,9,11,3,5,3,2,0,0,2.4,3.4,2.8,2.35,3.5,2.95,2.3,3.25,2.9,2.34,3.53,3.04,2.35,3.4,2.88,2.3,3.4,3,2.49,3.62,3.15,2.33,3.42,2.92
B1,16/08/2020,15:00,Eupen,Club Brugge,0,4,2,11,16,0,5.3,94.7,A,0,1,A,13,11,1,5,13,10,6,6,0,0,0,0,8.5,4.5,1.36,8.75,4.5,1.4,7.5,4.3,1.4,8.3,4.43,1.44,8,4.75,1.36,8.5,4.8,1.36,9.5,5.2,1.45,8.03,4.54,1.39
B1,16/08/2020,17:15,Anderlecht,St Truiden,3,1,2,8,3,73.7,21.1,5.3,H,1,0,H,15,3,6,1,15,13,2,1,2,0,0,1,1.4,4.5,7.5,1.42,4.4,7.25,1.43,4.3,6.5,1.45,4.76,7.08,1.42,4.75,6.5,1.44,4.6,7,1.5,5.05,7.5,1.43,4.6,6.7
B1,17/08/2020,18:00,Waasland-Beveren,Standard,1,2,2,1,6,4.8,9.5,85.7,A,0,0,D,5,17,3,8,19,18,4,8,3,3,0,0,5.5,4,1.57,5.5,4.1,1.6,5.75,3.9,1.55,5.8,4.26,1.57,5.8,4.2,1.52,6,4.1,1.53,6,4.3,1.61,5.58,4.1,1.55
B1,21/08/2020,18:00,Kortrijk,Eupen,0,0,3,10,15,65.2,17.4,17.4,D,0,0,D,6,16,1,6,7,19,1,5,2,2,0,0,2.3,3.5,2.9,2.3,3.3,3.2,2.35,3.2,2.85,2.37,3.42,3.06,2.1,3.4,3.3,2.38,3.5,2.9,2.46,3.55,3.24,2.34,3.36,2.97
B1,22/08/2020,15:15,Waregem,Waasland-Beveren,4,1,3,18,8,66.7,16.7,16.7,H,1,0,H,23,6,9,2,16,10,7,2,3,1,0,0,1.66,4,4.75,1.67,4.1,4.75,1.73,3.7,4.3,1.75,3.98,4.6,1.7,4,4.33,1.7,4,4.5,1.8,4.15,4.85,1.72,3.92,4.44
B1,22/08/2020,17:30,Mechelen,Cercle Brugge,2,3,3,5,9,75,16.7,8.3,A,1,0,H,21,11,8,4,14,13,6,8,4,2,0,0,1.8,3.75,4.33,1.78,3.75,4.5,1.8,3.6,4,1.81,3.8,4.44,1.73,3.9,4.2,1.8,3.8,4.1,1.86,4.1,4.51,1.79,3.75,4.2
B1,22/08/2020,17:30,Oud-Heverlee Leuven,Charleroi,1,3,3,12,3,4.3,4.3,91.3,A,1,1,D,8,11,2,5,10,18,6,5,1,4,0,1,4,3.8,1.72,4.1,3.9,1.83,4.2,3.55,1.77,4.61,3.73,1.8,4.33,3.9,1.73,4.2,3.75,1.8,4.61,4.15,1.86,4.29,3.72,1.78
B1,22/08/2020,19:45,Antwerp,Gent,1,0,3,13,16,48,28,24,H,1,0,H,6,17,4,5,10,13,3,6,0,0,0,0,2.6,3.4,2.6,2.7,3.3,2.65,2.6,3.2,2.55,2.7,3.43,2.64,2.62,3.3,2.6,2.63,3.4,2.6,2.84,3.55,2.75,2.64,3.34,2.59
B1,23/08/2020,12:30,Standard,Genk,0,0,3,2,6,40,44,16,D,0,0,D,12,10,1,3,18,12,6,5,6,2,1,0,2.2,3.4,3.2,2.3,3.3,3.2,2.25,3.2,3.1,2.23,3.38,3.38,2.25,3.3,3.1,2.25,3.4,3.1,2.31,3.54,3.5,2.23,3.32,3.19
B1,23/08/2020,15:00,Club Brugge,Beerschot VA,0,1,3,7,1,92,4,4,A,0,1,A,19,6,7,2,16,9,5,1,1,0,0,0,1.3,5.5,9,1.3,5.5,10,1.3,5,8.75,1.3,5.68,9.92,1.29,5.25,9.5,1.3,5.25,10,1.35,5.75,11.25,1.31,5.35,9.1
B1,23/08/2020,17:15,Anderlecht,Mouscron,1,1,3,4,14,92,8,0,D,0,0,D,16,7,5,2,16,14,12,2,2,2,0,1,1.36,4.33,8.5,1.4,4.75,8,1.4,4.5,7.5,1.39,4.91,8.38,1.35,4.75,8.5,1.36,4.6,9,1.43,5.05,9.6,1.38,4.68,7.89
B1,24/08/2020,19:45,St Truiden,Oostende,0,0,3,11,17,76.9,15.4,7.7,D,0,0,D,9,13,1,2,12,26,4,5,1,7,1,1,2.1,3.5,3.3,2.1,3.5,3.5,2.1,3.3,3.25,2.08,3.6,3.56,2.05,3.6,3.3,2.1,3.5,3.4,2.19,3.76,3.66,2.08,3.49,3.35
B1,28/08/2020,19:45,Oostende,Anderlecht,2,2,4,14,5,0,0,100,D,2,1,H,11,13,5,5,12,14,5,4,3,3,0,0,3.5,3.75,1.95,3.5,3.75,2,3.45,3.45,1.97,3.56,3.77,2.01,3.6,3.7,1.91,3.5,3.7,2,3.92,3.9,2.04,3.51,3.67,1.98
B1,29/08/2020,15:15,Eupen,St Truiden,1,1,4,16,10,17.4,39.1,43.5,D,1,0,H,5,17,3,4,25,14,4,5,4,4,1,0,2,3.5,3.6,2,3.6,3.7,2,3.35,3.5,2.01,3.64,3.7,2,3.6,3.4,2,3.5,3.6,2.13,3.68,3.85,2.01,3.51,3.58
B1,29/08/2020,17:30,Cercle Brugge,Kortrijk,0,1,4,4,9,64,24,12,A,0,0,D,9,11,1,2,18,16,5,11,2,3,0,0,2.25,3.5,2.9,2.3,3.5,3,2.3,3.25,2.95,2.31,3.48,3.09,2.25,3.4,3,2.25,3.5,3,2.43,3.8,3.2,2.3,3.42,2.99
B1,29/08/2020,17:30,Waasland-Beveren,Oud-Heverlee Leuven,1,3,4,13,15,52,32,16,A,0,1,A,16,12,4,7,12,15,4,6,1,1,1,0,2.5,3.5,2.62,2.6,3.5,2.65,2.55,3.25,2.6,2.66,3.56,2.58,2.55,3.5,2.55,2.55,3.5,2.63,2.71,3.74,2.8,2.58,3.45,2.59
B1,29/08/2020,19:45,Mouscron,Waregem,0,1,4,14,12,16,20,64,A,0,0,D,8,9,3,2,14,10,5,4,2,1,0,0,2.87,3.4,2.37,2.8,3.4,2.5,2.7,3.25,2.45,2.8,3.47,2.5,2.7,3.4,2.45,2.75,3.5,2.45,2.88,3.78,2.57,2.75,3.42,2.46
B1,30/08/2020,12:30,Genk,Club Brugge,1,2,4,6,11,28,32,40,A,0,1,A,10,14,2,5,18,15,1,5,4,3,0,0,2.8,3.6,2.3,3,3.5,2.3,3.05,3.15,2.25,3.25,3.45,2.23,3.1,3.4,2.2,3.1,3.4,2.25,3.32,3.68,2.36,3.09,3.38,2.25
B1,30/08/2020,15:00,Beerschot VA,Standard,0,3,4,1,3,15.4,23.1,61.5,A,0,1,A,20,14,5,8,14,12,7,5,3,1,0,0,2.9,3.5,2.25,2.95,3.5,2.35,2.9,3.3,2.3,3.02,3.46,2.35,2.9,3.4,2.3,3,3.4,2.3,3.14,3.6,2.46,2.94,3.42,2.31
B1,30/08/2020,17:15,Charleroi,Antwerp,2,0,4,2,8,55.6,29.6,14.8,H,1,0,H,17,9,8,2,12,6,5,3,4,3,0,1,2.1,3.4,3.3,2.2,3.5,3.2,2.2,3.25,3.15,2.19,3.49,3.32,2.15,3.5,3.1,2.2,3.4,3.25,2.31,3.7,3.35,2.19,3.4,3.2
B1,30/08/2020,19:45,Gent,Mechelen,1,0,4,18,7,65.4,15.4,19.2,H,1,0,H,15,13,7,3,15,16,3,2,2,1,0,0,1.66,4,4.33,1.72,4.1,4.4,1.73,3.7,4.2,1.78,3.97,4.37,1.7,3.9,4.4,1.73,3.9,4.4,1.8,4.2,4.75,1.74,3.91,4.3
B1,11/09/2020,19:45,Eupen,Gent,2,1,5,16,14,7.4,11.1,81.5,H,1,0,H,17,19,7,6,8,19,4,5,3,3,0,1,3.1,3.75,2.15,3.1,3.6,2.2,3.05,3.3,2.2,3.19,3.62,2.25,3.5,3.5,2,3.13,3.5,2.2,3.73,3.75,2.25,3.14,3.48,2.19
B1,12/09/2020,15:15,Mechelen,Oostende,0,1,5,12,17,86.7,10,3.3,A,0,0,D,4,11,0,3,19,16,5,10,5,2,0,0,1.8,3.75,4.2,1.83,3.7,4.25,1.85,3.55,3.8,1.89,3.84,4.06,1.85,3.6,3.9,1.85,3.8,3.9,1.9,4.04,4.2,1.86,3.71,3.87
B1,12/09/2020,17:30,Oud-Heverlee Leuven,Standard,1,0,5,9,2,0,3.3,96.7,H,0,0,D,12,17,3,3,19,16,1,3,2,4,0,1,5,3.8,1.65,5,3.8,1.7,4.9,3.45,1.7,5.25,3.7,1.74,5.25,3.6,1.67,5.25,3.75,1.67,5.4,4,1.74,5.04,3.63,1.69
B1,12/09/2020,19:45,Club Brugge,Waasland-Beveren,4,1,5,5,15,93.3,6.7,0,H,2,1,H,18,7,9,4,17,4,5,2,1,2,0,0,1.16,7.5,13,1.14,8.25,19,1.15,7.5,17,1.13,9.29,23.78,1.12,7.5,21,1.12,8.5,21,1.17,9.77,23.78,1.13,8.1,18.06
B1,13/09/2020,12:30,Anderlecht,Cercle Brugge,2,0,5,8,7,90.3,6.5,3.2,H,1,0,H,15,8,6,1,11,20,7,3,1,4,0,0,1.44,4.5,6.5,1.45,4.75,6.75,1.53,4.1,5.75,1.5,4.61,6.54,1.47,4.33,6.5,1.45,4.5,6.5,1.55,4.77,6.54,1.48,4.43,6.02
B1,13/09/2020,15:00,St Truiden,Antwerp,2,3,5,11,13,12.9,38.7,48.4,A,2,2,D,10,14,3,6,15,16,3,4,3,4,1,1,4,3.8,1.8,4.1,3.9,1.83,3.8,3.5,1.9,4,3.9,1.89,3.8,3.7,1.85,4,3.7,1.85,4.11,3.9,1.93,3.87,3.71,1.86
B1,13/09/2020,17:15,Waregem,Charleroi,0,2,5,6,1,3.1,6.3,90.6,A,0,0,D,8,11,1,4,13,12,3,2,0,1,0,0,3.5,3.6,2,3.6,3.5,2.05,3.45,3.25,2.05,3.71,3.45,2.11,3.5,3.5,2,3.4,3.6,2.05,3.71,3.77,2.11,3.48,3.43,2.05
B1,13/09/2020,19:45,Kortrijk,Mouscron,3,0,5,4,18,87.5,0,12.5,H,0,0,D,17,9,8,2,15,9,8,1,2,2,0,2,1.85,3.8,3.8,1.87,3.9,3.9,1.83,3.55,3.9,1.85,3.9,4.16,1.85,3.6,3.9,1.87,3.7,3.9,1.94,3.9,4.16,1.85,3.7,3.92
B1,14/09/2020,19:45,Beerschot VA,Genk,5,2,5,3,10,28.1,25,46.9,H,1,1,D,12,6,7,3,16,17,5,3,0,4,0,2,3.25,3.75,2.05,3.2,3.5,2.2,3,3.4,2.2,3.17,3.75,2.24,3,3.6,2.2,3.1,3.7,2.2,3.39,3.84,2.28,3.09,3.6,2.18
B1,18/09/2020,19:45,Charleroi,Beerschot VA,3,1,6,1,2,93.1,6.9,0,H,1,0,H,14,11,4,2,11,11,7,1,0,1,0,0,1.66,3.75,5,1.75,3.6,5,1.73,3.5,4.7,1.75,3.76,5.19,1.67,3.7,5,1.67,3.9,4.8,1.76,3.95,5.3,1.71,3.7,4.83
B1,19/09/2020,15:15,Oostende,Oud-Heverlee Leuven,3,1,6,12,7,20,40,40,H,1,0,H,17,15,4,6,19,11,11,2,4,2,0,0,2,3.5,3.6,2.1,3.6,3.4,2.1,3.4,3.25,2.09,3.72,3.41,2.05,3.6,3.3,2.05,3.6,3.4,2.12,3.75,3.6,2.06,3.59,3.32
B1,19/09/2020,17:30,Mouscron,Gent,0,1,6,18,16,6.7,3.3,90,A,0,1,A,15,14,3,7,12,5,11,3,3,0,0,0,4.33,3.75,1.75,4.33,3.75,1.8,4.2,3.65,1.77,4.39,3.85,1.81,4.33,3.7,1.75,4.2,3.75,1.8,4.39,3.92,1.84,4.23,3.73,1.79
B1,19/09/2020,19:45,Waasland-Beveren,Anderlecht,2,4,6,17,6,0,3.2,96.8,A,0,2,A,14,17,6,7,16,11,5,7,4,1,0,0,6.25,4.2,1.5,6.25,4.2,1.53,5.75,4.3,1.5,6.04,4.56,1.52,5.8,4.33,1.5,6,4.4,1.5,6.25,4.6,1.54,5.79,4.44,1.5
B1,20/09/2020,12:30,Waregem,Club Brugge,0,6,6,9,5,0,6.5,93.5,A,0,4,A,9,14,4,7,10,12,2,4,1,1,0,0,6.25,4.2,1.5,6.25,4.25,1.53,5.75,4.2,1.53,6.21,4.44,1.53,6,4.33,1.5,6,4.4,1.5,6.25,4.5,1.55,5.81,4.36,1.51
B1,20/09/2020,15:00,Standard,Kortrijk,2,1,6,3,4,93.5,0,6.5,H,2,1,H,16,2,5,1,17,21,6,3,0,3,0,0,1.53,4.33,5.5,1.57,4.2,5.75,1.57,3.9,5.25,1.58,4.02,6.23,1.52,4,6,1.55,4.2,5.75,1.62,4.33,6.24,1.56,4.05,5.62
B1,20/09/2020,17:15,Genk,Mechelen,3,1,6,14,15,67.7,19.4,12.9,H,1,1,D,11,18,4,5,11,17,1,4,0,1,0,0,1.61,4.2,4.75,1.7,4,4.75,1.67,3.9,4.5,1.71,4.08,4.75,1.67,3.9,4.6,1.65,4.1,4.8,1.72,4.2,4.8,1.68,3.98,4.59
B1,20/09/2020,19:45,Antwerp,Eupen,2,2,6,8,11,75,15.6,9.4,D,0,1,A,16,11,5,3,6,15,9,4,2,6,0,0,1.65,4.2,4.75,1.72,3.6,5.25,1.7,3.5,4.9,1.71,3.67,5.45,1.63,3.75,5.25,1.65,3.8,5.25,1.73,4.2,5.5,1.68,3.7,5.01
B1,21/09/2020,19:45,Cercle Brugge,St Truiden,3,0,6,10,13,65.6,28.1,6.3,H,2,0,H,13,14,6,2,15,17,5,4,1,3,0,0,2.05,3.6,3.3,2.1,3.4,3.3,2.15,3.25,3.2,2.2,3.45,3.39,2.1,3.5,3.2,2.05,3.7,3.25,2.2,3.72,3.4,2.14,3.43,3.25
B1,25/09/2020,19:45,Kortrijk,Antwerp,1,3,7,6,10,41.4,27.6,31,A,1,0,H,15,14,5,3,24,6,6,2,2,0,0,0,3.1,3.6,2.2,3,3.5,2.3,2.95,3.25,2.25,3.12,3.69,2.29,3,3.4,2.25,3,3.5,2.25,3.12,3.69,2.31,3.01,3.5,2.25
B1,26/09/2020,15:15,Beerschot VA,Waasland-Beveren,3,2,7,4,17,90,6.7,3.3,H,1,2,A,19,5,6,3,16,9,10,0,1,2,0,0,1.45,4.5,6.5,1.45,4.75,6.5,1.43,4.5,6.25,1.43,4.98,7.55,1.42,4.5,7,1.44,4.75,6.5,1.47,5,7.55,1.43,4.7,6.64
B1,26/09/2020,17:30,Mechelen,St Truiden,2,0,7,16,15,53.3,33.3,13.3,H,0,0,D,13,7,5,2,16,16,3,6,3,6,0,0,1.75,4,4.2,1.75,4.1,4.25,1.73,3.8,4.1,1.75,4.35,4.39,1.78,3.9,4,1.75,3.9,4.33,1.83,4.35,4.39,1.73,4.03,4.2
B1,26/09/2020,19:45,Gent,Oud-Heverlee Leuven,2,3,7,13,11,90,3.3,6.7,A,0,2,A,24,10,6,3,10,11,8,4,2,3,0,0,1.44,4.75,6,1.45,5,6.25,1.43,4.5,6,1.46,5.25,6.45,1.44,4.6,6.5,1.44,4.75,6.5,1.48,5.25,6.7,1.43,4.82,6.22
B1,27/09/2020,12:30,Standard,Waregem,2,2,7,2,14,100,0,0,D,0,1,A,16,5,4,2,11,26,7,2,2,3,0,0,1.5,4,7,1.5,4.4,6.5,1.5,4.2,6,1.5,4.98,6.16,1.44,4.6,6.5,1.45,4.6,6.5,1.51,4.98,7,1.47,4.55,6.07
B1,27/09/2020,15:00,Anderlecht,Eupen,1,1,7,5,12,93.5,6.5,0,D,0,0,D,6,8,3,5,12,20,9,5,2,4,0,0,1.6,4,5.25,1.62,4,5.5,1.63,3.75,5,1.65,4.06,5.65,1.6,4,5.25,1.62,4,5.25,1.65,4.2,5.65,1.61,3.96,5.18
B1,27/09/2020,17:15,Club Brugge,Cercle Brugge,2,1,7,3,7,93.5,6.5,0,H,1,0,H,21,10,5,1,10,10,8,5,1,2,0,0,1.2,6,12,1.22,6.75,12.5,1.22,6,10,1.21,6.67,12.96,1.2,6.5,13,1.2,6.5,13,1.26,7.07,13.09,1.21,6.39,11.7
B1,27/09/2020,19:45,Mouscron,Charleroi,1,1,7,18,1,0,6.5,93.5,D,1,1,D,7,19,2,6,6,6,0,6,1,1,0,0,5,3.6,1.72,5.25,3.6,1.72,4.8,3.45,1.73,5.26,3.73,1.75,5,3.7,1.67,4.75,3.7,1.73,5.26,3.81,1.79,4.77,3.59,1.73
B1,28/09/2020,19:45,Genk,Oostende,2,2,7,9,8,87.1,9.7,3.2,D,1,1,D,11,17,5,11,7,22,6,5,1,5,1,0,1.5,4.33,6,1.55,4.2,6,1.55,4,5.25,1.56,4.3,6.32,1.47,4.2,6.5,1.53,4.2,6,1.59,4.55,6.5,1.53,4.2,5.69
B1,02/10/2020,19:45,Antwerp,Mechelen,4,1,8,6,13,92.9,3.6,3.6,H,3,0,H,11,15,6,5,8,13,4,6,1,2,0,0,1.83,4,3.75,1.9,3.7,4,1.9,3.4,3.8,1.93,3.77,4.08,1.91,3.5,3.8,1.87,3.7,3.9,2,4,4.08,1.89,3.65,3.86
B1,03/10/2020,15:15,Waasland-Beveren,Genk,1,1,8,17,11,6.9,0,93.1,D,0,0,D,18,13,8,2,10,12,4,6,3,3,0,0,5.25,4.75,1.45,5.5,4.6,1.53,5.25,4.3,1.53,5.96,4.79,1.53,6,4.4,1.47,5.75,4.6,1.5,6,4.81,1.56,5.57,4.56,1.5
B1,03/10/2020,17:30,Eupen,Cercle Brugge,1,2,8,12,9,24.1,48.3,27.6,A,1,1,D,10,16,3,6,12,12,8,3,5,4,0,0,2,3.6,3.5,2.05,3.4,3.7,2,3.2,3.6,2.05,3.43,4,2.05,3.3,3.6,2.05,3.4,3.6,2.14,3.6,4,2.02,3.38,3.66
B1,03/10/2020,17:30,Oud-Heverlee Leuven,Waregem,2,1,8,7,14,75.9,17.2,6.9,H,1,0,H,12,21,7,3,13,7,9,9,1,0,0,0,2.37,3.75,2.75,2.45,3.7,2.7,2.45,3.35,2.65,2.56,3.64,2.76,2.4,3.5,2.7,2.45,3.5,2.75,2.56,3.76,2.8,2.45,3.53,2.69
B1,03/10/2020,19:45,St Truiden,Kortrijk,0,0,8,16,8,10.3,20.7,69,D,0,0,D,23,5,4,2,15,17,9,4,3,2,0,1,2.8,3.6,2.3,2.8,3.5,2.45,2.75,3.3,2.4,2.89,3.68,2.44,2.62,3.3,2.6,2.8,3.5,2.38,2.89,3.68,2.45,2.8,3.5,2.37
B1,04/10/2020,12:30,Club Brugge,Anderlecht,3,0,8,2,5,79.3,13.8,6.9,H,1,0,H,22,5,6,2,18,15,8,1,1,4,0,1,1.57,4.2,5.25,1.6,4.1,5.5,1.6,3.85,5.25,1.6,4.07,6.24,1.55,3.9,5.8,1.57,4.1,5.5,1.63,4.22,6.24,1.58,4.01,5.43
B1,04/10/2020,15:00,Gent,Beerschot VA,5,1,8,15,3,44.8,17.2,37.9,H,3,0,H,22,20,6,7,11,13,6,5,1,1,0,0,1.75,3.8,4.33,1.75,4,4.33,1.75,3.65,4.2,1.79,4.02,4.5,1.83,3.6,4,1.8,3.8,4.2,1.86,4.02,4.5,1.76,3.85,4.23
B1,04/10/2020,17:15,Charleroi,Standard,1,2,8,1,4,48.3,34.5,17.2,A,0,0,D,7,10,2,5,8,12,7,8,2,3,0,0,2.2,3.6,3,2.3,3.4,3.1,2.3,3.05,3.05,2.42,3.28,3.23,2.3,3.25,3.1,2.3,3.3,3.1,2.43,3.6,3.23,2.3,3.27,3.06
B1,04/10/2020,19:45,Oostende,Mouscron,3,0,8,10,18,79.3,13.8,6.9,H,0,0,D,16,4,5,1,10,7,6,0,1,0,0,0,1.72,3.8,4.2,1.78,3.75,4.5,1.77,3.5,4.3,1.83,3.72,4.66,1.85,3.6,4,1.8,3.7,4.33,1.85,3.88,4.66,1.79,3.66,4.29
B1,17/10/2020,15:15,Cercle Brugge,Gent,5,2,9,8,12,8.3,20.8,70.8,H,2,1,H,14,17,9,6,7,12,5,9,0,0,0,0,3.25,4,2,3.3,3.8,2.05,3.25,3.5,2.05,3.46,3.96,2.05,3.3,3.6,2.05,3.25,3.8,2.05,3.46,4,2.11,3.29,3.75,2.02
B1,17/10/2020,17:30,Beerschot VA,St Truiden,6,3,9,4,16,91.7,8.3,0,H,5,1,H,15,12,7,5,14,16,4,4,0,4,0,0,1.66,4,4.33,1.75,3.8,4.6,1.73,3.65,4.4,1.78,3.88,4.77,1.7,3.8,4.5,1.7,4,4.5,1.78,4.15,4.9,1.72,3.82,4.49
B1,17/10/2020,17:30,Mechelen,Kortrijk,1,2,9,14,10,41.7,37.5,20.8,A,0,0,D,19,12,6,6,12,7,7,6,2,1,1,0,2,3.75,3.5,2,3.6,3.7,1.97,3.4,3.5,2,3.66,3.9,2.05,3.4,3.5,2,3.6,3.5,2.11,3.75,3.9,1.99,3.54,3.57
B1,17/10/2020,19:45,Standard,Club Brugge,1,1,9,3,2,16.7,29.2,54.2,D,0,1,A,13,9,4,3,11,16,8,5,2,3,0,0,3.5,3.5,2,3.6,3.5,2.05,3.5,3.3,2.05,3.83,3.59,2.04,3.6,3.3,2.05,3.4,3.6,2.05,3.83,3.64,2.11,3.54,3.47,2.02
B1,18/10/2020,12:30,Waregem,Antwerp,1,3,9,15,5,4,12,84,A,1,0,H,15,22,6,12,6,9,3,9,1,1,0,0,3.2,3.6,2,3.25,3.75,2.1,3.1,3.7,2.05,3.19,4.23,2.09,3.25,3.6,2.05,3.2,3.7,2.1,3.28,4.23,2.12,3.14,3.87,2.05
B1,18/10/2020,15:00,Mouscron,Eupen,0,2,9,18,13,16,28,56,A,0,0,D,17,13,6,6,9,15,5,4,3,1,0,0,3,3.6,2.2,3.4,3.7,2.05,3.25,3.4,2.1,3.46,3.81,2.1,3.25,3.4,2.15,3.2,3.4,2.2,3.46,3.81,2.2,3.26,3.55,2.09
B1,18/10/2020,17:15,Genk,Charleroi,2,1,9,11,1,44,16,40,H,1,0,H,11,14,6,5,21,15,4,5,4,2,1,0,2.5,3.5,2.7,2.6,3.5,2.65,2.55,3.2,2.65,2.64,3.4,2.82,2.5,3.3,2.7,2.5,3.5,2.7,2.64,3.65,2.82,2.53,3.37,2.68
B1,18/10/2020,19:30,Anderlecht,Oud-Heverlee Leuven,2,2,9,7,6,84,12,4,D,2,0,H,21,18,4,6,10,16,3,8,1,2,0,0,1.5,4.33,6,1.53,4.6,5.5,1.53,4.2,5.5,1.55,4.45,6.16,1.5,4.2,6,1.5,4.5,5.5,1.55,4.6,6.37,1.51,4.37,5.66
B1,23/10/2020,19:45,Kortrijk,Anderlecht,1,3,10,8,9,8.3,4.2,87.5,A,0,2,A,14,16,3,7,10,20,4,3,0,2,0,0,3.5,3.6,2,3.5,3.6,2.05,3.3,3.45,2.05,3.61,3.67,2.09,3.1,3.3,2.25,3.25,3.6,2.1,3.65,3.74,2.13,3.42,3.53,2.05
B1,24/10/2020,19:45,Oud-Heverlee Leuven,Club Brugge,2,1,10,7,1,0,3.8,96.2,H,1,1,D,12,20,6,10,14,14,4,4,2,3,0,0,6.5,4.5,1.45,6.5,4.75,1.45,6,4.3,1.47,7.06,4.82,1.46,6.5,4.2,1.47,6.5,4.6,1.45,7.06,4.82,1.5,6.23,4.54,1.46
B1,25/10/2020,12:30,Antwerp,Beerschot VA,3,2,10,5,3,64,20,16,H,2,1,H,11,11,3,2,10,11,8,6,4,2,0,0,1.85,4,3.75,1.91,3.6,4,1.9,3.45,3.8,1.93,3.7,4.18,1.83,3.7,3.9,1.9,3.8,3.75,1.95,4.03,4.18,1.89,3.68,3.83
B1,25/10/2020,15:00,Oostende,Waregem,3,0,10,11,16,84.6,15.4,0,H,3,0,H,15,22,9,4,14,13,4,10,1,1,0,0,1.83,3.75,4,1.87,3.8,3.9,1.9,3.65,3.55,1.91,4.14,3.8,1.85,3.8,3.7,1.87,3.9,3.75,1.93,4.14,4,1.87,3.87,3.66
B1,25/10/2020,17:15,St Truiden,Standard,2,0,10,17,4,3.7,0,96.3,H,1,0,H,9,10,2,4,12,13,4,3,1,1,0,0,4.5,4,1.75,4.4,4,1.75,4.2,3.7,1.75,4.33,4.18,1.79,4.33,3.75,1.75,4.4,3.8,1.75,4.5,4.23,1.82,4.26,3.9,1.74
B1,26/10/2020,19:45,Gent,Genk,1,2,10,13,10,33.3,29.6,37,A,1,1,D,16,8,6,3,15,10,8,3,1,2,0,0,1.85,3.8,3.75,1.95,3.6,3.8,1.95,3.45,3.5,2.03,3.7,3.69,1.95,3.6,3.6,1.95,3.75,3.6,2.05,3.99,3.75,1.96,3.63,3.54
B1,30/10/2020,19:45,Genk,Eupen,4,0,11,8,12,100,0,0,H,1,0,H,14,15,8,4,12,12,3,6,1,2,0,0,1.8,3.8,3.75,1.87,3.9,3.9,1.85,3.55,3.8,1.88,3.98,4.06,1.75,3.8,4.2,1.83,3.8,4,1.89,3.98,4.18,1.85,3.75,3.89
B1,31/10/2020,15:15,Beerschot VA,Oud-Heverlee Leuven,4,2,11,4,6,73.9,17.4,8.7,H,2,1,H,18,18,9,5,19,11,7,5,5,1,0,0,1.83,4,3.6,1.9,4.1,3.6,1.85,3.8,3.6,1.86,4.24,3.91,1.91,3.8,3.5,1.85,4.1,3.6,1.94,4.24,3.91,1.85,4.04,3.64
B1,31/10/2020,17:30,Charleroi,Cercle Brugge,3,0,11,3,9,100,0,0,H,0,0,D,20,9,9,3,18,8,11,1,2,1,0,0,1.5,4.2,6.5,1.5,4.5,6.25,1.53,4,5.75,1.55,4.43,6.28,1.47,4.2,6.5,1.5,4.4,6,1.55,4.58,6.5,1.52,4.28,5.89
B1,31/10/2020,19:45,Club Brugge,Mechelen,2,2,11,2,16,100,0,0,D,2,1,H,14,10,5,7,15,4,3,2,1,0,0,0,1.25,5.5,11,1.28,6,10,1.25,5.75,10,1.27,6.17,11.6,1.3,5,9.5,1.25,6,10.5,1.33,6.54,11.6,1.26,5.87,10.35
B1,01/11/2020,12:30,Anderlecht,Antwerp,1,0,11,7,1,37.5,37.5,25,H,0,0,D,14,15,4,6,8,9,4,6,0,3,0,0,2.05,3.4,3.5,2.15,3.4,3.4,2.15,3.25,3.25,2.17,3.6,3.44,2.1,3.4,3.3,2.15,3.5,3.25,2.28,3.66,3.5,2.13,3.45,3.28
B1,01/11/2020,17:15,Standard,Oostende,1,0,11,5,10,91.7,8.3,0,H,0,0,D,13,10,2,2,13,19,9,4,1,3,0,0,1.72,4,4.33,1.75,3.8,4.6,1.73,3.55,4.5,1.76,3.91,4.88,1.73,3.6,4.6,1.75,3.75,4.5,1.78,4,4.89,1.74,3.73,4.52
B1,01/11/2020,19:45,Waasland-Beveren,Gent,1,4,11,13,14,0,8.3,91.7,A,0,4,A,14,16,4,9,10,8,7,3,4,0,0,0,5.75,4.75,1.44,5.75,4.75,1.45,5.75,4.5,1.47,6.36,4.69,1.51,6.5,4.4,1.44,6.5,4.8,1.44,6.5,4.86,1.51,5.93,4.64,1.47
B1,02/11/2020,19:45,Waregem,Kortrijk,1,1,11,17,11,8.3,29.2,62.5,D,0,0,D,8,16,2,5,20,8,3,9,2,0,1,0,2.4,3.75,2.7,2.4,3.6,2.65,2.4,3.45,2.65,2.4,3.81,2.82,2.4,3.5,2.7,2.45,3.6,2.7,2.49,3.81,2.82,2.38,3.63,2.7
B1,06/11/2020,19:45,Mechelen,Charleroi,3,3,12,15,1,13,0,87,D,2,1,H,20,9,7,2,9,12,4,6,2,3,0,0,3,3.4,2.3,3,3.5,2.3,2.8,3.35,2.35,2.97,3.75,2.36,2.7,3.5,2.4,2.88,3.6,2.3,3,3.76,2.41,2.87,3.56,2.31
B1,07/11/2020,15:15,Kortrijk,Beerschot VA,5,5,12,11,2,12,20,68,D,2,1,H,23,23,8,12,11,14,6,6,2,2,0,0,2.37,3.6,2.75,2.35,4.2,2.6,2.35,3.75,2.55,2.39,4.24,2.67,2.35,3.8,2.6,2.3,3.9,2.7,2.4,4.28,2.75,2.35,3.93,2.61
B1,07/11/2020,17:30,Eupen,Waasland-Beveren,1,1,12,13,14,70.8,20,8.3,D,0,1,A,25,9,8,3,12,12,14,4,1,2,0,0,1.45,4.33,7,1.48,4.25,7.25,1.47,4.3,6,1.49,4.44,7.48,1.44,4.33,7,1.45,4.5,6.5,1.51,4.76,7.48,1.47,4.39,6.47
B1,07/11/2020,19:45,St Truiden,Genk,1,2,12,16,7,0,20,80,A,1,2,A,15,8,2,5,21,19,11,4,5,2,1,0,3.5,3.5,2,3.7,3.4,2.05,3.4,3.2,2.1,3.61,3.41,2.18,3.6,3.25,2.05,3.4,3.5,2.1,3.7,3.5,2.2,3.45,3.36,2.11
B1,08/11/2020,12:30,Antwerp,Standard,1,1,12,5,3,24,36,40,D,1,0,H,17,10,4,3,4,14,3,3,0,3,0,0,2.25,3.3,3.1,2.3,3.4,3.1,2.25,3.1,3.15,2.29,3.37,3.4,2.25,3.2,3.2,2.3,3.3,3.13,2.3,3.52,3.45,2.24,3.28,3.21
B1,08/11/2020,15:00,Oostende,Club Brugge,1,3,12,10,4,0,0,100,A,1,1,D,14,15,5,7,10,8,4,8,3,0,1,0,4.33,4,1.7,4.5,4,1.72,4.1,3.7,1.77,4.39,4.06,1.8,4.33,3.8,1.73,4.2,4,1.75,4.5,4.16,1.82,4.18,3.93,1.75
B1,08/11/2020,17:15,Gent,Anderlecht,1,1,12,12,6,48,12,40,D,0,1,A,8,10,3,3,20,13,2,7,3,4,0,0,2.25,3.5,2.9,2.3,3.5,3,2.3,3.3,2.9,2.36,3.6,3.06,2.25,3.6,2.9,2.3,3.6,2.88,2.42,3.86,3.07,2.28,3.51,2.91
B1,08/11/2020,19:45,Cercle Brugge,Waregem,1,3,12,9,18,80,20,0,A,0,2,A,14,16,5,6,8,13,4,8,3,3,0,0,1.9,3.75,3.6,2.05,4.1,3.1,2,3.65,3.25,2.05,4.09,3.36,2,3.6,3.4,1.95,3.9,3.4,2.07,4.19,3.6,1.99,3.89,3.28
B1,21/11/2020,15:15,Standard,Eupen,2,2,13,5,13,100,0,0,D,1,1,D,14,11,6,5,11,22,3,3,2,0,1,0,1.65,3.75,5.25,1.65,3.8,5.5,1.65,3.6,5,1.68,3.9,5.59,1.62,3.75,5.5,1.65,3.8,5.25,1.68,4,5.62,1.65,3.79,5.15
B1,21/11/2020,17:30,Oostende,Antwerp,1,1,13,11,6,3.8,7.7,88.5,D,0,0,D,14,12,3,5,13,8,7,5,1,1,0,0,3.1,3.5,2.15,3.1,3.5,2.15,2.85,3.4,2.25,3.04,3.82,2.29,3,3.5,2.2,3,3.5,2.25,3.1,3.82,2.31,2.96,3.55,2.24
B1,21/11/2020,17:30,Waasland-Beveren,Cercle Brugge,0,2,13,14,10,3.8,23.1,73.1,A,0,1,A,12,9,5,5,11,11,5,7,4,3,1,0,3.1,3.9,2.05,3.2,3.8,2.1,3.2,3.6,2.05,3.32,4.08,2.07,2.9,3.6,2.25,3.25,3.8,2.05,3.32,4.08,2.12,3.21,3.81,2.04
B1,21/11/2020,19:45,Club Brugge,Kortrijk,1,0,13,1,9,100,0,0,H,0,0,D,17,5,4,2,8,18,7,2,0,3,0,0,1.28,5.75,9,1.3,6,8.75,1.3,5.5,8.5,1.3,5.93,10.4,1.29,5.25,10,1.29,5.5,10,1.31,6.15,10.4,1.29,5.64,9.1
B1,22/11/2020,12:30,Beerschot VA,Anderlecht,2,1,13,3,8,26.9,34.6,38.5,H,1,0,H,13,13,10,2,21,17,5,3,2,2,0,0,3,3.75,2.15,2.9,3.8,2.25,2.8,3.65,2.25,2.94,3.96,2.3,2.88,3.75,2.2,2.88,3.8,2.25,3,4.04,2.3,2.85,3.79,2.23
B1,22/11/2020,15:00,Waregem,Mechelen,1,2,13,15,16,50,23.1,26.6,A,0,1,A,5,9,1,3,11,26,3,4,0,2,0,0,2.8,3.5,2.37,2.8,3.7,2.35,2.7,3.45,2.35,2.83,3.84,2.42,2.75,3.5,2.35,2.75,3.6,2.4,2.83,3.85,2.48,2.72,3.63,2.36
B1,22/11/2020,17:15,Charleroi,Gent,0,1,13,2,12,57.7,7.7,34.6,A,0,1,A,5,9,3,4,10,18,3,4,1,2,0,0,2,3.6,3.5,2.05,3.4,3.7,2.05,3.3,3.45,2.07,3.53,3.81,2.05,3.5,3.4,2.05,3.6,3.4,2.1,3.76,3.81,2.04,3.46,3.5
B1,22/11/2020,19:45,Genk,Mouscron,4,1,13,4,18,96.2,0,3.8,H,1,1,D,15,17,10,3,10,22,5,3,1,4,0,0,1.36,4.75,7.5,1.42,5,7,1.43,4.4,6.5,1.42,4.96,7.53,1.4,4.5,7.5,1.4,4.75,7.5,1.46,5.11,7.53,1.4,4.74,6.96
B1,23/11/2020,19:45,Oud-Heverlee Leuven,St Truiden,2,2,13,7,17,88.5,7.7,3.8,D,1,1,D,18,10,7,3,16,19,4,1,1,4,0,0,1.9,3.8,3.5,2,3.75,3.5,1.97,3.45,3.45,2.02,3.7,3.72,1.95,3.6,3.6,1.95,3.7,3.6,2.02,3.88,3.75,1.97,3.62,3.54
B1,24/11/2020,16:00,Waasland-Beveren,Oostende,2,0,9,17,9,14.3,32.1,53.6,H,0,0,D,14,12,5,2,10,13,2,6,2,2,0,0,6.5,4.5,1.5,5.5,4.25,1.53,5.25,4.1,1.53,5.65,4.56,1.57,4.2,3.9,1.75,6,4.5,1.5,6.5,4.6,1.58,5.51,4.37,1.54
B1,25/11/2020,16:00,Cercle Brugge,Mouscron,1,2,10,6,18,87.5,12.5,0,A,0,0,D,13,9,3,2,12,11,4,5,4,2,0,0,1.66,4,4.75,1.67,4,4.5,1.7,3.75,4.4,1.72,4.02,5.01,1.7,3.7,4.75,1.7,3.9,4.6,1.74,4.11,5.13,1.7,3.91,4.57
B1,27/11/2020,19:45,Eupen,Charleroi,3,1,14,13,4,0,16.7,83.3,H,1,0,H,6,15,3,2,14,11,6,3,1,5,0,0,3.1,3.5,2.2,3.1,3.5,2.25,3.05,3.25,2.25,3.17,3.57,2.31,3.4,3.5,2.05,2.9,3.5,2.3,3.35,3.64,2.33,3.07,3.43,2.25
B1,28/11/2020,15:15,St Truiden,Waasland-Beveren,1,1,14,17,15,84,16,0,D,1,0,H,8,14,4,4,14,13,10,7,3,1,0,0,1.75,3.8,4.33,1.75,4,4.33,1.8,3.7,4,1.79,4.16,4.29,1.78,3.7,4.2,1.8,3.9,4,1.83,4.16,4.33,1.78,3.91,4.05
B1,28/11/2020,17:30,Cercle Brugge,Genk,1,5,14,9,3,0,4.2,95.8,A,0,4,A,8,18,2,11,9,5,2,6,2,0,0,0,3.5,3.75,1.9,3.3,3.8,2.05,3.35,3.6,1.97,3.62,3.97,2,3.25,3.6,2.05,3.4,3.8,2,3.62,3.97,2.06,3.4,3.77,1.98
B1,28/11/2020,19:45,Mouscron,Club Brugge,0,0,14,18,1,0,0,100,D,0,0,D,4,14,3,1,20,15,1,4,2,3,0,0,9.5,5,1.33,9,5.25,1.34,8.25,4.9,1.33,9.17,5.3,1.36,9,4.75,1.33,10,5,1.3,10,5.36,1.37,8.57,5.11,1.33
B1,29/11/2020,12:30,Mechelen,Beerschot VA,2,3,14,14,2,10.7,21.4,67.9,A,2,1,H,12,9,3,5,12,11,3,2,4,2,1,0,2.1,3.75,3.1,2.2,3.75,3,2.15,3.55,3,2.18,4.03,3.11,2.2,3.6,3,2.15,3.75,3,2.28,4.09,3.12,2.15,3.78,2.98
B1,29/11/2020,15:00,Gent,Waregem,0,3,14,10,16,96.4,3.6,0,A,0,2,A,13,10,4,5,15,8,8,0,1,1,0,0,1.5,4.5,6,1.5,4.6,6,1.5,4.4,5.5,1.5,4.85,6.03,1.5,4.33,5.8,1.5,4.6,5.75,1.52,4.85,6.07,1.49,4.61,5.68
B1,29/11/2020,17:15,Anderlecht,Standard,0,0,14,8,5,46.4,46.4,7.1,D,0,0,D,7,12,1,3,14,11,2,6,2,2,0,0,2.1,3.5,3.4,2.15,3.75,3.1,2.15,3.35,3.1,2.24,3.6,3.29,2.15,3.4,3.2,2.15,3.5,3.2,2.28,3.75,3.4,2.17,3.49,3.13
B1,29/11/2020,19:45,Kortrijk,Oostende,3,1,14,12,11,32.1,39.3,28.6,H,1,1,D,19,15,10,9,11,12,5,6,0,3,0,0,2.25,3.75,2.8,2.2,3.6,3.1,2.25,3.4,2.9,2.25,3.74,3.1,2.3,3.4,2.9,2.3,3.6,2.9,2.3,3.75,3.12,2.22,3.58,2.97
B1,30/11/2020,19:45,Antwerp,Oud-Heverlee Leuven,3,2,14,6,7,89.7,6.9,3.4,H,2,2,D,29,16,9,4,9,20,11,2,3,5,0,0,1.6,4.2,5.25,1.6,4.4,5,1.6,4,4.8,1.63,4.31,5.28,1.57,4.2,5,1.62,4.2,5,1.63,4.46,5.28,1.6,4.23,4.96
B1,01/12/2020,16:00,Mouscron,St Truiden,3,2,11,18,15,5.3,47.4,47.4,H,1,0,H,10,18,6,7,12,13,2,8,3,3,0,0,2.9,3.4,2.4,3,3.5,2.3,2.85,3,2.45,3.01,3.34,2.52,2.9,3.2,2.45,2.9,3.25,2.45,3.05,3.5,2.54,2.92,3.24,2.43
B1,02/12/2020,16:00,Charleroi,Waasland-Beveren,0,2,10,2,15,100,0,0,A,0,1,A,11,11,4,4,14,9,4,7,1,3,1,0,1.28,5.75,9,1.3,5.5,10.5,1.3,5,8.5,1.3,5.79,10.96,1.27,5.25,11,1.29,5.5,10,1.33,5.94,11,1.3,5.44,9.35
B1,03/12/2020,16:00,Eupen,Mechelen,1,1,10,12,14,48,36,16,D,1,0,H,10,25,3,6,7,7,2,8,0,2,0,0,2.45,3.25,2.87,2.55,3.25,2.85,2.5,3.1,2.75,2.64,3.37,2.84,2.45,3.3,2.75,2.5,3.4,2.75,2.64,3.58,2.87,2.51,3.31,2.76
B1,04/12/2020,19:45,Waregem,Anderlecht,2,2,15,14,8,7.1,7.1,85.7,D,1,1,D,8,21,2,6,13,12,1,4,1,2,0,0,3.8,4,1.8,3.5,4.1,1.91,3.65,3.75,1.85,3.75,4.31,1.88,3.4,3.9,1.91,3.8,4,1.83,3.8,4.31,1.91,3.65,4.03,1.85
B1,05/12/2020,15:15,Waasland-Beveren,Mouscron,2,0,15,16,18,54.8,38.7,6.5,H,0,0,D,12,6,5,2,9,8,7,2,1,2,0,0,2.2,3.5,3.1,2.3,3.6,2.95,2.3,3.3,2.85,2.4,3.51,3.07,2.35,3.3,2.9,2.3,3.4,3,2.42,3.6,3.1,2.31,3.43,2.94
B1,05/12/2020,17:30,Oud-Heverlee Leuven,Cercle Brugge,2,1,15,7,10,71,29,0,H,1,0,H,11,15,4,5,10,11,1,5,2,2,1,0,2.15,3.75,3.1,2.15,3.8,3.1,2.2,3.55,2.9,2.21,3.88,3.14,2.2,3.6,3,2.15,3.75,3,2.28,3.88,3.15,2.17,3.72,2.98
B1,05/12/2020,19:45,Club Brugge,St Truiden,1,0,15,3,17,100,0,0,H,0,0,D,16,6,5,3,11,6,3,3,0,1,0,0,1.2,6.5,11,1.22,6.75,11.5,1.25,6,10,1.24,6.74,11.77,1.22,6,12,1.22,6.5,11.5,1.26,6.99,12,1.23,6.44,10.8
B1,06/12/2020,12:30,Genk,Antwerp,4,2,15,2,4,65.6,25,9.4,H,2,1,H,20,10,10,2,8,12,5,4,1,3,0,0,2.15,3.4,3.2,2.2,3.6,3.1,2.2,3.3,3.05,2.26,3.54,3.29,2.15,3.5,3.1,2.2,3.5,3.13,2.31,3.6,3.29,2.2,3.44,3.12
B1,06/12/2020,15:00,Beerschot VA,Eupen,0,1,15,1,11,77.4,3.2,19.4,A,0,1,A,19,18,4,8,8,15,11,7,3,2,0,0,1.83,4,3.75,1.87,4.2,3.6,1.9,3.8,3.35,1.95,4.13,3.65,1.91,3.8,3.5,1.9,4,3.5,1.96,4.3,3.75,1.9,4.01,3.46
B1,06/12/2020,17:15,Standard,Mechelen,2,2,15,5,15,90.9,9.1,0,D,1,0,H,17,14,5,9,10,13,7,4,2,1,0,0,2.05,3.5,3.4,2.05,3.6,3.5,2.1,3.3,3.2,2.17,3.65,3.41,1.91,3.5,3.8,2.1,3.5,3.4,2.2,3.65,3.5,2.1,3.5,3.3
B1,06/12/2020,19:45,Oostende,Gent,2,1,15,13,12,15.6,43.2,40.6,H,0,1,A,7,7,3,2,10,19,3,6,2,4,0,0,3,3.6,2.2,2.95,3.7,2.25,2.85,3.55,2.2,3.04,3.99,2.23,2.9,3.7,2.2,2.9,3.7,2.25,3.05,3.99,2.28,2.93,3.7,2.2
B1,07/12/2020,19:45,Charleroi,Kortrijk,0,0,15,6,9,84.4,9.4,6.3,D,0,0,D,1,13,0,6,12,11,7,7,4,2,0,0,1.72,3.6,5,1.75,3.75,4.75,1.73,3.45,4.7,1.76,3.67,5.12,1.67,3.7,5,1.73,3.8,4.6,1.79,4.01,5.16,1.73,3.66,4.7
B1,08/12/2020,16:00,Oud-Heverlee Leuven,Mouscron,2,0,12,8,17,92.3,7.7,0,H,0,0,D,11,8,3,5,9,18,2,2,0,5,0,0,1.75,3.75,4.5,1.78,3.8,4.4,1.77,3.8,4,1.8,3.93,4.56,1.8,3.5,4.33,1.8,3.8,4.33,1.83,3.94,4.6,1.78,3.78,4.25
B1,11/12/2020,19:45,Anderlecht,Genk,1,0,16,8,1,21.9,28.1,50,H,0,0,D,15,4,5,1,19,12,7,5,3,3,0,0,2.62,3.5,2.5,2.55,3.7,2.55,2.55,3.35,2.5,2.64,3.73,2.63,2.7,3.4,2.5,2.55,3.6,2.55,2.67,3.74,2.64,2.58,3.57,2.52
B1,12/12/2020,15:15,Mouscron,Beerschot VA,3,1,16,18,3,3,9.1,87.9,H,1,0,H,16,11,7,2,13,9,2,7,0,2,0,0,3.75,3.9,1.85,3.6,3.8,1.95,3.45,3.65,1.9,3.54,4.22,1.96,3.6,3.6,1.95,3.7,3.8,1.9,3.75,4.22,1.97,3.51,3.87,1.91
B1,12/12/2020,17:30,Cercle Brugge,Oostende,0,1,16,12,11,45.5,39.4,15.2,A,0,1,A,8,14,4,4,12,9,3,3,4,0,1,0,2.87,3.5,2.3,2.8,3.7,2.35,2.8,3.4,2.3,2.92,3.82,2.36,2.88,3.5,2.3,2.88,3.6,2.3,2.96,3.82,2.4,2.83,3.6,2.31
B1,12/12/2020,17:30,Kortrijk,Oud-Heverlee Leuven,0,3,16,9,5,66.7,21.2,12.1,A,0,0,D,20,10,5,4,13,13,12,1,2,1,0,0,2,3.6,3.5,2.05,3.6,3.5,2.05,3.4,3.25,2.11,3.68,3.54,2.1,3.5,3.2,2.05,3.6,3.4,2.13,3.9,3.54,2.05,3.6,3.33
B1,12/12/2020,19:45,St Truiden,Charleroi,1,2,16,17,7,3,12.1,84.8,A,1,1,D,17,11,3,4,5,17,9,5,2,2,1,0,3,3.6,2.2,3.1,3.5,2.25,2.95,3.3,2.25,3.11,3.66,2.31,3,3.4,2.25,3.1,3.4,2.25,3.24,3.66,2.31,3.02,3.47,2.24
B1,13/12/2020,12:30,Antwerp,Club Brugge,0,2,16,4,2,9.1,36.4,54.5,A,0,1,A,9,13,1,5,11,15,2,9,3,1,1,0,3.1,3.5,2.2,3.1,3.6,2.2,2.95,3.35,2.25,3.09,3.64,2.33,3.1,3.4,2.2,3,3.5,2.25,3.15,3.71,2.33,3,3.51,2.24
B1,13/12/2020,17:15,Gent,Standard,2,1,16,13,6,12.1,30.3,57.6,H,1,1,D,14,8,6,3,23,9,3,3,0,1,0,0,2.15,3.3,3.25,2.2,3.5,3.2,2.2,3.4,2.95,2.25,3.71,3.12,2.25,3.4,3,2.25,3.5,3,2.32,3.71,3.25,2.21,3.5,3.04
B1,13/12/2020,19:45,Mechelen,Waasland-Beveren,2,3,16,16,15,69.7,24.2,6.1,A,1,0,H,12,10,5,5,13,11,3,1,0,0,1,0,1.44,4.5,6.5,1.44,4.75,7,1.43,4.6,6,1.43,4.96,6.46,1.47,4.4,6,1.4,4.8,7,1.5,5.05,7,1.43,4.77,6.32
B1,15/12/2020,17:45,Cercle Brugge,Charleroi,3,4,18,13,3,11.1,11.1,77.8,A,2,0,H,10,21,5,7,13,13,2,9,3,2,1,0,3.25,3.6,2.1,3.2,3.5,2.2,3.25,3.45,2.15,3.41,3.64,2.15,3.2,3.4,2.15,3.25,3.6,2.1,3.41,3.65,2.2,3.24,3.52,2.12
B1,15/12/2020,17:45,Mouscron,Oud-Heverlee Leuven,2,2,18,17,6,7.4,29.6,63,D,0,1,A,17,12,7,9,9,9,6,4,5,2,0,0,2.9,3.6,2.2,3,3.7,2.25,2.95,3.4,2.3,3.08,3.59,2.33,2.9,3.4,2.3,3,3.5,2.25,3.1,3.7,2.33,2.97,3.49,2.27
B1,15/12/2020,20:00,Anderlecht,Oostende,2,1,18,7,9,96.6,3.4,0,H,1,0,H,9,14,5,3,12,16,2,3,0,3,1,0,1.8,3.8,4,1.75,3.8,4.6,1.83,3.65,4.1,1.85,3.76,4.33,1.8,3.6,4.2,1.83,3.75,4.1,1.86,3.9,4.6,1.82,3.71,4.11
B1,16/12/2020,17:45,Antwerp,Waregem,0,1,18,5,14,93.1,3.4,3.4,A,0,1,A,11,17,2,5,11,11,2,4,2,3,0,0,1.5,4.33,6,1.53,4.4,6,1.53,4.4,5.5,1.54,4.41,6.46,1.5,4.2,6,1.5,4.5,5.75,1.55,4.6,6.46,1.51,4.38,5.75
B1,16/12/2020,20:00,Gent,Waasland-Beveren,3,0,18,10,15,86.2,10.3,3.4,H,1,0,H,17,9,7,1,12,17,4,4,1,2,0,0,1.44,4.75,6.5,1.44,4.75,6.75,1.43,4.7,6.25,1.43,5.02,6.81,1.42,4.6,7,1.44,4.75,6.5,1.46,5.04,6.84,1.43,4.76,6.44
B1,16/12/2020,20:00,Kortrijk,Standard,2,1,18,12,8,3.4,6.9,89.7,H,2,0,H,10,17,4,6,12,17,6,5,3,1,0,0,3,3.6,2.15,3.1,3.6,2.2,3.1,3.45,2.2,3.2,3.66,2.26,3,3.4,2.25,3,3.5,2.25,3.2,3.66,2.33,3.06,3.5,2.21
B1,17/12/2020,19:45,Mechelen,Club Brugge,0,3,18,16,2,3.4,3.4,93.1,A,0,0,D,10,21,3,8,10,11,6,3,3,0,0,0,5.25,3.8,1.65,4.75,3.9,1.72,4.5,3.9,1.7,4.59,4.02,1.74,4.6,3.9,1.67,4.6,3.9,1.7,5.25,4.2,1.74,4.5,3.94,1.7
B1,18/12/2020,19:45,Charleroi,Anderlecht,1,0,17,5,6,18.5,29.6,51.9,H,0,0,D,10,7,4,2,15,12,3,3,3,0,0,0,2.87,3.3,2.37,2.95,3.3,2.45,2.95,3.2,2.4,3.04,3.32,2.49,2.7,3.3,2.5,2.9,3.3,2.4,3.05,3.37,2.61,2.91,3.24,2.44
B1,19/12/2020,17:30,Waregem,St Truiden,0,2,17,14,18,71,25.8,3.2,A,0,0,D,12,11,1,6,17,16,6,4,4,2,1,0,2.2,3.6,2.9,2.2,3.5,3.2,2.3,3.45,2.95,2.31,3.63,3.02,2.25,3.4,3,2.25,3.5,3,2.31,3.74,3.2,2.25,3.53,2.97
B1,19/12/2020,19:45,Genk,Kortrijk,2,0,17,2,10,100,0,0,H,1,0,H,13,7,5,1,14,16,4,1,1,2,0,0,1.55,4.75,4.75,1.6,4.4,5,1.6,4.1,5.25,1.63,4.2,5.26,1.6,3.9,5.25,1.6,4.2,5.25,1.63,4.75,5.52,1.6,4.15,5.11
B1,20/12/2020,12:30,Club Brugge,Gent,0,1,17,1,12,100,0,0,A,0,0,D,22,6,9,2,13,18,15,0,3,3,0,0,1.57,3.8,6,1.57,3.9,6.25,1.6,4,5.25,1.59,4.04,5.97,1.57,3.8,5.8,1.6,4,5.5,1.63,4.15,6.25,1.59,3.98,5.4
B1,20/12/2020,15:00,Oud-Heverlee Leuven,Mechelen,1,2,17,4,16,80,16.7,3.3,A,0,2,A,12,29,5,12,12,12,3,3,3,4,0,0,2.4,3.8,2.55,2.5,3.6,2.7,2.5,3.4,2.6,2.55,3.51,2.76,2.55,3.5,2.55,2.55,3.4,2.7,2.6,3.8,2.79,2.51,3.46,2.64
B1,20/12/2020,17:15,Standard,Mouscron,0,1,17,8,17,93.3,6.7,0,A,0,1,A,13,10,6,4,13,14,5,1,4,1,0,0,1.4,4.33,8,1.44,4.33,8,1.4,4.7,7.5,1.4,4.87,7.94,1.4,4.4,8,1.4,4.6,8,1.44,4.9,8,1.4,4.63,7.33
B1,20/12/2020,19:45,Waasland-Beveren,Antwerp,0,3,17,15,7,6.7,10,83.3,A,0,3,A,9,16,1,7,16,14,5,7,1,4,0,0,4.2,3.8,1.72,4.2,3.9,1.8,4.1,3.8,1.8,4.18,3.96,1.82,4.2,3.7,1.78,4.1,3.8,1.8,4.35,4.05,1.83,4.11,3.83,1.78
B1,26/12/2020,13:00,Club Brugge,Eupen,3,0,19,2,13,100,0,0,H,0,0,D,14,9,6,2,9,16,12,2,0,2,1,0,1.2,6.5,13,1.18,6.75,13.5,1.2,6.75,14,1.18,7.71,13.87,1.17,6.5,17,1.17,7,17,1.2,8,17,1.18,6.95,13.99
B1,26/12/2020,15:15,Waregem,Cercle Brugge,1,0,19,12,14,37.5,41.7,20.8,H,0,0,D,7,14,3,3,17,15,5,7,3,2,0,0,2,3.75,3.4,2.15,3.3,3.3,2.1,3.45,3.3,2.16,3.5,3.45,2.05,3.5,3.3,2.05,3.6,3.4,2.17,3.82,3.6,2.1,3.49,3.32
B1,26/12/2020,17:30,Kortrijk,Gent,1,0,19,11,8,4.2,16.7,79.2,H,0,0,D,9,13,5,6,21,8,4,3,3,0,0,1,3.25,3.5,2.1,3.1,3.4,2.2,3.1,3.5,2.2,3.26,3.61,2.19,3.1,3.4,2.2,3,3.6,2.25,3.29,3.78,2.25,3.1,3.52,2.19
B1,26/12/2020,17:30,Oud-Heverlee Leuven,Oostende,1,2,19,5,10,87.5,0,12.5,A,1,0,H,9,20,4,6,12,9,4,9,1,3,0,0,2.6,3.5,2.6,2.55,3.3,2.7,2.5,3.45,2.6,2.55,3.6,2.71,2.5,3.5,2.6,2.55,3.5,2.63,2.6,3.74,2.71,2.52,3.48,2.63
B1,26/12/2020,19:45,Standard,St Truiden,1,2,19,9,17,88,8,4,A,0,2,A,18,9,7,5,19,14,7,3,2,2,0,1,1.6,3.75,6,1.6,3.8,5.5,1.63,4,5,1.64,4.14,5.24,1.62,3.8,5.25,1.62,4,5.25,1.66,4.2,6,1.62,4,5.09
B1,27/12/2020,12:30,Antwerp,Charleroi,2,1,19,7,3,56.5,26.1,17.4,H,0,0,D,17,6,6,1,13,12,8,2,1,1,0,0,2.05,3.4,3.6,2.05,3.4,3.5,2.05,3.4,3.55,2.04,3.58,3.7,2.05,3.3,3.6,2,3.5,3.7,2.13,3.58,3.7,2.03,3.45,3.54
B1,27/12/2020,15:00,Genk,Waasland-Beveren,1,1,19,1,15,100,0,0,D,1,1,D,13,8,2,2,9,11,6,5,0,3,0,0,1.28,5.5,9.5,1.3,5.5,8.75,1.3,5.75,8.75,1.29,5.88,10.36,1.29,5.25,10,1.29,5.75,9.5,1.31,6,10.41,1.29,5.62,9.11
B1,27/12/2020,17:15,Anderlecht,Beerschot VA,2,0,19,6,4,84.6,11.5,3.8,H,1,0,H,27,8,6,2,9,20,7,1,1,4,0,0,1.7,4,4.5,1.75,3.9,4.2,1.75,4.1,4,1.75,4.35,4.13,1.73,4,4.2,1.7,4.2,4.33,1.8,4.36,4.5,1.73,4.12,4.08
B1,27/12/2020,19:45,Mechelen,Mouscron,2,1,19,16,18,57.7,30.8,11.5,H,1,0,H,10,16,5,6,8,15,5,3,0,1,0,0,1.57,3.8,6.5,1.57,4,5.5,1.6,4,5.25,1.59,4.24,5.59,1.57,3.9,5.5,1.57,4.1,5.5,1.63,4.35,6.5,1.58,4.08,5.31
B1,29/12/2020,19:45,Eupen,Waregem,2,3,16,10,14,68.6,22.9,8.6,A,1,0,H,17,16,7,9,21,8,3,6,3,2,0,0,1.9,3.6,3.75,2,3.6,3.7,1.95,3.55,3.65,2,3.67,3.8,1.95,3.4,3.75,2,3.6,3.6,2.04,3.75,4,1.98,3.52,3.67
B1,30/12/2020,19:45,St Truiden,Beerschot VA,1,0,18,18,4,12.9,16.1,71,H,1,0,H,9,12,3,4,10,14,6,3,3,0,0,0,2.25,3.5,3,2.35,3.6,2.75,2.3,3.55,2.8,2.34,3.76,2.89,2.35,3.5,2.8,2.3,3.6,2.88,2.44,3.8,3,2.31,3.62,2.82
B1,06/01/2021,19:45,Eupen,Genk,1,4,18,11,1,2.9,0,97.1,A,1,2,A,20,9,3,4,15,10,6,1,3,1,0,0,3.6,3.75,1.9,3.4,3.9,2,3.55,3.6,1.97,3.68,3.76,1.99,3.5,3.5,2,3.6,3.75,1.95,3.8,3.9,2.01,3.53,3.69,1.97
B1,09/01/2021,15:15,Waregem,Mouscron,1,0,30,9,16,70.8,20.8,8.3,H,1,0,H,6,17,1,5,13,15,2,10,3,2,0,0,1.85,3.75,3.8,1.95,3.6,3.9,1.95,3.5,3.8,1.95,3.5,4.11,1.91,3.5,3.8,1.93,3.5,3.9,2,3.8,4.19,1.93,3.52,3.83
B1,09/01/2021,17:30,Cercle Brugge,Eupen,1,2,30,17,13,41.7,37.5,20.8,A,0,0,D,14,12,5,5,12,11,6,8,2,3,0,0,2.5,3.4,2.62,2.55,3.3,2.8,2.5,3.3,2.7,2.59,3.35,2.82,2.5,3.25,2.75,2.55,3.3,2.75,2.62,3.53,2.84,2.53,3.33,2.72
B1,09/01/2021,17:30,Kortrijk,Genk,2,1,30,14,3,0,4.2,95.8,H,1,1,D,13,11,6,4,19,11,5,3,1,2,0,0,3.5,3.4,2.1,3.4,3.4,2.15,3.15,3.35,2.2,3.39,3.38,2.23,3.3,3.3,2.15,3.2,3.5,2.15,3.5,3.54,2.3,3.25,3.37,2.18
B1,09/01/2021,19:45,Oostende,Charleroi,3,2,30,6,7,25,8.3,66.7,H,1,1,D,19,11,6,3,15,7,6,3,2,0,0,0,2.75,3.4,2.45,2.7,3.5,2.55,2.7,3.3,2.5,2.77,3.41,2.6,2.7,3.4,2.45,2.7,3.4,2.55,2.81,3.62,2.71,2.71,3.38,2.52
B1,10/01/2021,12:30,Mechelen,Antwerp,3,0,30,11,2,3.8,11.5,84.6,H,0,0,D,12,9,5,0,14,10,6,4,1,3,0,0,2.87,3.4,2.3,2.8,3.4,2.5,2.75,3.4,2.45,2.81,3.51,2.51,2.75,3.3,2.45,2.8,3.5,2.4,2.9,3.74,2.52,2.78,3.44,2.42
B1,10/01/2021,15:00,Beerschot VA,Gent,1,1,30,5,10,15.4,23.1,61.5,D,1,1,D,7,16,3,6,11,11,2,11,4,2,0,0,3.1,3.5,2.15,3.1,3.7,2.2,2.95,3.7,2.2,3.05,3.92,2.19,3,3.6,2.2,3.1,3.7,2.15,3.1,3.94,2.24,2.98,3.73,2.17
B1,10/01/2021,17:15,Oud-Heverlee Leuven,Anderlecht,1,0,30,8,4,0,7.7,92.3,H,0,0,D,5,19,1,3,10,9,1,9,1,3,0,0,4,3.6,1.9,3.7,3.8,1.95,3.5,3.75,1.95,3.68,3.92,1.94,3.5,3.7,1.95,3.6,3.75,1.95,4,3.94,1.99,3.57,3.74,1.94
B1,10/01/2021,19:45,St Truiden,Club Brugge,1,2,30,15,1,3.8,0,96.2,A,0,2,A,10,12,3,3,8,13,5,7,1,2,1,0,6,4.2,1.53,5.5,4.33,1.57,5.5,4.3,1.55,5.94,4.24,1.56,6,4,1.52,6,4.2,1.53,6,4.65,1.58,5.65,4.23,1.54
B1,11/01/2021,19:45,Standard,Waasland-Beveren,3,1,30,12,18,96.2,3.8,0,H,1,0,H,20,10,8,5,16,11,5,5,3,1,0,0,1.45,4.2,7,1.48,4.5,6.75,1.5,4.3,6.25,1.47,4.55,6.58,1.47,4.2,6.5,1.5,4.33,6.5,1.51,4.7,7,1.47,4.37,6.33
B1,12/01/2021,19:45,Oostende,Eupen,1,1,17,9,11,70.6,23.5,5.9,D,0,0,D,18,6,4,2,15,10,10,2,2,3,0,1,1.8,3.8,4,1.85,3.9,3.9,1.85,3.75,3.9,1.87,3.91,4.1,1.83,3.6,4,1.83,3.8,4,1.9,4,4.2,1.84,3.81,3.92
B1,13/01/2021,17:30,Beerschot VA,Cercle Brugge,1,1,17,3,13,94.1,2.9,2.9,D,1,0,H,3,14,1,2,9,12,2,7,2,1,0,0,1.85,3.75,3.75,1.95,3.4,4.1,1.9,3.55,3.9,1.91,3.59,4.2,1.91,3.5,3.8,1.9,3.6,3.9,1.95,3.85,4.2,1.89,3.6,3.91
B1,15/01/2021,19:45,Eupen,Anderlecht,2,0,20,13,4,0,3.8,96.2,H,0,0,D,18,12,4,5,16,9,3,3,2,3,0,1,4,3.75,1.9,3.9,3.5,1.95,3.75,3.5,1.95,3.94,3.65,1.97,3.6,3.4,2,3.9,3.6,1.9,4.06,3.78,1.99,3.81,3.55,1.93
B1,16/01/2021,15:15,Oostende,Kortrijk,2,1,20,8,9,53.6,35.7,10.7,H,1,0,H,7,11,2,2,20,13,2,2,2,1,0,0,2.15,3.6,3.1,2.15,3.6,3.25,2.2,3.45,3.1,2.22,3.6,3.21,2.15,3.4,3.2,2.15,3.5,3.25,2.26,3.63,3.25,2.19,3.5,3.11
B1,16/01/2021,17:30,Mouscron,Genk,2,0,20,18,2,7.1,0,92.9,H,1,0,H,17,12,12,2,20,16,8,4,2,2,0,1,4.75,3.75,1.7,4.5,3.9,1.75,4.3,3.8,1.75,4.5,4.01,1.75,4.5,3.75,1.73,4.6,3.8,1.73,5,4.02,1.78,4.43,3.84,1.74
B1,16/01/2021,17:30,Waasland-Beveren,Waregem,1,5,20,17,12,10.7,35.7,53.7,A,0,2,A,13,18,7,10,8,7,8,1,2,1,0,0,2.7,3.6,2.37,2.75,3.6,2.45,2.7,3.55,2.4,2.73,3.79,2.45,2.88,3.4,2.35,2.8,3.5,2.38,2.88,3.79,2.47,2.73,3.58,2.4
B1,16/01/2021,19:45,Charleroi,Mechelen,0,1,20,3,14,78.6,17.9,3.6,A,0,0,D,10,10,5,1,14,21,7,4,1,1,0,0,2.05,3.6,3.3,2.15,3.75,3.1,2.15,3.55,3.15,2.13,3.87,3.21,2.05,3.6,3.3,2.15,3.5,3.25,2.17,3.87,3.45,2.11,3.64,3.2
B1,17/01/2021,12:30,Gent,Antwerp,0,1,20,10,5,39.3,42.9,17.9,A,0,0,D,10,7,4,1,14,8,5,4,1,3,0,0,1.95,3.5,4,1.95,3.6,3.8,1.97,3.55,3.65,1.99,3.64,3.81,2,3.4,3.6,2.05,3.6,3.4,2.09,3.74,4,1.98,3.54,3.64
B1,17/01/2021,15:00,Cercle Brugge,Standard,0,1,20,16,11,3.6,10.7,85.7,A,0,1,A,7,5,0,3,22,13,7,3,1,1,0,0,3.6,3.5,2,3.6,3.5,2.05,3.6,3.35,2.05,3.79,3.43,2.07,3.5,3.4,2.05,3.6,3.4,2.05,3.85,3.58,2.07,3.62,3.39,2.03
B1,17/01/2021,17:15,Beerschot VA,Club Brugge,0,3,20,6,1,0,3.6,96.4,A,0,2,A,10,15,4,6,15,6,5,7,3,2,0,0,6.5,4.75,1.45,6.25,4.5,1.5,6,4.6,1.47,5.94,4.93,1.49,5.5,4.33,1.52,6.5,4.6,1.45,6.5,5.12,1.51,6.02,4.67,1.46
B1,17/01/2021,19:45,St Truiden,Oud-Heverlee Leuven,3,1,20,15,7,7.1,46.4,46.4,H,2,1,H,12,9,4,4,11,17,2,4,2,0,0,1,2,3.4,3.75,2.1,3.25,3.7,2.15,3.2,3.55,2.15,3.21,3.79,2.1,3.1,3.7,2.1,3.4,3.5,2.18,3.4,3.79,2.1,3.23,3.58
B1,19/01/2021,17:45,Mouscron,Waasland-Beveren,1,1,25,16,18,52.9,47.1,0,D,0,0,D,14,8,4,4,14,12,6,6,4,1,0,0,1.83,3.8,4,1.9,3.6,4.1,1.9,3.5,4,1.91,3.68,4.19,1.88,3.5,4,1.85,3.6,4.1,1.97,3.8,4.28,1.89,3.58,4
B1,19/01/2021,20:00,Anderlecht,Charleroi,3,0,25,5,4,81.8,9.1,9.1,H,2,0,H,15,4,4,0,2,16,6,4,0,3,0,0,1.9,3.5,3.75,1.95,3.5,3.9,1.97,3.4,3.75,2,3.58,3.92,1.95,3.4,3.8,2,3.4,3.75,2.04,3.66,4,1.97,3.46,3.76
B1,20/01/2021,15:30,Kortrijk,St Truiden,0,2,25,13,14,76,20,4,A,0,2,A,29,8,7,2,14,12,9,1,2,0,0,0,2.15,3.5,3.1,2.15,3.6,3.3,2.2,3.35,3.2,2.24,3.48,3.28,2.2,3.3,3.2,2.15,3.5,3.3,2.25,3.66,3.37,2.18,3.43,3.21
B1,20/01/2021,17:45,Eupen,Beerschot VA,3,1,25,15,6,32,28,40,H,2,1,H,13,5,5,3,8,14,7,4,0,2,0,1,1.95,3.75,3.4,1.95,3.8,3.7,1.97,3.65,3.5,1.99,3.75,3.68,2,3.5,3.5,1.95,3.75,3.5,2.04,3.83,3.71,1.97,3.66,3.52
B1,20/01/2021,17:45,Mechelen,Standard,0,4,25,8,9,16,32,52,A,0,1,A,13,11,3,5,17,14,4,0,1,1,0,0,2.25,3.75,2.8,2.3,3.5,3,2.35,3.4,2.85,2.4,3.55,2.94,2.3,3.3,3,2.3,3.5,2.9,2.41,3.75,3.1,2.34,3.45,2.9
B1,20/01/2021,20:00,Antwerp,Cercle Brugge,1,0,25,2,17,100,0,0,H,0,0,D,10,8,1,1,9,14,2,8,2,3,0,0,1.5,4.33,5.75,1.55,4.4,5.75,1.55,4.2,5.5,1.55,4.19,6.24,1.52,4,6,1.55,4.2,5.75,1.57,4.4,6.4,1.54,4.2,5.75
B1,20/01/2021,20:00,Club Brugge,Oostende,2,1,25,1,7,100,0,0,H,1,1,D,14,10,6,4,11,12,5,3,1,1,0,0,1.28,5.5,8.5,1.3,5.75,9.25,1.33,5.5,8.25,1.32,5.52,9.42,1.3,5,9.5,1.3,5.5,9.5,1.34,5.82,9.6,1.31,5.39,8.73
B1,21/01/2021,17:45,Waregem,Oud-Heverlee Leuven,2,3,25,11,12,32,32,36,A,2,1,H,11,17,5,8,12,9,5,9,1,0,0,0,2.25,3.5,3,2.3,3.9,2.8,2.3,3.65,2.8,2.27,3.93,2.9,2.3,3.5,2.88,2.25,3.6,3,2.39,3.93,3,2.27,3.69,2.84
B1,21/01/2021,20:00,Genk,Gent,1,1,25,3,10,88,8,4,D,1,1,D,6,16,3,6,12,25,0,4,2,4,1,0,2.05,3.75,3.3,2.05,3.8,3.1,2.15,3.55,3.1,2.19,3.68,3.21,2.15,3.5,3.1,2.1,3.6,3.25,2.22,3.94,3.3,2.12,3.63,3.13
B1,22/01/2021,19:45,Anderlecht,Waasland-Beveren,0,0,21,5,18,100,0,0,D,0,0,D,26,4,10,0,9,9,13,1,1,0,0,0,1.28,4.5,11,1.3,5.5,10,1.3,5.5,9.5,1.3,5.69,10.58,1.27,5.25,11,1.29,5.5,10,1.31,6,11,1.29,5.5,9.82
B1,23/01/2021,15:15,Mechelen,Eupen,3,0,21,15,13,46.2,34.6,19.2,H,1,0,H,14,12,8,4,9,16,5,10,3,1,0,0,1.75,3.6,3.6,1.9,3.8,3.8,1.95,3.65,3.7,1.93,3.86,3.79,1.85,3.7,3.8,1.93,3.6,3.8,1.98,3.91,3.86,1.91,3.71,3.69
B1,23/01/2021,17:30,Kortrijk,Cercle Brugge,1,2,21,11,17,73.1,7.7,19.2,A,1,2,A,16,11,3,5,13,9,8,7,2,1,0,0,2,3.75,3,2,3.6,3.7,2.05,3.4,3.5,2.11,3.45,3.62,2.05,3.4,3.5,2.05,3.5,3.5,2.13,3.75,3.7,2.06,3.46,3.46
B1,23/01/2021,17:30,St Truiden,Mouscron,0,2,21,14,16,76.9,15.4,7.7,A,0,1,A,17,12,3,6,8,16,7,4,4,3,0,0,1.9,3.6,3.25,1.95,3.6,3.9,2,3.45,3.6,2.02,3.59,3.76,1.91,3.6,3.75,2,3.5,3.6,2.05,3.81,3.9,1.97,3.54,3.62
B1,23/01/2021,19:45,Antwerp,Oostende,1,2,21,3,7,88.5,7.7,3.8,A,1,1,D,11,12,3,5,7,9,4,4,3,3,0,0,2,3.75,3.4,2.05,3.7,3.4,2.05,3.55,3.35,2.08,3.7,3.47,1.91,3.7,3.6,2.05,3.6,3.4,2.11,4.02,3.5,2.02,3.65,3.38
B1,24/01/2021,12:30,Club Brugge,Genk,3,2,21,1,2,80.8,15.4,3.8,H,1,2,A,18,9,8,4,12,17,7,2,0,1,0,0,1.55,3.8,5,1.6,3.8,6.25,1.63,3.75,5.75,1.63,3.73,6.12,1.6,3.75,5.5,1.62,3.8,5.5,1.68,4.2,6.31,1.62,3.77,5.56
B1,24/01/2021,15:00,Waregem,Beerschot VA,0,3,21,10,6,19.2,38.5,42.3,A,0,0,D,9,9,2,5,13,16,6,3,0,0,0,0,1.95,3.6,3.1,2.1,3.5,3.5,2.1,3.5,3.25,2.13,3.53,3.48,2.05,3.5,3.4,2.1,3.5,3.3,2.15,3.84,3.56,2.09,3.5,3.3
B1,24/01/2021,17:15,Standard,Charleroi,3,2,21,9,4,53.8,19.2,26.9,H,2,1,H,14,16,6,10,11,13,3,2,1,2,0,1,1.9,3.6,3.3,2.1,3.25,3.75,2.1,3.2,3.55,2.13,3.24,3.82,2,3.3,3.7,2.1,3.3,3.6,2.16,3.6,3.87,2.09,3.28,3.53
B1,24/01/2021,19:45,Oud-Heverlee Leuven,Gent,0,3,21,8,12,46.2,15.4,38.5,A,0,1,A,12,25,5,9,4,10,3,7,2,2,1,0,3.8,3.6,1.72,3.7,4.25,1.85,3.55,4,1.9,3.57,4.34,1.88,3.9,4,1.78,3.9,4,1.8,3.9,4.35,1.91,3.63,4.07,1.84
B1,26/01/2021,17:45,Eupen,Antwerp,0,2,22,14,3,0,8.3,91.7,A,0,2,A,19,11,4,4,10,8,5,4,2,1,0,0,2.75,3.6,2.37,3,3.5,2.3,2.9,3.3,2.4,3,3.49,2.42,2.88,3.25,2.4,2.88,3.4,2.4,3.12,3.6,2.44,2.92,3.39,2.37
B1,26/01/2021,17:45,Waasland-Beveren,Mechelen,2,3,22,18,12,0,12.5,87.5,A,0,2,A,9,17,6,7,13,13,6,10,2,1,0,0,4.75,4.33,1.6,4.5,4.5,1.65,4.7,4.1,1.63,4.73,4.36,1.68,4.8,4,1.63,5,4.2,1.6,5.22,4.5,1.68,4.75,4.21,1.63
B1,26/01/2021,20:00,Mouscron,Anderlecht,1,1,22,16,5,0,4.2,95.8,D,1,0,H,7,11,1,2,23,11,5,4,2,1,0,0,5,3.8,1.7,4.6,4,1.72,4.4,3.65,1.75,4.7,3.89,1.76,4.6,3.5,1.75,4.75,3.7,1.73,5,4,1.8,4.55,3.72,1.75
B1,27/01/2021,17:45,Beerschot VA,Kortrijk,0,0,22,6,13,64,28,8,D,0,0,D,4,20,1,4,11,12,4,9,1,2,0,0,2.4,3.5,2.8,2.45,3.75,2.65,2.35,3.7,2.7,2.38,3.96,2.74,2.4,3.5,2.7,2.38,3.6,2.75,2.52,3.96,2.8,2.37,3.7,2.7
B1,27/01/2021,17:45,Genk,Waregem,3,2,22,2,11,100,0,0,H,1,0,H,12,13,5,6,11,11,5,3,0,0,0,0,1.5,4.5,5.75,1.5,4.4,6.5,1.53,4.5,5.5,1.5,4.41,6.71,1.5,4.2,6,1.5,4.5,5.75,1.56,4.62,6.74,1.5,4.39,5.94
B1,27/01/2021,20:00,Charleroi,Oud-Heverlee Leuven,1,1,22,10,15,88,12,0,D,0,1,A,19,17,11,5,9,14,12,5,2,3,0,0,1.8,3.8,4,1.9,3.8,3.9,1.9,3.65,3.9,1.88,3.82,4.04,1.91,3.5,3.8,1.87,3.75,3.9,1.94,3.9,4.1,1.88,3.7,3.86
B1,27/01/2021,20:00,Gent,St Truiden,1,1,22,4,9,80,16,4,D,0,1,A,10,3,5,2,18,16,6,3,1,2,0,0,1.57,4,5.75,1.62,4.2,5.25,1.57,4.1,5.5,1.57,4.32,5.71,1.57,3.9,5.5,1.55,4.1,5.75,1.62,4.4,5.96,1.57,4.16,5.42
B1,28/01/2021,17:45,Cercle Brugge,Club Brugge,1,2,22,17,1,4,0,96,A,1,1,D,8,8,5,3,9,9,2,6,0,2,0,0,7.5,5,1.36,8,4.6,1.42,7,4.7,1.43,8.61,4.5,1.41,8.5,4.4,1.38,8,4.6,1.4,8.92,5,1.43,7.66,4.56,1.4
B1,28/01/2021,20:00,Oostende,Standard,2,2,22,7,8,20,36,44,D,1,0,H,9,21,3,5,15,5,8,12,2,0,0,0,2.7,3.2,2.6,2.7,3.25,2.7,2.6,3.25,2.6,2.71,3.3,2.73,2.6,3.3,2.62,2.6,3.3,2.7,2.71,3.4,2.8,2.64,3.25,2.64
B1,29/01/2021,19:45,Antwerp,Waasland-Beveren,3,2,23,3,18,100,0,0,H,1,1,D,15,6,7,3,7,9,12,2,2,1,0,0,1.5,4.5,6,1.55,4,6.5,1.53,4,6.25,1.52,4.14,7.3,1.5,4,6.5,1.5,4.2,6.5,1.57,4.5,7.3,1.52,4.04,6.39
B1,30/01/2021,15:15,Mechelen,Genk,0,0,23,11,2,3.7,18.5,77.8,D,0,0,D,15,12,2,3,20,16,4,3,2,3,0,0,2.55,3.4,2.62,2.65,3.4,2.65,2.6,3.35,2.6,2.76,3.41,2.61,2.7,3.25,2.55,2.6,3.4,2.63,2.76,3.58,2.66,2.64,3.35,2.6
B1,30/01/2021,17:30,Eupen,Mouscron,1,1,23,16,15,59.3,22.2,18.5,D,1,0,H,12,11,5,4,10,13,7,6,0,2,0,0,2.05,3.3,3.5,2.05,3.4,3.8,2.05,3.4,3.45,2.11,3.55,3.51,2.05,3.4,3.5,2.05,3.4,3.6,2.15,3.72,3.8,2.06,3.45,3.48
B1,30/01/2021,17:30,Oud-Heverlee Leuven,Beerschot VA,0,1,23,9,6,44.4,25,29.6,A,0,0,D,14,14,3,7,15,12,6,4,3,2,0,0,2.2,3.5,3.1,2.3,3.5,3,2.35,3.35,2.9,2.42,3.38,3.04,2.35,3.3,2.9,2.3,3.6,2.88,2.45,3.6,3.1,2.34,3.36,2.95
B1,30/01/2021,19:45,Kortrijk,Charleroi,1,3,23,13,4,14.8,7.4,77.8,A,0,1,A,12,14,4,5,14,19,5,3,1,1,1,0,2.45,3.4,2.75,2.65,3.2,2.75,2.55,3.25,2.7,2.62,3.33,2.8,2.6,3.3,2.62,2.5,3.4,2.75,2.65,3.41,2.82,2.56,3.26,2.73
B1,31/01/2021,12:30,Club Brugge,Standard,3,1,23,1,8,96.4,3.6,0,H,2,1,H,17,10,7,5,8,18,7,4,1,4,0,0,1.55,3.8,6.5,1.62,3.9,5.75,1.6,3.7,6,1.61,3.75,6.49,1.57,3.75,6,1.6,3.9,5.75,1.65,4.1,6.74,1.59,3.78,5.93
B1,31/01/2021,15:00,Waregem,Oostende,2,1,23,12,7,25,28.6,46.4,H,1,1,D,20,13,3,7,8,11,7,9,1,1,0,0,3.4,3.5,2.05,3.2,4,2.05,3.15,3.85,2.05,3.31,4.12,2.02,3.2,3.7,2.05,3.2,3.9,2.05,3.4,4.12,2.15,3.18,3.86,2.04
B1,31/01/2021,17:15,Anderlecht,Gent,0,0,23,5,10,82.1,14.3,3.6,D,0,0,D,10,12,4,3,11,17,5,3,0,1,0,0,2.25,3.4,3.1,2.35,3.3,3.1,2.35,3.2,3.05,2.35,3.3,3.22,2.35,3.1,3.1,2.3,3.4,3,2.41,3.4,3.22,2.32,3.26,3.06
B1,31/01/2021,19:45,St Truiden,Cercle Brugge,3,0,23,14,17,60.7,28.6,10.7,H,1,0,H,10,15,6,2,7,11,1,4,3,2,0,0,2,3.5,3.5,2.15,3.3,3.6,2.15,3.25,3.5,2.18,3.31,3.59,2.1,3.4,3.4,2.1,3.3,3.5,2.2,3.52,3.7,2.12,3.29,3.48
B1,05/02/2021,19:45,Mouscron,Kortrijk,0,3,24,15,14,26.9,50,23.1,A,0,2,A,10,13,3,5,14,8,4,4,2,1,1,0,3,3.4,2.3,3,3.4,2.35,3.1,3.2,2.3,3.18,3.38,2.36,3,3.2,2.35,3.1,3.25,2.3,3.26,3.45,2.42,3.07,3.27,2.33
B1,06/02/2021,15:15,Oostende,St Truiden,3,1,24,7,13,88,8,4,H,1,0,H,13,5,4,2,8,14,7,5,0,1,0,0,2,3.2,3.8,2.05,3.3,3.9,2.05,3.25,3.65,2.1,3.16,4.04,2.05,3.25,3.7,2.05,3.4,3.6,2.15,3.4,4.04,2.06,3.23,3.75
B1,06/02/2021,17:30,Cercle Brugge,Mechelen,0,1,24,17,12,23.1,15.4,61.5,A,0,0,D,9,13,3,3,13,11,7,10,2,1,0,0,3,3.6,2.15,3,3.75,2.2,3,3.6,2.2,2.99,3.85,2.25,3.1,3.4,2.2,3.1,3.5,2.2,3.2,3.85,2.28,2.99,3.64,2.2
B1,06/02/2021,17:30,Waasland-Beveren,Club Brugge,0,2,24,18,1,0,0,100,A,0,1,A,6,22,0,10,16,9,3,5,2,0,0,0,13,7.5,1.16,13.5,6.25,1.22,12,6.75,1.2,15.04,6.64,1.2,13,6,1.22,15,6.5,1.2,15.17,7.5,1.23,12.84,6.52,1.2
B1,06/02/2021,19:45,Standard,Oud-Heverlee Leuven,1,1,24,8,11,92.3,3.8,3.8,D,0,0,D,13,10,4,3,11,13,7,1,3,1,1,0,1.65,3.8,5,1.7,4,4.75,1.67,4,4.6,1.69,4.08,4.84,1.67,3.9,4.6,1.67,4,4.75,1.71,4.2,5,1.68,3.97,4.67
B1,07/02/2021,12:30,Beerschot VA,Antwerp,1,2,24,5,3,0,38.5,61.5,A,0,0,D,6,11,3,2,8,16,5,7,4,3,0,0,3.4,3.25,2.2,3.5,3.1,2.25,3.35,3.15,2.25,3.51,3.13,2.3,3.3,3.2,2.2,3.13,3.4,2.25,3.55,3.4,2.31,3.36,3.13,2.25
B1,07/02/2021,15:00,Charleroi,Waregem,1,1,24,4,10,88.5,7.7,3.8,D,1,0,H,9,20,8,5,16,8,3,6,1,1,0,0,1.75,3.6,4.33,1.83,3.6,4.4,1.8,3.8,4,1.83,3.87,4.21,1.83,3.7,4,1.8,3.8,4.1,1.85,3.99,4.4,1.81,3.76,4.06
B1,07/02/2021,17:15,Genk,Anderlecht,1,2,24,2,6,69.2,23.1,7.7,A,1,2,A,5,11,1,3,16,11,5,2,3,2,0,0,2.3,3.4,3,2.4,3.3,3,2.4,3.35,2.9,2.42,3.44,2.99,2.38,3.25,2.9,2.4,3.4,2.88,2.44,3.47,3.02,2.37,3.35,2.9
B1,07/02/2021,19:45,Gent,Eupen,2,2,24,9,16,96.2,0,3.8,D,2,1,H,9,7,3,4,10,16,3,1,4,2,0,0,1.65,3.75,5,1.72,3.9,4.75,1.65,4.1,4.6,1.67,4.29,4.77,1.7,3.9,4.5,1.7,3.9,4.6,1.75,4.33,5,1.67,4.02,4.62
B1,12/02/2021,19:45,Oud-Heverlee Leuven,Kortrijk,3,1,26,9,14,84,8,8,H,3,0,H,8,28,4,10,7,17,3,5,2,4,1,0,2.9,3.4,2.37,2.65,3.7,2.5,2.75,3.4,2.45,2.79,3.62,2.51,2.7,3.4,2.45,2.8,3.5,2.4,2.9,3.7,2.51,2.73,3.47,2.44
B1,13/02/2021,17:30,St Truiden,Waregem,1,2,26,13,12,37.5,41.7,20.8,A,0,0,D,9,15,5,9,12,13,5,2,0,2,0,0,2,3.5,3.6,2.05,3.6,3.5,2.1,3.45,3.4,2.11,3.53,3.53,2.05,3.4,3.5,2.05,3.4,3.6,2.13,3.62,3.6,2.06,3.48,3.41
B1,14/02/2021,12:30,Standard,Antwerp,1,1,26,8,2,34.6,38.5,26.9,D,1,1,D,9,14,3,5,8,21,4,2,1,4,0,0,2.05,3.5,3.6,2.1,3.5,3.5,2.15,3.35,3.35,2.18,3.34,3.55,2.15,3.25,3.4,2.15,3.3,3.4,2.18,3.5,3.6,2.13,3.34,3.37
B1,14/02/2021,15:00,Beerschot VA,Mechelen,1,2,26,6,10,46.2,34.6,19.2,A,0,0,D,14,16,3,6,8,12,5,6,2,0,0,0,3.1,3.5,2.25,3.25,3.25,2.3,3.2,3.3,2.2,3.45,3.32,2.23,3.2,3.2,2.25,3.1,3.4,2.25,3.45,3.5,2.33,3.2,3.26,2.22
B1,14/02/2021,19:45,Cercle Brugge,Anderlecht,0,0,26,17,4,0,3.8,96.2,D,0,0,D,10,4,4,0,10,12,4,2,1,1,0,0,3.8,3.6,1.9,3.9,3.7,1.91,3.6,3.5,2,3.67,3.63,2.03,3.9,3.4,1.91,3.8,3.5,1.95,4,3.7,2.03,3.7,3.52,1.94
B1,15/02/2021,19:45,Gent,Mouscron,4,0,26,11,16,92.3,7.7,0,H,1,0,H,20,10,9,2,9,12,7,3,1,1,0,0,1.5,4.2,6.5,1.55,4.2,6,1.53,4.2,6,1.5,4.51,6.38,1.5,4.2,6,1.53,4.2,6,1.55,4.53,6.5,1.5,4.26,5.93
B1,17/02/2021,16:00,Waasland-Beveren,Eupen,1,0,26,18,15,15.4,26.9,57.7,H,1,0,H,11,9,5,4,18,18,4,5,3,2,0,0,4,3.8,1.83,3.7,3.9,1.91,3.6,3.8,1.9,3.77,3.96,1.91,3.75,3.7,1.88,3.9,3.7,1.87,4,3.97,1.95,3.67,3.77,1.89
B1,17/02/2021,18:00,Oostende,Genk,3,1,26,7,3,3.8,11.5,84.6,H,2,1,H,7,10,4,1,13,8,4,2,1,2,0,0,2.25,3.6,2.8,2.4,3.75,2.7,2.3,3.6,2.8,2.34,3.7,2.92,2.35,3.5,2.8,2.38,3.6,2.8,2.4,3.79,2.92,2.33,3.61,2.78
B1,19/02/2021,19:45,Mechelen,Gent,1,1,27,10,11,20.8,29.2,50,D,1,1,D,14,12,3,6,11,9,3,3,1,1,0,0,3.4,3.6,2.05,3.5,3.6,2.05,3.4,3.4,2.1,3.63,3.53,2.1,2.7,3.3,2.5,3.4,3.6,2.05,3.68,3.64,2.23,3.41,3.47,2.08
B1,20/02/2021,15:15,Eupen,Oostende,1,1,27,15,5,11.5,23.1,65.4,D,0,0,D,9,10,2,1,11,10,3,2,3,2,0,0,2.7,3.5,2.45,2.75,3.5,2.5,2.7,3.35,2.5,2.82,3.5,2.51,2.62,3.5,2.45,2.7,3.5,2.5,2.82,3.84,2.55,2.7,3.45,2.48
B1,20/02/2021,17:30,Mouscron,Cercle Brugge,1,2,27,16,18,61.5,26.9,11.5,A,0,1,A,9,15,3,8,12,12,7,5,4,2,0,0,2.37,3.5,2.8,2.5,3.3,2.85,2.45,3.35,2.75,2.53,3.54,2.78,2.45,3.3,2.75,2.5,3.4,2.75,2.57,3.54,2.85,2.47,3.38,2.75
B1,20/02/2021,19:45,Waasland-Beveren,Charleroi,1,1,27,17,6,7.7,3.8,88.5,D,0,0,D,12,8,3,2,12,10,7,3,2,0,0,0,3.6,3.5,1.9,3.25,4,2.05,3.35,3.75,2,3.51,3.95,1.99,3.2,3.7,2.05,3.4,3.75,2,3.6,4,2.1,3.36,3.76,2
B1,21/02/2021,12:30,Anderlecht,Kortrijk,0,2,27,4,14,92.6,7.4,0,A,0,1,A,10,13,0,8,13,15,6,6,0,3,0,0,1.6,4,5.25,1.6,4,5.75,1.63,3.85,5.5,1.63,3.92,5.67,1.57,3.9,5.5,1.62,3.9,5.5,1.66,4.23,5.75,1.61,3.91,5.37
B1,21/02/2021,15:00,Waregem,Standard,3,2,27,12,8,0,11.1,88.9,H,1,1,D,13,11,4,6,15,16,6,3,0,1,0,0,3.5,3.4,1.95,3.6,3.7,2,3.55,3.6,1.97,3.73,3.81,1.96,3.6,3.6,1.95,3.6,3.6,2,3.73,3.86,2.04,3.54,3.64,1.96
B1,21/02/2021,17:15,Genk,Beerschot VA,1,2,27,3,9,100,0,0,A,0,0,D,20,12,6,5,12,11,10,3,2,3,0,0,1.61,4.33,4.75,1.65,4.25,4.75,1.67,4,4.7,1.68,4.18,4.81,1.67,3.9,4.6,1.67,4,4.75,1.72,4.33,4.98,1.66,4.02,4.65
B1,21/02/2021,19:45,Antwerp,St Truiden,0,0,27,2,13,96.3,3.7,0,D,0,0,D,9,9,3,0,10,11,3,4,1,1,0,0,1.7,4,4.33,1.8,4,4.1,1.77,3.85,4.1,1.79,4.05,4.22,1.75,3.75,4.33,1.75,3.8,4.4,1.83,4.06,4.4,1.77,3.88,4.1
B1,22/02/2021,19:45,Club Brugge,Oud-Heverlee Leuven,3,0,27,1,7,96.2,3.8,0,H,2,0,H,21,4,10,0,16,13,8,5,1,3,0,0,1.2,7,11,1.34,5.5,8.25,1.33,5.5,8,1.34,5.71,8.22,1.24,5.8,11,1.3,5.5,9,1.36,5.86,9,1.32,5.44,7.97
B1,26/02/2021,19:45,Charleroi,Genk,1,2,28,6,3,4,16,80,A,0,1,A,13,13,4,4,7,10,3,6,2,2,0,0,3.1,3.5,2.2,2.95,3.7,2.25,2.95,3.5,2.25,3.12,3.72,2.25,2.7,3.4,2.45,3,3.5,2.25,3.12,3.77,2.49,2.94,3.57,2.26
B1,27/02/2021,15:15,Cercle Brugge,Waasland-Beveren,2,0,28,16,18,74.1,18.5,7.4,H,1,0,H,13,9,4,2,15,14,1,1,2,5,0,0,1.75,4,4.2,1.8,4,4.1,1.77,3.9,4.1,1.79,4.17,4.12,1.73,3.9,4.2,1.75,3.8,4.4,1.8,4.18,4.4,1.77,3.93,4.08
B1,27/02/2021,17:30,Oostende,Mechelen,2,0,28,5,10,77.8,7.4,14.8,H,1,0,H,15,15,6,1,12,4,5,11,2,3,0,0,2.37,3.6,2.7,2.4,3.6,2.8,2.4,3.5,2.7,2.46,3.66,2.78,2.38,3.5,2.75,2.45,3.5,2.75,2.46,3.7,2.8,2.41,3.54,2.73
B1,27/02/2021,19:45,Kortrijk,Waregem,1,2,28,13,8,51.9,33.3,14.8,A,1,1,D,8,9,6,3,16,15,1,6,1,4,0,0,1.95,3.6,3.5,1.95,4,3.5,1.95,3.8,3.35,1.96,4.08,3.5,2,3.6,3.4,2,3.7,3.5,2.06,4.08,3.56,1.96,3.83,3.4
B1,28/02/2021,12:30,Standard,Anderlecht,1,3,28,11,4,42.2,19.2,38.5,A,0,1,A,13,11,4,4,22,19,2,3,3,2,0,0,2.5,3.5,2.62,2.65,3.3,2.7,2.65,3.15,2.7,2.75,3.17,2.78,2.62,3.2,2.62,2.63,3.2,2.7,2.78,3.5,2.78,2.64,3.17,2.68
B1,28/02/2021,15:00,Beerschot VA,Mouscron,2,2,28,7,17,92.6,3.7,3.7,D,0,1,A,9,10,3,3,9,14,3,4,2,5,0,0,2.05,3.6,3.3,2.05,3.7,3.4,2.1,3.65,3.15,2.12,3.92,3.19,2,3.6,3.4,2.05,3.6,3.4,2.16,3.94,3.46,2.07,3.67,3.22
B1,28/02/2021,19:45,St Truiden,Eupen,0,2,28,14,15,51.9,40.7,7.4,A,0,1,A,11,10,3,4,4,8,6,9,2,1,1,0,2.15,3.6,3,2.2,3.6,3.1,2.25,3.5,3,2.24,3.7,3.1,2.25,3.4,3,2.2,3.5,3.13,2.28,3.7,3.13,2.22,3.52,3.03
B1,01/03/2021,19:45,Oud-Heverlee Leuven,Antwerp,2,0,28,9,2,7.7,15.4,76.9,H,2,0,H,10,13,6,6,10,15,2,5,1,2,0,0,3.4,3.6,2,3.7,3.6,2,3.5,3.45,2.05,3.69,3.53,2.06,3.4,3.5,2.05,3.5,3.4,2.1,3.75,3.75,2.1,3.51,3.5,2.02
B1,05/03/2021,19:45,Charleroi,St Truiden,0,0,29,8,15,95.8,0,4.2,D,0,0,D,18,5,4,4,9,11,4,1,1,2,0,0,2.2,3.6,3,2.3,3.4,3.1,2.3,3.25,3.05,2.33,3.48,3.16,2.15,3.3,3.3,2.3,3.3,3.1,2.37,3.6,3.43,2.28,3.36,3.07
B1,06/03/2021,15:15,Eupen,Oud-Heverlee Leuven,3,3,29,14,9,14.8,29.6,55.6,D,2,2,D,10,13,7,8,21,9,2,6,4,2,0,0,1.75,3.8,4.2,1.85,3.9,3.9,1.85,3.8,3.75,1.86,4,3.93,1.91,3.6,3.7,1.87,3.75,3.9,1.91,4.03,4.2,1.85,3.83,3.77
B1,06/03/2021,17:30,Waasland-Beveren,Beerschot VA,1,2,29,18,6,0,11.1,88.9,A,1,1,D,18,7,6,2,13,17,9,1,2,2,0,0,3,3.6,2.15,2.95,3.6,2.3,2.85,3.7,2.25,2.87,3.97,2.28,3.1,3.4,2.2,3.1,3.5,2.2,3.1,3.97,2.3,2.88,3.71,2.24
B1,06/03/2021,19:45,Antwerp,Kortrijk,4,2,29,2,13,100,0,0,H,1,0,H,9,18,7,8,11,15,5,9,1,1,1,0,1.9,3.6,3.6,2,3.8,3.5,1.95,3.65,3.6,1.94,3.92,3.7,1.91,3.6,3.7,1.95,3.6,3.75,2,3.92,3.78,1.94,3.69,3.62
B1,07/03/2021,12:30,Mouscron,Standard,1,0,29,17,11,0,7.7,92.3,H,1,0,H,8,21,0,4,11,16,3,14,2,1,0,0,3.5,3.6,2,3.4,3.7,2.05,3.4,3.45,2.05,3.51,3.63,2.09,3.5,3.4,2.05,3.5,3.4,2.1,3.54,3.7,2.11,3.41,3.52,2.05
B1,07/03/2021,15:00,Club Brugge,Waregem,3,0,29,1,7,100,0,0,H,2,0,H,18,7,8,1,6,6,6,2,0,1,0,0,1.22,7,10,1.26,6.25,10,1.3,6,8.75,1.28,6.06,9.74,1.27,5.5,9.5,1.25,5.75,10.5,1.3,7,10.5,1.26,6.03,9.36
B1,07/03/2021,17:15,Anderlecht,Mechelen,1,1,29,4,10,88.9,11.1,0,D,1,0,H,14,7,3,2,16,16,6,0,0,1,0,0,1.9,3.75,3.6,1.83,3.9,4.1,1.9,3.65,3.85,1.88,3.78,4.05,1.88,3.5,3.9,1.85,3.6,4.1,1.9,3.9,4.1,1.86,3.68,3.9
B1,07/03/2021,19:45,Genk,Cercle Brugge,2,0,29,3,16,96.3,0,3.7,H,2,0,H,15,7,8,1,9,17,8,2,1,4,0,1,1.7,3.8,4.33,1.78,3.8,4.4,1.75,3.8,4.3,1.79,3.88,4.46,1.7,3.8,4.5,1.75,3.8,4.4,1.81,4.03,4.5,1.75,3.81,4.31
B1,08/03/2021,19:45,Gent,Oostende,1,0,29,12,5,40.7,44.4,14.8,H,1,0,H,7,15,2,3,16,10,4,2,1,0,0,0,1.72,3.8,4.5,1.75,3.8,4.6,1.75,3.85,4.3,1.74,3.97,4.51,1.75,3.7,4.33,1.8,3.7,4.4,1.8,4,4.6,1.75,3.84,4.3
B1,12/03/2021,19:45,Charleroi,Club Brugge,1,1,26,5,1,3.6,7.1,89.3,D,0,1,A,5,8,3,2,10,7,7,7,3,0,0,0,6.5,4,1.5,7,4,1.53,6.25,4.2,1.5,7.34,4.08,1.52,6.5,3.75,1.53,6.5,4.2,1.5,7.34,4.3,1.56,6.66,4.02,1.51
B1,15/03/2021,19:45,Gent,Club Brugge,0,4,28,12,1,0,7.1,92.9,A,0,0,D,11,8,2,5,14,13,5,6,0,1,0,0,3.3,3.6,2.1,3.4,3.4,2.15,3.2,3.45,2.15,3.36,3.55,2.14,3.5,3.5,2,3.13,3.4,2.25,3.4,3.65,2.29,3.16,3.48,2.16
B1,19/03/2021,19:45,Genk,Standard,2,2,31,3,12,80,12,8,D,0,0,D,14,20,5,5,9,15,3,6,2,4,0,0,2.05,3.4,3.5,2.1,3.5,3.5,2.1,3.4,3.3,2.14,3.65,3.42,2.1,3.3,3.4,2.1,3.5,3.3,2.19,3.65,3.6,2.1,3.48,3.33
B1,20/03/2021,17:30,Mouscron,Oostende,0,1,31,16,4,8,16,76,A,0,0,D,10,15,2,5,10,11,2,9,1,1,0,0,3.6,3.3,2.05,3.7,3.3,2.1,3.45,3.3,2.1,3.62,3.44,2.12,3.6,3.25,2.05,3.6,3.3,2.1,3.7,3.48,2.14,3.5,3.31,2.09
B1,20/03/2021,19:45,Eupen,Kortrijk,2,0,31,13,14,26.9,46.2,26.9,H,0,0,D,23,8,8,0,8,10,6,4,2,2,0,0,2.45,3.3,2.75,2.45,3.5,2.8,2.5,3.35,2.7,2.6,3.46,2.74,2.45,3.3,2.75,2.55,3.4,2.7,2.7,3.5,2.8,2.51,3.37,2.7
B1,21/03/2021,12:30,Club Brugge,Antwerp,0,2,31,1,2,92.3,7.7,0,A,0,2,A,14,5,4,2,8,14,5,2,4,2,1,0,1.5,4.2,6.5,1.53,4,6.75,1.5,4.2,6.25,1.49,4.56,6.56,1.47,4.2,6.5,1.5,4.2,6.5,1.53,4.58,6.75,1.48,4.29,6.37
B1,21/03/2021,15:00,Mechelen,Oud-Heverlee Leuven,2,2,31,10,7,69.2,11.5,19.2,D,1,1,D,20,12,8,4,17,11,6,4,3,1,0,0,1.8,3.75,4.33,1.87,3.75,4,1.83,3.8,3.95,1.84,3.94,4.09,1.83,3.7,3.9,1.83,3.8,4,1.88,4,4.33,1.82,3.77,3.94
B1,21/03/2021,17:15,Anderlecht,Waregem,4,1,31,5,8,88.5,11.5,0,H,2,1,H,26,4,11,1,10,5,5,3,2,1,1,1,1.57,4,5.75,1.6,4.1,5.5,1.6,4.2,5,1.61,4.34,5.26,1.6,4,5.25,1.57,4.2,5.25,1.63,4.35,5.75,1.59,4.14,5.07
B1,21/03/2021,19:45,Gent,Cercle Brugge,1,0,31,11,17,96.2,0,3.8,H,0,0,D,9,7,5,3,18,19,3,2,2,2,0,0,2.05,3.75,3.2,2.15,3.6,3.25,2.15,3.5,3.15,2.21,3.58,3.14,2,3.5,3.5,2.1,3.5,3.3,2.23,3.75,3.34,2.14,3.51,3.16
B1,03/04/2021,15:15,Oostende,Waasland-Beveren,0,2,32,4,18,90.5,4.8,4.8,A,0,2,A,18,15,6,7,9,19,4,3,2,2,2,0,1.44,4.5,7,1.45,4.75,6.75,1.45,4.4,6.75,1.44,4.8,6.97,1.44,4.33,7,1.45,4.4,7,1.48,4.81,7,1.45,4.51,6.6
B1,03/04/2021,17:30,St Truiden,Mechelen,2,1,32,15,10,9.5,28.6,61.9,H,2,0,H,12,15,3,6,13,9,5,8,0,2,0,0,2.9,3.4,2.4,2.8,3.5,2.45,2.8,3.4,2.4,2.92,3.53,2.42,2.75,3.3,2.45,2.8,3.4,2.45,2.95,3.57,2.46,2.8,3.45,2.39
B1,03/04/2021,19:45,Kortrijk,Club Brugge,1,2,32,14,1,0,4.8,95.2,A,1,1,D,11,13,5,3,14,15,3,9,4,2,0,0,6.5,4.2,1.5,5.25,4.1,1.62,5.75,4.2,1.55,5.61,4.42,1.56,5.25,3.9,1.6,6,4.2,1.53,6.5,4.44,1.62,5.5,4.21,1.55
B1,04/04/2021,12:30,Cercle Brugge,Beerschot VA,2,1,32,17,6,28.6,28.6,42.9,H,2,0,H,7,8,3,1,10,15,2,4,3,1,1,0,1.95,3.6,3.6,2,3.7,3.6,2,3.65,3.4,1.99,3.93,3.54,2,3.6,3.4,2,3.6,3.6,2.04,3.93,3.6,1.98,3.69,3.45
B1,04/04/2021,17:15,Standard,Gent,2,1,32,12,9,61.9,19,19,H,0,1,A,16,13,4,4,9,14,6,7,2,4,0,0,2.55,3.4,2.62,2.6,3.3,2.75,2.65,3.1,2.65,2.79,3.2,2.72,2.4,3.1,3,2.63,3.2,2.7,2.79,3.42,2.82,2.65,3.19,2.66
B1,04/04/2021,19:45,Charleroi,Mouscron,1,1,32,11,16,90.5,4.8,4.8,D,0,0,D,15,18,6,4,17,17,6,5,1,3,0,0,1.8,3.6,4.5,1.8,3.7,4.5,1.85,3.5,4.2,1.85,3.67,4.39,1.8,3.4,4.5,1.83,3.5,4.33,1.87,3.76,4.53,1.82,3.57,4.22
B1,05/04/2021,12:30,Oud-Heverlee Leuven,Genk,2,3,32,7,3,4.8,4.8,90.5,A,0,1,A,10,21,7,8,8,12,7,7,1,0,0,0,3.75,3.5,1.95,3.4,3.7,2.05,3.35,3.7,2,3.49,3.91,2.01,3.4,3.6,2,3.5,3.6,2,3.75,3.91,2.07,3.37,3.72,1.99
B1,05/04/2021,15:00,Waregem,Eupen,2,1,32,8,13,61.9,3.8,14.3,H,0,1,A,24,21,10,8,9,15,7,8,1,3,0,1,2.3,3.4,2.9,2.45,3.5,2.8,2.4,3.3,2.85,2.48,3.4,2.92,2.4,3.25,2.88,2.45,3.3,2.88,2.49,3.5,2.93,2.4,3.34,2.84
B1,05/04/2021,17:15,Antwerp,Anderlecht,1,4,32,2,5,66.7,14.3,19,A,0,0,D,9,14,4,8,11,11,1,7,0,1,0,0,3,3.2,2.45,2.9,3.5,2.4,2.8,3.35,2.45,2.88,3.48,2.47,2.8,3.25,2.45,3,3.25,2.38,3,3.53,2.5,2.83,3.35,2.41
B1,06/04/2021,18:00,Waasland-Beveren,St Truiden,2,4,31,18,15,20,36,44,A,1,1,D,13,19,6,8,11,7,4,6,5,1,2,0,3.1,3.5,2.2,3.3,3.3,2.25,3.25,3.25,2.2,3.34,3.44,2.25,3.2,3.25,2.2,3.2,3.4,2.2,3.34,3.56,2.28,3.2,3.34,2.21
B1,07/04/2021,18:00,Beerschot VA,Charleroi,2,1,31,6,9,59.1,9.1,31.8,H,1,0,H,12,16,4,3,13,14,3,9,2,2,0,0,2.8,3.5,2.37,2.8,3.6,2.4,2.75,3.45,2.4,2.87,3.64,2.41,2.15,3.4,3.2,2.75,3.5,2.45,2.88,3.71,2.58,2.75,3.51,2.4
B1,09/04/2021,19:45,Eupen,Standard,0,4,33,13,9,9.5,9.5,81,A,0,1,A,11,19,3,6,10,12,6,5,1,0,0,0,3.5,3.4,2.05,3.2,3.2,2.35,3.45,3.2,2.15,3.57,3.34,2.2,,,,3.2,3.3,2.25,3.65,3.4,2.41,3.35,3.18,2.24
B1,10/04/2021,15:15,Cercle Brugge,Oud-Heverlee Leuven,3,0,33,16,8,27.3,22.7,50,H,1,0,H,12,13,6,2,13,13,4,11,4,1,1,0,2,3.75,3.4,2,3.9,3.4,1.95,3.75,3.4,1.98,4.02,3.49,,,,1.95,3.7,3.6,2,4.02,3.62,1.96,3.77,3.46
B1,10/04/2021,17:30,Mechelen,Waregem,4,2,33,12,7,63.6,27.3,9.1,H,2,0,H,20,18,12,5,14,9,3,7,3,0,0,0,1.75,4.2,4,1.78,4,4.25,1.77,3.95,4,1.78,4.19,4.14,,,,1.75,4,4.2,1.83,4.2,4.25,1.77,4.01,4.01
B1,10/04/2021,19:45,Gent,Charleroi,4,0,33,10,11,81.8,13.6,4.5,H,2,0,H,17,9,8,2,12,14,9,3,3,2,0,0,1.66,4,4.75,1.67,4.1,4.75,1.7,3.85,4.6,1.73,3.92,4.78,,,,1.7,3.8,4.8,1.73,4.1,4.83,1.69,3.92,4.63
B1,11/04/2021,12:30,Genk,St Truiden,4,0,33,3,14,95.5,4.5,0,H,3,0,H,19,6,8,2,13,13,5,2,0,1,0,0,1.55,4.2,5.5,1.57,4.4,5.5,1.55,4.3,5.25,1.58,4.49,5.35,,,,1.55,4.33,5.5,1.59,4.5,5.6,1.55,4.36,5.23
B1,11/04/2021,15:00,Waasland-Beveren,Kortrijk,3,4,33,18,15,9.1,31.4,59.1,A,2,1,H,10,12,5,9,10,15,6,3,1,1,0,0,3.4,3.8,2,3.4,3.75,2.05,3.4,3.6,2.05,3.52,3.76,2.02,,,,3.5,3.5,2.05,3.54,3.8,2.08,3.4,3.64,2.01
B1,11/04/2021,17:15,Anderlecht,Club Brugge,2,1,33,4,1,4.5,22.7,72.7,H,0,0,D,8,10,3,3,7,20,3,4,1,3,0,0,3.5,3.25,2.15,3.6,3.4,2.1,3.3,3.3,2.2,3.39,3.44,2.21,,,,3.3,3.4,2.15,3.6,3.45,2.21,3.33,3.34,2.15
B1,11/04/2021,19:45,Beerschot VA,Oostende,1,2,33,6,5,36.4,40.9,22.7,A,1,0,H,9,21,3,7,10,15,1,11,1,2,0,0,3.1,3.5,2.2,3.1,3.7,2.2,2.95,3.5,2.25,3.12,3.76,2.21,,,,3,3.5,2.25,3.12,3.76,2.33,3.02,3.58,2.21
B1,12/04/2021,19:45,Mouscron,Antwerp,2,3,33,17,2,0,9.1,90.9,A,0,1,A,21,13,8,6,23,5,13,3,3,1,0,1,3.5,3.75,1.95,3.7,3.75,1.95,3.55,3.6,1.97,3.74,3.82,1.95,,,,3.7,3.5,2,3.75,3.83,2.06,3.58,3.63,1.96
B1,17/04/2021,17:30,Charleroi,Eupen,2,3,34,12,13,85.7,9.5,4.8,A,1,3,A,21,13,8,5,8,8,7,4,3,0,0,0,2.25,3.3,2.87,2.3,3.3,3.2,2.3,3.45,2.95,2.29,3.26,3.38,2.3,3.3,3,2.3,3.5,2.9,2.3,3.68,3.3,2.25,3.42,3.03
B1,17/04/2021,19:45,Antwerp,Genk,3,2,34,2,3,18.2,45.5,36.4,H,0,1,A,27,24,9,9,11,10,9,4,3,1,0,0,2.8,3.5,2.37,2.85,3.6,2.35,2.75,3.55,2.35,2.84,3.75,2.38,2.8,3.4,2.38,2.8,3.5,2.4,2.85,3.75,2.4,2.78,3.58,2.36
B1,18/04/2021,17:00,Club Brugge,Mouscron,4,2,34,1,17,100,0,0,H,0,0,D,19,11,7,5,5,11,8,3,1,1,0,0,1.2,6.5,12,1.2,7.25,12,1.22,6.5,12,1.21,7,12.5,1.2,6.5,13,1.2,6.5,13,1.22,7.25,13.25,1.2,6.63,12.08
B1,18/04/2021,17:00,Kortrijk,Mechelen,1,4,34,14,10,26.1,21.7,52.2,A,1,2,A,11,17,3,11,16,13,4,5,1,1,0,0,3.75,3.6,1.85,3.5,4.2,1.91,3.4,4.1,1.9,3.58,4.34,1.88,3.25,3.6,2.05,3.6,3.9,1.9,3.75,4.34,2,3.45,4.03,1.9
B1,18/04/2021,17:00,Oostende,Cercle Brugge,1,1,34,5,16,87,13,0,D,0,0,D,10,13,5,5,14,11,7,5,2,2,0,0,1.55,4,6,1.62,4.2,5.25,1.6,4.1,5,1.59,4.34,5.4,1.6,3.9,5.25,1.55,4.1,5.75,1.63,4.43,6,1.58,4.16,5.25
B1,18/04/2021,17:00,Oud-Heverlee Leuven,Waasland-Beveren,1,2,34,11,18,73.9,13,13,A,0,1,A,13,13,2,9,12,11,5,3,3,4,0,0,1.83,4,3.75,1.85,4.4,3.5,1.83,4.3,3.5,1.81,4.71,3.6,1.88,4.2,3.3,1.87,4,3.6,1.93,4.9,3.76,1.82,4.32,3.53
B1,18/04/2021,17:00,St Truiden,Anderlecht,0,1,34,7,6,78.3,13,8.7,A,0,0,D,4,14,1,4,10,8,2,5,1,1,0,0,5.5,3.4,1.57,5.75,3.7,1.65,5.5,3.65,1.65,,,,,,,,,,6.1,4.05,1.68,5.36,3.7,1.63
B1,18/04/2021,17:00,Standard,Beerschot VA,3,0,34,8,9,8.7,13,78.3,H,1,0,H,13,9,10,3,14,15,6,9,1,2,0,0,1.6,4,5.25,1.62,4,5.5,1.63,3.9,5.25,1.63,4,5.52,1.62,3.7,5.5,1.65,3.9,5,1.65,4.25,5.54,1.62,3.96,5.16
B1,18/04/2021,17:00,Waregem,Gent,2,7,34,15,4,4.3,4.3,91.3,A,0,3,A,6,14,4,7,10,10,4,3,2,1,0,0,4.75,3.6,1.72,4.33,4,1.75,4.1,3.9,1.77,4.26,4.11,1.78,4.2,3.7,1.78,4.2,3.9,1.75,4.75,4.23,1.79,4.1,3.97,1.76
B1,23/07/2021,19:45,Standard,Genk,1,1,1,14,8,29,35.5,35.5,D,0,0,D,17,17,5,5,11,8,7,3,1,2,0,0,2.75,3.5,2.37,2.8,3.6,2.4,2.65,3.5,2.4,2.76,3.74,2.48,2.75,3.4,2.37,2.7,3.6,2.45,2.82,3.78,2.5,2.73,3.59,2.42
B1,24/07/2021,15:15,Oud-Heverlee Leuven,Waregem,1,1,1,11,16,67.7,16.1,16.1,D,1,1,D,13,10,4,4,12,17,0,4,5,6,0,1,1.95,3.75,3.5,2.05,3.7,3.4,2.05,3.6,3.25,2.06,3.77,3.46,2.05,3.5,3.3,2.05,3.6,3.4,2.1,3.9,3.54,2.03,3.68,3.36
B1,24/07/2021,17:30,Kortrijk,Seraing,2,0,1,13,17,87.1,9.7,3.2,H,1,0,H,9,9,4,4,16,15,2,1,4,2,0,0,1.75,3.8,4.5,1.83,3.8,4.1,1.77,3.7,4.1,1.8,3.8,4.5,1.78,3.5,4.33,1.75,3.75,4.33,1.83,3.88,4.53,1.78,3.75,4.26
B1,24/07/2021,19:45,Oostende,Charleroi,0,3,1,12,6,54.8,22.6,22.6,A,0,1,A,11,10,3,6,13,9,9,2,3,1,0,0,2.3,3.5,2.9,2.35,3.4,3,2.25,3.45,2.9,2.29,3.52,3.14,2.3,3.25,3,2.3,3.4,3,2.42,3.59,3.14,2.28,3.45,2.98
B1,25/07/2021,12:30,Mechelen,Antwerp,3,2,1,7,4,16.1,16.1,67.7,H,0,1,A,18,10,9,5,12,10,13,2,2,2,0,0,2.7,3.5,2.45,2.75,3.6,2.45,2.65,3.4,2.4,2.85,3.5,2.49,2.75,3.3,2.4,2.75,3.4,2.5,2.86,3.64,2.5,2.74,3.46,2.44
B1,25/07/2021,15:00,Club Brugge,Eupen,2,2,1,2,14,96.7,3.3,0,D,0,0,D,21,13,11,5,9,14,10,3,3,6,0,0,1.18,6.5,15,1.2,6.75,15,1.22,6.75,12,1.19,7.06,14.84,1.18,6,15,1.2,6.5,15,1.22,7.5,15,1.19,6.77,13.41
B1,25/07/2021,17:30,Anderlecht,St. Gilloise,1,3,1,3,1,90.3,6.5,3.2,A,1,1,D,9,8,2,5,11,7,4,2,3,3,0,0,1.5,4.33,5.5,1.57,4.2,5.75,1.6,4.1,5.25,1.57,4.31,5.65,1.57,3.9,5.25,1.57,4.1,5.5,1.64,4.55,6.63,1.56,4.18,5.46
B1,25/07/2021,20:00,St Truiden,Gent,2,1,1,9,5,0,19.4,80.6,H,1,1,D,6,12,2,4,12,6,1,8,2,1,0,0,4.75,3.75,1.7,4.4,3.8,1.78,4.3,3.8,1.7,4.62,3.95,1.75,4.6,3.6,1.7,4.6,3.8,1.73,4.75,3.99,1.78,4.51,3.8,1.73
B1,27/07/2021,17:30,Beerschot VA,Cercle Brugge,0,1,1,18,10,66.7,21.2,12.1,A,0,1,A,,,,,,,,,1,1,0,0,2.2,3.6,3.1,2.2,3.5,3.2,2.25,3.35,2.95,2.33,3.4,3.16,2.25,3.3,3,2.3,3.3,3.1,2.36,3.6,3.2,2.27,3.41,3.05
B1,30/07/2021,19:45,Genk,Oostende,3,4,2,8,18,100,0,0,A,2,1,H,25,16,9,7,2,12,9,5,0,1,0,0,1.53,4,6.5,1.6,3.9,6,1.57,4.3,5,1.59,4.23,5.85,1.6,3.6,5.5,1.53,4.33,5.25,1.61,4.5,6.5,1.57,4.19,5.53
B1,31/07/2021,15:15,Charleroi,St Truiden,0,0,2,1,5,93.3,3.3,3.3,D,0,0,D,10,7,0,3,12,16,6,5,2,4,0,0,1.95,3.4,3.5,2.05,3.5,3.6,2.05,3.5,3.3,2.04,3.7,3.58,2.05,3.4,3.4,2,3.5,3.5,2.09,3.75,3.6,2.02,3.58,3.45
B1,31/07/2021,17:30,Cercle Brugge,Oud-Heverlee Leuven,1,1,2,6,11,60,33.3,6.7,D,0,1,A,17,10,3,1,21,8,2,3,3,1,0,0,2.15,3.4,3,2.4,3.6,2.8,2.3,3.55,2.75,2.38,3.78,2.82,2.25,3.4,2.9,2.25,3.6,2.88,2.4,3.84,3,2.32,3.65,2.8
B1,31/07/2021,17:30,Seraing,Mechelen,1,0,2,17,4,3.3,10,86.7,H,1,0,H,10,10,4,4,17,13,6,6,3,3,0,0,3.4,3.5,1.95,3.5,4,1.95,3.35,3.8,1.95,3.57,4.02,1.95,3.5,3.6,1.95,3.7,3.6,1.91,3.7,4.08,2,3.48,3.85,1.94
B1,31/07/2021,19:45,Eupen,Anderlecht,1,1,2,12,16,13.4,13.3,73.3,D,1,1,D,14,10,5,3,11,9,3,2,1,1,0,0,3.25,3.75,2,3.6,3.5,2.05,3.3,3.4,2.05,3.58,3.47,2.12,3.4,3.4,2.05,3.4,3.4,2.1,3.91,3.75,2.14,3.47,3.44,2.07
B1,01/08/2021,12:30,St. Gilloise,Club Brugge,0,1,2,3,7,6.7,6.7,86.7,A,0,0,D,14,13,3,6,12,14,2,7,2,2,0,0,4.33,4,1.7,5,3.6,1.75,4.4,3.6,1.75,5.12,3.63,1.75,4.75,3.6,1.7,4.5,3.75,1.73,5.4,4,1.78,4.75,3.62,1.74
B1,01/08/2021,15:00,Waregem,Standard,1,2,2,10,9,6.7,43.3,50,A,0,0,D,17,16,3,5,11,19,5,6,2,4,0,0,2.9,3.5,2.15,3.25,3.3,2.3,3,3.35,2.25,3.26,3.36,2.3,3.1,3.25,2.2,3,3.4,2.25,3.3,3.6,2.36,3.13,3.3,2.26
B1,01/08/2021,17:30,Gent,Beerschot VA,2,2,2,14,15,90,10,0,D,1,0,H,24,11,5,7,8,13,7,8,1,0,0,0,1.36,4.33,7.5,1.4,4.75,7.75,1.43,4.7,6.75,1.41,4.88,7.71,1.38,4.5,7.5,1.4,4.6,7,1.43,5,8,1.4,4.75,7.2
B1,01/08/2021,20:00,Antwerp,Kortrijk,0,1,2,13,2,83.3,6.7,10,A,0,0,D,13,13,3,5,11,9,6,5,2,5,0,0,1.7,3.6,4.2,1.78,3.5,5,1.77,3.5,4.4,1.79,3.49,5.08,1.7,3.5,4.75,1.75,3.6,4.5,1.82,3.88,5.58,1.76,3.53,4.73
B1,06/08/2021,19:45,Club Brugge,Cercle Brugge,1,1,3,3,6,100,0,0,D,1,0,H,12,5,3,1,11,11,7,0,2,4,0,0,1.28,5.75,7.5,1.33,5.5,8.5,1.33,5.5,7.75,1.32,5.62,9.09,1.3,5,9,1.3,5,9.5,1.34,5.96,10.14,1.31,5.45,8.49
B1,07/08/2021,15:15,Beerschot VA,St. Gilloise,0,3,3,16,7,46.6,28.6,25,A,0,1,A,8,15,2,6,12,12,9,3,2,3,0,0,4.2,3.75,1.8,4.1,3.8,1.85,3.9,3.7,1.83,4.29,3.87,1.82,4.2,3.5,1.8,4.1,3.7,1.8,4.33,3.98,1.91,4.09,3.73,1.82
B1,07/08/2021,17:30,Mechelen,Eupen,1,3,3,8,12,82.1,14.3,3.6,A,1,0,H,15,16,4,4,6,11,7,3,0,2,0,0,1.7,3.75,4.2,1.78,4,4.25,1.75,4.1,3.85,1.78,4.38,4,1.72,4,4,1.73,3.9,4.2,1.8,4.4,4.25,1.76,4.08,4.01
B1,07/08/2021,17:30,St Truiden,Waregem,1,3,3,5,15,64.3,21.4,14.3,A,0,0,D,11,11,1,7,12,12,8,3,1,2,0,0,2,3.6,3.1,2.1,3.5,3.5,2.15,3.3,3.25,2.22,3.36,3.45,2.1,3.2,3.4,2.15,3.4,3.2,2.24,3.6,3.63,2.16,3.3,3.36
B1,07/08/2021,19:45,Kortrijk,Genk,1,2,3,1,13,21.4,10.7,67.9,A,1,0,H,8,17,3,6,7,5,4,4,1,3,0,0,3.2,3.6,2,3.6,3.7,2,3.25,3.6,2.05,3.4,3.71,2.1,3.3,3.5,2.05,3.3,3.6,2.05,3.6,3.81,2.1,3.33,3.62,2.05
B1,08/08/2021,12:30,Standard,Antwerp,2,5,3,4,18,78.6,14.3,7.1,A,0,2,A,20,12,9,6,11,16,9,1,3,5,0,0,2.25,3.5,2.9,2.3,3.5,3,2.25,3.3,3,2.31,3.4,3.22,2.2,3.3,3.1,2.25,3.3,3.1,2.33,3.55,3.23,2.26,3.36,3.07
B1,08/08/2021,15:00,Oud-Heverlee Leuven,Charleroi,1,1,3,11,2,21.4,7.1,71.4,D,0,1,A,21,21,4,9,6,13,7,9,1,1,0,0,2.45,3.4,2.55,2.75,3.5,2.5,2.65,3.45,2.5,2.69,3.69,2.53,2.62,3.4,2.45,2.63,3.5,2.5,2.76,3.69,2.55,2.65,3.52,2.48
B1,08/08/2021,17:30,Anderlecht,Seraing,3,0,3,17,9,96.4,3.6,0,H,0,0,D,19,4,7,1,14,13,8,2,2,2,0,1,1.3,5.25,7,1.4,5,7.25,1.4,4.9,7,1.38,5.12,7.9,1.36,4.5,8,1.36,4.8,8,1.41,5.3,8.1,1.38,4.93,7.38
B1,08/08/2021,20:00,Oostende,Gent,1,0,3,10,14,10.7,25,64.3,H,0,0,D,7,13,3,0,10,9,6,6,3,1,0,0,3.2,3.6,2,3.6,3.8,1.95,3.45,3.65,1.95,3.7,3.85,1.96,3.5,3.5,1.95,3.5,3.7,1.95,3.78,3.85,2.04,3.53,3.71,1.96
B1,13/08/2021,19:45,Charleroi,Antwerp,1,1,4,4,13,35.7,32.1,32.1,D,0,1,A,23,10,7,7,6,6,12,1,1,2,0,0,2.55,3.3,2.55,2.5,3.5,2.75,2.55,3.35,2.55,2.65,3.5,2.71,2.4,3.2,2.88,2.55,3.4,2.6,2.65,3.53,2.75,2.57,3.42,2.65
B1,14/08/2021,15:15,St. Gilloise,Kortrijk,2,0,4,1,2,55.2,34.5,10.3,H,1,0,H,24,2,8,2,11,20,10,2,0,6,0,1,1.6,4,5.25,1.67,4,5,1.65,4,4.8,1.66,4.22,4.95,1.67,3.7,4.75,1.62,3.9,5,1.74,4.3,5.25,1.65,4.02,4.87
B1,14/08/2021,17:30,Eupen,St Truiden,2,1,4,5,11,79.3,17.2,3.4,H,1,0,H,8,18,5,5,18,10,5,8,4,2,0,0,1.95,3.5,3.75,1.95,3.9,3.5,1.97,3.7,3.3,2.01,3.91,3.49,2.2,3.3,3.1,1.95,3.6,3.6,2.04,3.93,3.75,1.98,3.75,3.46
B1,14/08/2021,17:30,Seraing,Oostende,2,3,4,15,3,6.9,17.2,75.9,A,1,0,H,10,12,3,7,7,17,3,6,4,5,0,1,3.5,3.6,2,3.5,3.8,2,3.3,3.65,1.97,3.5,3.92,2,3.4,3.4,2.05,3.4,3.6,2,3.53,3.92,2.09,3.41,3.72,2
B1,14/08/2021,19:45,Genk,Oud-Heverlee Leuven,4,0,4,10,16,100,0,0,H,1,0,H,21,15,8,6,11,15,7,6,1,4,0,0,1.45,4.33,7,1.5,4.1,7,1.47,4.6,5.75,1.48,4.28,7.34,1.5,4.2,6,1.45,4.6,6,1.52,4.6,7.34,1.48,4.33,6.53
B1,15/08/2021,12:30,Beerschot VA,Standard,0,1,4,18,12,9.4,12.5,78.1,A,0,0,D,14,8,4,1,16,14,3,3,2,1,0,0,3.8,3.5,1.9,3.6,3.8,1.95,3.4,3.6,1.97,3.63,3.73,2.02,3.5,3.5,1.95,3.5,3.6,1.95,3.8,3.8,2.05,3.54,3.64,1.98
B1,15/08/2021,15:00,Gent,Mechelen,2,0,4,17,14,68.8,21.9,9.4,H,1,0,H,20,6,8,3,10,11,13,2,2,2,0,0,1.72,4.2,4,1.83,3.5,4.6,1.77,3.65,4.1,1.82,3.66,4.58,1.78,3.5,4.33,1.8,3.75,4,1.87,4.2,4.65,1.8,3.66,4.3
B1,15/08/2021,17:30,Cercle Brugge,Anderlecht,1,2,4,7,8,12.5,12.5,75,A,1,2,A,8,17,2,6,9,11,7,7,2,0,0,0,4,3.6,1.85,3.9,3.5,1.95,3.65,3.45,1.95,3.99,3.55,1.97,3.6,3.3,2,3.8,3.5,1.93,4.01,3.66,2.02,3.86,3.52,1.94
B1,15/08/2021,20:00,Waregem,Club Brugge,0,4,4,9,6,6.3,0,93.8,A,0,1,A,3,20,1,11,8,10,3,7,2,4,0,1,6.5,4.5,1.44,5.75,4.5,1.53,5.75,4.6,1.47,6.08,4.75,1.49,5.8,4.2,1.5,6,4.6,1.45,6.5,4.8,1.53,5.87,4.6,1.48
B1,20/08/2021,19:45,Standard,Oostende,1,0,5,7,2,65.6,28.1,6.3,H,0,0,D,17,8,5,1,13,19,6,3,4,4,0,1,1.8,3.5,4.2,1.91,3.8,3.8,1.95,3.8,3.45,1.93,3.93,3.81,2.1,3.4,3.2,1.9,3.8,3.6,1.96,3.93,4.2,1.91,3.77,3.67
B1,21/08/2021,15:15,Seraing,Cercle Brugge,2,1,5,16,10,6.3,25,68.6,H,0,1,A,10,9,5,5,14,20,5,3,2,3,0,0,2.8,3.5,2.37,2.8,3.5,2.45,2.8,3.35,2.4,2.92,3.48,2.45,2.87,3.25,2.35,2.8,3.3,2.45,2.98,3.55,2.46,2.83,3.4,2.4
B1,21/08/2021,17:30,Oud-Heverlee Leuven,Eupen,1,4,5,17,4,25,37.5,37.5,A,0,2,A,14,21,6,8,8,12,2,6,2,3,0,0,2.3,3.6,2.8,2.4,3.7,2.75,2.35,3.65,2.65,2.36,3.9,2.79,2.37,3.5,2.7,2.3,3.6,2.75,2.47,3.9,2.82,2.35,3.67,2.73
B1,21/08/2021,19:45,St Truiden,Kortrijk,0,2,5,13,8,34.4,25,40.6,A,0,1,A,24,11,4,2,16,6,6,7,3,3,0,0,2.75,3,2.75,2.65,3.2,2.8,2.6,3,2.65,2.76,3.08,2.84,2.7,3.25,2.5,2.63,3.2,2.63,2.87,3.29,2.84,2.69,3.09,2.72
B1,22/08/2021,15:00,Waregem,Charleroi,2,2,5,14,9,15.2,24.2,60.6,D,1,1,D,20,17,7,4,10,9,8,6,2,1,0,0,3,3.5,2.25,2.9,3.7,2.3,2.8,3.55,2.25,2.99,3.74,2.29,2.87,3.3,2.35,2.9,3.6,2.25,3.01,3.74,2.4,2.88,3.57,2.3
B1,22/08/2021,17:30,Club Brugge,Beerschot VA,3,2,5,3,18,97,0,3,H,2,1,H,13,9,5,4,10,16,8,1,3,6,1,1,1.18,7,13,1.2,7,14,1.2,7,13,1.19,7.33,14.43,1.2,5.8,15,1.18,6.5,15,1.22,7.5,16,1.19,6.85,13.7
B1,22/08/2021,20:00,Mechelen,St. Gilloise,3,1,5,15,1,27.3,15.2,57.6,H,1,1,D,12,13,4,5,22,12,6,7,2,3,0,0,3.6,3.5,2,3.5,3.6,2.05,3.35,3.5,2.05,3.6,3.55,2.08,2.9,3.1,2.4,3.4,3.5,2.05,3.66,3.75,2.11,3.45,3.51,2.04
B1,27/08/2021,19:45,Kortrijk,Mechelen,2,2,6,5,11,74.3,22.9,2.9,D,0,2,A,9,13,5,4,9,20,5,7,2,3,0,0,2.45,3.5,2.9,2.5,3.3,2.85,2.35,3.3,2.8,2.48,3.35,3.02,2.35,3.1,3,2.4,3.4,2.8,2.55,3.5,3.05,2.45,3.33,2.86
B1,28/08/2021,15:15,Charleroi,Beerschot VA,5,2,6,10,18,88.9,8.3,2.8,H,1,0,H,24,6,10,3,15,11,3,5,2,5,0,2,1.7,3.6,4.75,1.75,3.9,4.5,1.73,3.95,4,1.74,4.31,4.27,1.73,3.8,4.2,1.73,3.7,4.5,1.8,4.4,4.75,1.74,3.98,4.28
B1,28/08/2021,17:30,Cercle Brugge,St Truiden,0,1,6,14,16,69.4,16.7,13.9,A,0,1,A,24,7,6,2,8,12,9,1,1,2,0,1,1.95,3.5,3.6,2.05,3.6,3.5,2.05,3.6,3.2,2.05,3.84,3.43,2.15,3.3,3.2,2.1,3.4,3.4,2.2,3.84,3.6,2.07,3.58,3.37
B1,28/08/2021,17:30,Eupen,Seraing,1,2,6,2,12,91.7,8.3,0,A,0,0,D,15,9,2,4,8,5,7,1,3,1,0,0,1.66,3.75,5,1.65,4.25,4.75,1.67,3.95,4.6,1.69,4.06,4.85,1.67,3.75,4.6,1.67,4,4.6,1.75,4.25,5.05,1.68,3.99,4.62
B1,28/08/2021,19:45,St. Gilloise,Standard,4,0,6,4,3,16.7,36.1,47.2,H,2,0,H,16,10,4,0,10,17,2,2,1,5,0,0,1.7,3.8,4.75,1.75,3.7,4.75,1.73,3.65,4.3,1.75,3.76,4.9,1.83,3.25,4.4,1.75,3.7,4.4,1.84,3.83,4.9,1.76,3.69,4.51
B1,29/08/2021,12:30,Gent,Club Brugge,6,1,6,13,1,5.7,8.6,85.7,H,3,0,H,11,7,6,3,18,12,1,6,2,2,0,0,3.1,3.25,2.3,3.4,3.2,2.25,3,3.2,2.3,3.21,3.28,2.37,3,3.3,2.25,3,3.3,2.3,3.4,3.4,2.44,3.13,3.24,2.31
B1,29/08/2021,15:00,Antwerp,Oud-Heverlee Leuven,2,2,6,8,17,94.3,5.7,0,D,2,0,H,14,22,6,6,8,10,7,13,4,4,0,1,1.6,4,5.25,1.62,4,5.5,1.6,3.9,5.5,1.59,3.98,6.09,1.6,3.8,5.25,1.62,4,5,1.66,4.46,6.2,1.61,3.97,5.41
B1,29/08/2021,17:30,Genk,Anderlecht,1,0,6,9,7,33.3,47.2,19.4,H,0,0,D,12,16,3,0,9,8,3,7,1,5,0,0,2.15,3.4,3.25,2.25,3.2,3.4,2.25,3.2,3.1,2.26,3.28,3.43,2.25,3.1,3.2,2.25,3.3,3.1,2.35,3.4,3.47,2.25,3.22,3.26
B1,29/08/2021,20:00,Oostende,Waregem,0,2,6,6,15,66.7,25,8.3,A,0,1,A,22,12,3,6,13,17,11,1,5,3,0,0,1.8,3.75,4.33,1.85,3.6,4.33,1.77,3.65,4.1,1.8,3.6,4.8,1.83,3.75,3.75,1.83,3.8,3.9,1.89,3.88,4.9,1.81,3.65,4.29
B1,10/09/2021,19:45,Club Brugge,Oostende,3,0,7,3,8,96.8,0,3.2,H,1,0,H,31,4,7,2,11,14,10,4,0,5,0,1,1.33,5.25,7.5,1.36,5.25,7,1.35,5.25,7.25,1.35,5.34,9.26,1.3,5,9,1.33,5.25,8,1.37,5.5,9.4,1.34,5.2,8.15
B1,11/09/2021,15:15,Eupen,Antwerp,0,1,7,2,11,32.3,29,38.7,A,0,0,D,17,14,4,6,8,9,7,5,2,5,0,0,2.7,3.4,2.5,2.65,3.5,2.45,2.5,3.6,2.5,2.58,3.71,2.48,2.6,3.5,2.45,2.55,3.6,2.5,2.7,3.86,2.57,2.58,3.66,2.49
B1,11/09/2021,17:30,Waregem,Cercle Brugge,2,4,7,13,16,74.2,19.2,6.5,A,1,0,H,4,17,2,8,13,7,2,8,1,2,1,0,2.4,3.4,2.87,2.35,3.5,2.8,2.4,3.55,2.7,2.44,3.63,2.67,2.35,3.4,2.75,2.38,3.6,2.7,2.5,3.74,2.87,2.4,3.56,2.73
B1,12/09/2021,12:30,Anderlecht,Mechelen,7,2,7,12,14,90.3,6.5,3.2,H,1,1,D,15,8,9,3,9,5,5,3,1,0,0,0,1.65,3.8,4.75,1.67,4,4.5,1.63,4.1,4.7,1.61,4.18,4.79,1.7,3.8,4.4,1.65,4,4.75,1.71,4.4,5,1.66,4.08,4.65
B1,12/09/2021,15:00,Gent,Charleroi,2,3,7,10,7,45.2,35.5,19.4,A,1,2,A,23,13,10,4,7,18,13,3,2,5,0,1,1.55,4.2,5.25,1.62,4.1,4.75,1.57,4.3,5,1.59,4.25,5.38,1.57,4,5.25,1.55,4.2,5.25,1.62,4.4,5.5,1.58,4.24,5.11
B1,12/09/2021,17:30,Seraing,Standard,0,1,7,9,6,3.2,19.4,77.4,A,0,1,A,19,7,6,3,15,16,8,2,4,7,0,1,3.6,3.5,2,3.4,3.6,2,3.35,3.55,2,3.53,3.59,2,3.6,3.4,1.95,3.5,3.6,1.95,3.64,3.75,2.04,3.46,3.61,2
B1,12/09/2021,20:00,Genk,St. Gilloise,1,1,7,4,1,67.7,22.6,9.7,D,0,0,D,17,17,5,7,8,13,6,4,1,1,0,1,2.2,3.6,3,2.25,3.5,2.9,2.2,3.65,2.8,2.3,3.88,2.89,2.2,3.6,2.88,2.25,3.7,2.88,2.3,3.9,3.01,2.24,3.69,2.89
B1,12/09/2021,20:00,Oud-Heverlee Leuven,Kortrijk,2,1,7,17,5,9.7,16.1,74.2,H,0,0,D,17,15,5,8,8,19,3,4,2,6,0,1,2.7,3.4,2.5,2.6,3.6,2.45,2.55,3.5,2.45,2.66,3.65,2.57,2.55,3.6,2.45,2.6,3.6,2.45,2.75,3.75,2.72,2.62,3.59,2.48
B1,13/09/2021,19:00,Beerschot VA,St Truiden,0,1,7,18,15,31.2,34.4,34.4,A,0,1,A,14,6,2,3,14,18,5,1,4,3,0,0,2.5,3.4,2.7,2.4,3.4,2.75,2.45,3.45,2.6,2.48,3.43,2.73,2.5,3.3,2.62,2.4,3.5,2.7,2.56,3.6,2.8,2.47,3.45,2.71
B1,17/09/2021,19:45,Cercle Brugge,Eupen,1,2,8,14,7,13.3,26.7,60,A,1,1,D,12,14,3,8,10,17,4,5,2,3,0,0,2.05,3.6,3.4,2.1,3.6,3.4,2.1,3.45,3.15,2.17,3.56,3.41,2.55,3.3,2.6,2.05,3.5,3.4,2.21,3.75,3.45,2.11,3.52,3.33
B1,18/09/2021,15:15,Oostende,Beerschot VA,3,1,8,12,18,76.7,16.7,6.7,H,2,0,H,18,12,12,4,20,11,8,5,4,2,0,0,1.7,4,4.2,1.75,4,4.33,1.77,3.85,4,1.75,3.99,4.43,1.75,3.7,4.2,1.75,3.6,4.5,1.8,4.1,4.5,1.75,3.91,4.29
B1,18/09/2021,17:30,Mechelen,Oud-Heverlee Leuven,2,0,8,16,17,56.7,40,3.3,H,2,0,H,8,14,4,5,21,10,2,5,5,5,0,1,1.66,3.8,5,1.7,4.2,4.5,1.7,4,4.3,1.72,4.07,4.49,1.75,3.9,4,1.7,4,4.33,1.75,4.38,5,1.71,4.07,4.31
B1,18/09/2021,17:30,St. Gilloise,Waregem,2,1,8,2,15,83.3,13.3,3.3,H,0,0,D,20,11,6,5,19,13,11,4,2,2,0,1,1.22,6,11,1.22,6.75,11.5,1.22,6.75,11,1.22,6.61,11.35,1.22,5.5,12,1.2,6,13,1.24,7,13,1.22,6.5,11.37
B1,18/09/2021,19:45,Charleroi,Club Brugge,0,1,8,4,1,10,13.3,76.7,A,0,0,D,17,13,5,4,3,10,8,8,1,2,0,0,4.75,3.8,1.65,4.75,4,1.7,4.4,4.1,1.67,4.55,4.3,1.68,4.33,3.6,1.75,4.6,3.8,1.7,4.75,4.4,1.75,4.49,4.09,1.69
B1,19/09/2021,12:30,St Truiden,Genk,1,2,8,10,8,6.7,20,73.3,A,1,0,H,8,8,3,2,15,10,6,2,4,1,0,0,4.2,3.6,1.83,4.1,3.8,1.85,3.8,3.75,1.85,3.97,3.88,1.86,4,3.6,1.8,3.9,3.75,1.83,4.2,3.96,1.9,3.87,3.78,1.85
B1,19/09/2021,15:00,Antwerp,Seraing,2,1,8,6,11,83.3,10,6.7,H,0,0,D,19,11,6,2,13,7,10,6,1,1,0,0,1.5,4.33,5.5,1.53,4.4,6,1.55,4.5,5.25,1.55,4.5,5.48,1.5,4.2,5.8,1.53,4.2,5.5,1.58,4.6,6,1.53,4.42,5.42
B1,19/09/2021,17:30,Standard,Anderlecht,0,1,8,3,5,30,40,30,A,0,1,A,7,12,1,4,17,11,6,4,3,4,2,0,3.4,3.3,2.05,3.2,3.7,2.15,3,3.45,2.15,3.2,3.6,2.2,3,3.4,2.2,3.13,3.5,2.15,3.4,3.7,2.28,3.12,3.49,2.18
B1,19/09/2021,20:00,Kortrijk,Gent,1,0,8,9,13,23.3,23.3,53.3,H,1,0,H,7,15,3,3,18,15,3,7,4,3,0,0,4.5,3.8,1.75,4.1,4,1.8,3.75,3.95,1.8,4.04,4.09,1.8,3.8,3.7,1.83,4,3.8,1.8,4.5,4.2,1.84,3.94,3.95,1.81
B1,22/09/2021,19:45,Antwerp,Genk,4,2,5,11,5,30,36.7,33.3,H,3,1,H,10,16,7,7,11,12,4,8,5,3,1,0,2.9,3.6,2.05,3.25,3.9,2.05,2.95,3.75,2.1,3.16,3.94,2.1,3.1,3.5,2.1,3,3.75,2.15,3.25,3.99,2.26,3.05,3.8,2.11
B1,23/09/2021,19:45,Anderlecht,Gent,1,1,5,6,12,79.4,11.8,8.8,D,0,1,A,13,11,5,2,9,14,7,3,2,2,0,0,2.15,3.4,2.9,2.2,3.6,3.1,2.15,3.55,3.05,2.17,3.68,3.21,2.25,3.4,2.9,2.15,3.5,3.1,2.23,3.76,3.3,2.15,3.58,3.12
B1,24/09/2021,19:45,Club Brugge,Oud-Heverlee Leuven,1,1,9,1,17,100,0,0,D,0,1,A,32,5,9,1,8,10,14,1,1,2,0,0,1.22,5.75,9,1.2,7.25,12.5,1.25,6.75,10,1.24,6.99,10.74,1.25,5.5,10,1.22,6.5,11,1.31,7.5,12.5,1.23,6.65,10.62
B1,25/09/2021,15:15,Beerschot VA,Eupen,0,3,9,18,5,7.4,7.4,85.2,A,0,1,A,7,16,1,5,10,9,4,7,5,4,2,0,2.75,3.4,2.37,2.8,3.6,2.4,2.65,3.65,2.3,2.76,3.85,2.37,2.8,3.4,2.35,2.7,3.5,2.4,2.8,3.91,2.43,2.73,3.64,2.37
B1,25/09/2021,17:30,Waregem,Kortrijk,2,2,9,16,7,14.8,33.8,51.9,D,0,0,D,11,11,3,3,16,10,3,5,5,2,0,0,2.75,3.6,2.25,2.85,3.75,2.3,2.8,3.65,2.2,2.93,3.88,2.25,2.8,3.5,2.3,2.88,3.6,2.25,2.98,3.97,2.3,2.87,3.71,2.25
B1,25/09/2021,19:45,Standard,St Truiden,1,2,9,8,11,96.3,3.7,0,A,1,0,H,7,12,1,4,20,20,2,1,2,4,0,0,1.9,3.6,3.4,1.95,3.7,3.7,1.97,3.5,3.45,2.02,3.56,3.73,2,3.3,3.6,1.95,3.6,3.6,2.05,3.7,3.79,2,3.54,3.58
B1,26/09/2021,12:30,St. Gilloise,Antwerp,1,2,9,2,4,60.7,25,14.3,A,1,0,H,20,12,11,5,14,7,10,7,3,3,0,0,1.5,4.33,5,1.55,4.4,5.5,1.6,4.2,4.9,1.59,4.33,5.3,1.5,4,6,1.55,4.2,5.25,1.63,4.4,6,1.58,4.24,5.15
B1,26/09/2021,15:00,Gent,Cercle Brugge,2,1,9,14,15,71.4,17.9,10.7,H,0,1,A,12,11,6,4,20,18,8,6,3,5,0,0,1.33,4.5,7,1.42,4.75,7.5,1.4,4.9,7,1.38,5.1,7.75,1.4,4.4,7.5,1.4,4.8,7,1.42,5.2,7.9,1.39,4.89,7.19
B1,26/09/2021,17:30,Oostende,Anderlecht,2,2,9,10,3,3.6,21.4,75,D,2,0,H,9,18,5,6,11,7,3,3,2,1,0,1,4.33,3.75,1.66,4,3.9,1.83,3.75,3.9,1.8,4,4.03,1.82,4.2,3.8,1.73,3.9,3.9,1.8,4.33,4.1,1.84,3.92,3.92,1.8
B1,26/09/2021,20:00,Charleroi,Mechelen,0,2,9,9,12,85.7,7.1,7.1,A,0,1,A,12,11,1,5,9,10,10,4,1,3,0,0,1.9,3.75,3.4,2.05,3.7,3.4,2.05,3.75,3.15,2.03,3.9,3.38,2.05,3.5,3.25,2,3.75,3.3,2.06,3.97,3.5,2.03,3.79,3.29
B1,26/09/2021,20:00,Genk,Seraing,3,0,9,5,13,96.4,3.6,0,H,2,0,H,12,5,8,2,12,9,5,3,3,2,0,0,1.3,5,7.5,1.33,5.25,9.25,1.33,5.5,7.75,1.31,5.6,8.96,1.27,5.25,10,1.3,5.25,9,1.34,6,10,1.31,5.46,8.63
B1,01/10/2021,19:45,Mechelen,Standard,3,1,10,9,11,23.3,13.3,63.3,H,3,0,H,16,16,8,4,9,17,5,5,2,3,0,0,2.15,3.8,3.1,2.25,3.75,2.85,2.2,3.6,2.85,2.3,3.74,3.01,2.25,3.6,2.8,2.2,3.7,2.9,2.3,3.85,3.1,2.25,3.66,2.95
B1,02/10/2021,15:15,Kortrijk,Charleroi,2,2,10,7,12,48.4,38.7,12.9,D,1,0,H,20,21,8,10,14,8,5,6,2,4,0,0,2.6,3.6,2.6,2.45,3.7,2.65,2.5,3.55,2.5,2.65,3.64,2.55,2.45,3.4,2.62,2.5,3.5,2.6,2.66,3.74,2.65,2.56,3.59,2.57
B1,02/10/2021,17:30,Cercle Brugge,St. Gilloise,0,3,10,16,5,0,6.5,93.5,A,0,0,D,8,11,2,5,13,13,4,3,2,2,0,0,5,4,1.66,4.75,4,1.68,4.3,3.9,1.7,4.68,4.05,1.7,4.75,3.7,1.66,4.8,3.9,1.65,5,4.1,1.72,4.7,3.98,1.68
B1,02/10/2021,17:30,St Truiden,Oostende,1,1,10,8,10,48.4,41.9,9.7,D,0,0,D,14,9,4,1,15,10,5,4,2,1,0,0,2.1,3.8,3.2,2.05,3.6,3.3,2.1,3.65,3,2.13,3.84,3.16,2.2,3.4,3,2.1,3.5,3.2,2.26,3.9,3.3,2.13,3.66,3.13
B1,02/10/2021,19:45,Oud-Heverlee Leuven,Beerschot VA,0,0,10,17,18,83.9,6.5,9.7,D,0,0,D,16,14,7,4,13,16,10,4,3,4,1,0,2.1,4,3,2.05,3.9,3.1,2.15,3.75,2.9,2.21,3.88,2.99,2.05,3.6,3.2,2.1,3.8,3,2.22,4,3.15,2.16,3.8,3
B1,03/10/2021,12:30,Anderlecht,Club Brugge,1,1,10,6,1,9.7,25.8,64.5,D,0,1,A,18,11,4,4,8,12,7,6,2,4,0,0,2.87,3.6,2.37,2.7,3.75,2.37,2.7,3.5,2.35,2.86,3.61,2.4,2.75,3.4,2.35,2.75,3.5,2.4,2.89,3.75,2.47,2.8,3.51,2.4
B1,03/10/2021,15:00,Seraing,Waregem,5,1,10,14,15,29,32.3,38.7,H,2,0,H,26,9,16,4,5,9,7,3,0,0,0,1,2,4,3.3,1.95,4,3.3,2.05,3.8,3.15,2.03,3.95,3.33,2,3.6,3.3,2,3.75,3.3,2.1,4,3.4,2.03,3.83,3.27
B1,03/10/2021,17:30,Antwerp,Gent,1,0,10,4,13,71,19.4,9.7,H,0,0,D,11,13,5,3,6,12,6,7,1,2,0,1,2.75,3.75,2.4,2.6,3.9,2.37,2.6,3.7,2.35,2.68,3.88,2.42,2.62,3.5,2.4,2.7,3.6,2.4,2.8,3.9,2.55,2.66,3.71,2.42
B1,03/10/2021,20:00,Eupen,Genk,3,2,10,2,3,22.6,29,48.4,H,1,1,D,12,10,7,4,18,11,5,4,2,1,0,0,3.25,4,2.05,3.25,3.9,2,3.05,3.8,2.05,3.21,4.01,2.06,3.1,3.7,2.05,3.1,3.8,2.05,3.3,4.1,2.14,3.17,3.84,2.06
B1,15/10/2021,19:45,Club Brugge,Kortrijk,2,0,11,4,8,100,0,0,H,2,0,H,17,10,6,0,13,9,4,1,3,5,0,0,1.2,5.5,13,1.21,7,13.5,1.25,6.5,10,1.23,6.59,13.07,1.24,5.25,12,1.22,6,11.5,1.25,6.8,13.25,1.22,6.38,11.54
B1,16/10/2021,15:15,St. Gilloise,Seraing,4,2,11,3,13,96.3,3.7,0,H,0,2,A,21,11,9,4,18,8,10,2,3,2,1,0,1.33,5,7.5,1.39,5,7.25,1.35,5,7.5,1.34,5.3,8.51,1.33,4.75,8.5,1.33,5,8.5,1.39,5.5,8.51,1.35,5.11,7.75
B1,16/10/2021,17:30,Oostende,Cercle Brugge,2,1,11,10,17,89.3,7.1,3.6,H,0,0,D,11,12,3,4,9,15,4,4,1,3,0,0,2.15,3.4,3.25,2.1,3.6,3.25,2.15,3.65,3,2.18,3.73,3.16,2.05,3.5,3.25,2.15,3.5,3.1,2.24,3.9,3.25,2.15,3.65,3.09
B1,16/10/2021,17:30,Waregem,Antwerp,2,1,11,15,2,0,7.1,92.9,H,0,1,A,12,14,8,3,9,9,3,9,2,2,0,0,4.5,4.2,1.66,4.33,4.4,1.66,4.2,4.2,1.7,4.31,4.46,1.69,4.33,4,1.66,4.4,4.2,1.67,4.58,4.46,1.74,4.29,4.22,1.69
B1,16/10/2021,19:45,Standard,Oud-Heverlee Leuven,2,2,11,12,16,82.1,17.9,0,D,1,0,H,18,13,6,7,16,9,5,3,2,1,0,0,1.75,4,3.6,1.83,3.8,4,1.85,3.75,3.7,1.88,3.9,3.9,1.8,3.6,4,1.83,3.8,3.9,1.89,4.05,4,1.85,3.8,3.82
B1,17/10/2021,12:30,St Truiden,Anderlecht,2,2,11,9,7,3.4,17.2,79.3,D,0,0,D,27,10,9,6,13,10,6,3,2,0,0,0,4.75,3.6,1.66,4.5,3.8,1.75,4.1,3.6,1.77,4.43,3.67,1.82,4.5,3.5,1.75,4.2,3.6,1.8,4.75,3.85,1.83,4.28,3.66,1.79
B1,17/10/2021,15:00,Beerschot VA,Mechelen,0,1,11,18,6,10.3,3.4,86.2,A,0,1,A,17,10,6,5,9,10,6,9,0,3,0,0,3,3.4,2.2,3,3.6,2.25,2.85,3.5,2.25,3.01,3.64,2.28,3,3.4,2.2,,,,3.1,3.82,2.36,2.96,3.55,2.25
B1,17/10/2021,17:30,Charleroi,Genk,2,0,11,11,5,3.4,31,65.5,H,0,0,D,12,12,3,8,5,9,7,8,0,0,0,0,3.3,3.6,2,3.3,3.75,2.05,3.15,3.6,2.1,3.3,3.75,2.1,3.2,3.4,2.1,3.2,3.6,2.1,3.34,3.8,2.14,3.24,3.62,2.09
B1,17/10/2021,20:00,Gent,Eupen,2,0,11,14,1,27.6,27.6,44.8,H,1,0,H,21,7,13,3,16,9,6,2,1,4,0,0,1.57,4.2,5.5,1.63,4.2,4.8,1.6,4.2,4.9,1.61,4.37,5.05,1.6,4,5,1.6,4.1,5,1.66,4.37,5.5,1.61,4.17,4.93
B1,22/10/2021,19:45,Seraing,Charleroi,1,3,12,14,9,0,17.9,82.1,A,0,2,A,11,12,1,8,12,13,7,1,3,1,0,0,3.2,3.5,2.15,3.1,3.7,2.15,2.9,3.55,2.2,3.06,3.86,2.23,3,3.4,2.2,3,3.6,2.2,3.2,3.86,2.36,2.97,3.65,2.22
B1,23/10/2021,15:15,Cercle Brugge,Standard,1,1,12,17,13,10.3,13.8,75.9,D,1,1,D,8,4,5,2,15,22,6,3,2,7,0,0,2.55,3.4,2.62,2.55,3.5,2.6,2.5,3.35,2.6,2.55,3.54,2.71,2.55,3.25,2.62,2.5,3.25,2.75,2.6,3.6,2.77,2.52,3.39,2.69
B1,23/10/2021,17:30,Kortrijk,Oostende,1,0,12,10,7,48.3,34.5,17.2,H,1,0,H,16,12,5,0,9,13,5,7,2,2,0,0,2,3.5,3.6,2.1,3.7,3.2,2.1,3.5,3.1,2.09,3.82,3.27,2.2,3.4,3,2.1,3.5,3.3,2.15,3.84,3.6,2.09,3.63,3.23
B1,23/10/2021,17:30,Mechelen,Waregem,2,2,12,5,15,89.7,6.9,3.4,D,2,2,D,17,14,7,3,6,8,11,7,0,2,0,0,1.53,4.5,5,1.63,4.6,4.4,1.6,4.5,4.5,1.61,4.57,4.73,1.57,4.2,4.8,1.57,4.2,5,1.65,4.7,5,1.6,4.46,4.64
B1,23/10/2021,19:45,Eupen,St. Gilloise,2,3,12,3,1,20.7,31,48.3,A,0,2,A,21,12,6,4,8,21,8,2,1,3,0,0,3.8,3.8,1.83,3.9,3.9,1.83,3.6,3.75,1.9,3.97,3.96,1.84,3.7,3.6,1.88,3.9,3.6,1.87,4,4.04,1.9,3.81,3.85,1.85
B1,24/10/2021,12:30,Antwerp,Club Brugge,1,1,12,4,2,3.3,36.7,60,D,1,1,D,7,13,4,5,16,10,8,8,2,4,1,1,3.75,4,1.85,3.5,4.1,1.9,3.45,3.8,1.9,3.58,4.17,1.89,3.5,3.8,1.88,3.6,3.75,1.9,3.75,4.21,1.94,3.57,3.92,1.89
B1,24/10/2021,15:00,Anderlecht,Beerschot VA,4,2,12,8,18,96.7,3.3,0,H,1,0,H,21,14,8,3,9,11,6,4,3,3,0,0,1.3,5,10,1.32,5.75,8.75,1.3,5.75,8,1.32,5.59,8.75,1.29,5,9.5,1.29,5.5,9,1.33,5.77,10,1.31,5.52,8.41
B1,24/10/2021,17:30,Genk,Gent,0,3,12,6,12,80,20,0,A,0,1,A,13,13,5,6,14,16,3,1,2,2,0,0,2,3.6,3.5,2.05,3.75,3.25,2.1,3.6,3.05,2.1,3.86,3.23,2.05,3.6,3.2,2.1,3.5,3.25,2.16,3.94,3.5,2.07,3.69,3.2
B1,24/10/2021,20:00,Oud-Heverlee Leuven,St Truiden,4,1,12,16,11,23.3,46.7,30,H,0,0,D,12,13,7,5,8,13,3,6,0,3,0,1,2.3,3.5,2.9,2.2,3.6,3,2.35,3.35,2.8,2.36,3.49,2.98,2.38,3.3,2.8,2.38,3.3,2.9,2.42,3.66,3,2.34,3.42,2.88
B1,29/10/2021,19:45,Oostende,Mechelen,2,4,13,11,5,37,37,25.9,A,0,2,A,14,8,4,4,15,14,7,1,6,3,1,0,2.7,3.5,2.5,2.6,3.7,2.45,2.65,3.55,2.35,2.73,3.68,2.53,2.55,3.4,2.55,2.7,3.6,2.4,2.75,3.8,2.55,2.69,3.59,2.43
B1,30/10/2021,15:15,Charleroi,Eupen,3,0,13,7,4,51.7,27.6,20.7,H,0,0,D,21,7,7,3,11,13,6,5,0,2,0,0,1.72,3.6,4.33,1.82,3.9,3.9,1.9,3.7,3.7,1.84,3.9,4.04,1.83,3.6,3.9,1.8,3.75,4,1.9,4,4.33,1.83,3.76,3.96
B1,30/10/2021,17:30,Beerschot VA,Seraing,3,0,13,18,16,41.4,31,27.6,H,1,0,H,21,11,8,2,11,11,9,8,0,4,0,0,2.4,3.4,2.8,2.5,3.3,2.8,2.45,3.3,2.65,2.49,3.39,2.88,2.5,3.1,2.8,2.5,3.3,2.75,2.5,3.5,2.88,2.45,3.34,2.78
B1,30/10/2021,17:30,Standard,Kortrijk,1,1,13,13,8,75.9,10.3,13.8,D,0,0,D,14,7,5,3,13,15,8,2,2,5,0,0,2,3.6,3.6,2,3.7,3.5,2.05,3.5,3.25,2.09,3.6,3.46,2.05,3.4,3.4,2.05,3.5,3.4,2.13,3.7,3.6,2.05,3.54,3.4
B1,30/10/2021,19:45,St Truiden,Club Brugge,1,2,13,12,2,3.4,0,96.6,A,1,1,D,11,11,4,5,16,11,9,2,3,3,0,0,6,4.2,1.53,5.25,4.1,1.6,5.5,4.1,1.55,5.8,4.34,1.55,5.8,3.9,1.53,5.75,4.1,1.53,6.15,4.34,1.6,5.63,4.15,1.55
B1,31/10/2021,12:30,Waregem,Genk,2,6,13,14,10,0,24.1,75.9,A,0,2,A,6,20,2,10,10,7,4,4,2,3,0,0,5,4,1.61,4.4,4.1,1.7,4.2,4.2,1.7,4.65,4.19,1.68,4.6,3.9,1.65,4.33,4.2,1.67,5,4.35,1.72,4.37,4.14,1.68
B1,31/10/2021,15:00,Cercle Brugge,Antwerp,0,1,13,17,3,0,10.3,89.7,A,0,0,D,12,9,6,3,13,15,6,3,4,5,0,0,2.55,3.6,2.55,2.7,3.4,2.5,2.6,3.35,2.5,2.62,3.52,2.65,2.75,3.3,2.4,2.6,3.4,2.55,2.7,3.6,2.65,2.61,3.41,2.56
B1,31/10/2021,17:30,Anderlecht,Oud-Heverlee Leuven,2,2,13,6,15,100,0,0,D,1,2,A,16,13,5,8,11,3,10,5,1,1,2,0,1.28,6,9,1.33,5.5,8.5,1.3,6,8.25,1.27,5.78,9,1.28,5,9.5,1.25,5.75,9.5,1.33,6,10.25,1.28,5.78,8.74
B1,31/10/2021,20:00,Gent,St. Gilloise,0,2,13,9,1,51.7,24.1,24.1,A,0,2,A,10,11,4,3,8,17,7,6,2,4,0,0,2.25,3.4,3.1,2.35,3.5,2.87,2.35,3.4,2.8,2.31,3.59,2.99,2.3,3.3,2.9,2.3,3.4,2.9,2.36,3.6,3.1,2.31,3.45,2.9
B1,05/11/2021,19:45,Oud-Heverlee Leuven,Oostende,1,0,14,14,11,27.6,51.7,20.7,H,0,0,D,8,15,5,4,6,12,9,8,3,3,1,0,1.85,3.75,4,1.9,3.9,3.6,1.9,3.8,3.35,1.94,4.08,3.64,2.25,3.6,2.8,1.87,3.9,3.6,1.99,4.2,4,1.92,3.94,3.53
B1,06/11/2021,15:15,Eupen,Waregem,1,1,14,8,15,86.7,13.3,0,D,1,1,D,7,9,2,2,13,7,4,6,3,2,0,0,1.6,4,5.25,1.65,4.2,4.8,1.67,4.2,4.3,1.65,4.33,4.77,1.63,4,4.6,1.65,4.1,4.5,1.69,4.5,5.25,1.65,4.26,4.54
B1,06/11/2021,17:30,Kortrijk,Beerschot VA,1,1,14,9,18,83.3,3.3,13.3,D,0,0,D,21,9,7,4,10,16,11,6,1,5,0,0,1.75,4,4.2,1.73,4.1,4.33,1.75,3.9,3.9,1.81,4.02,4.08,1.63,3.9,4.75,1.73,3.8,4.33,1.83,4.2,4.72,1.76,3.97,4.16
B1,06/11/2021,17:30,Mechelen,St Truiden,0,1,14,4,13,93.3,6.7,0,A,0,1,A,9,12,1,1,6,15,1,4,1,5,0,1,1.8,3.6,4.2,1.85,3.8,4,1.85,3.75,3.75,1.84,3.9,4.06,1.78,3.75,3.9,1.8,3.75,4,1.87,4,4.2,1.83,3.81,3.96
B1,06/11/2021,19:45,St. Gilloise,Charleroi,4,0,14,1,5,63.3,26.7,10,H,3,0,H,14,11,5,1,9,5,4,4,0,1,0,0,1.7,3.8,4.5,1.71,4,4.4,1.67,3.95,4.5,1.72,3.96,4.61,1.57,3.9,5.25,1.65,3.9,4.8,1.75,4.21,4.93,1.69,3.96,4.56
B1,07/11/2021,12:30,Club Brugge,Standard,2,2,14,2,12,93.5,3.2,3.2,D,2,1,H,11,7,4,2,13,25,5,4,2,2,0,0,1.36,4.75,7.5,1.34,5.5,8.5,1.3,5.5,8.5,1.33,5.4,8.64,1.3,4.8,9.5,1.29,5.25,9.5,1.36,5.75,9.5,1.32,5.3,8.5
B1,07/11/2021,15:00,Seraing,Gent,0,0,14,16,10,6.5,16.1,77.4,D,0,0,D,8,8,2,4,9,16,4,3,2,2,0,0,5,4,1.6,5,4.33,1.6,5,4.3,1.57,5.54,4.38,1.56,5.25,3.9,1.57,5.25,4.2,1.55,5.75,4.5,1.66,5.31,4.23,1.56
B1,07/11/2021,17:30,Antwerp,Anderlecht,2,0,14,3,6,22.6,38.7,38.7,H,0,0,D,12,9,4,3,7,9,2,8,0,3,0,0,3.6,3.6,1.95,3.4,3.7,2,3.1,3.6,2.1,3.24,3.75,2.13,3.2,3.5,2.1,3.25,3.5,2.1,3.6,3.88,2.13,3.23,3.63,2.08
B1,07/11/2021,20:00,Genk,Cercle Brugge,1,1,14,7,17,93.5,6.5,0,D,0,1,A,8,17,4,7,18,13,5,6,1,0,0,0,1.5,4.33,5.25,1.55,4.4,5.5,1.55,4.4,5,1.55,4.37,5.67,1.52,4.2,5.5,1.53,4.2,5.5,1.58,4.57,5.8,1.54,4.36,5.32
B1,19/11/2021,19:45,Mechelen,Club Brugge,2,1,15,4,3,0,20.7,79.3,H,0,0,D,11,17,4,5,18,11,11,3,3,1,0,0,4.5,4,1.7,4.4,3.8,1.75,4.1,3.9,1.73,4.56,4.16,1.74,4.5,3.75,1.7,4.5,4,1.67,4.56,4.22,1.76,4.36,4.02,1.72
B1,20/11/2021,15:15,Cercle Brugge,Charleroi,1,2,15,17,5,10.3,13.8,75.9,A,0,2,A,24,11,7,4,13,13,3,3,1,4,0,0,2.6,3.5,2.6,2.5,3.7,2.55,2.55,3.35,2.6,2.63,3.67,2.55,2.55,3.3,2.6,2.6,3.4,2.55,2.65,3.76,2.62,2.58,3.51,2.57
B1,20/11/2021,17:30,Oud-Heverlee Leuven,Seraing,1,3,15,14,16,70,16.7,13.3,A,0,1,A,10,12,5,3,13,11,6,1,3,3,0,0,1.75,4,3.8,1.77,4.2,3.9,1.8,3.8,3.8,1.78,4.17,4.09,1.75,3.9,3.9,1.75,3.9,4.1,1.84,4.3,4.2,1.78,3.99,4.02
B1,20/11/2021,17:30,Waregem,Gent,1,2,15,15,10,13.3,26.7,60,A,0,0,D,8,16,2,4,11,18,5,6,4,4,0,0,5.25,4.33,1.44,6.75,4.6,1.44,6,4.8,1.45,6.9,4.83,1.43,6,4.2,1.5,6,4.6,1.45,7.3,5.11,1.49,6.35,4.8,1.44
B1,20/11/2021,19:45,Standard,Eupen,1,0,15,13,7,50,26.7,23.3,H,1,0,H,17,13,6,2,6,13,6,8,1,2,0,0,1.85,3.6,4,1.98,3.8,3.5,2,3.6,3.35,1.96,3.87,3.61,1.95,3.6,3.4,1.95,3.6,3.6,2.01,3.94,4,1.96,3.71,3.55
B1,21/11/2021,12:30,Anderlecht,Kortrijk,1,1,15,8,9,93.3,0,6.7,D,0,1,A,21,11,4,5,8,15,10,2,0,4,1,0,1.4,4.75,8,1.4,4.75,7.75,1.4,4.8,7,1.41,4.77,7.47,1.38,4.5,7.5,1.4,4.5,7.5,1.46,5,8,1.41,4.75,7.17
B1,21/11/2021,15:00,St Truiden,Antwerp,2,1,15,11,2,13.3,10,76.7,H,2,0,H,12,12,7,4,17,12,5,5,2,0,0,0,2.62,3.6,2.4,2.75,3.7,2.35,2.65,3.4,2.45,2.77,3.83,2.37,2.8,3.25,2.4,2.8,3.3,2.45,2.82,3.88,2.47,2.73,3.56,2.4
B1,21/11/2021,17:30,Oostende,St. Gilloise,1,7,15,12,1,10,10,80,A,1,4,A,6,15,1,8,11,6,5,5,1,0,0,0,5.5,4.2,1.5,6,4.1,1.55,5.25,4.4,1.53,5.99,4.15,1.56,5.8,4,1.52,5.75,4.2,1.53,6.2,4.52,1.57,5.66,4.25,1.54
B1,21/11/2021,20:00,Beerschot VA,Genk,2,0,15,18,6,0,6.7,93.3,H,1,0,H,10,19,3,4,10,5,4,7,1,1,0,0,4.5,4,1.65,4.6,3.9,1.71,4,4,1.7,4.72,3.93,1.72,4.6,3.8,1.66,4.4,3.9,1.7,4.95,4.33,1.74,4.48,3.98,1.7
B1,26/11/2021,19:45,St. Gilloise,Oud-Heverlee Leuven,1,3,16,1,14,89.7,10.3,0,A,0,2,A,14,6,2,5,13,13,5,2,3,3,0,0,1.25,6,9.5,1.31,6,8.25,1.3,6,8,1.31,6.11,9.17,1.35,4.75,7.5,1.29,5.5,9,1.34,6.3,9.5,1.3,5.88,8.62
B1,27/11/2021,15:15,Seraing,St Truiden,2,0,16,15,10,17.2,41.4,41.4,H,1,0,H,9,11,2,6,12,16,2,6,0,0,0,0,2.8,3.5,2.37,2.8,3.5,2.37,2.75,3.35,2.35,2.99,3.39,2.42,2.8,3.3,2.37,2.8,3.4,2.38,3.03,3.51,2.45,2.88,3.36,2.4
B1,27/11/2021,17:30,Cercle Brugge,Mechelen,3,1,16,17,4,20.7,10.3,69,H,1,1,D,18,4,9,2,12,15,6,2,1,2,0,0,2.37,3.4,2.9,2.45,3.7,2.6,2.45,3.5,2.7,2.41,3.74,2.76,2.37,3.4,2.75,2.38,3.5,2.75,2.48,3.77,2.9,2.4,3.58,2.74
B1,27/11/2021,17:30,Eupen,Kortrijk,2,2,16,9,11,58.6,34.5,6.9,D,2,1,H,13,17,5,8,15,8,7,11,2,1,0,0,2.2,3.4,3.2,2.25,3.4,3.1,2.25,3.45,2.85,2.33,3.58,2.98,2.25,3.4,2.9,2.25,3.5,2.9,2.36,3.72,3.2,2.28,3.5,2.96
B1,27/11/2021,19:45,Charleroi,Anderlecht,1,3,16,5,6,24.1,20.7,55.2,A,0,1,A,8,14,2,6,13,7,4,8,1,1,0,0,3.6,3.4,2.05,3.4,3.6,2.05,3.2,3.55,2.05,3.43,3.65,2.08,3.3,3.5,2.05,3.3,3.6,2.05,3.6,3.79,2.1,3.36,3.6,2.06
B1,28/11/2021,12:30,Genk,Club Brugge,2,3,16,8,3,3.4,20.7,75.9,A,0,1,A,13,8,5,4,17,11,5,6,1,3,0,1,3.2,3.5,2.15,3.1,3.5,2.2,2.8,3.65,2.2,2.84,3.69,2.29,2.9,3.6,2.2,2.9,3.7,2.2,3.2,3.88,2.34,2.9,3.67,2.24
B1,28/11/2021,15:00,Waregem,Beerschot VA,2,0,16,16,18,69,13.8,17.2,H,2,0,H,15,14,6,5,12,11,2,5,1,1,0,0,2.62,3.5,2.55,2.7,3.5,2.45,2.6,3.55,2.4,2.67,3.81,2.46,2.6,3.4,2.5,2.6,3.6,2.45,2.7,3.81,2.56,2.64,3.63,2.45
B1,28/11/2021,17:30,Gent,Standard,3,1,16,7,12,58.6,17.2,24.1,H,1,0,H,19,8,8,5,9,5,12,4,0,2,0,0,1.5,4,6,1.55,4.2,5.75,1.55,4.2,5.5,1.56,4.13,5.96,1.52,4,5.8,,,,1.58,4.38,6.2,1.54,4.16,5.7
B1,28/11/2021,20:00,Antwerp,Oostende,3,0,16,2,13,96.6,3.4,0,H,0,0,D,14,4,8,1,10,16,4,4,1,2,0,0,1.7,4,4.5,1.73,3.9,4.4,1.73,3.85,4.1,1.72,4.12,4.46,1.75,3.8,4,1.7,3.9,4.5,1.78,4.2,4.55,1.72,3.95,4.36
B1,03/12/2021,19:45,St Truiden,St. Gilloise,1,2,17,11,1,8,12,80,A,0,1,A,9,13,3,9,10,10,2,6,2,2,0,0,3.75,3.4,2,4,3.4,1.93,3.5,3.35,2.05,3.96,3.37,2.06,4.5,3.75,1.7,3.75,3.4,1.95,4,3.54,2.08,3.75,3.38,2.02
B1,04/12/2021,15:15,Oud-Heverlee Leuven,Gent,0,1,17,13,7,3.8,19.2,76.9,A,0,1,A,14,16,2,8,5,17,5,11,2,5,0,0,4,3.8,1.8,4,4.1,1.77,3.85,3.85,1.77,4.22,4.06,1.77,4.2,3.7,1.75,4.33,3.75,1.75,4.34,4.2,1.8,4.17,3.95,1.76
B1,04/12/2021,17:30,Kortrijk,Cercle Brugge,0,2,17,9,17,74.1,7.4,18.5,A,0,1,A,13,17,1,5,17,25,7,4,2,4,0,0,2.5,3.5,2.62,2.55,3.6,2.55,2.5,3.4,2.6,2.56,3.59,2.67,2.25,3.4,2.9,2.55,3.25,2.7,2.6,3.67,2.71,2.52,3.51,2.64
B1,04/12/2021,17:30,Oostende,Eupen,2,1,17,15,8,25.9,37,37,H,0,1,A,17,4,6,2,8,11,10,1,2,2,0,0,2.45,3.5,2.7,2.4,3.7,2.65,2.45,3.5,2.65,2.45,3.73,2.72,2.4,3.4,2.7,2.45,3.4,2.7,2.47,3.81,2.77,2.41,3.61,2.69
B1,04/12/2021,19:45,Club Brugge,Seraing,3,2,17,3,14,96.3,3.7,0,H,3,2,H,17,13,8,5,9,10,1,3,0,4,0,0,1.25,5.5,12,1.26,6.25,10.5,1.27,6,10,1.25,6.06,10.97,1.24,5.5,11,1.25,5.5,11.5,1.28,6.4,12,1.25,5.94,10.5
B1,05/12/2021,12:30,Beerschot VA,Antwerp,0,1,17,18,2,3.7,7.4,88.9,A,0,0,D,13,15,3,6,12,13,5,7,4,1,0,0,2.87,3.5,2.3,2.9,3.5,2.3,2.7,3.5,2.35,2.9,3.65,2.35,3,3.4,2.2,2.8,3.4,2.38,2.92,3.76,2.4,2.83,3.56,2.34
B1,05/12/2021,15:00,Anderlecht,Waregem,3,2,17,6,16,88.9,11.1,0,H,1,1,D,17,11,7,4,9,13,5,0,2,2,0,0,1.25,6,10,1.25,6.25,11,1.33,5,8.25,1.22,6.44,12.48,1.22,5.5,12,1.22,6,12,1.25,6.8,14,1.22,6.36,11.56
B1,05/12/2021,17:30,Standard,Charleroi,0,3,17,12,5,37,14.8,48.1,A,0,2,A,16,8,3,5,15,9,4,1,7,2,0,0,2.2,3.5,3.1,2.15,4.1,2.85,2.2,3.5,2.95,2.31,3.88,2.82,2.15,3.3,3.2,2.25,3.3,3.1,2.33,4.1,3.1,2.24,3.67,2.91
B1,05/12/2021,20:00,Mechelen,Genk,1,1,17,4,10,55.6,18.5,25.9,D,0,1,A,11,11,3,5,10,5,5,10,1,0,1,0,3,3.5,2.25,2.8,3.9,2.25,2.75,3.6,2.3,2.91,3.97,2.23,2.7,3.5,2.37,2.88,3.5,2.3,3,4.01,2.38,2.84,3.73,2.26
B1,10/12/2021,19:45,Charleroi,Oostende,1,0,18,4,12,77.8,11.1,11.1,H,0,0,D,11,19,6,3,8,10,5,9,0,1,0,0,1.5,4,5.75,1.6,4.1,5.25,1.5,4.6,5.75,1.53,4.72,5.76,1.57,3.9,5.5,1.5,4.4,5.75,1.54,4.75,6,1.51,4.55,5.6
B1,11/12/2021,15:15,Kortrijk,Oud-Heverlee Leuven,2,1,18,10,14,63,25.9,11.1,H,0,0,D,8,18,2,2,11,11,6,7,3,0,1,1,2.15,3.6,3.3,2.15,3.5,3.25,2.15,3.4,3.15,2.2,3.56,3.24,2.1,3.4,3.3,2.15,3.4,3.2,2.21,3.75,3.35,2.13,3.53,3.23
B1,11/12/2021,17:30,Eupen,Beerschot VA,1,0,18,9,18,82.1,10.1,7.1,H,1,0,H,15,21,7,4,8,10,5,7,1,1,0,0,2.05,3.75,3.4,1.98,3.7,3.5,2.1,3.6,3.1,2.07,3.74,3.41,1.95,3.6,3.6,2.05,3.5,3.4,2.12,3.87,3.7,2.05,3.67,3.34
B1,11/12/2021,17:30,St Truiden,Cercle Brugge,1,2,18,11,17,64.3,10.7,25,A,0,0,D,12,11,4,5,9,17,6,9,1,4,0,1,2.87,3.2,2.5,2.95,3,2.55,2.85,3.05,2.45,2.96,2.93,2.74,2.5,3.1,2.9,2.88,3.1,2.5,3.05,3.33,2.74,2.92,3.02,2.59
B1,11/12/2021,19:45,Seraing,Anderlecht,0,5,18,15,5,3.6,0,96.4,A,0,3,A,5,17,1,7,8,8,2,9,0,2,1,0,5.75,4.2,1.53,5,4.1,1.62,5.5,4.3,1.55,5.35,4.35,1.58,5.5,4,1.57,5.5,4.2,1.53,5.75,4.5,1.62,5.42,4.31,1.55
B1,12/12/2021,12:30,Antwerp,Standard,2,3,18,2,13,79.3,13.8,6.9,A,0,0,D,10,10,4,8,9,15,4,6,4,6,2,1,1.9,3.6,4,1.85,3.6,4.1,1.95,3.55,3.6,1.9,3.64,4.08,1.85,3.6,3.9,,,,1.95,3.83,4.2,1.9,3.61,3.87
B1,12/12/2021,15:00,St. Gilloise,Mechelen,2,0,18,1,7,82.8,6.9,10.3,H,1,0,H,13,15,4,3,14,14,6,5,4,2,0,0,1.53,4.33,5.75,1.58,4.33,5.25,1.53,4.4,5.25,1.55,4.47,5.5,1.57,4.2,5.25,1.53,4.2,5.5,1.6,4.6,5.75,1.55,4.39,5.35
B1,12/12/2021,17:30,Gent,Genk,1,0,18,6,8,33.3,43.3,23.3,H,1,0,H,13,12,6,3,9,11,5,4,1,2,0,0,1.75,3.8,4.75,2,3.7,3.5,1.77,3.7,4,1.81,4.05,4.03,2.05,3.5,3.4,1.8,3.6,4.4,1.82,4.2,4.75,1.78,3.85,4.17
B1,12/12/2021,20:00,Club Brugge,Waregem,3,0,18,3,16,96.7,3.3,0,H,1,0,H,21,7,7,0,12,14,7,1,0,3,0,0,1.22,6.5,12,1.21,6.75,13,1.2,7.25,11,1.19,7.09,13.16,1.2,6.5,13,1.2,6.5,13,1.22,7.6,14,1.19,7.04,12.18
B1,14/12/2021,17:45,Cercle Brugge,Seraing,2,0,19,16,15,72.4,20.7,6.9,H,2,0,H,12,7,5,1,19,10,5,5,1,1,0,0,1.55,4,5.75,1.6,4.1,5.25,1.55,4.1,5.75,1.56,4.35,5.94,1.55,4,5.8,,,,1.6,4.35,6,1.56,4.19,5.6
B1,14/12/2021,20:00,Anderlecht,St Truiden,2,0,19,5,12,93.3,3.3,3.3,H,0,0,D,18,8,4,2,9,17,6,6,0,2,0,0,1.4,4.75,6.5,1.38,4.8,8.5,1.43,4.6,7,1.43,4.65,7.96,1.4,4.75,6.5,1.4,4.5,7.5,1.47,5,8.5,1.41,4.66,7.31
B1,14/12/2021,20:00,Oostende,Kortrijk,0,2,19,13,9,33.3,40,26.7,A,0,1,A,12,13,0,4,10,10,6,4,1,1,0,0,2.45,3.4,2.7,2.4,3.6,2.75,2.4,3.45,2.7,2.47,3.71,2.79,2.4,3.5,2.7,2.4,3.6,2.7,2.55,3.78,2.83,2.43,3.54,2.73
B1,15/12/2021,17:45,Mechelen,Gent,4,3,19,7,6,43.3,16.7,40,H,1,1,D,12,22,5,9,13,10,4,10,2,0,0,0,3.8,3.75,1.9,3.9,3.9,1.83,3.55,3.65,1.9,3.95,3.86,1.87,3.9,3.7,1.83,3.75,3.8,1.85,4.05,4.01,1.95,3.79,3.8,1.87
B1,15/12/2021,17:45,Waregem,St. Gilloise,0,2,19,17,1,10,3.3,86.7,A,0,2,A,12,14,4,9,9,14,6,9,0,4,0,0,6.5,4.75,1.44,6.75,4.8,1.43,6.5,5,1.4,6.77,5.09,1.41,7,4.75,1.4,7,4.8,1.4,7,5.25,1.44,6.65,5.01,1.41
B1,15/12/2021,20:00,Oud-Heverlee Leuven,Club Brugge,1,4,19,14,2,0,3.3,96.7,A,0,1,A,16,14,7,4,7,4,7,7,0,0,0,0,5.5,4.2,1.55,5.5,4.1,1.57,5.25,4.2,1.57,5.52,4.39,1.56,5.5,4,1.57,5.5,4.2,1.53,5.75,4.5,1.6,5.4,4.28,1.55
B1,16/12/2021,17:45,Antwerp,Eupen,4,2,19,3,8,86.7,6.7,6.7,H,2,1,H,16,13,6,8,3,8,3,5,0,1,0,0,1.57,4.33,5.25,1.63,4.33,4.75,1.6,4.2,4.7,1.59,4.36,5.26,1.61,4,5,1.57,4.2,5,1.66,4.5,5.5,1.59,4.28,4.99
B1,16/12/2021,20:00,Genk,Charleroi,4,2,19,11,4,50,16.7,33.3,H,2,2,D,17,11,6,2,12,8,9,4,2,3,0,0,1.9,3.8,3.6,1.83,3.9,4,1.95,3.75,3.45,1.91,3.69,3.96,1.88,3.7,3.7,,,,1.98,4.02,4,1.9,3.78,3.7
B1,17/12/2021,19:45,Seraing,Kortrijk,0,2,20,16,8,25,7.1,67.9,A,0,0,D,9,6,2,5,15,14,7,1,2,3,0,0,2.5,3.4,2.55,2.55,3.6,2.55,2.55,3.35,2.6,2.63,3.6,2.67,2.6,3.3,2.6,2.55,3.5,2.55,2.67,3.7,2.68,2.57,3.47,2.61
B1,18/12/2021,15:15,Beerschot VA,Oostende,0,2,20,18,14,26.7,10,63.3,A,0,2,A,13,14,3,6,9,19,8,5,0,5,1,1,2.2,3.5,3,2.3,3.5,2.9,2.35,3.45,2.75,2.33,3.72,2.88,2.38,3.4,2.8,2.3,3.4,2.9,2.38,3.78,3,2.31,3.56,2.86
B1,18/12/2021,17:30,St. Gilloise,Cercle Brugge,3,2,20,1,12,86.7,3.3,10,H,0,2,A,18,10,5,4,14,15,7,2,5,3,0,0,1.61,4.33,4.75,1.58,4.33,5.25,1.6,4.2,4.9,1.6,4.37,5.17,1.57,4,5.5,1.55,4.2,5.25,1.62,4.5,5.41,1.59,4.27,5.05
B1,18/12/2021,17:30,Waregem,Mechelen,3,2,20,17,7,20,10,70,H,0,1,A,19,11,6,6,10,14,9,5,2,1,0,0,3.4,3.8,1.95,3.5,3.9,1.93,3.15,3.7,2.05,3.45,4.06,1.96,3.4,3.7,1.91,3.3,3.75,2,3.5,4.12,2.05,3.34,3.87,1.98
B1,18/12/2021,19:45,Gent,St Truiden,2,1,20,6,13,90,6.7,3.3,H,1,0,H,8,15,4,3,13,8,5,6,3,1,0,0,1.4,4.75,8,1.36,4.8,9,1.35,4.8,8.25,1.35,4.87,9.38,1.42,4.2,8,1.36,4.5,8.5,1.4,5,9.7,1.36,4.76,8.54
B1,19/12/2021,12:30,Club Brugge,Anderlecht,2,2,20,2,4,90,3.3,6.7,D,1,0,H,16,12,5,6,16,8,9,8,1,2,0,0,1.85,3.75,3.8,1.87,3.8,3.8,1.95,3.6,3.45,2.02,3.68,3.6,1.88,3.6,3.8,1.93,3.5,3.75,2.08,3.89,3.9,1.92,3.68,3.71
B1,19/12/2021,15:00,Eupen,Charleroi,0,4,20,11,5,10,33.3,56.7,A,0,3,A,24,10,8,4,16,7,4,1,4,0,0,0,2.87,3.5,2.3,2.8,3.4,2.45,2.75,3.4,2.3,3.01,3.5,2.34,2.75,3.3,2.45,2.8,3.4,2.38,3.03,3.73,2.45,2.88,3.46,2.35
B1,19/12/2021,17:30,Genk,Antwerp,1,1,20,10,3,23.3,23.3,53.3,D,1,0,H,10,7,2,2,7,9,6,7,0,2,0,0,1.85,3.6,3.6,1.98,3.6,3.6,2,3.6,3.35,1.93,3.82,3.76,2,3.5,3.5,1.95,3.6,3.6,2,4,3.78,1.94,3.72,3.58
B1,19/12/2021,20:00,Oud-Heverlee Leuven,Standard,2,1,20,15,9,10,13.3,76.7,H,2,0,H,6,22,3,7,9,15,2,5,1,4,0,0,2.5,3.5,2.7,2.5,3.5,2.7,2.5,3.4,2.7,2.41,3.62,2.83,2.55,3.2,2.75,2.45,3.4,2.7,2.63,3.65,2.88,2.45,3.48,2.73
B1,26/12/2021,12:30,Cercle Brugge,Club Brugge,2,0,21,14,2,0,4,96,H,0,0,D,12,11,5,5,16,11,4,7,3,2,0,0,4,3.8,1.75,4.4,3.8,1.75,3.85,3.75,1.83,4.18,4.04,1.78,4.2,3.7,1.78,4.2,3.8,1.75,4.4,4.1,1.83,4.13,3.88,1.78
B1,26/12/2021,15:00,Standard,Waregem,0,1,21,10,16,78.6,17.6,3.6,A,0,0,D,19,8,2,2,16,10,8,1,2,1,1,0,1.57,4.33,4.75,1.63,4.33,4.6,1.6,4.3,4.6,1.66,4.43,4.52,1.6,4.2,4.8,1.6,4.33,4.75,1.69,4.5,4.8,1.62,4.32,4.61
B1,26/12/2021,17:30,St. Gilloise,Gent,0,0,21,1,6,71.4,17.4,10.7,D,0,0,D,6,10,0,2,11,11,5,6,0,3,0,0,2.2,3.75,3,2.15,3.7,3.1,2.15,3.5,2.95,2.22,3.65,3.12,2.2,3.5,3,2.2,3.6,3,2.27,3.75,3.18,2.18,3.61,3.04
B1,26/12/2021,20:00,Oostende,Genk,0,4,21,12,9,10.7,17.9,71.4,A,0,3,A,7,15,2,11,15,8,1,9,1,1,0,1,3.5,3.8,1.9,3.6,3.8,1.93,3.35,3.65,1.97,3.59,3.87,1.96,3.5,3.7,1.95,3.5,3.75,1.93,3.65,3.95,2,3.49,3.75,1.96
B1,27/12/2021,17:45,Charleroi,Oud-Heverlee Leuven,0,3,21,4,13,93.1,6.9,0,A,0,1,A,19,12,7,6,8,4,4,4,1,0,0,0,1.65,4,4.33,1.66,4.2,4.5,1.7,3.95,4.2,1.73,4.01,4.52,1.7,3.9,4.5,1.7,3.9,4.5,1.76,4.2,4.6,1.71,3.99,4.38
B1,27/12/2021,17:45,Mechelen,Seraing,2,0,21,8,17,79.3,13.8,6.9,H,0,0,D,18,19,6,4,12,5,6,10,4,3,0,0,1.65,4,4.5,1.68,4.1,4.6,1.67,4,4.5,1.68,4.01,4.94,1.65,3.9,4.75,1.65,4,4.75,1.7,4.2,5,1.66,4.02,4.65
B1,27/12/2021,20:00,Beerschot VA,Anderlecht,0,7,21,18,5,0,3.4,96.6,A,0,3,A,5,16,2,9,15,10,4,7,2,0,1,0,5.25,4.2,1.57,5.25,4.2,1.58,4.9,4,1.63,5.31,4.36,1.58,5.25,3.9,1.6,5.5,4,1.57,5.5,4.4,1.67,5.12,4.19,1.59
B1,27/12/2021,20:00,St Truiden,Eupen,2,0,21,15,11,24.1,48.3,27.6,H,1,0,H,13,9,4,1,12,16,6,2,1,3,0,0,2.2,3.5,2.9,2.25,3.5,3.1,2.25,3.4,2.85,2.26,3.61,3.08,2.25,3.3,3.1,2.2,3.4,3.1,2.31,3.61,3.15,2.23,3.48,3.03
B1,14/01/2022,19:45,Gent,Kortrijk,2,2,22,6,8,90.6,6.3,3.1,D,1,1,D,22,13,5,6,9,19,6,6,1,5,0,0,1.4,4.5,8.5,1.4,4.6,8,1.4,4.6,7.25,1.42,4.74,8.05,1.4,4.4,8,1.36,4.6,8,1.44,4.88,8.5,1.41,4.61,7.49
B1,15/01/2022,15:15,Oud-Heverlee Leuven,Mechelen,5,0,22,11,7,25.8,22.6,51.6,H,,,,,,,,,,,,,,,,2.1,3.6,3.4,2.05,3.8,3.25,2.1,3.65,3,2.12,3.88,3.16,2.05,3.6,3.25,2.1,3.6,3.2,2.14,3.92,3.46,2.08,3.71,3.19
B1,15/01/2022,19:45,Club Brugge,St Truiden,2,0,22,3,14,96.8,0,3.2,H,1,0,H,19,5,8,2,8,11,7,1,0,4,0,0,1.28,5.75,9,1.27,6,10,1.3,5.75,8.75,1.28,5.87,10.29,1.28,5.25,10,1.29,5.5,10,1.32,6,11,1.28,5.66,9.46
B1,16/01/2022,12:30,Antwerp,Charleroi,3,0,22,2,5,64.5,29,6.5,H,2,0,H,16,13,4,3,12,10,3,4,2,2,0,0,1.9,3.6,3.75,2,3.7,3.5,2,3.65,3.3,1.95,3.59,3.91,2,3.6,3.4,1.95,3.6,3.6,2.01,3.91,3.93,1.96,3.66,3.58
B1,16/01/2022,15:00,Eupen,Cercle Brugge,0,2,22,13,12,22.6,45.2,32.3,A,0,0,D,5,14,3,6,11,17,3,3,2,2,0,0,3.8,3.6,1.9,4,3.25,1.98,3.4,3.5,2,3.92,3.45,2,3.6,3.4,2,3.6,3.5,1.95,4,3.74,2.02,3.68,3.48,1.97
B1,16/01/2022,17:30,Anderlecht,Standard,1,1,22,4,10,96.8,0,3.2,D,1,0,H,15,6,3,1,10,14,3,1,1,3,0,0,1.4,4.5,7,1.46,4.5,6.75,1.45,4.6,6,1.45,4.65,6.77,1.44,4.4,6.5,1.44,4.5,6.5,1.48,4.81,7,1.45,4.6,6.43
B1,16/01/2022,20:00,Genk,Beerschot VA,4,1,22,9,18,90.3,3.2,6.5,H,2,0,H,19,8,10,4,10,8,8,4,1,2,0,0,1.33,5.5,7,1.33,5.75,8,1.33,5.5,8,1.31,5.72,9.07,1.3,5,9.5,1.3,5,9.5,1.35,5.9,9.5,1.32,5.43,8.34
B1,18/01/2022,19:00,Seraing,St. Gilloise,0,4,22,17,1,3,9.1,87.9,A,0,2,A,14,9,3,6,10,15,7,0,2,1,0,1,8,4.5,1.4,8,4.6,1.41,7.25,4.9,1.37,7.79,4.75,1.4,8,4.5,1.38,8,4.8,1.36,8.1,5.09,1.42,7.56,4.81,1.38
B1,21/01/2022,19:45,Oostende,Antwerp,1,2,23,15,2,11.1,11.1,77.8,A,0,0,D,12,14,6,5,8,7,5,8,1,2,0,0,3.75,3.75,1.9,3.75,3.75,1.9,3.4,3.65,1.97,3.76,3.99,1.93,3.7,3.6,1.91,3.4,3.7,2,3.77,4,2.07,3.58,3.76,1.94
B1,22/01/2022,15:15,Kortrijk,Eupen,1,1,23,9,13,73.3,16.7,10,D,0,1,A,18,11,5,3,15,15,5,1,0,1,0,0,1.83,3.6,4,1.88,3.6,4,1.9,3.55,3.75,1.93,3.49,4.1,1.88,3.4,4.2,1.87,3.4,4.1,1.94,3.71,4.2,1.89,3.53,3.96
B1,22/01/2022,17:30,Beerschot VA,Oud-Heverlee Leuven,3,1,23,18,10,10,13.3,76.7,H,2,1,H,15,17,12,5,14,13,8,5,1,3,0,0,3.1,3.6,2.15,3.1,3.5,2.2,2.95,3.45,2.2,3.12,3.74,2.19,3,3.4,2.25,3.2,3.4,2.15,3.2,3.78,2.34,3.05,3.56,2.19
B1,22/01/2022,17:30,St Truiden,Seraing,3,1,23,14,17,83.3,16.7,0,H,1,1,D,13,9,6,1,14,6,6,1,2,2,0,0,1.83,3.5,4.5,1.83,3.8,4,1.85,3.6,3.85,1.83,3.86,4.16,1.83,3.6,4,1.83,3.5,4.2,1.87,3.96,4.5,1.83,3.69,4.07
B1,22/01/2022,19:45,Charleroi,Gent,0,0,23,6,5,23.3,43.3,33.3,D,0,0,D,12,8,4,4,13,12,4,4,1,1,0,0,3.2,3.5,2.15,3.1,3.5,2.2,3,3.45,2.15,3.4,3.5,2.15,3.25,3.6,2.05,3.2,3.4,2.15,3.4,3.8,2.23,3.18,3.48,2.16
B1,23/01/2022,12:30,Standard,Club Brugge,2,2,23,12,3,3.3,20,76.7,D,1,1,D,12,19,6,6,13,9,5,7,2,1,0,1,4.75,3.75,1.7,4.2,3.9,1.78,3.9,3.8,1.77,4.17,4.03,1.79,4.2,3.8,1.75,4.33,3.75,1.75,4.75,4.1,1.81,4.16,3.87,1.77
B1,23/01/2022,15:00,St. Gilloise,Genk,2,1,23,1,8,67.7,19.4,12.9,H,1,0,H,8,8,5,2,15,11,5,6,3,0,0,0,1.9,3.75,3.6,1.9,3.8,3.7,1.95,3.7,3.4,1.94,3.99,3.55,1.91,3.7,3.6,1.91,3.6,3.7,1.97,4.02,3.75,1.92,3.8,3.55
B1,23/01/2022,17:30,Mechelen,Anderlecht,0,1,23,7,4,10,13.3,76.7,A,0,1,A,3,8,0,5,12,6,4,4,3,2,0,0,4.5,3.8,1.72,4.2,4,1.75,3.9,3.85,1.75,4.33,4.06,1.75,4.2,3.8,1.75,4.33,3.8,1.73,4.5,4.2,1.79,4.18,3.94,1.74
B1,23/01/2022,20:00,Cercle Brugge,Waregem,3,1,23,11,16,71,16.1,12.9,H,2,0,H,12,10,5,4,15,10,3,5,3,4,0,0,1.53,4.2,6,1.55,4.2,5.75,1.55,4.3,5.25,1.56,4.33,5.69,1.55,4.2,5.5,1.53,4.2,5.5,1.59,4.5,6,1.54,4.25,5.51
B1,25/01/2022,17:45,Antwerp,St Truiden,1,1,24,2,13,89.7,6.9,3.4,D,1,0,H,13,7,3,2,7,16,8,5,0,2,0,0,1.85,3.6,4,1.85,3.6,4.2,1.9,3.4,4,1.88,3.62,4.41,1.8,3.6,4.2,1.83,3.5,4.2,1.91,3.79,4.5,1.85,3.55,4.16
B1,25/01/2022,20:00,Charleroi,Kortrijk,1,1,24,6,8,76.7,20,3.3,D,1,1,D,19,7,10,2,14,11,6,2,2,3,0,0,1.95,3.5,3.75,1.87,3.5,4.2,1.95,3.45,3.6,1.98,3.56,4.01,1.95,3.5,3.75,1.93,3.6,3.7,1.99,3.72,4.2,1.94,3.54,3.79
B1,25/01/2022,20:00,Gent,Oostende,1,1,24,5,15,83.3,13.3,3.3,D,0,1,A,17,4,6,2,9,15,5,3,1,3,0,0,1.44,4.5,7,1.41,4.6,7.5,1.4,4.8,7,1.42,4.59,8.54,1.35,5,7.5,1.4,4.75,7,1.44,5.1,9.5,1.4,4.75,7.32
B1,26/01/2022,17:45,Eupen,Standard,0,2,24,14,12,3.3,26.7,70,A,0,1,A,16,14,3,4,7,9,11,2,1,2,0,0,3,3.4,2.3,3.1,3.3,2.25,2.9,3.4,2.25,3.15,3.37,2.32,3,3.4,2.25,3,3.4,2.25,3.15,3.69,2.32,3.01,3.41,2.27
B1,26/01/2022,17:45,Waregem,Oud-Heverlee Leuven,1,1,24,16,11,43.3,40,16.7,D,1,1,D,10,10,4,3,6,10,6,2,2,2,0,0,2.7,3.5,2.45,2.7,3.5,2.5,2.6,3.55,2.4,2.74,3.69,2.45,2.75,3.5,2.35,2.7,3.6,2.4,2.76,3.79,2.5,2.68,3.58,2.42
B1,26/01/2022,20:00,Anderlecht,Cercle Brugge,0,2,24,4,10,93.3,6.7,0,A,0,0,D,3,17,0,9,10,17,4,1,1,2,1,0,1.65,3.8,5,1.65,4,5,1.65,4,4.8,1.67,4.11,4.85,1.63,3.9,5,1.62,3.9,5,1.7,4.25,5,1.65,4,4.83
B1,26/01/2022,20:00,Seraing,Beerschot VA,2,1,24,17,18,66.7,30,3.3,H,1,0,H,14,14,4,4,10,8,5,9,2,1,0,0,1.95,3.6,3.6,1.93,3.9,3.5,2,3.6,3.35,2.06,3.69,3.46,2.05,3.4,3.5,2,3.5,3.5,2.06,3.9,3.6,2.01,3.63,3.42
B1,27/01/2022,19:45,Club Brugge,St. Gilloise,0,0,24,3,1,73.3,16.7,10,D,0,0,D,10,17,1,6,14,14,4,9,1,4,0,0,2.05,3.6,3.4,2,3.7,3.5,2.05,3.55,3.25,2.02,3.92,3.37,2.05,3.6,3.3,2,3.6,3.4,2.08,3.92,3.5,2.03,3.65,3.34
B1,28/01/2022,19:45,St Truiden,Charleroi,0,1,25,13,6,13.8,31,55.2,A,0,1,A,18,13,3,2,12,9,10,4,1,1,0,0,2.6,3.4,2.7,2.6,3.25,2.7,2.6,3.1,2.75,2.67,3.24,2.86,2.7,3.1,2.62,2.55,3.25,2.7,2.71,3.4,2.86,2.61,3.22,2.74
B1,29/01/2022,15:15,Beerschot VA,Waregem,3,3,25,18,16,19.4,3.4,77.4,D,1,3,A,18,8,7,3,12,16,13,1,1,3,0,0,2.3,3.4,3,2.25,3.5,3,2.3,3.5,2.75,2.27,3.82,2.92,2.35,3.5,2.8,2.3,3.5,2.88,2.35,3.83,3,2.28,3.57,2.89
B1,29/01/2022,17:30,Seraing,Eupen,0,0,25,17,14,9.7,38.7,51.6,D,0,0,D,14,10,5,2,8,16,6,1,2,3,0,0,2.4,3.4,2.8,2.4,3.4,2.8,2.4,3.35,2.7,2.49,3.47,2.82,2.45,3.3,2.8,2.45,3.3,2.8,2.51,3.5,2.88,2.43,3.38,2.79
B1,29/01/2022,19:45,Cercle Brugge,Oostende,0,1,25,8,15,74.2,16.1,9.7,A,0,0,D,10,11,2,3,14,14,5,4,1,2,0,0,1.5,4,6.5,1.57,4.2,5.5,1.53,4.3,5.5,1.56,4.19,5.85,1.52,4,6,1.5,4.2,6,1.58,4.4,6.5,1.54,4.21,5.68
B1,30/01/2022,12:30,St. Gilloise,Anderlecht,1,0,25,1,4,48.4,29,22.6,H,1,0,H,6,9,5,3,15,14,5,2,3,1,0,0,2.3,3.5,2.9,2.25,3.6,2.95,2.3,3.45,2.85,2.31,3.72,2.92,2.25,3.4,3,2.25,3.4,3,2.35,3.8,3.01,2.29,3.56,2.89
B1,30/01/2022,15:00,Gent,Antwerp,0,1,25,5,2,22.6,41.9,35.5,A,0,1,A,16,3,4,2,11,14,8,7,3,3,0,0,1.8,3.5,4.33,1.82,3.75,4.2,1.9,3.6,3.8,1.85,3.86,4.02,1.83,3.6,4,1.83,3.6,4.1,1.9,3.89,4.33,1.85,3.69,3.99
B1,30/01/2022,17:30,Standard,Mechelen,1,2,25,11,10,71,16.1,12.9,A,1,0,H,17,8,8,4,11,16,6,5,1,4,0,0,2.1,3.5,3.25,2,3.6,3.5,2.1,3.5,3.2,2.05,3.66,3.51,2.05,3.5,3.4,2.05,3.5,3.4,2.12,3.76,3.59,2.05,3.58,3.37
B1,30/01/2022,20:00,Kortrijk,Club Brugge,0,1,25,9,3,3.2,6.5,90.3,A,0,0,D,8,17,1,6,10,13,3,4,2,1,0,0,5.25,3.75,1.65,4.75,4,1.68,4.3,3.95,1.67,5.15,3.85,1.68,4.75,3.8,1.67,4.8,3.9,1.65,5.3,4.2,1.7,4.78,3.94,1.66
B1,02/02/2022,17:45,Kortrijk,Antwerp,0,2,21,7,3,0,20.7,79.3,A,0,1,A,28,5,5,2,9,3,8,1,2,1,1,1,2.75,4,2.2,2.8,3.7,2.3,2.8,3.4,2.3,3.09,3.79,2.19,3,3.6,2.2,3,3.5,2.2,3.16,4,2.38,2.96,3.6,2.23
B1,04/02/2022,19:45,Charleroi,Seraing,2,0,26,5,17,93.1,3.4,3.4,H,1,0,H,10,7,3,1,11,6,6,8,1,3,0,1,1.6,4.2,5.25,1.66,4.1,4.75,1.6,4,5,1.63,4.18,5.4,1.67,3.9,4.6,1.6,4.1,5,1.66,4.31,5.4,1.62,4.09,5.04
B1,05/02/2022,15:15,Kortrijk,St Truiden,1,3,26,10,13,79.3,20.7,0,A,0,2,A,12,11,3,4,18,18,6,2,3,4,0,0,2.25,3.5,3,2.3,3.4,3,2.3,3.4,2.85,2.3,3.54,3.05,2.3,3.3,3,2.3,3.3,3,2.38,3.55,3.08,2.31,3.41,2.97
B1,05/02/2022,17:30,Oostende,Oud-Heverlee Leuven,1,3,26,12,9,48.3,27.6,24.1,A,0,1,A,12,8,3,4,11,13,6,2,2,1,0,0,2.45,3.4,2.75,2.37,3.7,2.7,2.45,3.45,2.6,2.59,3.54,2.66,2.45,3.4,2.7,2.55,3.4,2.63,2.63,3.7,2.75,2.51,3.5,2.64
B1,05/02/2022,17:30,Standard,Cercle Brugge,1,1,26,14,11,31,51.7,17.2,D,0,1,A,9,17,5,6,18,19,4,8,6,3,0,1,2.7,3.4,2.5,2.75,3.25,2.55,2.65,3.3,2.5,2.81,3.22,2.65,2.7,3.3,2.5,2.7,3.3,2.55,2.82,3.48,2.7,2.71,3.31,2.55
B1,05/02/2022,19:45,Antwerp,St. Gilloise,0,2,26,2,1,20.7,24.1,55.2,A,0,0,D,14,16,2,6,8,13,6,4,3,3,0,0,3.1,3.6,2.1,3.2,3.6,2.15,3,3.45,2.2,3.19,3.54,2.23,3,3.4,2.25,3.2,3.4,2.15,3.21,3.75,2.31,3.09,3.53,2.19
B1,06/02/2022,12:30,Club Brugge,Gent,1,2,26,3,6,86.2,6.9,6.9,A,0,1,A,13,10,3,3,9,15,9,5,4,5,2,0,2.25,3.5,3,2.2,3.7,3.1,2.25,3.5,2.8,2.26,3.57,3.1,2.25,3.4,3,2.25,3.4,3,2.33,3.73,3.15,2.24,3.55,2.98
B1,06/02/2022,15:00,Mechelen,Beerschot VA,3,2,26,7,18,86.2,10.3,3.4,H,3,0,H,11,11,4,2,12,15,6,8,0,3,1,0,1.85,3.75,3.8,1.82,3.8,4,1.85,3.8,3.55,1.83,4,3.96,1.88,3.7,3.7,1.83,3.75,4,1.91,4.1,4,1.84,3.87,3.79
B1,06/02/2022,17:30,Anderlecht,Eupen,4,1,26,4,15,100,0,0,H,3,1,H,19,8,5,5,12,8,9,3,0,1,0,0,1.36,5,7.5,1.36,5,8.25,1.33,5.25,8,1.38,4.92,8.18,1.33,4.8,9,1.33,4.8,9,1.39,5.37,10,1.35,4.96,8.25
B1,06/02/2022,20:00,Genk,Waregem,2,0,26,8,16,79.3,20.7,0,H,1,0,H,13,10,5,1,12,7,5,4,2,2,0,0,1.33,5,9,1.36,5.25,8,1.33,5.5,7.75,1.38,5.14,7.46,1.33,5,8.5,1.33,5,9,1.4,5.7,9,1.35,5.24,7.83
B1,09/02/2022,17:45,Waregem,Oostende,0,0,22,16,15,54.8,35.5,9.7,D,0,0,D,12,18,6,3,10,14,6,8,0,1,0,0,2.15,3.5,3.2,2.15,3.8,3,2.2,3.55,2.9,2.2,3.84,3.04,2.15,3.5,3.1,2.15,3.6,3.1,2.23,3.9,3.2,2.17,3.67,3.01
B1,09/02/2022,20:00,Oud-Heverlee Leuven,Genk,2,1,12,7,10,29,61.3,,H,1,1,D,22,12,6,7,18,8,4,3,2,3,0,1,4,3.75,1.83,3.7,3.9,1.87,3.5,3.75,1.9,3.63,4.21,1.88,3.5,3.6,2,3.8,3.8,1.83,4,4.21,1.98,3.65,3.84,1.88
B1,11/02/2022,19:45,Seraing,Antwerp,0,1,27,17,2,0,0,100,A,0,0,D,8,19,3,5,14,11,1,9,1,2,0,1,3.6,3.5,2,3.8,3.7,1.87,3.4,3.5,1.97,3.71,3.61,2.05,3.9,3.5,1.88,3.5,3.5,2,3.8,3.75,2.05,3.57,3.55,1.99
B1,12/02/2022,15:15,Eupen,Gent,0,1,27,15,6,8.3,8.3,83.3,A,0,1,A,9,11,3,7,10,8,8,3,2,2,0,1,4.75,3.6,1.66,4.6,3.9,1.73,4.3,3.8,1.73,4.62,3.84,1.75,3.1,3.4,2,4.75,3.8,1.67,4.8,4,1.76,4.58,3.86,1.71
B1,12/02/2022,17:30,Mechelen,Oostende,3,0,27,7,14,78.3,17.4,4.3,H,1,0,H,11,4,4,1,1,13,7,3,0,1,0,0,1.8,4,4,1.83,3.9,3.9,1.83,3.8,3.7,1.78,3.99,4.26,1.95,3.5,3.75,1.75,3.8,4.2,1.85,4,4.3,1.81,3.86,3.99
B1,12/02/2022,17:30,Oud-Heverlee Leuven,Cercle Brugge,3,2,27,9,10,17.4,52.2,30.4,H,1,2,A,11,16,5,5,13,13,5,5,2,4,0,0,3,3.4,2.25,2.9,3.5,2.35,2.8,3.35,2.35,2.96,3.52,2.37,2.7,3.4,2.45,2.9,3.4,2.3,3,3.58,2.43,2.9,3.43,2.34
B1,12/02/2022,19:45,Waregem,Anderlecht,1,2,27,16,4,4.2,0,95.8,A,0,2,A,13,11,4,5,8,6,6,5,2,1,0,0,6.5,4.5,1.45,6.25,4.6,1.49,6,4.5,1.47,5.84,4.58,1.51,6,4.2,1.5,6.5,4.5,1.44,6.5,4.75,1.53,6.06,4.55,1.48
B1,13/02/2022,12:30,Genk,Standard,2,0,27,8,12,68,24,8,H,1,0,H,15,11,6,4,14,24,4,0,4,3,0,0,1.61,3.8,4.5,1.7,4.2,4.33,1.65,4,4.6,1.72,4.13,4.42,1.88,3.8,3.6,1.62,4,5,1.74,4.3,5,1.68,4.03,4.52
B1,13/02/2022,15:00,St. Gilloise,St Truiden,0,1,27,1,13,96.2,3.8,0,A,0,0,D,11,13,1,5,17,13,5,4,5,2,0,0,1.33,5,8,1.46,4.5,6.75,1.37,4.8,8,1.42,4.6,7.83,1.62,3.8,5.25,1.36,4.6,8,1.47,5,10,1.39,4.66,7.94
B1,13/02/2022,17:30,Club Brugge,Charleroi,2,0,27,3,5,96.2,3.8,0,H,1,0,H,10,15,5,3,7,9,5,5,1,1,0,0,1.66,4,4.75,1.71,4.2,4.2,1.67,4.1,4.5,1.66,4.68,4.28,1.88,3.8,3.6,1.65,4,4.75,1.71,4.7,4.75,1.67,4.2,4.48
B1,13/02/2022,20:00,Beerschot VA,Kortrijk,2,1,27,18,11,0,11.5,88.5,H,2,1,H,10,14,3,4,15,10,3,7,2,3,0,0,3.1,3.5,2.15,2.85,3.5,2.37,2.9,3.4,2.25,3.22,3.49,2.23,2.75,3.4,2.4,3.1,3.3,2.25,3.27,3.62,2.37,3.08,3.45,2.23
B1,16/02/2022,17:45,Genk,Mechelen,4,1,24,9,7,68.8,12.5,18.8,H,1,0,H,25,6,9,2,5,6,12,5,0,0,0,1,1.57,3.8,5,1.61,4.2,5,1.63,4.1,4.9,1.61,4.23,5.21,1.6,4,5.25,1.6,4,5.25,1.65,4.46,5.5,1.61,4.13,5.05
B1,19/02/2022,15:15,Cercle Brugge,Beerschot VA,2,0,28,10,18,89.7,10.3,0,H,2,0,H,26,7,10,2,14,11,10,2,1,2,0,1,1.4,4.33,7,1.43,4.6,7,1.43,4.5,6.75,1.43,4.73,7.16,1.36,4.4,9,1.4,4.5,8,1.45,4.9,8,1.42,4.58,7.12
B1,19/02/2022,17:30,Kortrijk,Waregem,5,0,28,12,16,82.8,10.3,6.9,H,2,0,H,17,16,10,3,8,11,1,5,1,4,0,1,1.9,3.5,3.6,1.98,3.7,3.5,1.97,3.6,3.4,2,3.68,3.64,1.91,3.6,3.75,1.95,3.5,3.7,2.03,3.85,3.92,1.97,3.64,3.58
B1,19/02/2022,17:30,Oostende,Standard,1,0,28,14,13,0,31,69,H,1,0,H,15,4,5,0,14,16,2,0,1,5,0,0,2.7,3.2,2.37,2.75,3.4,2.45,2.7,3.25,2.45,2.93,3.34,2.48,2.6,3.5,2.5,2.8,3.3,2.45,2.96,3.52,2.55,2.81,3.36,2.44
B1,19/02/2022,19:45,Charleroi,St. Gilloise,0,3,28,6,1,6.9,6.9,86.2,A,0,2,A,13,17,5,7,11,9,1,2,3,4,0,1,3.5,3.5,1.85,3.7,3.6,1.95,3.5,3.6,1.95,3.49,3.92,1.98,3.8,3.6,1.88,3.7,3.5,1.95,3.75,4,1.99,3.58,3.7,1.95
B1,20/02/2022,12:30,Antwerp,Mechelen,1,2,28,2,7,86.2,10.3,3.4,A,0,2,A,24,12,5,8,7,14,10,3,0,2,0,0,1.75,3.6,3.75,1.85,3.8,3.9,1.83,3.65,3.75,1.85,4.02,3.9,1.85,3.6,3.9,1.83,3.7,4,1.88,4.1,4.2,1.84,3.78,3.9
B1,20/02/2022,15:00,Eupen,Club Brugge,1,3,28,15,3,0,0,100,A,0,1,A,11,15,5,6,9,7,8,3,1,0,0,0,5.75,4.2,1.5,6.5,4.33,1.5,6.25,4.5,1.45,6.52,4.66,1.47,6.5,4,1.5,7,4.2,1.45,7,4.75,1.52,6.47,4.44,1.46
B1,20/02/2022,17:30,Anderlecht,Genk,2,0,28,4,8,82.8,10.3,6.9,H,2,0,H,14,10,5,1,10,11,4,3,4,2,0,1,1.8,3.6,3.6,1.85,3.8,3.9,1.9,3.65,3.75,1.87,3.93,3.89,1.83,3.7,3.9,1.83,3.7,3.9,1.9,3.97,4,1.85,3.76,3.88
B1,20/02/2022,20:00,St Truiden,Oud-Heverlee Leuven,2,0,28,11,9,34.5,41.4,24.1,H,1,0,H,10,8,4,3,11,7,6,8,3,3,0,1,2.3,3.25,2.87,2.25,3.4,3.1,2.25,3.35,2.9,2.29,3.55,3.07,2.3,3.2,3.1,2.3,3.3,3,2.38,3.59,3.13,2.3,3.41,2.99
B1,23/02/2022,17:45,Gent,Seraing,4,0,28,5,17,100,0,0,H,3,0,H,13,7,5,1,8,5,3,8,1,2,0,0,1.25,5.5,10,1.28,6,10,1.3,5.75,9,1.28,5.77,10.58,1.32,4.8,9.5,1.29,5.25,10,1.31,6,11,1.29,5.65,9.76
B1,25/02/2022,19:45,Beerschot VA,Charleroi,2,3,29,18,7,0,4.2,95.8,A,1,1,D,11,17,6,7,9,8,4,3,1,2,0,0,3.5,3.5,1.83,4.1,3.6,1.85,4,3.8,1.8,3.92,3.76,1.94,,,,3.75,3.5,1.93,4.1,3.84,1.98,3.78,3.64,1.92
B1,26/02/2022,15:15,St. Gilloise,Eupen,0,0,29,1,15,95.8,4.2,0,D,0,0,D,13,2,2,0,16,10,9,3,0,4,0,0,1.36,4.75,6,1.32,5.25,9.75,1.35,5.25,7.75,1.32,5.25,9.46,,,,1.33,5,8.5,1.36,5.5,10,1.34,5.15,8.49
B1,26/02/2022,17:30,Mechelen,Cercle Brugge,2,2,29,6,10,75,12.5,12.5,D,2,2,D,21,14,5,5,10,16,7,5,3,4,1,1,2.2,3.4,2.8,2.3,3.6,2.9,2.3,3.4,2.8,2.38,3.62,2.87,,,,2.3,3.4,2.9,2.41,3.7,2.95,2.33,3.53,2.85
B1,26/02/2022,17:30,Oostende,St Truiden,0,0,29,14,11,25,58.3,16.7,D,0,0,D,11,7,2,1,9,14,4,4,1,2,0,0,2.3,3.5,2.5,2.5,3.5,2.7,2.45,3.4,2.65,2.59,3.49,2.69,,,,2.5,3.3,2.7,2.65,3.57,2.75,2.51,3.43,2.67
B1,26/02/2022,19:45,Oud-Heverlee Leuven,Anderlecht,0,0,29,9,4,0,4.2,95.8,D,0,0,D,14,18,4,5,2,12,5,4,1,4,0,1,4.5,3.75,1.65,4.5,4.1,1.7,4.1,4,1.73,4.59,4.08,1.71,,,,4.5,3.9,1.7,4.75,4.22,1.74,4.4,4.02,1.71
B1,27/02/2022,12:30,Club Brugge,Antwerp,4,1,29,2,3,80,20,0,H,2,1,H,17,8,9,3,18,11,7,3,3,2,0,0,1.65,3.75,4.5,1.7,3.9,4.6,1.73,3.8,4.2,1.73,3.87,4.72,,,,1.7,3.75,4.6,1.75,4.01,4.75,1.72,3.86,4.51
B1,27/02/2022,15:00,Genk,Kortrijk,2,0,29,8,12,80,16,4,H,2,0,H,29,12,9,4,9,15,13,0,0,3,0,0,1.53,4,5,1.57,4.2,5.5,1.55,4.2,5.5,1.58,4.23,5.51,,,,1.53,4.1,5.75,1.6,4.4,5.75,1.56,4.2,5.41
B1,27/02/2022,17:30,Standard,Gent,0,1,29,13,5,16,24,60,A,0,0,D,12,10,4,4,19,14,2,5,5,2,0,1,4.5,3.6,1.7,4.33,3.9,1.75,4.3,3.6,1.73,4.62,3.84,1.75,,,,4.8,3.6,1.7,4.8,3.9,1.8,4.56,3.72,1.74
B1,27/02/2022,20:00,Waregem,Seraing,1,0,29,16,17,68,24,8,H,1,0,H,11,13,6,2,8,7,4,7,1,1,0,0,2.15,3.5,2.9,2.25,3.5,3,2.25,3.4,3,2.28,3.45,3.16,,,,2.2,3.4,3.1,2.3,3.7,3.2,2.22,3.48,3.06
B1,02/03/2022,17:45,Standard,Beerschot VA,1,0,19,10,18,93.8,6.3,0,H,1,0,H,8,12,3,5,15,14,1,3,2,5,1,0,1.65,3.8,4.5,1.66,4,4.8,1.65,4,4.6,1.67,4.13,4.8,1.61,4,5,1.65,4,4.75,1.73,4.2,4.9,1.67,4.07,4.64
B1,04/03/2022,19:45,St Truiden,Mechelen,1,1,30,11,6,33.3,22.2,44.4,D,0,1,A,13,11,5,5,7,16,3,4,1,3,0,0,2.15,3.3,2.9,2.25,3.5,3,2.25,3.35,2.95,2.28,3.61,3.16,2.35,3.3,2.9,2.2,3.4,3.1,2.33,3.67,3.2,2.23,3.49,3.06
B1,05/03/2022,15:15,Cercle Brugge,Genk,2,2,30,10,8,10.2,28.6,60.7,D,1,0,H,17,17,6,6,10,10,11,2,0,0,0,0,2.87,3.3,2.3,2.9,3.3,2.4,2.8,3.35,2.35,2.98,3.34,2.44,2.87,3.4,2.35,2.88,3.4,2.3,3,3.64,2.45,2.88,3.4,2.37
B1,05/03/2022,17:30,Kortrijk,St. Gilloise,2,3,30,12,1,6.9,3.4,89.7,A,1,1,D,10,17,3,7,10,9,3,13,2,3,0,0,4.5,3.75,1.66,4.8,4,1.66,4.9,3.85,1.65,5.12,3.97,1.66,4.2,3.8,1.61,5.25,3.75,1.62,5.25,4.1,1.7,4.95,3.91,1.65
B1,05/03/2022,19:45,Seraing,Club Brugge,0,5,30,17,2,3.4,96.6,,A,0,3,A,6,15,2,7,8,8,6,5,1,1,1,0,6.5,4.33,1.4,6.25,4.8,1.46,6.5,4.6,1.43,7.27,4.56,1.44,6.5,4.4,1.44,7,4.75,1.4,7.6,5,1.46,6.66,4.66,1.43
B1,06/03/2022,12:30,Antwerp,Beerschot VA,2,1,30,3,18,100,0,0,H,0,1,A,13,6,5,1,13,13,7,3,2,7,0,1,,,,1.66,4,5,1.6,4,5,1.62,3.93,5.6,1.6,3.9,5.25,1.62,3.8,5.25,1.66,4.2,5.7,1.62,4,5.21
B1,06/03/2022,15:00,Anderlecht,Oostende,3,0,30,4,13,100,0,0,H,0,0,D,13,10,7,1,7,10,2,5,1,2,0,0,1.25,5.25,9.5,1.29,5.75,10,1.27,6,10,1.26,5.47,12.41,1.32,4.8,9.5,1.25,5.75,10.5,1.29,6,12.41,1.27,5.66,10.66
B1,06/03/2022,17:30,Charleroi,Standard,0,0,30,7,14,72.4,10.3,17.2,D,0,0,D,8,10,3,2,8,18,8,4,2,3,0,0,1.95,3.5,3.3,2.05,3.6,3.4,2.1,3.45,3.2,2.05,3.4,3.78,2.1,3.4,3.3,2.05,3.4,3.5,2.12,3.72,3.78,2.04,3.51,3.47
B1,06/03/2022,20:00,Eupen,Oud-Heverlee Leuven,3,1,30,16,9,37.9,34.5,27.6,H,1,1,D,12,12,5,4,7,10,3,7,1,3,0,0,2.6,3.3,2.37,2.6,3.5,2.55,2.65,3.45,2.4,2.65,3.81,2.48,2.75,3.4,2.4,2.7,3.4,2.45,2.8,3.81,2.55,2.68,3.56,2.44
B1,06/03/2022,20:00,Gent,Waregem,2,1,,,,,,,H,1,0,H,25,11,8,5,5,8,10,0,0,3,0,0,1.22,5.5,10,1.25,6.25,11,1.25,6,10,1.23,6.37,11.86,1.25,5.25,12,1.25,5.75,11.5,1.27,6.5,12,1.25,5.97,10.69
B1,11/03/2022,19:45,Oud-Heverlee Leuven,St. Gilloise,1,4,31,10,1,4,8,88,A,1,1,D,9,21,2,8,11,11,5,7,2,0,0,0,4.5,4,1.7,4.5,4,1.71,4.1,3.9,1.73,4.61,4.19,1.72,4.2,3.6,1.8,4.5,3.9,1.7,4.75,4.22,1.76,4.46,4.01,1.71
B1,12/03/2022,15:15,Mechelen,Charleroi,2,2,31,6,7,42.9,42.9,14.3,D,2,0,H,10,14,3,5,12,6,4,3,2,4,0,0,2.25,3.5,2.9,2.35,3.5,2.85,2.3,3.45,2.75,2.28,3.61,3.04,2.38,3.4,2.8,2.45,3.4,2.75,2.45,3.74,3.04,2.35,3.52,2.83
B1,12/03/2022,17:30,Cercle Brugge,Kortrijk,2,0,31,9,12,82.8,13.8,3.4,H,0,0,D,22,6,4,0,19,11,6,5,1,1,0,0,1.65,3.8,5.25,1.66,4,4.8,1.65,3.8,4.9,1.65,3.99,5.17,1.65,4,4.2,1.65,3.75,5,1.7,4.1,5.25,1.67,3.87,4.92
B1,12/03/2022,17:30,Waregem,Eupen,3,0,31,16,15,58.6,24.1,17.2,H,1,0,H,9,16,5,6,12,6,1,9,2,1,0,0,2.3,3.5,2.8,2.37,3.5,2.85,2.35,3.4,2.7,2.42,3.63,2.81,2.35,3.4,2.88,2.3,3.4,2.88,2.46,3.7,2.88,2.38,3.53,2.79
B1,12/03/2022,19:45,Oostende,Club Brugge,1,3,31,14,2,3.4,0,96.6,A,1,2,A,17,9,4,4,11,8,6,4,1,2,0,0,7.5,4.75,1.4,6.5,5,1.43,6.75,4.9,1.4,7.3,5.09,1.39,6,4.2,1.5,7.5,4.75,1.36,7.5,5.3,1.43,7.03,4.92,1.4
B1,13/03/2022,12:30,Anderlecht,Antwerp,2,1,31,4,3,65.5,34.5,0,H,1,1,D,15,12,10,5,12,13,6,3,3,4,0,0,1.61,4,5,1.62,4.2,5,1.63,4.1,4.6,1.65,4.2,4.9,1.75,3.75,4.33,1.65,4,4.75,1.68,4.3,5,1.64,4.16,4.76
B1,13/03/2022,15:00,Genk,St Truiden,0,1,31,8,11,93.1,6.9,0,A,0,1,A,14,8,4,4,10,18,5,1,1,5,0,0,1.44,4.33,7,1.46,4.6,6.25,1.45,4.5,6.25,1.44,4.68,6.93,1.53,4,5.8,1.45,4.2,7,1.53,4.9,7,1.46,4.52,6.45
B1,13/03/2022,17:30,Beerschot VA,Gent,0,2,31,18,5,3.4,10.3,86.2,A,0,1,A,10,14,2,6,13,14,6,2,4,2,0,0,6.5,4.2,1.5,6,4.6,1.49,6,4.4,1.53,6.25,4.53,1.49,6,4.2,1.5,6,4.2,1.5,6.5,4.7,1.53,6.06,4.45,1.49
B1,13/03/2022,20:00,Standard,Seraing,0,1,31,13,17,96.6,3.4,0,A,0,0,D,9,12,3,5,13,13,3,4,3,1,0,0,1.75,3.75,4.33,1.78,3.8,4.33,1.77,3.7,4,1.79,3.81,4.42,1.78,3.6,4.33,1.75,3.6,4.4,1.81,3.88,4.5,1.78,3.73,4.28
B1,18/03/2022,19:45,St. Gilloise,Oostende,1,1,32,1,14,96,0,4,D,0,1,A,18,7,7,4,16,13,9,1,1,5,0,0,1.28,5,10,1.3,5.5,10,1.33,5,9,1.3,5.53,10.99,1.29,5,11,1.29,5.25,10,1.33,5.61,11,1.29,5.33,10.1
B1,19/03/2022,15:15,Eupen,Mechelen,1,1,32,16,6,19.2,11.5,69.2,D,1,1,D,12,22,5,6,3,7,6,12,3,0,1,0,2.9,3.5,2.3,2.85,3.5,2.35,2.8,3.45,2.3,2.87,3.75,2.33,2.8,3.5,2.35,2.88,3.4,2.3,2.9,3.77,2.38,2.83,3.59,2.32
B1,19/03/2022,17:30,Charleroi,Cercle Brugge,5,0,32,7,9,53.8,34.6,11.5,H,4,0,H,12,9,11,4,18,4,2,3,2,0,0,1,2.5,3.5,2.7,2.4,3.5,2.8,2.45,3.35,2.65,2.56,3.49,2.72,2.4,3.4,2.8,2.45,3.25,2.8,2.6,3.56,2.8,2.48,3.43,2.72
B1,19/03/2022,17:30,Seraing,Oud-Heverlee Leuven,1,1,32,17,11,3.8,26.9,69.2,D,0,0,D,12,12,3,5,11,13,3,3,2,1,0,0,2.9,3.4,2.37,2.85,3.5,2.35,2.75,3.4,2.35,2.78,3.59,2.46,3,3.5,2.25,2.9,3.3,2.38,2.9,3.67,2.5,2.79,3.5,2.39
B1,19/03/2022,19:45,Antwerp,Waregem,1,0,32,4,15,96.2,0,3.8,H,0,0,D,19,5,7,2,6,4,4,0,1,2,0,0,1.4,4.75,6,1.46,4.6,6.5,1.45,4.7,6,1.45,4.74,6.65,,,,1.44,4.5,6.5,1.48,4.9,7,1.44,4.67,6.41
B1,20/03/2022,12:30,Club Brugge,Genk,3,1,32,2,8,88.9,11.1,0,H,1,1,D,14,10,5,2,9,15,10,6,1,4,0,1,1.7,3.8,4.5,1.73,4.1,4.2,1.7,4,4,1.74,4.26,4.23,1.7,3.9,4.4,1.7,3.9,4.4,1.77,4.33,4.5,1.72,4.06,4.21
B1,20/03/2022,15:00,Kortrijk,Standard,0,1,32,12,13,29.6,37,33.3,A,0,0,D,12,10,1,3,16,19,2,6,0,3,0,0,2.5,3.25,2.87,2.45,3.4,2.8,2.45,3.3,2.75,2.39,3.6,2.87,2.45,3.3,2.8,2.45,3.25,2.8,2.5,3.65,2.87,2.43,3.43,2.79
B1,20/03/2022,17:30,Gent,Anderlecht,1,0,32,5,3,14.8,44.4,40.7,H,0,0,D,5,19,2,7,2,6,4,5,0,2,0,0,2.3,3.4,3,2.35,3.1,3.2,2.3,3.3,2.9,2.32,3.26,3.26,2.3,3.25,3.1,2.3,3.2,3.1,2.43,3.54,3.29,2.31,3.29,3.06
B1,20/03/2022,20:00,St Truiden,Beerschot VA,3,2,32,10,18,85.2,11.1,3.7,H,2,1,H,18,10,4,5,10,8,7,6,1,2,0,0,1.53,4,6,1.55,4.2,5.75,1.55,4.1,5.75,1.56,4.21,5.87,1.57,3.9,5.5,1.55,4,5.75,1.6,4.4,6,1.55,4.11,5.69
B1,01/04/2022,19:45,Beerschot VA,Club Brugge,1,3,33,18,2,0,3.8,96.2,A,0,1,A,4,22,1,10,10,8,2,5,1,0,0,0,10,5.75,1.22,11,6.25,1.25,10,6.25,1.25,10.63,6.51,1.26,10,5.25,1.29,11.5,6,1.22,12,6.75,1.26,10.86,6.25,1.24
B1,02/04/2022,15:15,Waregem,St Truiden,0,2,33,16,9,30.8,11.5,57.7,A,0,0,D,9,15,0,7,12,13,1,4,4,2,0,1,2.87,3.3,2.5,2.8,3.4,2.45,2.7,3.35,2.4,2.79,3.47,2.52,2.7,3.4,2.45,2.75,3.25,2.5,2.87,3.6,2.53,2.76,3.4,2.46
B1,02/04/2022,17:30,Mechelen,Kortrijk,3,2,33,7,12,76.9,7.7,15.4,H,1,1,D,15,15,7,5,7,11,11,6,0,2,0,0,1.66,4,4.33,1.68,4,4.6,1.7,4,4.5,1.7,4.29,4.42,1.65,3.9,4.8,1.65,3.9,4.75,1.72,4.33,4.75,1.68,4.05,4.51
B1,02/04/2022,17:30,Oostende,Seraing,2,2,33,14,17,88.5,7.7,3.8,D,1,1,D,13,7,2,4,9,6,6,4,2,1,0,0,2.2,3.6,3.1,2.2,3.5,3.1,2.2,3.45,3,2.29,3.47,3.14,2.2,3.4,3.1,2.25,3.3,3.1,2.32,3.71,3.25,2.23,3.49,3.06
B1,02/04/2022,19:45,Oud-Heverlee Leuven,Antwerp,0,1,33,11,3,0,11.5,88.5,A,0,1,A,16,9,5,3,11,11,6,3,1,3,0,0,3.4,3.75,2,3.4,3.75,2,3.25,3.6,2.05,3.36,3.81,2.06,3.1,3.5,2.15,3.4,3.4,2.1,3.5,3.85,2.1,3.34,3.69,2.03
B1,03/04/2022,12:30,Standard,St. Gilloise,1,3,33,13,1,7.7,7.7,84.6,A,1,1,D,5,13,1,5,18,12,4,7,4,2,0,0,4.33,4,1.66,5,3.7,1.68,4.4,3.75,1.7,5.18,3.89,1.67,4.6,3.5,1.75,4.6,3.7,1.73,5.3,4,1.74,4.93,3.77,1.68
B1,03/04/2022,15:00,Cercle Brugge,Gent,2,2,33,10,4,15.4,30.8,53.8,D,1,2,A,15,10,3,6,14,8,7,4,4,1,0,1,3.2,3.4,2.15,3.3,3.5,2.1,3.15,3.4,2.15,3.41,3.58,2.12,3.1,3.3,2.25,3.3,3.3,2.1,3.45,3.63,2.2,3.31,3.45,2.12
B1,03/04/2022,17:30,Anderlecht,Charleroi,4,0,33,5,6,88.5,11.5,0,H,1,0,H,20,1,11,0,8,14,5,2,1,2,0,0,1.5,4.75,5.75,1.49,4.5,6.25,1.47,4.5,6,1.47,4.66,6.52,1.47,4.2,6.5,1.45,4.4,6.5,1.5,4.75,6.75,1.47,4.56,6.23
B1,03/04/2022,20:00,Genk,Eupen,5,0,33,8,15,96.2,3.8,0,H,2,0,H,14,5,9,2,11,10,4,2,2,1,0,0,1.4,4.75,7,1.43,4.75,7,1.43,4.8,6.75,1.39,4.97,7.57,1.38,4.75,7.5,1.4,4.6,7,1.44,5.1,7.9,1.4,4.84,7.02
B1,09/04/2022,17:30,Eupen,Oostende,0,2,34,15,14,50,42.3,7.7,A,0,1,A,9,16,1,8,14,9,5,3,4,3,0,1,2.45,3.4,2.55,2.5,3.4,2.7,2.5,3.4,2.6,,,,,,,2.55,3.3,2.7,2.6,3.7,2.8,2.49,3.46,2.67
B1,09/04/2022,19:45,Antwerp,Cercle Brugge,1,1,34,3,10,92.3,7.7,0,D,0,0,D,24,5,7,1,6,11,9,2,0,1,0,0,1.95,3.3,3.6,2,3.5,3.5,2.05,3.5,3.3,2,3.79,3.55,,,,2,3.5,3.5,2.07,3.82,3.6,2.01,3.6,3.48
B1,10/04/2022,17:30,Charleroi,Waregem,3,0,34,7,16,82.1,17.9,0,H,3,0,H,15,9,7,3,9,11,7,3,0,2,0,0,1.45,4,6,1.51,4.33,6.25,1.47,4.5,6,1.51,4.42,6.27,,,,1.5,4.2,6,1.53,5,6.4,1.49,4.39,6.07
B1,10/04/2022,17:30,Club Brugge,Mechelen,2,0,34,2,6,100,0,0,H,1,0,H,22,8,8,0,8,6,7,4,2,1,0,0,1.3,5,8,1.34,5.5,8,1.33,5.5,7.5,1.35,5.2,8.35,,,,1.33,5.25,8,1.38,5.6,8.5,1.34,5.25,7.94
B1,10/04/2022,17:30,Gent,Oud-Heverlee Leuven,5,0,34,5,11,82.1,17.9,0,H,1,0,H,26,7,12,3,7,13,6,3,0,4,0,0,1.22,6,9.5,1.23,6.5,12,1.25,6.5,10,1.24,6.26,11.14,,,,1.2,6,13,1.25,6.75,13,1.22,6.32,11.69
B1,10/04/2022,17:30,Kortrijk,Anderlecht,2,3,34,12,4,3.6,3.6,92.9,A,1,1,D,15,15,5,9,10,6,7,3,1,1,0,0,7,4.75,1.33,7.25,4.8,1.42,7,5,1.4,7.85,4.61,1.41,,,,7.5,4.6,1.4,8.2,5.1,1.48,7.4,4.76,1.39
B1,10/04/2022,17:30,Seraing,Genk,0,2,34,17,8,3.6,0,96.4,A,0,1,A,4,13,2,6,3,13,4,7,0,2,1,0,5.75,4.2,1.5,6.25,4.5,1.49,6,4.5,1.5,6.67,4.55,1.47,,,,6.5,4.4,1.45,7,4.86,1.51,6.25,4.54,1.46
B1,10/04/2022,17:30,St. Gilloise,Beerschot VA,5,0,34,1,18,92.9,3.6,3.6,H,,,,,,,,,,,,,,,,1.14,7.5,12,1.17,7.5,17.5,1.17,7.5,15,1.16,7.51,16.65,,,,1.14,7.5,17,1.17,8,18,1.16,7.38,15.96
B1,10/04/2022,17:30,St Truiden,Standard,3,0,34,9,13,35.7,32.1,32.1,H,2,0,H,15,11,5,2,12,15,5,2,2,3,0,0,1.83,3.4,4,1.88,3.6,4,1.85,3.55,3.75,1.92,3.72,3.92,,,,1.87,3.6,3.9,1.94,3.75,4,1.89,3.61,3.89
B1,22/07/2022,19:45,Standard,Gent,2,2,1,6,5,23.3,53.3,23.3,D,1,0,H,7,25,3,9,14,13,2,12,5,2,1,0,4.2,3.6,1.85,4,3.5,1.9,3.8,3.45,1.9,4.27,3.67,1.89,3.6,3.4,2,4.1,3.5,1.85,4.7,3.69,1.91,4.07,3.53,1.88
B1,23/07/2022,15:00,Charleroi,Eupen,3,1,1,9,15,86.2,10.3,3.4,H,1,0,H,12,8,5,7,10,12,2,1,2,1,0,0,1.61,3.6,4.75,1.68,4,4.75,1.67,3.95,4.6,1.68,4.35,4.69,1.75,3.8,4.2,1.65,3.9,4.8,1.75,4.4,4.8,1.67,4.05,4.59
B1,23/07/2022,17:15,Kortrijk,Oud-Heverlee Leuven,0,2,1,14,10,35.5,38.7,25.8,A,0,0,D,15,19,2,6,14,13,6,4,3,0,0,0,2.37,3.2,2.87,2.35,3.5,2.87,2.35,3.4,2.8,2.47,3.65,2.81,2.3,3.5,2.88,2.4,3.4,2.8,2.47,3.74,2.9,2.39,3.51,2.79
B1,23/07/2022,17:15,Waregem,Seraing,2,0,1,17,18,83.9,16.1,0,H,0,0,D,18,2,8,0,14,17,7,0,1,1,0,0,2.15,3.5,2.9,2.2,3.5,3.1,2.2,3.5,2.9,2.2,3.83,3.14,2.25,3.4,3,2.15,3.5,3.1,2.35,3.83,3.15,2.2,3.58,3.03
B1,23/07/2022,19:45,St Truiden,St. Gilloise,1,1,1,12,2,16.1,19.4,64.5,D,1,0,H,11,14,3,3,9,11,0,5,1,4,0,0,4.33,3.2,1.85,4.1,3.5,1.9,3.9,3.35,1.9,4.13,3.62,1.93,4,3.4,1.91,4,3.4,1.9,4.45,3.65,1.97,3.98,3.48,1.91
B1,24/07/2022,12:30,Club Brugge,Genk,3,2,1,4,1,80.6,9.7,9.7,H,1,1,D,15,16,5,10,7,17,4,3,1,2,0,0,1.72,3.75,4.2,1.77,4.1,4,1.73,4,3.9,1.76,4.33,4.2,1.78,3.9,4,1.73,4,4.1,1.79,4.33,4.65,1.74,4.1,4.08
B1,24/07/2022,15:00,Mechelen,Antwerp,0,2,1,13,3,22.6,22.6,54.8,A,0,2,A,13,9,2,3,10,9,6,2,1,1,0,0,2.55,3.25,2.5,2.6,3.6,2.55,2.6,3.45,2.55,2.63,3.77,2.51,2.55,3.2,2.75,2.6,3.5,2.5,2.85,3.82,2.65,2.61,3.56,2.5
B1,24/07/2022,17:30,Anderlecht,Oostende,2,0,1,11,16,96.8,3.2,0,H,1,0,H,13,8,3,1,9,8,7,5,0,4,0,1,1.25,5.5,9,1.3,5.5,9.75,1.27,6,9.5,1.3,5.79,8.87,1.3,5.25,9,1.25,5.75,10.5,1.32,6,11,1.27,5.73,9.61
B1,24/07/2022,20:00,Westerlo,Cercle Brugge,2,0,1,7,8,16.1,48.4,35.5,H,1,0,H,18,4,8,0,12,20,3,4,1,5,0,1,2.5,3.2,2.7,2.6,3.4,2.6,2.5,3.25,2.65,2.61,3.39,2.74,2.7,3.3,2.5,2.55,3.25,2.7,2.8,3.57,2.79,2.56,3.32,2.68
B1,29/07/2022,19:45,St. Gilloise,Charleroi,1,0,2,8,3,51.7,24.1,24.1,H,0,0,D,16,5,6,4,11,5,8,4,2,1,0,0,1.65,4,5,1.7,3.9,5,1.75,3.65,4.6,1.68,3.96,5.24,,,,1.65,3.9,4.8,1.83,4.02,5.24,1.68,3.87,4.88
B1,30/07/2022,15:00,Cercle Brugge,Anderlecht,1,0,2,14,2,0,3.2,96.8,H,0,0,D,13,5,5,0,11,15,8,1,0,5,0,1,3.6,3.4,1.9,3.5,3.5,2.05,3.45,3.45,2,3.81,3.68,2,,,,3.7,3.5,1.95,3.92,3.68,2.05,3.62,3.53,1.99
B1,30/07/2022,17:15,Oostende,Mechelen,2,1,2,15,13,43.8,31.3,25,H,2,0,H,9,19,7,7,5,14,6,9,0,2,1,0,2.62,3.4,2.4,2.75,3.5,2.45,2.65,3.4,2.45,2.79,3.72,2.46,,,,2.7,3.4,2.45,2.85,3.72,2.53,2.71,3.5,2.44
B1,30/07/2022,17:15,Oud-Heverlee Leuven,Westerlo,2,0,2,4,6,59.4,25,15.6,H,1,0,H,11,14,5,0,11,15,5,6,2,3,0,1,2.5,3.4,2.62,2.5,3.4,2.75,2.45,3.35,2.75,2.56,3.63,2.73,,,,2.55,3.4,2.63,2.56,3.65,3.03,2.48,3.44,2.72
B1,30/07/2022,19:45,Gent,St Truiden,1,1,2,9,10,87.5,12.5,0,D,1,0,H,13,11,4,7,14,12,3,6,2,2,0,0,1.5,4.2,5.5,1.57,4,5.25,1.53,4.1,6,1.53,4.31,6.61,,,,1.5,4,6.5,1.57,4.33,6.61,1.54,4.08,6.04
B1,31/07/2022,12:30,Genk,Standard,3,1,2,12,11,48.5,45.5,6.1,H,3,1,H,16,10,5,2,15,11,7,4,3,4,0,0,1.5,4.2,5.25,1.53,4.33,5.25,1.53,4.3,5.75,1.52,4.35,6.15,,,,1.5,4.2,6,1.55,4.5,6.3,1.51,4.31,5.82
B1,31/07/2022,15:00,Eupen,Club Brugge,2,1,2,17,7,0,3,97,H,2,1,H,13,13,6,5,18,13,5,7,4,2,1,0,5.25,4.75,1.5,5.75,4.6,1.49,6,4.7,1.45,6.13,4.92,1.46,,,,6,4.6,1.44,7,5.2,1.5,6,4.75,1.46
B1,31/07/2022,17:30,Seraing,Kortrijk,0,1,2,18,16,29.4,29.4,41.2,A,0,0,D,18,7,4,3,17,9,3,4,2,2,1,1,2.87,3.4,2.25,2.65,3.3,2.45,2.8,3.3,2.35,2.92,3.45,2.43,,,,2.9,3.3,2.38,3,3.47,2.48,2.86,3.34,2.4
B1,31/07/2022,20:00,Antwerp,Waregem,1,0,2,1,5,85.3,8.8,5.9,H,0,0,D,17,12,7,4,6,14,3,6,2,3,0,1,1.36,4.5,7,1.4,4.8,7.5,1.37,4.9,7.25,1.4,5.15,7.14,,,,1.36,4.8,8,1.44,5.3,8,1.38,4.91,7.28
B1,05/08/2022,19:45,Club Brugge,Waregem,1,1,3,8,7,100,0,0,D,0,0,D,23,7,7,4,7,17,7,4,2,3,0,0,1.22,6,9,1.29,6.25,9.25,1.27,6,10,1.27,6.84,9.3,,,,1.25,6,10.5,1.29,6.9,10.5,1.26,6.39,9.28
B1,06/08/2022,15:00,Genk,Eupen,4,2,3,5,13,97.1,2.9,0,H,3,1,H,24,9,14,5,9,15,8,2,0,3,0,1,1.36,5,6.5,1.37,5.25,7.25,1.35,5.25,7,1.35,5.76,8.06,,,,1.33,5.25,7.5,1.38,5.8,8.25,1.35,5.3,7.43
B1,06/08/2022,17:15,Charleroi,Oostende,1,3,3,6,11,80,17.1,2.9,A,0,1,A,15,9,3,6,11,7,9,5,2,1,0,0,1.6,3.8,5,1.63,4,5,1.6,4,5,1.62,4.38,5.23,,,,1.6,4,5.25,1.7,4.38,5.25,1.61,4.1,5.04
B1,06/08/2022,17:15,Kortrijk,St Truiden,0,0,3,12,15,34.3,34.3,31.4,D,0,0,D,10,18,4,2,12,16,4,6,0,1,0,0,3,3.2,2.3,3,3.3,2.35,2.95,3.2,2.35,3.27,3.32,2.34,,,,3.1,3.25,2.3,3.3,3.45,2.4,3.07,3.26,2.33
B1,06/08/2022,19:45,Mechelen,St. Gilloise,3,0,3,17,3,17.1,8.6,74.3,H,1,0,H,6,6,4,2,14,12,3,5,2,5,0,0,3,3.5,2.1,3.2,3.4,2.15,3,3.55,2.2,3.29,3.68,2.18,,,,3.13,3.6,2.1,3.31,3.77,2.2,3.14,3.58,2.14
B1,07/08/2022,12:30,Standard,Cercle Brugge,2,0,3,16,10,71.4,17.1,11.4,H,2,0,H,10,6,7,3,15,17,6,6,1,2,0,0,2.55,3.2,2.55,2.7,3.5,2.45,2.6,3.3,2.5,2.78,3.54,2.56,,,,2.7,3.3,2.5,2.9,3.56,2.6,2.7,3.38,2.51
B1,07/08/2022,15:00,Gent,Westerlo,2,1,3,14,9,74.3,17.1,8.6,H,2,1,H,15,9,5,3,11,10,10,7,2,0,0,0,1.61,4,4.75,1.65,4,5,1.65,3.9,4.8,1.68,3.82,5.2,,,,1.65,3.9,4.8,1.7,4.1,5.3,1.66,3.9,4.9
B1,07/08/2022,17:30,Anderlecht,Seraing,3,1,3,4,8,100,0,0,H,3,0,H,12,5,6,2,14,8,2,1,1,1,0,0,1.25,5.5,11,1.27,6,10.5,1.25,6,10,1.27,5.82,9.95,,,,1.22,5.75,11.5,1.3,6.04,11.5,1.26,5.84,10.28
B1,07/08/2022,20:00,Antwerp,Oud-Heverlee Leuven,4,2,3,2,1,74.3,17.1,8.6,H,2,1,H,17,8,4,4,7,11,8,7,2,1,0,0,1.61,4,4.75,1.65,4,5,1.6,4,4.9,1.59,4.35,5.25,,,,1.57,4.1,5.25,1.65,4.4,5.4,1.6,4.17,5.05
B1,12/08/2022,19:45,Oostende,Gent,1,3,4,5,6,20,42.9,37.1,A,1,2,A,8,13,2,7,9,7,2,6,3,1,0,0,4.75,3.75,1.7,4.8,3.9,1.71,4.7,3.9,1.65,4.87,4.21,1.68,,,,4.8,3.9,1.65,4.9,4.21,1.71,4.74,4,1.66
B1,13/08/2022,15:00,Westerlo,Standard,4,2,4,14,9,17.1,2.9,79.4,H,1,0,H,14,12,5,6,3,11,4,6,2,6,0,1,2.05,3.4,3.5,2.1,3.3,3.6,2.05,3.3,3.35,2.1,3.42,3.75,,,,2.05,3.3,3.6,2.15,3.61,3.75,2.07,3.37,3.53
B1,13/08/2022,17:15,Cercle Brugge,Mechelen,0,0,4,15,12,50,25,25,D,0,0,D,12,10,2,4,9,13,8,8,1,3,0,0,2.1,3.6,3.3,2.1,3.5,3.3,2.1,3.5,3.2,2.15,3.7,3.36,,,,2.1,3.4,3.3,2.15,3.76,3.4,2.1,3.55,3.29
B1,13/08/2022,17:15,Seraing,Charleroi,0,1,4,18,13,8.3,25,66.7,A,0,0,D,11,13,3,5,8,13,4,6,2,2,0,0,4.33,3.5,1.8,4.2,3.7,1.82,3.8,3.65,1.85,4.22,3.83,1.82,,,,4.2,3.6,1.8,4.33,4,1.87,4.07,3.72,1.83
B1,13/08/2022,19:45,St. Gilloise,Kortrijk,2,1,4,11,10,91.7,8.3,0,H,1,0,H,17,6,9,2,22,11,5,1,0,3,0,0,1.4,4.75,7,1.46,4.5,6.75,1.43,4.5,6.75,1.46,4.65,6.61,,,,1.4,4.33,7.5,1.47,4.75,7.5,1.44,4.53,6.84
B1,14/08/2022,12:30,St Truiden,Anderlecht,0,3,4,17,2,8.3,8.3,83.3,A,0,2,A,12,10,6,7,13,11,6,5,4,3,0,0,3.6,3.5,2,3.7,3.5,2,3.45,3.45,2.05,3.59,3.5,2.08,,,,3.6,3.4,2,3.7,3.59,2.11,3.53,3.46,2.04
B1,14/08/2022,15:00,Eupen,Antwerp,0,1,4,16,1,2.8,5.6,91.7,A,0,0,D,16,9,5,3,12,9,6,3,4,0,0,0,4,3.6,1.85,3.8,3.75,1.88,3.55,3.65,1.95,3.65,3.85,1.95,,,,3.75,3.6,1.9,4,4,1.98,3.65,3.75,1.91
B1,14/08/2022,17:30,Oud-Heverlee Leuven,Club Brugge,0,3,4,4,8,5.6,22.2,72.2,A,0,2,A,13,12,2,6,6,12,7,5,3,2,0,0,5.25,3.75,1.65,4.5,4.2,1.68,4.6,4,1.65,4.62,4.19,1.68,,,,4.75,4,1.65,5.25,4.31,1.69,4.55,4.12,1.67
B1,14/08/2022,20:00,Waregem,Genk,1,4,4,7,3,2.8,16.7,80.6,A,1,3,A,15,15,6,6,14,16,4,8,4,2,0,0,4.33,3.8,1.72,4.2,4,1.75,3.85,3.9,1.75,4.19,4.41,1.71,,,,4.2,3.9,1.73,4.33,4.5,1.79,4.11,4.09,1.74
B1,19/08/2022,19:45,Eupen,Seraing,1,3,5,16,18,75,21.9,3.1,A,0,3,A,12,16,5,7,17,10,7,6,5,3,0,0,1.7,3.8,4.75,1.75,3.8,4.6,1.73,3.8,4.3,1.73,4.03,4.74,,,,1.7,3.8,4.6,1.75,4.03,5,1.71,3.84,4.58
B1,20/08/2022,15:00,Oostende,St Truiden,0,1,5,10,17,64.1,14.7,20.6,A,0,1,A,12,9,6,3,12,16,5,5,2,4,0,0,3.2,3.25,2.25,3.1,3.3,2.3,3.05,3.25,2.25,3.22,3.5,2.29,,,,3.13,3.2,2.3,3.38,3.5,2.31,3.12,3.33,2.27
B1,20/08/2022,17:15,Genk,Cercle Brugge,2,1,5,3,15,94.3,5.7,0,H,1,0,H,15,9,5,2,7,19,7,5,1,1,0,0,1.61,4.33,4.5,1.61,4.2,5,1.57,4.2,5,1.62,4.17,5.53,,,,1.6,4,5.25,1.64,4.4,5.8,1.59,4.17,5.14
B1,21/08/2022,12:30,Club Brugge,Kortrijk,2,1,5,5,12,100,0,0,H,2,1,H,29,9,12,2,16,12,15,2,3,3,0,1,1.33,5,9.5,1.33,5.5,8.5,1.33,5.5,8.25,1.29,6.02,10.23,,,,1.3,5.25,9,1.33,6.02,10.5,1.31,5.5,9
B1,21/08/2022,15:00,Waregem,Charleroi,1,3,5,14,8,13.9,38.9,47.2,A,1,1,D,9,15,4,6,5,7,2,5,2,0,0,0,3.1,3.75,2.15,3.1,3.6,2.05,3,3.6,2.1,3.11,3.85,2.16,,,,3.2,3.6,2.1,3.3,3.9,2.17,3.12,3.7,2.13
B1,21/08/2022,17:30,Standard,Oud-Heverlee Leuven,1,3,5,13,9,69.4,25,5.6,A,0,2,A,25,7,8,5,11,15,10,3,3,4,0,1,1.95,3.75,3.4,2,3.7,3.4,2.05,3.65,3.2,2.01,3.78,3.51,,,,2,3.6,3.4,2.1,3.83,3.55,2.02,3.68,3.39
B1,21/08/2022,20:00,Mechelen,Westerlo,5,4,5,11,7,61.1,25,13.9,H,1,1,D,14,14,7,8,11,7,4,5,1,2,0,0,2.62,3.25,2.7,2.55,3.4,2.65,2.5,3.35,2.55,2.49,3.65,2.71,,,,2.55,3.3,2.7,2.62,3.69,2.8,2.51,3.46,2.66
B1,26/08/2022,19:45,Charleroi,Club Brugge,1,3,6,6,4,0,17.2,82.8,A,1,2,A,21,16,6,6,9,6,2,5,1,0,0,0,3.6,3.8,1.95,3.7,3.75,1.93,3.4,3.65,1.97,3.7,3.79,2,,,,3.5,3.7,1.95,4.05,3.97,2.01,3.59,3.74,1.95
B1,27/08/2022,15:00,Seraing,Genk,0,4,6,17,2,3.3,0,96.7,A,0,1,A,10,11,3,4,10,13,5,2,2,3,0,0,5.75,4.5,1.5,5.25,4.33,1.44,5.75,4.5,1.5,6.01,4.54,1.54,,,,6,4.2,1.5,6.01,4.75,1.55,5.73,4.5,1.5
B1,27/08/2022,17:15,Cercle Brugge,Waregem,1,1,6,14,16,53.3,43.3,3.3,D,1,1,D,23,8,6,4,10,16,6,4,1,2,0,0,1.75,3.75,4.5,1.82,3.8,4.1,1.75,3.85,3.95,1.81,4,4.28,,,,1.8,3.6,4.2,1.82,4.1,4.55,1.78,3.87,4.16
B1,27/08/2022,17:15,Oud-Heverlee Leuven,Oostende,2,1,6,7,11,83.3,10,6.7,H,0,1,A,11,15,6,5,9,15,2,7,1,3,0,0,1.95,3.5,3.6,2,3.7,3.4,2,3.65,3.25,2.04,3.82,3.56,,,,2,3.4,3.5,2.15,3.85,3.6,2.01,3.68,3.4
B1,27/08/2022,19:45,St Truiden,Mechelen,3,1,6,12,8,26.7,40,33.3,H,0,0,D,10,2,4,2,10,15,4,3,1,3,0,0,2.1,3.3,3.4,2.1,3.5,3.3,2.1,3.4,3.2,2.24,3.46,3.35,,,,2.2,3.2,3.2,2.24,3.63,3.5,2.15,3.44,3.27
B1,28/08/2022,12:30,Gent,Antwerp,1,2,6,3,1,20,40,40,A,1,2,A,15,6,4,4,12,11,6,2,2,3,0,0,1.9,3.6,3.75,1.95,3.7,3.6,1.95,3.65,3.45,1.99,3.43,4.15,,,,1.95,3.4,3.7,2.09,3.85,4.15,1.95,3.59,3.7
B1,28/08/2022,15:00,Kortrijk,Standard,0,1,6,13,15,19.4,35.5,45.2,A,0,0,D,6,16,2,5,10,19,4,9,4,3,1,0,2.7,3.25,2.62,2.5,3.5,2.65,2.55,3.4,2.5,2.71,3.59,2.53,,,,2.7,3.25,2.55,2.71,3.63,2.75,2.62,3.45,2.55
B1,28/08/2022,17:30,St. Gilloise,Anderlecht,2,1,6,9,5,16.1,9.7,74.2,H,2,1,H,11,9,6,5,11,8,7,7,3,1,0,0,2.25,3.3,3.2,2.2,3.6,3.1,2.2,3.5,2.95,2.17,3.55,3.3,,,,2.25,3.3,3.13,2.27,3.71,3.33,2.19,3.5,3.13
B1,28/08/2022,20:00,Westerlo,Eupen,0,1,6,10,18,77.4,12.9,9.7,A,0,0,D,7,15,5,2,10,15,5,10,2,1,0,0,1.85,3.5,4.2,1.82,3.6,4.2,1.83,3.6,3.95,,,,,,,1.8,3.5,4.33,1.97,3.81,4.33,1.84,3.59,4.16
B1,31/08/2022,19:30,Antwerp,St. Gilloise,4,2,5,1,6,64.9,18.9,16.2,H,4,1,H,10,8,4,3,11,10,4,3,2,0,0,2,2.75,3.25,2.55,2.6,3.3,2.7,2.6,3.3,2.5,2.82,3.45,2.58,,,,2.8,3.2,2.5,2.87,3.5,2.7,2.72,3.37,2.52
B1,01/09/2022,19:30,Anderlecht,Gent,0,1,5,2,4,73.7,21.1,5.3,A,0,0,D,10,10,1,5,10,13,5,3,2,2,0,0,2.2,3.4,3.3,2.15,3.4,3.3,2.2,3.4,3.05,2.11,3.64,3.37,,,,2.15,3.3,3.3,2.25,3.75,3.38,2.12,3.54,3.23
B1,02/09/2022,19:45,Club Brugge,Cercle Brugge,4,0,7,3,15,100,0,0,H,1,0,H,8,13,4,2,10,18,7,4,1,2,0,0,1.6,4.33,4.5,1.61,4.33,5.25,1.6,4.2,4.9,1.6,4.34,5.56,,,,1.57,4.1,5.25,1.62,4.35,6,1.59,4.18,5.15
B1,03/09/2022,15:00,Genk,St Truiden,0,0,7,2,9,96.7,0,3.3,D,0,0,D,17,8,4,3,13,12,8,6,1,3,0,0,1.65,4,5,1.63,4.1,5,1.63,4,4.8,1.66,4.18,5.11,,,,1.65,3.9,4.8,1.7,4.2,5.11,1.65,4.03,4.82
B1,03/09/2022,17:15,Eupen,Kortrijk,0,1,7,14,17,70,23.3,6.7,A,0,0,D,21,14,5,3,16,7,8,4,5,3,0,0,2.25,3.4,3.1,2.25,3.5,3.1,2.2,3.35,3,2.27,3.52,3.24,,,,2.25,3.3,3.13,2.4,3.71,3.24,2.23,3.43,3.09
B1,03/09/2022,17:15,Mechelen,Seraing,2,3,7,10,18,76.7,20,3.3,A,2,1,H,8,6,5,2,14,17,9,3,2,2,0,0,1.57,4.33,5.25,1.58,4.2,5.25,1.57,4.2,5.25,1.56,4.45,5.83,,,,1.55,4,5.75,1.6,4.5,6.5,1.56,4.27,5.41
B1,03/09/2022,19:45,Standard,Oostende,1,0,7,11,13,87.1,9.7,3.2,H,0,0,D,15,14,5,5,10,7,5,4,2,2,0,0,2,3.5,3.75,2.05,3.6,3.4,2.05,3.55,3.35,1.99,3.82,3.7,,,,1.95,3.5,3.6,2.14,3.84,3.75,2,3.64,3.5
B1,04/09/2022,12:30,Anderlecht,Oud-Heverlee Leuven,2,2,7,7,4,86.7,10,3.3,D,0,1,A,21,12,6,4,11,13,12,2,3,1,0,0,1.4,5,8.5,1.38,5.25,7.5,1.37,5.25,7,1.38,5.41,7.85,,,,1.33,5,8,1.4,5.41,8.5,1.37,5.12,7.46
B1,04/09/2022,15:00,Antwerp,Westerlo,3,0,7,1,12,96.7,0,3.3,H,1,0,H,12,11,3,3,10,8,3,6,0,2,0,0,1.9,4,3.6,1.95,3.6,3.75,1.95,3.65,3.5,1.91,3.81,3.84,,,,1.9,3.5,3.9,1.97,4,4,1.91,3.68,3.76
B1,04/09/2022,17:30,Charleroi,Gent,2,1,7,8,5,13.3,46.7,40,H,1,1,D,14,9,7,1,6,6,4,4,2,0,0,1,3.4,3.4,2.1,3.3,3.5,2.15,3.05,3.4,2.15,3.31,3.72,2.11,,,,3.3,3.4,2.1,3.55,3.75,2.2,3.25,3.54,2.11
B1,04/09/2022,20:00,Waregem,St. Gilloise,1,3,7,16,6,6.7,10,83.3,A,0,1,A,9,12,1,4,14,16,7,3,3,3,0,1,5.25,3.75,1.65,4.6,3.8,1.73,4.4,3.8,1.7,4.71,4.12,1.68,,,,5,3.75,1.67,5.25,4.2,1.74,4.66,3.92,1.69
B1,09/09/2022,19:45,St Truiden,Standard,1,2,8,10,9,24,44,32,A,0,2,A,22,11,5,2,12,14,7,0,0,3,0,0,2.15,3.3,3.3,2.2,3.4,3.3,2.15,3.35,3.15,2.23,3.42,3.42,,,,2.15,3.3,3.25,2.23,3.53,3.65,2.17,3.41,3.26
B1,10/09/2022,15:00,Kortrijk,Mechelen,1,4,8,12,11,31,31,37.9,A,0,2,A,12,10,3,5,7,13,10,3,3,5,0,0,2.6,3.4,2.6,2.55,3.6,2.55,2.55,3.5,2.55,2.65,3.79,2.55,,,,2.6,3.4,2.55,2.66,3.79,2.75,2.59,3.58,2.53
B1,10/09/2022,17:15,Oostende,Eupen,1,0,8,13,15,51.7,37.9,10.3,H,0,0,D,10,13,5,3,14,19,3,6,5,3,1,0,2.1,3.6,3.3,2.1,3.7,3.2,2.1,3.6,3.05,2.12,3.85,3.32,,,,2.1,3.5,3.25,2.25,3.88,3.32,2.1,3.68,3.18
B1,10/09/2022,17:15,Seraing,Club Brugge,0,2,8,16,3,0,3.4,96.6,A,0,0,D,4,11,1,4,20,9,2,1,4,2,0,0,7.5,4.75,1.4,6.5,4.75,1.46,6.5,4.7,1.43,7.6,4.73,1.44,,,,7,4.6,1.4,8.25,4.8,1.47,6.87,4.66,1.43
B1,10/09/2022,19:45,Oud-Heverlee Leuven,Charleroi,3,2,8,4,6,63.3,23.3,13.3,H,1,1,D,10,7,4,5,10,14,2,1,1,4,0,0,2.75,3.5,2.37,2.7,3.75,2.35,2.65,3.7,2.3,2.84,3.87,2.36,,,,2.8,3.6,2.3,3,3.87,2.38,2.76,3.72,2.32
B1,11/09/2022,12:30,Westerlo,Anderlecht,2,1,8,14,8,3.4,3.4,93.1,H,1,0,H,13,12,6,3,9,15,1,6,2,3,0,0,2.8,3.3,2.45,2.8,3.5,2.4,2.7,3.35,2.4,2.94,3.58,2.35,,,,2.8,3.4,2.38,3.2,3.64,2.45,2.84,3.47,2.36
B1,11/09/2022,15:00,Cercle Brugge,Antwerp,0,2,8,18,1,0,0,100,A,0,1,A,13,11,6,4,9,13,3,3,1,3,0,0,2.8,3.4,2.4,2.85,3.5,2.37,2.75,3.4,2.4,2.98,3.6,2.32,,,,2.9,3.3,2.38,3,3.66,2.4,2.88,3.48,2.33
B1,11/09/2022,17:30,St. Gilloise,Genk,1,2,8,5,2,36.7,23.3,40,A,0,1,A,10,14,3,4,14,12,4,5,4,3,0,0,2.05,3.5,3.4,2.1,3.6,3.2,2.05,3.55,3.15,2.13,3.6,3.36,,,,2.1,3.5,3.3,2.15,3.8,3.45,2.09,3.57,3.28
B1,11/09/2022,20:00,Gent,Waregem,2,0,8,7,17,93.3,3.3,3.3,H,0,0,D,23,5,6,1,7,10,4,4,0,2,0,0,1.33,5,8,1.35,5.25,8,1.35,5.25,8,1.36,5.34,7.68,,,,1.33,5,8.5,1.38,5.5,8.55,1.35,5.14,7.79
B1,16/09/2022,19:45,Antwerp,Seraing,2,1,9,1,16,96.7,3.3,0,H,2,1,H,12,10,4,2,12,12,5,3,3,2,0,0,1.33,5.25,8,1.33,5.25,9.25,1.33,5.25,8,1.34,5.48,9.11,,,,1.3,5.25,9,1.35,5.6,9.3,1.33,5.23,8.53
B1,17/09/2022,15:00,Mechelen,Oud-Heverlee Leuven,0,0,9,10,4,18.8,56.3,25,D,0,0,D,12,10,2,1,8,8,10,1,2,2,1,0,1.85,3.8,3.8,1.93,3.9,3.5,1.9,3.85,3.45,1.91,4.11,3.72,,,,1.9,3.75,3.6,2,4.2,4,1.91,3.94,3.53
B1,17/09/2022,17:15,Cercle Brugge,Oostende,2,2,9,18,12,37.5,28.1,34.4,D,2,0,H,18,16,6,7,11,10,10,7,1,3,0,0,1.8,3.5,4.5,1.75,3.8,4.5,1.75,3.7,4.1,1.82,3.94,4.28,,,,1.8,3.5,4.4,1.9,3.95,4.5,1.79,3.73,4.23
B1,17/09/2022,17:15,Waregem,St Truiden,0,3,9,17,11,43.8,15.6,40.6,A,0,1,A,4,18,2,8,13,15,0,4,1,3,1,0,2.87,3.25,2.45,2.75,3.4,2.45,2.75,3.3,2.4,2.89,3.51,2.49,,,,2.8,3.25,2.45,3.15,3.55,2.49,2.82,3.37,2.43
B1,17/09/2022,19:45,Charleroi,Westerlo,2,3,9,8,13,78.1,9.4,12.5,A,1,2,A,14,7,4,3,9,4,1,0,0,0,0,0,2.1,3.5,3.4,2.15,3.6,3.1,2.2,3.45,3,2.2,3.71,3.24,,,,2.2,3.4,3.13,2.25,3.71,3.55,2.16,3.55,3.16
B1,18/09/2022,12:30,Genk,Gent,1,0,9,3,5,84.4,9.4,6.3,H,0,0,D,10,9,6,0,13,11,5,5,2,2,0,0,2.2,3.4,3.1,2.2,3.6,3,2.15,3.5,3,2.14,3.74,3.23,,,,2.2,3.4,3.13,2.28,3.83,3.23,2.19,3.58,3.04
B1,18/09/2022,15:00,Eupen,St. Gilloise,1,2,9,15,6,12.5,9.4,78.1,A,1,1,D,9,12,4,3,8,19,5,5,3,2,1,0,4,3.5,1.9,3.7,3.75,1.9,3.6,3.65,1.9,3.99,3.93,1.85,,,,3.9,3.6,1.87,4.35,3.98,1.92,3.8,3.73,1.87
B1,18/09/2022,17:30,Standard,Club Brugge,3,0,9,7,2,6.3,6.3,87.5,H,1,0,H,9,10,6,1,10,14,1,8,4,2,1,0,3.8,3.6,1.9,3.6,3.9,1.9,3.55,3.65,1.95,3.78,3.72,1.95,,,,3.75,3.6,1.91,4.5,3.9,1.97,3.68,3.71,1.91
B1,18/09/2022,20:00,Anderlecht,Kortrijk,4,1,9,9,14,96.9,0,3.1,H,1,0,H,12,8,5,3,17,8,9,6,1,2,0,0,1.33,5.5,7.5,1.36,5,8.25,1.33,5.25,8,1.34,5.34,8.72,,,,1.33,4.8,9,1.4,5.5,9,1.34,5.12,8.29
B1,30/09/2022,19:45,Standard,Seraing,0,2,10,5,16,92,4,4,A,0,1,A,13,10,3,3,9,14,9,4,1,4,0,0,1.65,4,5.25,1.63,4,5.25,1.65,3.85,5,1.62,4.18,5.76,1.57,3.9,5.5,1.6,3.9,5.25,1.67,4.2,5.8,1.61,4.03,5.23
B1,01/10/2022,15:00,Oud-Heverlee Leuven,St. Gilloise,0,3,10,4,6,21.4,25,53.6,A,0,2,A,8,11,2,6,7,15,6,8,2,3,0,0,4.5,3.75,1.72,4.4,4,1.73,3.95,3.9,1.73,4.3,4.11,1.81,4.5,3.8,1.7,4.2,3.75,1.75,4.7,4.2,1.81,4.18,3.93,1.76
B1,01/10/2022,17:15,Oostende,Genk,1,2,10,13,2,0,3.6,96.4,A,1,1,D,12,10,7,5,17,10,2,6,1,1,1,0,4.2,3.8,1.75,3.8,3.9,1.85,3.75,3.85,1.8,4.19,4.25,1.8,4.2,3.7,1.8,4,3.75,1.8,4.5,4.25,1.85,3.97,3.97,1.79
B1,01/10/2022,17:15,Westerlo,Waregem,2,0,10,11,18,78.6,10.7,10.7,H,1,0,H,9,12,4,3,12,11,5,12,3,3,0,0,1.57,4,5.25,1.57,4.2,5.5,1.6,4.1,5.25,1.62,4.45,5.34,1.57,3.9,5.5,1.57,4,5.5,1.67,4.45,5.5,1.59,4.18,5.25
B1,01/10/2022,19:45,Club Brugge,Mechelen,3,0,10,3,12,96.3,3.7,0,H,1,0,H,21,6,10,2,2,10,5,3,0,0,0,0,1.45,4.5,5.75,1.5,4.5,6,1.47,4.6,6,1.46,5.09,6.72,1.5,4.33,5.8,1.44,4.5,6.5,1.5,5.09,6.75,1.46,4.71,6.16
B1,02/10/2022,12:30,Anderlecht,Charleroi,0,1,10,8,10,89.3,3.6,7.1,A,0,0,D,21,5,8,2,9,14,14,5,2,3,0,0,1.6,4,5,1.62,4.1,5.25,1.6,4.1,5.25,1.63,4.25,5.05,1.6,4,5.25,1.6,3.9,5.25,1.67,4.4,5.25,1.61,4.16,5.02
B1,02/10/2022,15:00,Gent,Cercle Brugge,3,4,10,7,17,96.4,3.6,0,A,0,1,A,12,14,7,5,15,15,6,4,3,5,0,0,1.6,4,5,1.66,3.9,5,1.6,3.95,5.25,1.63,4.01,5.4,1.65,3.6,5.25,1.62,3.75,5.5,1.66,4.15,5.75,1.62,3.96,5.16
B1,02/10/2022,17:30,Kortrijk,Antwerp,2,1,10,14,1,3.6,7.1,89.3,H,2,0,H,13,21,4,5,8,13,0,7,4,1,0,0,4.5,3.75,1.72,4.4,3.7,1.78,4.1,3.7,1.75,4.43,3.94,1.76,4.5,3.6,1.75,4.5,3.6,1.75,4.6,4,1.83,4.36,3.8,1.75
B1,02/10/2022,20:00,St Truiden,Eupen,0,1,10,9,15,64.3,28.6,7.1,A,0,0,D,22,8,6,4,8,13,10,1,1,2,0,0,1.72,3.75,4.33,1.78,3.7,4.5,1.77,3.65,4.2,1.82,3.67,4.42,1.78,3.5,4.5,1.75,3.5,4.75,1.84,3.8,4.75,1.78,3.64,4.4
B1,07/10/2022,19:45,Antwerp,St Truiden,2,0,11,1,11,95.8,4.2,0,H,1,0,H,11,4,4,3,15,9,6,2,1,3,0,1,1.9,3.6,3.8,1.98,3.4,4,1.95,3.4,3.75,1.97,3.41,4.29,,,,1.9,3.4,4,2.01,3.6,4.29,1.94,3.41,3.99
B1,08/10/2022,15:00,Genk,Kortrijk,2,1,11,2,14,100,0,0,H,1,0,H,28,6,7,2,12,13,10,3,4,0,0,0,1.3,5.5,8.5,1.31,5.75,8.75,1.3,6,9,1.29,6.07,10.1,,,,1.29,5.5,10,1.32,6.2,10.1,1.29,5.72,9.29
B1,08/10/2022,17:15,Seraing,Oostende,1,1,11,16,13,15.4,57.7,26.9,D,0,0,D,13,13,2,2,11,10,3,9,1,1,1,0,2.75,3.4,2.4,2.85,3.4,2.45,2.7,3.35,2.45,2.83,3.5,2.53,,,,2.8,3.25,2.45,3,3.55,2.53,2.81,3.4,2.44
B1,08/10/2022,17:15,Waregem,Oud-Heverlee Leuven,2,5,11,18,5,11.5,3.8,84.6,A,1,0,H,11,14,2,7,15,9,4,6,6,2,0,0,2.62,3.6,2.45,2.65,3.6,2.45,2.6,3.6,2.45,2.65,3.92,2.5,,,,2.7,3.6,2.4,2.72,4,2.5,2.63,3.74,2.43
B1,08/10/2022,19:45,Club Brugge,Westerlo,0,2,11,3,8,96.2,0,3.8,A,0,0,D,29,10,12,5,4,9,11,3,0,1,0,0,1.53,4.33,5.25,1.58,4.33,5.25,1.55,4.3,5.25,1.59,4.4,5.56,,,,1.53,4.2,5.5,1.59,4.6,5.95,1.56,4.3,5.31
B1,09/10/2022,12:30,Mechelen,Anderlecht,1,3,11,12,10,7.7,34.6,57.7,A,1,0,H,19,13,3,7,11,13,5,7,1,4,0,0,3.75,3.75,1.85,3.8,3.75,1.88,3.55,3.7,1.9,3.85,3.84,1.9,,,,3.9,3.5,1.87,3.9,3.93,1.95,3.75,3.77,1.89
B1,09/10/2022,15:00,Eupen,Gent,0,4,11,15,9,7.7,3.8,88.5,A,0,2,A,10,13,1,6,15,15,6,9,2,2,0,0,4.2,3.6,1.75,4,3.8,1.83,3.85,3.7,1.83,4.49,3.85,1.77,,,,4.2,3.5,1.83,4.6,3.91,1.86,4.19,3.75,1.8
B1,09/10/2022,17:30,Charleroi,Standard,0,1,11,7,6,26.2,26.9,46.2,A,0,1,A,10,4,3,1,19,14,3,1,3,4,1,2,2.1,3.5,3.2,2.1,3.7,3.25,2.15,3.55,3.05,2.1,3.84,3.24,,,,2.1,3.5,3.2,2.17,3.87,3.28,2.12,3.66,3.16
B1,09/10/2022,20:00,St. Gilloise,Cercle Brugge,2,1,11,4,17,96.2,3.8,0,H,1,0,H,17,13,7,5,10,7,3,4,0,1,0,0,1.53,4.2,5.25,1.61,4.2,5,1.6,4.1,5.25,1.65,4.11,5.03,,,,1.6,3.8,5.5,1.66,4.25,5.5,1.6,4.1,5.13
B1,14/10/2022,19:45,Westerlo,Seraing,2,2,12,7,14,95.2,4.8,0,D,2,1,H,10,2,3,2,10,10,5,2,0,1,0,0,1.57,3.8,5.75,1.63,3.9,5.75,1.57,3.95,5.75,1.61,4,5.99,,,,1.57,3.8,5.75,1.67,4.04,6.2,1.6,3.88,5.66
B1,15/10/2022,15:00,Kortrijk,Waregem,1,3,12,15,18,69.6,17.4,13,A,1,0,H,8,15,5,8,14,16,3,5,4,4,0,0,1.95,3.75,3.5,2,3.7,3.4,2,3.6,3.3,2,3.97,3.41,,,,2,3.5,3.5,2.05,3.97,3.65,2,3.72,3.42
B1,15/10/2022,17:15,Cercle Brugge,Eupen,5,1,12,17,16,43.5,47.8,8.7,H,3,1,H,18,2,10,2,20,9,2,2,2,2,0,0,1.8,3.6,4.2,1.85,3.7,4,1.85,3.65,3.8,1.87,3.87,4.14,,,,1.83,3.6,4.1,1.9,3.9,4.2,1.84,3.71,4.02
B1,15/10/2022,17:15,St Truiden,Charleroi,2,1,12,11,10,30.4,52.2,17.4,H,1,0,H,10,7,3,2,11,14,4,4,1,2,0,0,2.1,3.3,3.5,2.15,3.4,3.3,2.15,3.3,3.3,2.18,3.35,3.61,,,,2.2,3.25,3.3,2.3,3.48,3.61,2.15,3.33,3.4
B1,15/10/2022,19:45,Oud-Heverlee Leuven,Genk,0,1,12,5,2,8.7,4.3,87,A,0,1,A,19,13,7,1,9,15,11,9,3,2,0,1,4.33,4.2,1.66,4.4,4.1,1.7,4,4.1,1.7,4.5,4.39,1.7,,,,4.4,3.9,1.7,4.6,4.4,1.75,4.3,4.19,1.7
B1,16/10/2022,12:30,Standard,Antwerp,3,0,12,6,1,4.3,17.4,78.3,H,3,0,H,6,13,4,2,14,14,2,6,2,3,0,0,2.87,3.5,2.3,2.85,3.5,2.35,2.75,3.5,2.35,2.93,3.68,2.32,,,,2.9,3.3,2.38,3.08,3.7,2.4,2.88,3.52,2.33
B1,16/10/2022,15:00,Gent,Mechelen,3,0,12,8,12,87,8.7,4.3,H,1,0,H,19,8,9,1,12,14,5,2,1,3,0,1,1.45,4.5,6,1.52,4.33,6,1.47,4.5,6,1.5,4.59,6.07,,,,1.5,4.2,6.5,1.55,4.7,6.5,1.49,4.45,5.97
B1,16/10/2022,17:30,Anderlecht,Club Brugge,0,1,12,9,3,13,21.7,65.2,A,0,0,D,12,11,4,4,15,15,6,7,1,3,0,1,2.5,3.5,2.7,2.55,3.5,2.6,2.45,3.45,2.6,2.56,3.8,2.56,,,,2.55,3.4,2.6,2.7,3.8,2.7,2.53,3.57,2.58
B1,16/10/2022,20:00,Oostende,St. Gilloise,1,6,12,13,4,8.7,4.3,87,A,0,2,A,11,17,3,8,10,9,6,4,2,2,0,0,4.33,3.75,1.75,4.1,3.75,1.82,3.95,3.75,1.8,4.29,3.87,1.8,,,,4.33,3.6,1.8,4.65,3.99,1.83,4.17,3.78,1.79
B1,18/10/2022,17:30,Charleroi,Kortrijk,2,2,13,11,16,83.3,5.6,11.1,D,2,0,H,11,12,5,6,22,7,4,9,3,1,0,0,1.66,4,4.5,1.71,3.9,4.8,1.75,3.75,4.1,1.69,4.13,4.94,1.78,3.7,4.2,1.65,3.9,4.75,1.75,4.13,4.94,1.69,3.95,4.65
B1,18/10/2022,17:30,Eupen,Oud-Heverlee Leuven,4,2,13,17,7,0,5.6,94.4,H,2,2,D,22,8,9,4,10,11,6,3,3,2,0,0,2.62,3.5,2.45,2.8,3.6,2.45,2.85,3.55,2.25,2.73,3.65,2.54,2.75,3.4,2.4,2.63,3.6,2.45,3,3.7,2.54,2.71,3.55,2.45
B1,18/10/2022,19:45,Genk,Westerlo,6,1,13,1,8,95.2,0,4.8,H,5,1,H,23,6,10,5,8,7,7,1,1,0,0,1,1.57,4.2,5,1.62,4.4,4.8,1.6,4.2,4.8,1.61,4.5,5.16,1.57,4,5.5,1.55,4.33,5.25,1.62,4.6,5.5,1.59,4.32,5.02
B1,18/10/2022,19:45,Seraing,Cercle Brugge,0,1,13,14,12,14.3,47.6,38.1,A,0,1,A,5,13,3,2,13,20,1,1,5,3,1,0,3.8,3.6,1.9,3.9,3.6,1.95,2.65,3.35,2.5,4.03,3.68,1.94,3.6,3.4,2,3.9,3.5,1.9,4.2,3.68,1.97,3.83,3.56,1.93
B1,19/10/2022,17:30,St. Gilloise,Gent,2,0,13,4,6,77.3,22.7,0,H,1,0,H,17,2,3,2,7,13,3,4,1,2,0,1,2.05,3.4,3.4,2.15,3.6,3.2,2.15,3.45,3.2,2.2,3.45,3.44,2.1,3.4,3.3,2.15,3.3,3.3,2.3,3.69,3.45,2.13,3.47,3.29
B1,19/10/2022,19:45,Club Brugge,St Truiden,3,0,13,3,10,100,0,0,H,1,0,H,12,7,7,2,14,14,8,1,2,2,0,1,1.5,4.5,5.75,1.46,4.5,6.5,1.45,4.4,6.5,1.48,4.73,6.62,1.44,4.2,7,1.45,4.2,7,1.5,4.75,7,1.46,4.49,6.55
B1,19/10/2022,19:45,Mechelen,Standard,2,0,13,13,5,9.1,13.6,77.3,H,0,0,D,14,8,7,1,9,9,8,5,1,2,0,0,2.55,3.4,2.62,2.5,3.6,2.6,2.5,3.45,2.6,2.59,3.88,2.56,2.55,3.4,2.6,2.6,3.3,2.6,2.6,3.88,2.7,2.54,3.6,2.58
B1,20/10/2022,17:30,Antwerp,Oostende,3,0,13,2,15,95.5,4.5,0,H,1,0,H,17,6,4,2,15,17,7,3,1,2,0,0,1.57,4.2,5,1.58,4.1,5.5,1.57,4.1,5.25,1.58,4.32,5.39,1.57,3.9,5.5,1.57,3.9,5.75,1.62,4.4,5.75,1.57,4.17,5.35
B1,20/10/2022,19:45,Waregem,Anderlecht,3,2,13,18,9,9.1,4.5,86.4,H,1,1,D,12,11,5,4,19,14,5,5,8,1,0,1,5.25,4.2,1.57,4.8,4.33,1.61,5,4.2,1.57,4.85,4.4,1.62,5.25,4,1.6,5.25,4,1.6,5.25,4.5,1.64,4.93,4.24,1.6
B1,21/10/2022,19:45,Cercle Brugge,Charleroi,4,1,14,12,10,44.4,33.3,22.2,H,1,0,H,20,11,8,3,9,9,6,6,3,1,0,0,2,3.4,3.8,2,3.7,3.6,2.05,3.5,3.35,2.02,3.78,3.65,,,,1.95,3.6,3.5,2.15,3.82,3.8,1.99,3.64,3.55
B1,22/10/2022,15:00,Kortrijk,Westerlo,0,2,14,16,8,20,10,70,A,0,0,D,6,18,3,5,11,14,6,6,0,2,1,0,2.87,3.5,2.3,2.85,3.7,2.3,2.8,3.5,2.3,3.04,3.69,2.31,,,,2.9,3.4,2.3,3.04,3.72,2.5,2.89,3.57,2.3
B1,22/10/2022,17:15,Mechelen,Eupen,2,1,14,13,14,85,15,0,H,1,1,D,20,9,10,2,7,10,7,8,3,4,1,0,1.85,3.8,3.75,1.95,3.7,3.6,1.95,3.65,3.5,1.93,3.95,3.78,,,,1.87,3.5,3.9,1.95,3.95,4.15,1.92,3.75,3.69
B1,22/10/2022,17:15,St Truiden,Oud-Heverlee Leuven,0,0,14,11,7,45,20,35,D,0,0,D,13,14,3,2,10,12,3,5,2,2,1,0,2,3.4,3.6,2.05,3.7,3.4,2.05,3.55,3.25,2.02,3.87,3.56,,,,2,3.5,3.5,2.15,3.87,3.6,2.03,3.66,3.4
B1,22/10/2022,19:45,St. Gilloise,Club Brugge,2,2,14,4,3,15,55,30,D,1,2,A,6,13,4,2,8,9,4,4,4,2,1,0,2.6,3.4,2.6,2.5,3.5,2.65,2.5,3.4,2.5,2.6,3.58,2.71,,,,2.6,3.3,2.6,2.7,3.69,2.73,2.57,3.46,2.61
B1,23/10/2022,12:30,Antwerp,Genk,1,3,14,2,1,38.1,28.6,33.3,A,1,2,A,20,8,4,5,10,19,8,4,1,1,0,0,2.62,3.4,2.45,2.55,3.6,2.55,2.6,3.45,2.5,2.74,3.49,2.63,,,,2.63,3.4,2.55,2.74,3.75,2.65,2.64,3.5,2.51
B1,23/10/2022,15:00,Gent,Seraing,2,1,14,6,15,100,0,0,H,1,1,D,14,5,4,3,5,11,9,3,1,1,0,0,1.36,5,7,1.38,5,7.5,1.37,5,7,1.4,5.05,7.08,,,,1.36,4.75,8,1.42,5.2,8.25,1.39,4.94,7.23
B1,23/10/2022,17:30,Standard,Anderlecht,5,0,14,5,9,68.2,18.2,13.6,H,,,,,,,,,,,,,,,,3,3.5,2.2,3.2,3.5,2.2,2.9,3.45,2.25,2.99,3.74,2.26,,,,3,3.4,2.25,3.2,3.78,2.33,2.98,3.55,2.24
B1,23/10/2022,20:00,Oostende,Waregem,2,1,14,17,18,63.2,18.2,18.2,H,1,0,H,8,7,5,4,15,20,5,5,2,3,0,0,2.05,3.5,3.4,2.05,3.6,3.3,2.1,3.55,3.15,2.08,3.79,3.32,,,,2.1,3.5,3.3,2.25,3.85,3.4,2.09,3.64,3.25
B1,28/10/2022,19:45,Genk,Mechelen,3,1,15,1,10,100,0,0,H,1,1,D,14,10,6,5,9,15,8,7,2,2,1,0,1.36,5.25,7,1.39,5.25,7.5,1.37,4.9,7.75,1.36,5.6,8.1,1.38,4.8,7.5,1.33,5.25,8,1.39,5.75,9,1.35,5.28,7.6
B1,29/10/2022,15:00,Waregem,Standard,0,3,15,18,5,0,4.8,95.2,A,0,0,D,6,18,3,7,13,11,4,10,1,1,1,0,3,3.6,2.2,3,3.6,2.2,2.9,3.55,2.2,3.1,3.89,2.2,3,3.5,2.2,3.1,3.4,2.2,3.23,3.89,2.24,3.02,3.61,2.19
B1,29/10/2022,17:15,Kortrijk,Cercle Brugge,1,1,15,17,9,14.3,9.5,76.2,D,0,1,A,14,16,5,3,17,16,3,6,4,2,0,0,3.6,3.6,1.95,3.5,3.6,1.98,3.45,3.6,1.97,3.66,3.71,2.03,3.7,3.5,1.95,3.7,3.5,1.95,3.7,3.82,2.09,3.56,3.64,1.97
B1,29/10/2022,17:15,Westerlo,St Truiden,2,3,15,7,11,76.2,9.5,14.3,A,0,2,A,11,13,3,4,5,9,4,2,4,3,0,0,2.2,3.25,3.4,2.15,3.4,3.3,2.15,3.25,3.2,2.25,3.44,3.34,2.2,3.2,3.3,2.2,3.2,3.3,2.3,3.6,3.4,2.19,3.33,3.26
B1,29/10/2022,19:45,Club Brugge,Oostende,4,2,15,3,14,100,0,0,H,2,0,H,16,6,6,3,5,13,4,2,2,2,0,0,1.25,6,10,1.29,5.75,9.5,1.3,5.75,8.75,1.28,6.42,9.18,1.25,5.5,11,1.25,5.75,10.5,1.3,6.42,10.5,1.26,5.91,9.57
B1,30/10/2022,12:30,Anderlecht,Eupen,4,2,15,11,15,100,0,0,H,2,1,H,19,12,8,2,15,6,10,4,2,2,0,0,1.44,4.75,6,1.46,4.6,6.5,1.5,4.5,5.75,1.44,4.96,6.9,1.44,4.33,7,1.44,4.33,7,1.5,4.96,7.3,1.44,4.64,6.48
B1,30/10/2022,15:00,Seraing,St. Gilloise,1,2,15,16,4,0,14.3,85.7,A,0,0,D,12,13,2,3,16,11,6,7,3,2,0,0,6,4.2,1.53,5.75,4.1,1.55,5.75,4.1,1.53,5.92,4.23,1.55,6,4,1.53,6,3.9,1.55,6.7,4.35,1.57,5.68,4.11,1.54
B1,30/10/2022,17:30,Oud-Heverlee Leuven,Gent,1,1,15,8,6,14.3,38.1,47.6,D,0,1,A,12,10,5,4,14,17,1,6,5,4,0,0,3.75,3.6,1.95,3.75,3.75,1.9,3.45,3.6,1.97,3.58,3.79,1.99,3.7,3.5,1.95,3.7,3.5,1.95,3.8,3.8,1.99,3.58,3.67,1.95
B1,30/10/2022,20:00,Charleroi,Antwerp,1,0,15,13,2,9.5,0,90.5,H,1,0,H,8,14,3,6,13,4,4,8,3,3,0,0,3.4,3.5,2.05,3.3,3.7,2.05,3.2,3.55,2.05,3.27,3.69,2.13,3.4,3.5,2.05,3.3,3.4,2.1,3.45,3.7,2.2,3.27,3.57,2.08
B1,04/11/2022,19:45,Genk,Charleroi,4,1,16,1,11,100,0,0,H,2,0,H,13,6,8,2,3,7,5,4,1,1,0,0,1.4,4.75,7.5,1.41,5.25,6.75,1.4,5,6.75,1.4,5.26,7.51,1.44,4.5,6.5,1.36,4.8,8,1.43,5.31,8,1.39,5.06,7.06
B1,05/11/2022,15:00,Mechelen,Waregem,2,2,16,13,18,80,15,5,D,2,0,H,22,14,6,7,11,10,11,5,1,4,0,1,1.72,3.75,4.5,1.8,4,4,1.77,3.8,3.85,1.78,4.28,4.17,1.8,3.8,4,1.75,3.8,4.2,1.82,4.3,4.5,1.77,4,4.06
B1,05/11/2022,17:15,Cercle Brugge,Oud-Heverlee Leuven,2,1,16,12,8,30,25,45,H,1,1,D,8,9,4,4,8,14,6,6,2,2,0,0,1.83,3.8,3.8,1.82,3.9,3.9,1.9,3.85,3.55,1.88,4.18,3.62,1.85,3.7,3.8,1.85,3.6,4,1.95,4.3,4,1.86,3.94,3.69
B1,05/11/2022,17:15,Seraing,St Truiden,1,2,16,17,9,5,20,75,A,1,0,H,6,15,2,5,14,19,5,7,5,1,1,0,3.6,3.2,2.1,3.6,3.3,2.1,3.4,3.25,2.1,3.73,3.4,2.12,3.6,3.2,2.1,3.7,3.2,2.05,3.95,3.45,2.12,3.6,3.32,2.07
B1,05/11/2022,19:45,Eupen,Standard,2,0,16,15,5,0,5,95,H,0,0,D,13,8,5,4,13,10,7,2,0,3,1,1,3.1,3.4,2.25,3,3.5,2.25,2.95,3.45,2.2,3.07,3.84,2.24,3,3.4,2.25,3.1,3.4,2.2,3.15,3.84,2.28,3.01,3.57,2.23
B1,06/11/2022,12:30,Gent,Club Brugge,2,0,16,6,3,0,25,75,H,2,0,H,11,8,2,4,11,12,4,3,1,5,0,0,2.7,3.5,2.5,2.7,3.5,2.5,2.65,3.4,2.45,2.86,3.61,2.45,2.7,3.3,2.5,2.8,3.25,2.45,2.88,3.62,2.5,2.77,3.45,2.44
B1,06/11/2022,15:00,St. Gilloise,Westerlo,1,1,16,4,7,100,0,0,D,0,1,A,25,13,1,5,12,14,10,4,4,3,0,0,1.57,4,5.5,1.6,4.1,5.25,1.6,4,5.25,1.56,4.28,5.71,1.6,3.9,5.25,1.57,3.9,5.75,1.6,4.33,6.5,1.57,4.13,5.45
B1,06/11/2022,17:30,Antwerp,Anderlecht,0,0,16,2,10,80,10,10,D,0,0,D,14,4,3,1,13,13,4,1,2,3,0,0,2.15,3.4,3.3,2.25,3.4,3.2,2.2,3.3,3.05,2.2,3.53,3.25,2.25,3.3,3.1,2.2,3.3,3.2,2.28,3.68,3.35,2.19,3.41,3.2
B1,06/11/2022,20:00,Oostende,Kortrijk,3,1,16,14,16,65,35,0,H,1,1,D,22,8,9,4,13,15,8,6,3,3,0,1,2.1,3.4,3.3,2.15,3.6,3.2,2.15,3.45,3.1,2.22,3.54,3.22,2.15,3.4,3.2,2.15,3.4,3.2,2.23,3.82,3.3,2.15,3.55,3.16
B1,11/11/2022,19:45,Oud-Heverlee Leuven,Seraing,5,0,17,10,18,88,8,4,H,4,0,H,25,4,14,1,11,8,14,3,1,6,0,1,1.55,4,5.75,1.58,4,5.75,1.55,4.1,5.5,1.59,4.32,5.63,1.6,4,5.25,1.53,4.1,5.75,1.66,4.33,5.75,1.57,4.13,5.45
B1,12/11/2022,15:00,Westerlo,Oostende,6,0,17,7,14,70.8,20.8,8.3,H,3,0,H,16,7,8,0,8,14,5,3,1,2,0,0,1.75,4,4.2,1.8,3.8,4.2,1.8,3.8,3.9,1.78,4.11,4.31,1.75,3.8,4.2,1.75,3.6,4.4,1.85,4.2,4.4,1.77,3.92,4.12
B1,12/11/2022,17:15,St Truiden,Cercle Brugge,0,1,17,8,9,54.2,33.3,12.5,A,0,0,D,12,6,1,1,13,11,10,2,0,4,1,1,2.4,3.4,2.8,2.4,3.3,2.9,2.45,3.25,2.85,2.54,3.34,2.94,2.4,3.25,2.88,2.45,3.2,2.88,2.54,3.47,2.95,2.44,3.29,2.86
B1,12/11/2022,17:15,Waregem,Eupen,5,5,17,17,15,41.7,29.2,29.2,D,2,3,A,19,16,9,8,12,8,11,2,2,2,0,0,2.3,3.75,2.8,2.3,3.7,2.8,2.35,3.55,2.75,2.31,3.9,2.91,2.3,3.5,2.88,2.3,3.5,2.9,2.4,3.91,2.92,2.28,3.68,2.84
B1,12/11/2022,19:45,Charleroi,Mechelen,0,5,17,12,13,54.2,25,20.8,A,,,,,,,,,,,,,,,,2.2,3.5,3,2.3,3.6,2.9,2.25,3.45,2.9,2.26,3.74,3.09,2.3,3.4,2.9,2.25,3.4,3,2.3,3.8,3.35,2.23,3.58,2.99
B1,13/11/2022,12:30,Club Brugge,Antwerp,2,2,17,4,2,72,20,8,D,1,0,H,9,11,5,6,11,11,3,4,4,2,0,0,1.83,3.75,4,1.82,3.7,4.2,1.85,3.7,3.75,1.83,3.97,4,1.83,3.6,4,1.83,3.6,4.1,1.88,3.99,4.2,1.82,3.79,3.99
B1,13/11/2022,15:00,Standard,St. Gilloise,2,3,17,5,3,28,28,44,A,0,1,A,10,13,5,7,10,17,8,4,3,4,0,0,3.4,3.5,2,3.5,3.4,2.05,3.3,3.5,2.05,3.35,3.78,2.07,3.4,3.5,2.05,3.5,3.4,2.05,3.6,3.82,2.11,3.34,3.6,2.06
B1,13/11/2022,17:30,Anderlecht,Genk,0,2,17,11,1,8,16,76,A,0,1,A,12,13,5,4,10,14,5,6,2,3,0,1,2.62,3.5,2.5,2.6,3.5,2.55,2.6,3.4,2.45,2.61,3.5,2.66,2.6,3.4,2.55,2.63,3.4,2.5,2.75,3.69,2.69,2.62,3.45,2.54
B1,13/11/2022,20:00,Kortrijk,Gent,0,4,17,16,6,4,12,84,A,0,2,A,8,19,3,10,8,15,8,6,2,0,1,1,5,3.8,1.66,5,4,1.66,4.7,3.85,1.67,4.67,4.06,1.7,4.8,3.75,1.67,4.8,3.75,1.67,5,4.2,1.72,4.64,3.93,1.69
B1,23/12/2022,17:30,Seraing,Eupen,0,1,18,18,15,9.1,27.3,63.6,A,0,0,D,8,15,1,5,9,16,4,9,3,1,0,0,2.7,3.25,2.45,2.85,3.4,2.5,2.75,3.3,2.5,2.79,3.57,2.53,2.7,3.4,2.45,2.7,3.4,2.45,3,3.66,2.55,2.74,3.43,2.47
B1,23/12/2022,19:30,Gent,Standard,0,0,18,5,6,69.6,21,8.7,D,0,0,D,21,1,5,0,12,12,13,1,0,5,0,0,1.53,4,5.25,1.55,4.2,6,1.55,4,6,1.53,4.3,6.62,1.53,4,6,1.5,4.2,6,1.58,4.41,6.8,1.52,4.19,6.01
B1,23/12/2022,19:30,Mechelen,Cercle Brugge,1,1,18,11,9,13,52.2,34.8,D,0,1,A,20,12,9,4,8,8,9,8,2,4,0,1,2.55,3.4,2.55,2.65,3.5,2.65,2.55,3.3,2.55,2.65,3.62,2.64,2.55,3.4,2.62,2.55,3.5,2.55,2.65,3.7,2.75,2.59,3.47,2.58
B1,26/12/2022,12:30,Club Brugge,Oud-Heverlee Leuven,1,1,18,4,8,100,0,0,D,1,0,H,20,12,7,5,10,17,3,3,3,2,0,0,1.44,4.75,5.75,1.44,4.8,6.5,1.43,4.8,6,1.46,4.84,6.23,1.44,4.5,6.5,1.4,4.75,6.5,1.48,5,7,1.44,4.75,6.21
B1,26/12/2022,15:00,St. Gilloise,Oostende,3,0,18,2,14,96,4,0,H,0,0,D,12,4,5,1,9,13,10,2,3,4,0,0,1.33,5,7,1.36,5,8.25,1.35,5.5,7.5,1.32,5.62,8.85,1.33,5,8.5,1.33,5.25,8,1.36,5.8,9.1,1.33,5.28,8.08
B1,26/12/2022,17:15,Kortrijk,Genk,1,0,18,17,1,4,8,88,H,0,0,D,18,14,8,6,13,11,5,6,4,1,0,0,6.5,4.33,1.4,6.25,4.6,1.47,6,4.7,1.45,6.33,5.05,1.44,7,4.4,1.42,7,4.75,1.4,7,5.1,1.49,6.27,4.73,1.44
B1,26/12/2022,19:45,Charleroi,Anderlecht,0,1,18,13,12,4,32,64,A,0,0,D,9,9,2,2,13,8,3,0,2,1,0,0,2.9,3.4,2.15,3,3.5,2.25,2.9,3.45,2.2,3.07,3.84,2.18,2.9,3.4,2.15,3,3.5,2.2,3.16,3.88,2.26,3.01,3.59,2.18
B1,27/12/2022,19:00,St Truiden,Waregem,2,0,18,10,16,76,12,12,H,1,0,H,12,6,6,1,10,10,6,3,0,1,0,1,1.67,3.6,4.5,1.68,3.9,4.8,1.67,3.85,4.7,1.62,4.14,5.22,1.67,3.7,5,1.65,3.8,5,1.71,4.2,5.3,1.65,3.92,4.83
B1,27/12/2022,19:00,Westerlo,Antwerp,3,3,18,7,3,8,12,80,D,1,0,H,10,15,4,7,10,8,3,6,1,1,0,0,3.1,3.5,2.05,3.2,3.7,2.1,3,3.55,2.15,,,,3.1,3.5,2.15,3.2,3.6,2.1,3.35,3.95,2.18,3.1,3.65,2.11
B1,06/01/2023,19:45,Standard,St Truiden,1,1,19,6,9,91.3,8.7,0,D,0,0,D,6,9,1,3,11,13,9,2,0,2,0,0,2.2,3.25,3,2.4,3.2,3.1,2.35,3.15,2.95,2.43,3.17,3.27,2.4,3.2,2.9,2.38,3.13,3.1,2.58,3.26,3.4,2.37,3.17,3.09
B1,07/01/2023,15:00,Eupen,Charleroi,1,2,19,14,13,4.3,60.9,34.8,A,1,0,H,10,20,3,4,11,12,5,7,1,2,0,0,2.55,3.4,2.45,2.65,3.7,2.45,2.55,3.5,2.45,2.69,3.66,2.58,2.7,3.4,2.45,2.7,3.3,2.55,2.9,3.7,2.58,2.64,3.53,2.5
B1,07/01/2023,17:15,Cercle Brugge,Westerlo,0,1,19,10,7,52.2,30.4,17.4,A,0,1,A,11,4,5,2,8,9,6,4,1,3,0,0,2.05,3.5,3.1,2.15,3.6,3.2,2.1,3.55,3.05,2.18,3.65,3.32,2.1,3.5,3.2,2.2,3.3,3.2,2.2,3.7,3.45,2.13,3.58,3.21
B1,07/01/2023,17:15,Oostende,Seraing,1,2,19,15,18,91.3,8.7,0,A,1,1,D,17,4,3,2,21,20,5,2,6,5,2,0,1.75,3.75,4.2,1.78,3.8,4.2,1.75,3.8,3.95,1.85,3.97,4.14,1.8,3.6,4.2,1.8,3.6,4.2,1.85,4,4.33,1.8,3.83,4.11
B1,07/01/2023,19:45,Antwerp,Gent,2,0,19,3,5,60.9,26.1,13,H,1,0,H,11,9,5,1,10,10,3,6,2,1,0,0,2.45,3.25,2.63,2.45,3.4,2.8,2.45,3.35,2.7,2.51,3.35,2.89,2.4,3.4,2.75,2.5,3.2,2.8,2.62,3.6,2.91,2.46,3.36,2.79
B1,08/01/2023,12:30,Genk,Club Brugge,3,1,19,1,4,69.6,13,17.4,H,1,1,D,12,7,6,4,13,10,5,4,2,4,0,1,2.1,3.5,3,2.1,3.8,3.1,2.2,3.6,2.95,2.2,3.76,3.08,2.15,3.6,3.1,2.2,3.5,3,2.25,3.88,3.11,2.18,3.67,3.04
B1,08/01/2023,15:00,Waregem,Mechelen,2,0,19,17,12,26.1,21.7,52.2,H,1,0,H,16,7,4,4,21,16,3,3,2,6,0,0,2.75,3.5,2.2,2.8,3.8,2.25,2.7,3.7,2.25,2.88,3.94,2.25,2.8,3.6,2.3,2.88,3.5,2.3,2.91,3.99,2.31,2.83,3.76,2.25
B1,08/01/2023,17:30,Anderlecht,St. Gilloise,1,3,19,11,2,30.4,17.4,52.2,A,0,0,D,6,21,2,10,12,12,0,6,5,3,1,0,2.6,3.3,2.45,2.65,3.5,2.55,2.6,3.35,2.5,2.79,3.49,2.5,2.7,3.3,2.55,2.7,3.25,2.55,3,3.55,2.6,2.7,3.41,2.51
B1,08/01/2023,20:00,Oud-Heverlee Leuven,Kortrijk,2,3,19,8,16,82.6,13,4.3,A,1,1,D,16,15,4,6,10,16,5,6,1,3,0,0,1.65,4,4.2,1.68,4.1,4.6,1.7,3.95,4.1,1.67,4.25,4.66,1.7,3.8,4.6,1.67,3.8,4.8,1.72,4.33,4.8,1.68,4.08,4.53
B1,13/01/2023,19:45,Westerlo,Oud-Heverlee Leuven,1,2,20,7,9,69.6,17.4,13,A,0,0,D,14,10,4,4,10,7,9,3,3,2,0,1,1.95,3.75,3.5,2,3.7,3.4,2.05,3.6,3.25,2.01,3.93,3.53,2,3.6,3.4,2,3.7,3.4,2.06,4,3.53,2,3.77,3.39
B1,14/01/2023,15:00,Seraing,Standard,1,1,20,18,6,4.2,0,95.8,D,1,1,D,8,16,2,1,9,15,3,11,5,1,0,0,3.8,3.6,1.91,4,3.6,1.88,3.65,3.5,1.9,4.07,3.6,1.92,4,3.4,1.91,3.9,3.5,1.9,4.17,3.67,2,3.91,3.55,1.91
B1,14/01/2023,17:15,Eupen,St Truiden,0,2,20,14,8,16,20,64,A,0,1,A,7,10,3,4,9,9,3,3,1,1,0,0,2.9,3.4,2.3,2.9,3.4,2.4,2.85,3.3,2.35,3.03,3.35,2.41,2.9,3.3,2.35,2.9,3.3,2.38,3.2,3.45,2.44,2.95,3.32,2.37
B1,14/01/2023,17:15,Mechelen,Oostende,2,1,20,13,16,60,32,8,H,1,0,H,16,14,6,4,6,17,10,1,1,1,0,1,1.73,3.8,4.33,1.77,3.9,4.33,1.75,3.8,4,1.74,4.09,4.4,1.75,3.75,4.33,1.73,3.9,4.33,1.78,4.2,4.5,1.74,3.97,4.26
B1,14/01/2023,19:45,Genk,Waregem,1,0,20,1,17,100,0,0,H,1,0,H,9,7,3,1,17,16,1,5,2,2,0,0,1.25,6.5,8,1.26,6.5,9.5,1.25,6.25,9.5,1.26,6.4,9.3,1.24,5.8,11,1.22,6.5,10,1.28,6.75,11,1.25,6.39,9.45
B1,15/01/2023,12:30,Club Brugge,Anderlecht,1,1,20,4,11,84.6,3.8,11.5,D,0,0,D,17,4,6,0,13,15,3,4,2,3,0,0,1.91,3.75,3.6,1.98,3.6,3.6,2,3.55,3.4,1.93,3.78,3.8,2,3.5,3.5,1.91,3.6,3.75,2,3.84,3.82,1.95,3.68,3.63
B1,15/01/2023,15:00,Gent,Kortrijk,2,1,20,5,15,92.3,7.7,0,H,1,0,H,15,12,6,5,14,12,7,5,3,1,0,0,1.36,5,8.5,1.34,5.25,8.5,1.35,5.25,7.75,1.32,5.43,9.12,1.35,4.75,8.5,1.33,5,8.5,1.37,5.7,9.4,1.34,5.16,8.26
B1,15/01/2023,17:30,St. Gilloise,Antwerp,2,0,20,2,3,57.7,23.1,19.2,H,1,0,H,17,7,6,5,13,11,8,9,5,4,0,0,2.15,3.4,3.25,2.15,3.4,3.25,2.15,3.4,3.1,2.16,3.51,3.36,2.15,3.4,3.25,2.05,3.25,3.1,2.2,3.62,3.65,2.13,3.44,3.29
B1,15/01/2023,20:00,Charleroi,Cercle Brugge,2,1,20,12,10,50,42.3,7.7,H,1,1,D,10,12,6,3,9,12,9,7,1,1,0,0,2.63,3.3,2.63,2.65,3.4,2.55,2.5,3.3,2.55,2.64,3.42,2.68,2.6,3.4,2.55,2.55,3.4,2.6,2.65,3.6,2.75,2.58,3.4,2.63
B1,17/01/2023,17:30,Oud-Heverlee Leuven,Eupen,1,1,21,9,14,86.4,4.5,9.1,D,1,0,H,17,7,7,3,9,10,8,7,2,2,0,0,1.62,4,4.75,1.68,4,4.75,1.65,4,4.5,1.67,4.39,4.78,1.73,3.8,4.33,1.62,4.2,4.75,1.7,4.4,4.8,1.66,4.15,4.61
B1,17/01/2023,19:45,Standard,Mechelen,2,0,21,6,12,95.5,4.5,0,H,1,0,H,12,10,5,1,12,13,7,7,2,0,0,0,1.85,3.6,3.8,1.93,3.7,3.7,1.95,3.6,3.45,1.98,3.75,3.8,2.05,3.4,3.5,1.93,3.6,3.7,1.98,3.87,3.85,1.94,3.69,3.67
B1,17/01/2023,19:45,Westerlo,Genk,2,3,21,7,1,0,4.5,95.5,A,0,2,A,14,8,5,3,7,9,11,4,3,0,0,0,3.3,3.75,2,3.5,3.6,2,3.25,3.6,2.05,3.45,3.97,2.03,3.7,3.5,1.95,3.4,3.7,2,3.5,3.97,2.06,3.37,3.74,2.01
B1,18/01/2023,17:30,Cercle Brugge,St. Gilloise,1,1,21,10,2,4.2,12.5,83.3,D,0,0,D,6,15,1,7,15,10,3,6,2,0,0,0,3.3,3.5,2.05,3.5,3.5,2.05,3.25,3.45,2.1,3.6,3.56,2.1,3.5,3.4,2.05,3.4,3.5,2.05,3.6,3.68,2.17,3.42,3.49,2.08
B1,18/01/2023,17:30,Oostende,Antwerp,0,3,21,16,3,0,8.3,91.7,A,0,2,A,16,12,3,6,13,17,6,5,1,0,0,0,4.2,3.8,1.75,4.33,3.7,1.8,3.95,3.7,1.77,4.1,4.01,1.84,4.2,3.6,1.8,4.2,3.75,1.75,4.33,4.01,1.85,4.09,3.82,1.8
B1,18/01/2023,19:45,Anderlecht,Waregem,2,3,21,13,17,88.5,7.7,3.8,A,2,1,H,19,11,9,5,9,16,5,2,1,2,0,0,1.5,4.5,5.25,1.55,4.4,5.5,1.53,4.4,5.25,1.59,4.63,5.21,1.47,4.4,6,1.53,4.2,5.5,1.6,4.63,5.5,1.55,4.41,5.27
B1,18/01/2023,19:45,Kortrijk,Seraing,3,2,21,15,18,57.7,30.8,11.5,H,2,1,H,21,12,7,7,11,12,6,8,1,2,0,1,1.85,3.75,3.8,1.8,3.7,4.33,1.83,3.6,3.85,1.83,3.7,4.53,1.83,3.5,4.2,1.8,3.6,4.2,1.87,3.84,4.53,1.83,3.66,4.17
B1,19/01/2023,17:30,Gent,Charleroi,0,0,21,5,11,88.9,3.7,3.7,D,0,0,D,11,9,6,3,7,11,9,5,2,4,0,0,1.55,4.2,5.25,1.58,4.1,5.5,1.55,4.2,5.25,1.55,4.27,5.91,1.57,3.9,5.8,1.53,4.1,5.75,1.6,4.33,6,1.56,4.17,5.52
B1,19/01/2023,19:45,St Truiden,Club Brugge,1,1,21,8,4,7.4,14.8,77.8,D,0,1,A,8,13,4,4,14,6,1,8,1,1,0,0,3.5,3.5,2,3.4,3.5,2.05,3.3,3.4,2.05,3.76,3.35,2.08,3.4,3.3,2.1,3.5,3.4,2.05,3.77,3.56,2.12,3.53,3.39,2.07
B1,21/01/2023,15:00,Waregem,Westerlo,1,1,22,16,8,15.4,15.4,69.2,D,0,1,A,11,13,3,5,15,10,5,5,1,1,0,0,2.88,3.4,2.2,2.87,3.6,2.3,2.8,3.45,2.3,2.98,3.62,2.37,,,,2.9,3.3,2.38,3,3.65,2.38,2.89,3.52,2.31
B1,21/01/2023,17:15,Mechelen,Kortrijk,3,2,22,12,14,84.6,7.7,7.7,H,2,1,H,15,8,8,3,14,15,9,0,2,4,0,0,1.75,3.5,4.2,1.83,3.8,4,1.8,3.75,3.85,1.8,4.11,4.22,,,,1.8,3.75,4.2,1.83,4.11,4.25,1.8,3.88,4.06
B1,21/01/2023,17:15,Oostende,Cercle Brugge,1,2,22,17,10,11.5,38.5,50,A,0,1,A,9,10,4,6,11,15,4,6,3,1,0,0,3,3.4,2.1,3.1,3.6,2.2,2.95,3.5,2.2,3.16,3.75,2.22,,,,3.1,3.4,2.2,3.17,3.75,2.25,3.07,3.59,2.19
B1,21/01/2023,19:45,St. Gilloise,Oud-Heverlee Leuven,1,0,22,2,9,96.2,0,3.9,H,0,0,D,18,11,7,4,7,15,12,5,1,3,0,0,1.5,4.5,5.25,1.49,4.5,6.25,1.47,4.5,6,1.53,4.64,5.85,,,,1.5,4.2,6,1.54,4.64,6.5,1.5,4.5,5.88
B1,22/01/2023,12:30,Antwerp,Standard,4,1,22,3,6,88.5,3.8,7.7,H,3,1,H,8,10,6,3,20,9,2,2,3,2,0,1,1.67,3.6,4.75,1.68,3.75,5,1.7,3.7,4.4,1.68,3.88,5.05,,,,1.7,3.6,5,1.74,3.95,5.1,1.7,3.77,4.82
B1,22/01/2023,15:00,Seraing,Anderlecht,0,1,22,18,13,3.8,3.8,92.3,A,0,0,D,9,14,4,4,17,11,4,6,3,1,0,0,5.25,4,1.55,5.5,4,1.6,5.25,3.95,1.6,5.86,4.12,1.57,,,,5.75,3.8,1.57,5.9,4.2,1.62,5.5,4.01,1.58
B1,22/01/2023,17:30,Club Brugge,Charleroi,2,2,22,4,11,100,0,0,D,1,2,A,12,9,6,3,7,18,2,3,2,4,0,1,1.4,4.5,6.5,1.46,4.6,6.75,1.43,4.6,6.75,1.41,4.85,7.35,,,,1.44,4.33,7,1.46,5,7.5,1.42,4.67,6.86
B1,22/01/2023,20:00,St Truiden,Gent,0,3,22,7,5,3.8,53.8,42.3,A,0,2,A,5,13,1,4,12,10,1,5,2,0,1,0,3.4,3.2,2.1,3.4,3.4,2.15,3.2,3.3,2.15,3.48,3.31,2.19,,,,3.4,3.2,2.15,3.51,3.42,2.21,3.37,3.33,2.14
B1,27/01/2023,19:45,Standard,Eupen,3,1,23,6,14,100,0,0,H,2,1,H,13,8,7,3,15,11,8,2,1,2,0,0,1.65,3.75,4.5,1.77,3.8,4.75,1.7,3.8,4.7,1.68,3.98,5.2,1.73,3.6,4.75,1.65,3.8,5,1.76,3.98,5.2,1.68,3.84,4.87
B1,28/01/2023,15:00,Westerlo,Mechelen,2,0,23,7,11,50,32.1,17.9,H,1,0,H,26,8,8,2,4,10,11,5,1,3,0,1,1.85,3.6,3.6,1.98,3.6,3.6,1.95,3.55,3.5,2.01,3.72,3.74,1.95,3.5,3.7,1.95,3.5,3.7,2.03,3.87,3.74,1.97,3.63,3.6
B1,28/01/2023,17:15,Kortrijk,Oostende,2,2,23,15,17,50,28.6,21.4,D,1,1,D,14,22,3,7,12,8,2,5,1,0,0,0,2,3.4,3.3,2.1,3.7,3.25,2.1,3.5,3.35,2.09,3.86,3.38,,,,2.1,3.5,3.3,2.15,3.86,3.38,2.08,3.66,3.26
B1,28/01/2023,17:15,Oud-Heverlee Leuven,St Truiden,1,1,23,9,8,21.4,53.1,25,D,0,1,A,13,8,5,4,7,18,6,3,0,3,0,0,2.25,3.3,2.9,2.35,3.4,2.95,2.35,3.25,2.9,2.34,3.49,3.14,2.35,3.3,2.9,,,,2.37,3.52,3.14,2.31,3.38,2.99
B1,28/01/2023,19:45,Charleroi,St. Gilloise,0,1,23,13,2,10.7,14.3,75,A,0,1,A,5,9,1,3,17,8,2,8,3,3,0,0,3.3,3.4,2,3.5,3.6,2.05,3.25,3.45,2.05,3.64,3.68,2.05,3.5,3.4,2.05,3.5,3.4,2.05,3.65,3.7,2.09,3.47,3.53,2.04
B1,29/01/2023,12:30,Anderlecht,Antwerp,0,0,23,12,3,21.4,3.6,75,D,0,0,D,7,12,0,4,12,10,6,2,4,3,1,1,2.63,3.25,2.45,2.75,3.25,2.55,2.7,3.2,2.5,2.72,3.62,2.5,2.7,3.4,2.45,2.8,3.2,2.5,2.81,3.65,2.55,2.72,3.41,2.48
B1,29/01/2023,15:00,Cercle Brugge,Gent,3,2,23,10,4,3.6,17.9,78.6,H,0,0,D,10,9,6,5,18,7,4,2,1,1,0,0,3.1,3.25,2.15,3.2,3.3,2.25,3.05,3.3,2.25,3.28,3.39,2.25,3,3.3,2.3,3.13,3.2,2.3,3.31,3.5,2.3,3.16,3.33,2.23
B1,29/01/2023,17:30,Waregem,Club Brugge,1,2,23,16,5,3.6,0,96.4,A,1,2,A,11,12,4,2,8,17,4,8,2,4,1,0,4.5,3.75,1.65,4.8,3.9,1.7,4.6,3.9,1.67,4.99,4.37,1.61,4.6,3.8,1.7,4.8,3.9,1.65,5.1,4.4,1.7,4.72,4.11,1.64
B1,29/01/2023,20:00,Genk,Seraing,4,0,23,1,18,100,0,0,H,2,0,H,12,6,9,0,7,15,3,4,0,2,0,0,1.22,5.75,10,1.23,6.5,13,1.22,6.5,11,1.21,6.63,12.63,1.2,5.8,15,1.2,6,13,1.24,7,13,1.21,6.4,12.02
B1,01/02/2023,17:45,Eupen,Genk,1,1,22,15,1,0,0,100,D,1,1,D,10,14,4,5,15,13,3,7,5,4,0,0,5.5,3.8,1.53,5.25,4.33,1.57,5,4.2,1.57,5.83,4.47,1.56,,,,5.5,4.2,1.53,5.83,4.6,1.59,5.38,4.31,1.55
B1,03/02/2023,19:45,Oostende,Anderlecht,0,2,24,17,11,0,4,96,A,0,1,A,11,12,4,3,18,13,3,2,3,1,0,0,3.4,3.6,1.91,3.6,3.75,2,3.4,3.6,1.97,3.65,4,1.96,3.7,3.5,1.95,3.6,3.7,1.93,3.65,4,2.06,3.52,3.75,1.96
B1,04/02/2023,15:00,Cercle Brugge,Standard,1,1,24,8,6,7.7,38.5,53.3,D,0,0,D,13,8,3,2,21,14,4,1,3,3,0,0,2.05,3.5,3.1,2.1,3.5,3.4,2.1,3.45,3.1,2.14,3.5,3.55,2.15,3.3,3.3,2.1,3.3,3.4,2.19,3.66,3.55,2.12,3.47,3.33
B1,04/02/2023,17:15,Eupen,Westerlo,1,1,24,15,7,15.4,15.4,69.2,D,0,1,A,7,15,3,6,18,7,4,7,1,0,0,0,2.9,3.5,2.15,3.1,3.6,2.2,2.9,3.45,2.25,3.16,3.66,2.25,2.9,3.4,2.3,3.1,3.3,2.25,3.16,3.75,2.28,3.05,3.53,2.22
B1,04/02/2023,17:15,Seraing,Oud-Heverlee Leuven,2,1,24,18,10,11.5,15.4,73.1,H,1,1,D,14,19,4,5,10,10,7,11,1,0,0,0,4,3.6,1.85,4.1,3.6,1.85,3.8,3.55,1.9,4.32,3.79,1.85,4,3.5,1.88,4.1,3.5,1.85,4.32,3.79,1.93,4.07,3.63,1.86
B1,04/02/2023,19:45,St Truiden,Kortrijk,1,0,24,9,14,76.9,15.4,7.7,H,1,0,H,7,9,2,4,11,9,2,2,1,3,0,0,1.73,3.6,4.33,1.77,3.7,4.5,1.75,3.6,4.2,1.8,3.75,4.68,1.78,3.6,4.4,,,,1.81,3.81,4.7,1.78,3.65,4.45
B1,05/02/2023,12:30,Antwerp,Club Brugge,0,0,24,3,4,34.6,30.6,34.6,D,0,0,D,7,4,2,1,12,22,2,5,1,5,0,0,2.5,3.3,2.63,2.55,3.2,2.7,2.5,3.4,2.6,2.66,3.28,2.84,2.6,3.3,2.62,2.55,3.25,2.7,2.66,3.55,2.84,2.57,3.32,2.7
B1,05/02/2023,15:00,Mechelen,Charleroi,2,2,24,12,13,34.6,34.6,30.8,D,2,0,H,10,17,7,8,12,11,4,7,0,3,1,0,2.15,3.4,3.1,2.25,3.5,3.1,2.2,3.45,2.95,2.3,3.62,2.99,2.25,3.4,3,2.25,3.3,3.1,2.32,3.69,3.1,2.25,3.52,3
B1,05/02/2023,17:30,Gent,Genk,2,3,24,5,1,7.7,26.9,65.4,A,1,1,D,20,11,6,5,12,12,4,3,1,1,0,0,2.25,3.4,2.8,2.3,3.5,2.95,2.3,3.4,2.8,2.39,3.6,2.88,2.4,3.4,2.75,2.38,3.3,2.9,2.41,3.67,2.95,2.33,3.49,2.88
B1,05/02/2023,18:15,St. Gilloise,Waregem,4,0,24,2,16,92.3,3.8,3.8,H,1,0,H,14,7,8,1,8,9,2,3,0,1,0,0,1.36,4.75,7,1.37,5,7.75,1.35,5,7.75,1.37,5.23,7.76,1.36,4.6,8.5,1.33,4.8,9,1.39,5.3,9,1.36,5.03,7.69
B1,10/02/2023,19:00,Oud-Heverlee Leuven,Cercle Brugge,0,0,25,11,9,35,35,30,D,0,0,D,7,11,1,5,12,10,6,7,1,0,0,0,2.25,3.25,2.8,2.4,3.5,2.87,2.35,3.4,2.75,2.4,3.46,3.05,,,,2.3,3.3,3,2.41,3.6,3.05,2.36,3.42,2.91
B1,10/02/2023,19:45,Club Brugge,St. Gilloise,1,1,25,4,2,35,35,30,D,1,1,D,10,19,4,2,13,10,5,3,1,4,0,0,2.3,3.3,2.9,2.6,3.4,2.7,2.45,3.3,2.7,2.63,3.46,2.75,,,,2.55,3.25,2.7,2.64,3.46,2.9,2.54,3.34,2.73
B1,10/02/2023,19:45,Eupen,Mechelen,2,1,25,14,12,35,25,40,H,0,1,A,11,14,3,4,16,16,4,2,0,4,0,0,2.55,3.4,2.5,2.6,3.5,2.65,2.5,3.4,2.55,2.63,3.52,2.71,,,,2.55,3.4,2.6,2.66,3.6,2.71,2.57,3.45,2.62
B1,11/02/2023,15:00,Westerlo,Gent,3,3,25,7,5,19,14.3,66.7,D,2,2,D,8,16,5,9,7,6,3,6,1,1,0,0,2.8,3.3,2.38,2.85,3.4,2.4,2.75,3.3,2.4,3,3.45,2.44,,,,2.9,3.2,2.4,3,3.45,2.47,2.89,3.34,2.41
B1,11/02/2023,17:15,Charleroi,Seraing,3,0,25,13,17,90.5,0,9.5,H,1,0,H,11,2,4,1,8,13,10,2,1,0,0,0,1.5,4,5.75,1.52,4.33,6,1.53,4.2,6,1.51,4.41,6.71,,,,1.5,4,6.5,1.55,4.41,6.71,1.52,4.21,6.16
B1,12/02/2023,12:30,Genk,Antwerp,0,1,25,1,3,90.5,4.8,4.8,A,0,0,D,16,8,3,3,17,14,9,3,2,3,0,0,1.91,3.5,3.75,1.98,3.6,3.7,2,3.5,3.45,2.03,3.66,3.57,,,,1.95,3.5,3.7,2.04,3.77,3.75,1.99,3.6,3.57
B1,12/02/2023,15:00,Anderlecht,St Truiden,3,1,25,10,8,66.7,28.6,4.8,H,0,0,D,24,3,9,2,3,11,4,2,1,1,0,0,1.83,3.4,4,1.85,3.6,4.2,1.95,3.45,3.7,1.81,3.61,4.56,,,,,,,1.95,3.65,4.6,1.86,3.51,4.22
B1,12/02/2023,17:30,Standard,Kortrijk,0,2,25,6,15,90.9,4.5,4.5,A,0,0,D,9,11,1,4,10,20,7,3,0,2,1,0,1.62,4,4.75,1.68,4,4.6,1.63,4.1,4.7,1.63,4.39,4.82,,,,1.62,3.9,5.25,1.68,4.4,5.25,1.64,4.17,4.74
B1,12/02/2023,18:15,Waregem,Oostende,1,1,25,15,18,68.2,18.2,13.6,D,1,0,H,8,5,2,3,11,17,3,4,0,1,0,0,1.95,3.6,3.5,2,3.8,3.3,2.05,3.65,3.25,2.04,3.66,3.53,,,,2,3.5,3.5,2.07,3.8,3.57,2.02,3.64,3.4
B1,17/02/2023,19:45,Mechelen,Genk,2,2,26,13,1,0,4.3,95.7,D,1,1,D,11,13,5,3,8,6,4,4,1,0,0,0,4.2,3.6,1.8,4,3.75,1.87,3.85,3.65,1.83,4.01,4,1.86,,,,4,3.8,1.8,4.2,4,1.87,4.01,3.83,1.82
B1,18/02/2023,15:00,Antwerp,Eupen,2,0,26,3,15,87,13,0,H,2,0,H,17,4,2,0,11,11,7,4,3,3,0,1,1.36,5,8,1.36,4.8,8.75,1.35,5,8,1.37,5.26,8.43,,,,1.33,4.8,9,1.38,5.3,9,1.36,5,8.17
B1,18/02/2023,17:15,Oostende,Charleroi,0,0,26,17,12,17.4,17.4,65.2,D,0,0,D,17,8,6,3,7,10,11,3,0,0,0,0,3.1,3.5,2.25,2.95,3.6,2.25,2.9,3.4,2.25,3.07,3.77,2.26,,,,3,3.4,2.25,3.1,3.77,2.3,2.99,3.59,2.24
B1,18/02/2023,17:15,Seraing,Waregem,1,1,26,18,16,26.1,26.1,47.8,D,0,1,A,6,12,2,3,18,16,4,7,3,3,1,1,3.1,3.4,2.2,3.2,3.6,2.15,3,3.45,2.2,3.23,3.74,2.19,,,,3.13,3.4,2.2,3.25,3.76,2.23,3.12,3.58,2.18
B1,18/02/2023,19:45,St. Gilloise,Standard,2,4,26,2,6,87.5,12.5,0,A,1,2,A,15,9,6,6,12,11,3,0,2,5,0,0,1.53,4.2,6,1.57,4,6,1.53,4.1,5.75,1.53,4.34,6.43,,,,1.53,3.9,6,1.58,4.4,6.43,1.54,4.16,5.95
B1,19/02/2023,12:30,Cercle Brugge,Club Brugge,2,2,26,8,4,0,12,88,D,0,1,A,28,7,10,5,10,12,17,4,2,2,0,0,3.5,3.4,2.05,3.25,3.5,2.15,3.2,3.4,2.1,3.49,3.5,2.11,,,,3.4,3.3,2.1,3.52,3.57,2.2,3.35,3.46,2.11
B1,19/02/2023,15:00,Gent,Oud-Heverlee Leuven,2,0,26,5,11,92,4,4,H,0,0,D,12,14,6,4,15,12,5,9,2,1,0,0,1.57,4,5.25,1.62,4.1,5,1.6,4,5.25,1.62,4.18,5.2,,,,1.57,3.9,5.75,1.64,4.3,5.75,1.6,4.08,5.19
B1,19/02/2023,17:30,Kortrijk,Anderlecht,2,2,26,14,10,4,20,76,D,0,1,A,13,12,7,5,14,8,6,4,2,0,0,0,4,3.6,1.85,3.6,3.7,1.95,3.55,3.6,1.95,3.7,3.94,1.92,,,,3.7,3.5,1.95,4,4,1.99,3.65,3.75,1.92
B1,19/02/2023,18:15,St Truiden,Westerlo,0,1,26,9,7,52,44,4,A,0,1,A,6,13,1,3,8,6,1,6,1,0,1,0,2.63,3.3,2.63,2.65,3.3,2.65,2.55,3.2,2.6,2.78,3.22,2.68,,,,,,,2.8,3.35,2.71,2.68,3.25,2.64
B1,24/02/2023,19:45,Waregem,Kortrijk,3,3,27,16,14,36.4,36.4,27.3,D,1,2,A,15,9,4,5,19,18,8,5,3,4,0,0,2.2,3.5,3.1,2.25,3.7,3.1,2.15,3.5,2.95,2.18,3.63,3.34,,,,2.1,3.5,3.2,2.25,3.7,3.35,2.16,3.57,3.17
B1,25/02/2023,15:00,Seraing,Mechelen,0,2,27,18,13,8,8,84,A,0,1,A,7,9,0,4,11,14,4,3,2,1,0,0,3.75,3.6,1.95,3.6,3.7,1.98,3.4,3.6,1.97,3.7,3.73,2.02,,,,3.75,3.4,1.95,3.75,3.75,2.03,3.59,3.64,1.98
B1,25/02/2023,17:15,Eupen,Cercle Brugge,2,2,27,15,8,12,20,68,D,2,2,D,7,14,3,4,10,13,4,6,1,1,1,0,3.4,3.5,2.05,3.3,3.6,2.1,3.15,3.5,2.1,3.53,3.7,2.08,,,,3.5,3.4,2.05,3.53,3.71,2.15,3.38,3.55,2.08
B1,25/02/2023,17:15,Genk,Oostende,3,0,27,1,17,100,0,0,H,2,0,H,10,12,5,4,13,15,4,4,2,3,0,0,1.33,5.5,7,1.34,5.5,8,1.33,5.5,7.25,1.34,5.68,8.75,,,,1.33,5,8.5,1.36,5.7,9.1,1.33,5.42,8.05
B1,25/02/2023,19:45,Westerlo,St. Gilloise,4,2,27,7,2,4,4,92,H,2,1,H,9,20,6,8,9,9,4,6,2,2,0,0,3.5,3.6,1.95,3.5,3.6,2,3.35,3.55,2,3.61,3.77,2.03,,,,3.6,3.4,2,3.61,3.77,2.04,3.5,3.61,2.01
B1,26/02/2023,12:30,Club Brugge,Gent,2,0,27,4,5,80,16,4,H,0,0,D,16,6,6,2,9,10,9,3,2,0,0,0,2.15,3.75,3.1,2.15,3.5,3.2,2.1,3.55,3.05,2.13,3.46,3.48,,,,2.1,3.3,3.4,2.17,3.75,3.5,2.12,3.49,3.3
B1,26/02/2023,15:00,Oud-Heverlee Leuven,Antwerp,1,1,27,12,3,4,4,92,D,1,0,H,9,17,4,4,9,13,3,7,1,0,0,0,3.5,3.5,2,3.4,3.6,2.05,3.25,3.5,2.05,3.59,3.65,2.03,,,,3.5,3.4,2.05,3.65,3.69,2.13,3.45,3.56,2.04
B1,26/02/2023,17:30,Anderlecht,Standard,2,2,27,9,6,68,24,8,D,2,1,H,14,8,7,4,5,8,7,3,2,2,0,0,1.83,3.75,4,1.85,3.7,4,1.85,3.6,3.7,1.88,3.84,3.96,,,,1.85,3.5,4,1.9,3.94,4.1,1.86,3.73,3.91
B1,26/02/2023,18:15,Charleroi,St Truiden,1,0,27,11,10,36,60,4,H,0,0,D,17,11,7,2,15,13,3,2,0,2,0,0,2.05,3.5,3.6,2.1,3.4,3.5,2.1,3.4,3.2,2.02,3.48,3.8,,,,,,,2.14,3.55,3.84,2.05,3.42,3.56
B1,03/03/2023,19:45,Oostende,Club Brugge,3,0,28,17,4,0,0,100,H,1,0,H,13,11,6,3,12,16,0,5,2,2,0,0,4.5,4,1.67,4.4,4.1,1.75,4.3,4,1.7,4.56,4.33,1.7,,,,4.5,4,1.67,4.6,4.33,1.75,4.41,4.07,1.7
B1,04/03/2023,15:00,Kortrijk,Charleroi,0,1,28,14,10,4.5,27.3,68.2,A,0,0,D,18,11,3,6,7,12,4,2,0,4,0,0,3.1,3.4,2.25,2.9,3.5,2.3,2.9,3.45,2.25,3.21,3.68,2.22,,,,3.1,3.3,2.25,3.3,3.68,2.3,3.07,3.52,2.22
B1,04/03/2023,17:15,Cercle Brugge,Seraing,3,1,28,13,16,95.5,0,4.5,H,2,1,H,19,3,7,2,14,11,11,3,1,1,0,0,1.4,4.75,8,1.41,4.6,7.5,1.4,4.7,7.75,1.37,4.84,9.64,,,,1.36,4.5,8.5,1.41,4.9,9.7,1.38,4.65,8.42
B1,04/03/2023,17:15,Oud-Heverlee Leuven,Waregem,4,2,28,8,18,95.5,0,5.5,H,3,0,H,13,12,8,4,11,10,3,5,2,1,0,0,1.83,3.6,4.2,1.87,3.8,3.9,1.9,3.65,3.7,1.87,3.97,4,,,,1.85,3.6,4,1.9,3.97,4.2,1.87,3.78,3.87
B1,04/03/2023,19:45,Standard,Westerlo,2,0,28,6,7,72.7,18.2,9.1,H,1,0,H,23,7,5,0,12,11,7,1,0,2,1,0,2.55,3.3,2.7,2.4,3.6,2.75,2.45,3.4,2.6,2.6,3.67,2.66,,,,2.55,3.4,2.6,2.64,3.7,2.75,2.52,3.52,2.64
B1,05/03/2023,12:30,St Truiden,Genk,2,2,28,11,1,0,0,100,D,1,1,D,10,9,4,5,17,11,2,2,3,1,0,0,4,3.4,1.91,4,3.6,1.9,3.65,3.45,1.9,4.06,3.63,1.95,,,,,,,4.1,3.63,1.97,3.91,3.52,1.92
B1,05/03/2023,15:00,Antwerp,Mechelen,5,0,28,3,12,100,0,0,H,3,0,H,16,11,10,5,9,11,6,3,1,2,0,0,1.53,4.2,5.75,1.53,4.4,5.75,1.53,4.3,5.5,1.53,4.32,6.12,,,,1.53,4,6,1.55,4.5,6.2,1.53,4.29,5.78
B1,05/03/2023,17:30,Gent,Anderlecht,1,0,28,5,9,72.7,18.2,9.1,H,0,0,D,14,10,5,3,8,9,4,2,1,4,0,1,2.05,3.4,3.5,2.1,3.5,3.4,2.05,3.4,3.3,2.1,3.64,3.4,,,,2.1,3.3,3.4,2.12,3.73,3.5,2.08,3.52,3.38
B1,05/03/2023,18:15,St. Gilloise,Eupen,2,1,28,2,15,100,0,0,H,1,0,H,12,8,6,3,11,16,5,2,1,1,0,0,1.25,5.5,12,1.28,5.75,10.5,1.27,5.75,10,1.23,6.29,11.47,,,,1.25,5.5,11.5,1.29,6.8,13,1.25,5.99,10.89
B1,10/03/2023,19:45,Charleroi,Oud-Heverlee Leuven,0,1,29,9,11,81.8,9.1,9.1,A,0,1,A,25,9,5,2,8,11,7,4,1,4,0,0,1.85,3.6,3.6,1.95,3.7,3.8,1.95,3.55,3.5,1.94,3.72,3.96,,,,1.9,3.5,3.9,1.98,3.76,4,1.92,3.6,3.77
B1,11/03/2023,15:00,Mechelen,St Truiden,1,0,29,13,12,50,36.4,13.6,H,0,0,D,8,7,4,1,10,16,8,4,1,2,0,0,2.15,3.25,3.1,2.25,3.3,3.2,2.25,3.25,3.05,2.28,3.37,3.35,,,,,,,2.3,3.4,3.35,2.24,3.28,3.16
B1,11/03/2023,17:15,Eupen,Oostende,4,4,29,15,16,50,40.9,9.1,D,1,1,D,29,14,10,9,9,10,9,2,0,3,0,1,2.5,3.4,2.6,2.55,3.5,2.65,2.45,3.35,2.6,2.62,3.6,2.68,,,,2.55,3.3,2.7,2.62,3.65,2.7,2.53,3.46,2.63
B1,11/03/2023,17:15,Westerlo,Kortrijk,3,1,29,7,14,95.5,0,4.5,H,1,0,H,9,19,7,6,9,10,7,7,3,2,0,0,1.67,4,4.33,1.65,4,5,1.67,3.95,4.6,1.69,4.25,4.57,,,,1.67,3.8,4.8,1.72,4.3,5,1.67,4.05,4.56
B1,11/03/2023,19:45,Seraing,Antwerp,0,2,29,18,3,0,0,100,A,0,2,A,8,18,1,5,15,12,4,5,3,1,1,0,7.5,4.33,1.4,7.25,4.5,1.44,7.25,4.4,1.43,8.31,4.63,1.42,,,,8.5,4.2,1.4,8.5,4.63,1.44,7.7,4.42,1.41
B1,12/03/2023,12:30,Club Brugge,Standard,2,0,29,4,6,86.4,9.1,4.5,H,0,0,D,13,17,4,4,11,10,6,6,1,1,0,0,1.7,3.8,4.33,1.68,4,4.75,1.73,3.85,4.1,1.71,4.09,4.53,,,,1.73,3.75,4.5,1.75,4.2,4.75,1.71,3.93,4.4
B1,12/03/2023,15:00,Waregem,Gent,2,6,29,17,5,0,0,100,A,0,2,A,11,12,4,8,14,11,4,1,1,1,0,0,3.2,3.6,1.95,3.5,3.6,1.98,3.25,3.55,2.05,3.53,3.54,2.09,,,,3.5,3.4,2.05,3.56,3.7,2.11,3.39,3.54,2.04
B1,12/03/2023,17:30,Genk,St. Gilloise,1,2,29,1,2,86.4,4.5,9.1,A,1,2,A,12,13,6,5,13,15,14,5,3,3,0,0,2.2,3.4,3,2.3,3.5,3,2.3,3.35,2.9,2.35,3.54,2.98,,,,2.3,3.3,3,2.4,3.6,3.1,2.29,3.45,2.95
B1,12/03/2023,18:15,Anderlecht,Cercle Brugge,2,0,29,10,8,72.7,22.7,4.5,H,1,0,H,18,7,9,2,8,17,5,4,0,2,0,1,2.05,3.5,3.3,2.05,3.5,3.4,2.1,3.45,3.25,2.07,3.59,3.52,,,,2.05,3.3,3.6,2.11,3.65,3.6,2.06,3.49,3.39
B1,17/03/2023,19:45,Cercle Brugge,Genk,1,1,30,8,1,4.2,0,95.8,D,1,0,H,18,10,4,2,5,9,6,9,2,1,0,0,2.7,3.4,2.38,2.7,3.5,2.45,2.65,3.45,2.4,2.76,3.7,2.5,,,,2.7,3.5,2.4,2.8,3.71,2.51,2.71,3.54,2.43
B1,18/03/2023,15:00,Kortrijk,Club Brugge,1,0,30,14,4,0,0,100,H,1,0,H,10,13,6,3,11,11,1,6,2,2,0,0,4.2,3.8,1.65,4.33,4,1.75,3.95,4,1.73,4.41,4.5,1.7,,,,4.4,3.9,1.7,4.56,4.5,1.77,4.28,4.13,1.71
B1,18/03/2023,17:15,Oostende,Westerlo,1,2,30,16,7,0,22.2,77.8,A,0,1,A,22,7,12,2,9,9,7,5,1,2,0,0,2.88,3.3,2.25,2.9,3.5,2.3,2.85,3.4,2.3,2.87,3.87,2.34,,,,2.9,3.4,2.3,3,3.89,2.34,2.86,3.62,2.29
B1,18/03/2023,17:15,St Truiden,Seraing,2,1,30,13,18,96.3,3.7,0,H,1,0,H,12,9,7,1,14,8,4,2,2,2,0,0,1.53,3.75,5.75,1.58,3.75,6.25,1.55,3.8,6,1.57,3.98,6.25,,,,,,,1.6,4.25,6.5,1.56,3.81,6.15
B1,18/03/2023,19:45,Standard,Waregem,2,2,30,6,17,100,0,0,D,2,0,H,21,9,8,5,14,12,6,5,3,2,0,0,1.67,3.75,4.5,1.72,3.9,4.5,1.7,3.85,4.2,1.73,4.01,4.59,,,,1.7,3.8,4.6,1.77,4.14,4.7,1.71,3.93,4.45
B1,19/03/2023,12:30,Antwerp,Charleroi,0,1,30,3,11,85.7,14.3,0,A,0,1,A,28,5,8,2,8,9,8,0,0,4,0,1,1.67,3.75,4.5,1.7,3.8,4.8,1.7,3.85,4.3,1.71,4,4.77,,,,1.7,3.6,4.8,1.78,4,5.08,1.7,3.83,4.62
B1,19/03/2023,15:00,Oud-Heverlee Leuven,Anderlecht,0,2,30,10,9,7.1,35.7,57.1,A,0,1,A,9,12,5,5,11,13,4,7,3,2,0,0,3,3.4,2.15,3,3.5,2.3,2.95,3.4,2.2,3.12,3.57,2.25,,,,3.1,3.3,2.25,3.15,3.63,2.3,3.04,3.47,2.22
B1,19/03/2023,17:30,St. Gilloise,Mechelen,2,1,30,2,12,96.4,3.6,0,H,1,1,D,15,5,6,1,11,11,3,5,1,2,0,0,1.36,4.75,7,1.4,5,7.5,1.4,4.8,7,1.4,5.02,7.41,,,,1.36,4.75,8,1.41,5.2,8.02,1.39,4.84,7.31
B1,19/03/2023,18:15,Gent,Eupen,3,0,30,5,15,96.4,3.6,0,H,1,0,H,25,11,5,3,6,9,16,5,2,0,0,0,1.36,4.75,8,1.36,5,8.5,1.35,5,8,1.34,5.15,9.02,,,,1.33,4.8,9,1.37,5.4,9.5,1.34,4.98,8.43
B1,31/03/2023,19:45,Waregem,Antwerp,0,2,31,17,3,8.7,0,91.3,A,0,0,D,7,13,3,5,11,15,6,5,4,1,0,0,4.2,4,1.65,4.5,3.8,1.73,3.85,3.9,1.77,4.68,4.18,1.71,3.7,3.5,1.95,4.6,3.9,1.67,4.7,4.18,1.77,4.42,3.95,1.71
B1,01/04/2023,15:00,Cercle Brugge,Kortrijk,2,0,31,10,14,78.3,8.7,13,H,2,0,H,19,6,6,4,17,13,6,2,2,2,0,0,1.57,4,4.75,1.62,4.1,5,1.63,4.1,4.8,1.61,4.31,5.4,1.65,3.8,5,1.57,4,5.5,1.65,4.31,5.5,1.6,4.15,5.11
B1,01/04/2023,17:15,Seraing,Gent,0,5,31,18,4,4.3,0,95.7,A,0,1,A,6,18,0,10,5,6,3,13,0,1,0,0,8,4.33,1.33,8.25,4.8,1.38,8,4.7,1.37,8.99,4.73,1.4,6.5,3.9,1.52,8.5,4.6,1.36,8.99,4.9,1.41,8.31,4.67,1.37
B1,01/04/2023,17:15,Westerlo,Charleroi,2,3,31,6,9,78.3,13,8.7,A,1,2,A,17,12,7,5,5,16,7,4,2,5,0,0,2.1,3.5,3.1,2.1,3.6,3.25,2.1,3.45,3.1,2.19,3.67,3.29,2.1,3.4,3.3,2.15,3.4,3.2,2.19,3.71,3.3,2.13,3.54,3.19
B1,01/04/2023,19:45,Oostende,Standard,1,3,31,16,7,4.2,16.7,79.2,A,1,3,A,15,13,4,7,11,6,6,7,3,1,1,0,3.1,3.4,2.1,3.1,3.6,2.2,2.95,3.45,2.2,3.04,3.8,2.23,3.1,3.4,2.2,3.1,3.4,2.2,3.1,3.82,2.25,3.01,3.6,2.2
B1,02/04/2023,12:30,Genk,Oud-Heverlee Leuven,2,1,31,1,11,100,0,0,H,1,0,H,22,11,8,5,10,9,11,5,4,2,0,0,1.5,4,6,1.51,4.5,5.75,1.5,4.4,5.75,1.51,4.64,5.85,1.5,4.2,6,1.5,4.33,5.75,1.54,4.75,6.4,1.5,4.46,5.78
B1,02/04/2023,15:00,Eupen,Anderlecht,0,1,31,15,8,4.2,12.5,83.3,A,0,0,D,9,13,1,4,16,8,2,6,1,0,0,0,3.8,3.6,1.8,4,3.75,1.83,3.7,3.7,1.85,4.33,3.9,1.79,4,3.6,1.83,4.2,3.6,1.8,4.4,3.98,1.89,4.05,3.77,1.81
B1,02/04/2023,17:30,Mechelen,Club Brugge,0,3,31,13,5,4.2,8.3,87.5,A,0,2,A,4,18,1,5,9,6,1,8,1,1,0,0,3.5,3.5,1.91,3.5,3.7,1.98,3.35,3.65,1.97,3.72,3.8,1.94,3.7,3.5,1.95,3.75,3.5,1.91,3.8,4,2,3.59,3.71,1.93
B1,02/04/2023,18:15,St. Gilloise,St Truiden,2,1,31,2,12,100,0,0,H,0,0,D,11,6,7,1,14,8,13,1,2,3,0,1,1.44,4.5,6.5,1.47,4.4,6.75,1.47,4.2,6.25,1.45,4.27,7.87,1.47,4,7,,,,1.48,4.5,8,1.45,4.31,6.99
B1,07/04/2023,19:45,Club Brugge,Seraing,2,0,32,5,18,100,0,0,H,0,0,D,26,5,11,0,10,8,21,1,0,0,0,0,1.11,9.5,21,1.12,9.75,21,1.15,8,16,1.12,9.49,24.9,,,,1.09,9,23,1.15,10,26,1.11,9.05,21.38
B1,08/04/2023,15:00,Kortrijk,Eupen,0,0,32,14,15,59.1,40.1,0,D,0,0,D,14,13,1,3,17,9,7,6,3,2,0,0,2,3.5,3.6,2.05,3.7,3.4,2,3.55,3.3,2.04,3.79,3.47,,,,2,3.5,3.5,2.08,3.83,3.6,2.03,3.63,3.38
B1,08/04/2023,15:00,Oud-Heverlee Leuven,Mechelen,4,1,32,11,13,72.7,18.2,9.1,H,2,0,H,17,16,11,6,8,13,2,8,1,3,0,0,2.1,3.5,3.3,2.15,3.7,3.1,2.15,3.55,2.95,2.19,3.82,3.18,,,,2.15,3.5,3.13,2.23,3.86,3.3,2.15,3.63,3.11
B1,08/04/2023,17:15,Charleroi,Waregem,3,2,32,9,17,90.9,4.5,4.5,H,0,1,A,18,8,8,5,11,15,3,5,3,1,0,0,1.73,3.8,4.75,1.68,4.2,4.6,1.7,3.85,4.6,1.66,4.55,4.64,,,,1.65,3.9,4.75,1.73,4.6,4.75,1.66,4.18,4.53
B1,08/04/2023,19:45,Gent,St. Gilloise,1,1,32,4,2,18.2,40.9,40.9,D,0,1,A,10,5,3,3,4,11,4,3,0,2,0,0,2.55,3.3,2.7,2.5,3.6,2.65,2.5,3.4,2.6,2.63,3.62,2.66,,,,2.55,3.3,2.7,2.63,3.62,2.75,2.53,3.45,2.63
B1,09/04/2023,12:30,Anderlecht,Westerlo,0,0,32,8,7,86.4,13.6,0,D,0,0,D,16,13,2,6,11,18,10,1,2,2,0,0,1.67,3.75,5,1.71,4,4.5,1.67,3.95,4.2,1.7,4.1,4.62,,,,1.67,3.8,4.75,1.73,4.2,5,1.69,3.96,4.48
B1,09/04/2023,15:00,Antwerp,Cercle Brugge,2,1,32,3,10,95.5,4.5,0,H,0,1,A,11,10,4,4,10,19,6,1,1,3,0,0,1.7,3.6,4.75,1.71,3.8,4.75,1.73,3.85,4.2,1.7,3.86,4.95,,,,1.67,3.6,5.25,1.73,4,5.25,1.69,3.79,4.74
B1,09/04/2023,17:30,Standard,Genk,2,0,32,6,1,4.3,8.7,87,H,2,0,H,11,19,4,7,17,13,4,7,3,3,0,0,2.63,3.4,2.55,2.65,3.7,2.45,2.65,3.5,2.45,2.6,3.78,2.53,,,,2.7,3.4,2.45,2.75,3.8,2.57,2.62,3.6,2.46
B1,09/04/2023,18:15,St Truiden,Oostende,5,0,32,12,16,78.7,13,8.7,H,2,0,H,18,11,11,4,14,12,6,2,1,1,0,0,2.25,3.25,3.25,2.25,3.4,3.1,2.25,3.3,3,2.33,3.35,3.16,,,,,,,2.36,3.45,3.25,2.26,3.32,3.11
B1,14/04/2023,19:45,Standard,Charleroi,3,1,33,6,8,95.2,4.8,0,H,1,0,H,10,17,6,5,15,11,5,5,4,1,1,0,2.05,3.5,3.5,2.05,3.7,3.5,2.05,3.5,3.25,2.06,3.7,3.58,,,,2,3.6,3.4,2.1,3.73,3.58,2.03,3.59,3.42
B1,15/04/2023,15:00,Eupen,Waregem,1,5,33,15,17,59.1,27.3,13.6,A,0,4,A,11,16,3,9,15,13,4,3,3,1,0,0,2.38,3.4,2.9,2.4,3.6,2.75,2.4,3.45,2.7,2.44,3.59,2.9,,,,2.4,3.4,2.8,2.44,3.7,2.9,2.37,3.51,2.82
B1,15/04/2023,17:15,Cercle Brugge,St Truiden,3,1,33,10,12,52.2,30.4,17.4,H,2,0,H,10,5,5,1,11,15,4,1,3,0,0,0,1.67,3.75,5,1.72,3.75,4.8,1.67,3.8,4.4,1.72,3.94,4.99,,,,,,,1.74,3.96,5.1,1.69,3.81,4.85
B1,15/04/2023,17:15,Oostende,Oud-Heverlee Leuven,0,4,33,16,11,26.1,8.7,65.2,A,0,2,A,13,19,3,8,10,8,7,6,1,0,0,0,2.4,3.5,2.75,2.4,3.8,2.65,2.4,3.6,2.65,2.37,4.21,2.62,,,,2.45,3.6,2.63,2.46,4.21,2.75,2.37,3.85,2.63
B1,15/04/2023,19:45,Westerlo,Club Brugge,0,0,33,7,5,8.7,13,78.3,D,0,0,D,7,22,1,10,13,8,4,13,4,3,0,0,3.3,3.4,2.15,3,3.6,2.2,3,3.5,2.15,3.29,3.71,2.17,,,,3.13,3.4,2.2,3.3,3.75,2.27,3.17,3.57,2.15
B1,16/04/2023,12:30,Genk,Anderlecht,5,2,33,1,9,87,8.7,4.3,H,2,1,H,14,13,9,6,16,17,7,2,2,3,0,0,1.85,3.6,4,1.85,3.9,3.8,1.9,3.8,3.6,1.83,4.08,3.91,,,,1.85,3.75,3.8,1.9,4.2,4.11,1.83,3.92,3.83
B1,16/04/2023,15:00,Mechelen,Gent,1,1,33,13,4,0,13,87,D,1,1,D,2,14,1,5,10,7,3,6,1,1,0,0,4.75,3.8,1.67,4.75,4,1.68,4.7,3.95,1.65,5.04,4.2,1.63,,,,5,4,1.62,5.4,4.33,1.68,4.87,4.08,1.63
B1,16/04/2023,17:30,Antwerp,Kortrijk,1,0,33,3,14,95.7,4.3,0,H,0,0,D,14,5,3,2,13,13,12,2,0,1,0,0,1.29,5.75,9,1.31,5.5,9.5,1.27,5.75,10,1.29,5.45,11.18,,,,1.25,5.5,11.5,1.34,5.8,12,1.28,5.49,10.31
B1,16/04/2023,18:15,St. Gilloise,Seraing,2,1,33,2,18,100,0,0,H,2,0,H,19,6,8,2,9,13,11,2,1,1,0,0,1.08,10,23,1.12,10,21,1.1,10,19,1.12,9.45,19.3,,,,1.08,9.5,23,1.13,10,23,1.11,9.35,20.19
B1,22/04/2023,17:15,Seraing,Westerlo,1,1,34,18,7,4.8,4.8,90.5,D,1,1,D,10,12,4,1,14,12,6,4,4,1,0,0,5.5,4,1.55,5.25,4.2,1.53,5.75,4.1,1.55,5.5,4.36,1.6,,,,5.5,4.2,1.53,5.75,4.36,1.62,5.33,4.2,1.57
B1,23/04/2023,12:30,St Truiden,Antwerp,0,1,34,12,3,4.2,0,95.8,A,0,0,D,10,10,0,4,11,6,6,2,2,0,0,0,4.33,3.5,1.8,4.1,3.6,1.77,4.3,3.6,1.8,4.32,3.84,1.81,,,,,,,4.5,3.84,1.89,4.17,3.65,1.81
B1,23/04/2023,17:30,Anderlecht,Mechelen,2,3,34,10,13,87.5,8.3,4.2,A,1,2,A,19,15,9,7,11,12,6,3,0,0,0,0,1.36,5,7,1.35,5.5,7.5,1.35,5.5,7.25,1.35,5.24,8.18,,,,1.33,5,8.5,1.37,5.6,8.6,1.34,5.18,7.79
B1,23/04/2023,17:30,Charleroi,Genk,2,2,34,8,1,0,4.2,95.8,D,1,2,A,13,4,6,2,15,13,6,4,3,1,0,0,3.6,3.6,1.91,3.25,3.8,1.95,3.4,3.75,1.95,3.59,4,1.93,,,,3.6,3.6,1.95,3.66,4.1,1.98,3.5,3.81,1.93
B1,23/04/2023,17:30,Club Brugge,Eupen,7,0,34,5,15,91.7,0,8.3,H,4,0,H,33,6,13,0,8,15,4,4,0,3,0,0,1.3,5,9.5,1.31,5.75,8.75,1.3,5.75,8.25,1.3,5.64,9.77,,,,1.29,5.5,9,1.32,5.8,10,1.29,5.51,9.12
B1,23/04/2023,17:30,Gent,Oostende,1,2,34,4,17,100,0,0,A,0,0,D,19,13,4,6,4,10,3,5,2,3,0,0,1.2,6,12,1.22,6.75,12,1.22,6.75,11,1.21,7.1,11.31,,,,1.2,6.5,12,1.23,7.5,14,1.21,6.71,11.56
B1,23/04/2023,17:30,Kortrijk,St. Gilloise,2,4,34,14,2,0,4.2,95.8,A,2,1,H,9,16,5,8,9,14,0,3,1,3,0,0,5.25,4.2,1.53,5.25,4.4,1.57,5.75,4.4,1.53,5.46,4.5,1.55,,,,5.5,4.2,1.53,6,4.6,1.57,5.4,4.38,1.53
B1,23/04/2023,17:30,Oud-Heverlee Leuven,Standard,3,2,34,11,6,0,20.8,79.2,H,1,0,H,12,14,5,5,9,9,6,7,0,2,0,0,2.5,3.6,2.5,2.55,3.75,2.5,2.65,3.55,2.45,2.65,3.74,2.51,,,,2.6,3.5,2.5,2.65,3.78,2.65,2.57,3.6,2.5
B1,23/04/2023,17:30,Waregem,Cercle Brugge,2,3,34,16,9,16.7,12.5,70.8,A,0,2,A,11,22,3,8,16,21,3,3,2,4,0,0,3,3.6,2.15,3,3.8,2.15,2.9,3.6,2.2,2.94,3.87,2.24,,,,3,3.6,2.2,3.05,3.97,2.25,2.94,3.73,2.18
B1,28/07/2023,19:45,St. Gilloise,Anderlecht,2,0,1,1,2,40,30,30,H,1,0,H,10,5,3,2,16,13,3,3,5,3,0,0,2.1,3.3,3.2,2.2,3.5,3.1,2.25,3.4,3.05,2.22,3.63,3.24,1.95,3.25,3.25,2.2,3.4,3.1,2.28,3.63,3.24,2.21,3.46,3.1
B1,29/07/2023,15:00,Eupen,Westerlo,2,2,1,14,11,38.2,29,32.3,D,1,0,H,13,22,6,5,14,7,1,4,1,0,0,0,3.4,3.3,2.05,3.2,3.5,2.15,3.25,3.4,2.15,3.56,3.56,2.12,3,3.2,2.1,3.4,3.4,2.1,3.56,3.58,2.19,3.36,3.46,2.11
B1,29/07/2023,17:15,Charleroi,Oud-Heverlee Leuven,1,1,1,13,12,64.5,19.4,16.1,D,1,0,H,4,19,2,5,7,12,2,6,3,1,1,0,1.95,3.5,3.5,1.98,3.7,3.6,2.05,3.55,3.4,2.03,3.73,3.65,2.05,3.25,3,1.95,3.6,3.6,2.05,3.73,3.85,1.99,3.59,3.56
B1,29/07/2023,19:45,RWD Molenbeek,Genk,0,4,1,16,6,6.5,3.2,90.3,A,0,3,A,10,28,4,10,11,11,2,6,1,0,0,0,3.5,3.6,1.85,3.5,3.7,1.98,3.5,3.6,2,3.67,3.9,1.98,3.5,3.4,1.83,3.7,3.6,1.93,3.83,3.9,2,3.6,3.69,1.94
B1,30/07/2023,12:30,Antwerp,Cercle Brugge,1,0,1,3,5,96.9,3.1,0,H,1,0,H,15,8,4,1,15,13,7,7,0,2,0,0,1.75,3.5,4.2,1.82,3.75,4.1,1.9,3.6,4,1.85,3.6,4.36,1.75,3.4,3.8,1.8,3.6,4.2,1.9,3.79,4.4,1.82,3.61,4.18
B1,30/07/2023,15:00,Gent,Kortrijk,3,2,1,7,15,100,0,0,H,2,1,H,17,10,4,3,5,9,7,5,1,4,0,0,1.33,4.75,8,1.35,5,8.5,1.33,5.25,8.25,1.33,5.51,8.63,1.3,4.4,7,1.3,5.25,9,1.36,5.7,9,1.32,5.23,8.52
B1,30/07/2023,17:30,Club Brugge,Mechelen,1,1,1,4,8,96.9,0,3.1,D,0,1,A,21,9,5,2,8,9,4,3,2,2,1,0,1.45,4.5,5.25,1.47,4.5,6.5,1.5,4.4,6,1.47,4.68,6.33,1.4,4.33,5.5,1.45,4.4,6.5,1.52,4.9,6.5,1.47,4.57,6.16
B1,30/07/2023,18:15,St Truiden,Standard,1,0,1,9,10,15.6,37.5,46.9,H,0,0,D,11,7,3,3,13,11,3,2,1,1,0,0,2.63,3.2,2.63,2.65,3.3,2.6,2.6,3.2,2.65,2.71,3.27,2.71,2.6,3.1,2.4,,,,2.75,3.4,2.74,2.64,3.26,2.63
B1,04/08/2023,19:45,Standard,St. Gilloise,0,1,2,12,2,21.9,12.5,65.6,A,0,1,A,8,24,3,8,9,12,2,13,4,1,1,0,3.75,3.6,1.91,3.5,3.6,2,3.5,3.55,2,3.87,3.67,1.98,,,,3.6,3.6,1.95,3.87,3.83,2.08,3.55,3.61,1.99
B1,05/08/2023,15:00,Genk,Eupen,0,1,2,1,11,94.6,5.4,0,A,0,1,A,28,5,3,2,11,11,7,2,1,2,0,0,1.33,5.25,8.5,1.31,5.75,8.75,1.3,6,8.75,1.29,6.28,9.53,,,,1.29,5.5,9,1.33,6.28,10.5,1.29,5.67,8.88
B1,05/08/2023,17:15,Cercle Brugge,Charleroi,2,0,2,13,8,34.2,39.5,26.3,H,2,0,H,19,8,3,3,11,13,4,5,0,3,0,0,1.85,3.8,4,1.87,3.9,3.8,1.9,3.7,3.75,1.92,3.8,3.98,,,,1.85,3.7,3.9,1.92,4,4,1.87,3.75,3.8
B1,05/08/2023,19:45,Oud-Heverlee Leuven,RWD Molenbeek,1,2,2,9,16,89.5,7.9,2.6,A,1,1,D,18,15,5,4,14,18,15,6,4,1,0,0,1.75,4,4.2,1.78,3.9,4.2,1.8,3.8,4.1,1.82,4.01,4.23,,,,1.75,3.8,4.2,1.83,4.1,4.25,1.78,3.87,4.1
B1,06/08/2023,12:30,Anderlecht,Antwerp,1,0,2,15,3,28.9,23.7,47.4,H,1,0,H,9,5,2,3,9,19,3,6,1,1,0,0,2.55,3.4,2.63,2.45,3.6,2.65,2.5,3.45,2.6,2.65,3.7,2.55,,,,2.55,3.4,2.6,2.65,3.75,2.67,2.55,3.5,2.58
B1,06/08/2023,15:00,Mechelen,Gent,0,1,2,10,4,7.9,10.5,81.6,A,0,0,D,14,12,2,3,14,14,7,3,2,3,0,0,3.8,4,1.8,3.8,3.9,1.85,3.75,3.85,1.83,3.78,4.04,1.87,,,,3.9,3.8,1.8,4,4.2,1.88,3.81,3.88,1.83
B1,06/08/2023,17:30,Westerlo,Club Brugge,0,1,2,7,6,13.2,13.2,73.7,A,0,1,A,11,20,3,8,7,9,4,5,1,0,0,0,3.6,3.75,1.95,3.5,3.8,1.95,3.4,3.7,2,3.69,3.7,1.98,,,,3.5,3.7,1.95,3.8,3.9,2.07,3.48,3.72,1.97
B1,06/08/2023,18:15,Kortrijk,St Truiden,0,1,2,14,5,23.7,39.5,36.8,A,0,0,D,8,14,1,4,10,12,0,14,1,2,0,0,2.8,3.4,2.45,2.85,3.4,2.4,2.85,3.35,2.45,2.85,3.35,2.53,,,,,,,2.9,3.57,2.53,2.8,3.36,2.44
B1,11/08/2023,19:45,Antwerp,Kortrijk,6,0,3,8,16,97.1,2.9,0,H,4,0,H,25,4,9,1,8,11,4,1,0,2,0,0,1.25,5.25,9.5,1.28,6,9.75,1.3,5.5,9,1.26,6.31,11.17,,,,1.25,5.75,10.5,1.3,6.31,11.17,1.26,5.86,10.02
B1,12/08/2023,15:00,RWD Molenbeek,Mechelen,1,0,3,10,13,17.6,32.2,50,H,0,0,D,18,9,8,4,12,11,7,4,3,1,0,0,2.15,3.5,2.9,2.25,3.7,2.95,2.3,3.5,2.9,2.25,3.89,3.01,,,,2.2,3.5,3,2.38,4,3.01,2.24,3.67,2.9
B1,12/08/2023,17:15,St. Gilloise,Oud-Heverlee Leuven,5,1,3,1,12,100,0,0,H,2,1,H,16,4,9,1,10,15,0,3,1,4,0,0,1.5,4,5.75,1.46,4.8,6.25,1.47,4.6,6,1.51,4.42,6.74,,,,1.44,4.6,6,1.53,4.9,7.5,1.47,4.61,6.06
B1,13/08/2023,12:30,St Truiden,Anderlecht,0,1,3,3,9,16.7,27.8,55.6,A,0,0,D,14,9,5,3,13,15,6,1,4,5,0,1,3.2,3.4,2.05,3.4,3.4,2.15,3.2,3.35,2.2,3.46,3.45,2.15,,,,3.2,3.4,2.15,3.46,3.68,2.21,3.26,3.41,2.15
B1,13/08/2023,15:00,Cercle Brugge,Genk,0,1,3,7,6,5.6,27.8,66.7,A,0,0,D,13,10,2,3,8,20,5,3,2,3,0,0,2.75,3.5,2.25,2.85,3.6,2.3,2.8,3.55,2.35,2.72,3.73,2.45,,,,2.75,3.6,2.3,2.85,3.92,2.45,2.75,3.67,2.33
B1,13/08/2023,15:00,Eupen,Club Brugge,0,5,3,5,4,5.6,2.8,91.7,A,0,3,A,9,13,1,7,9,13,4,6,0,2,0,0,5.25,4,1.5,5.25,4.2,1.58,5.25,4.2,1.6,5.62,4.33,1.56,,,,5.5,4.2,1.53,5.62,4.7,1.61,5.28,4.29,1.55
B1,13/08/2023,17:30,Charleroi,Standard,1,1,3,14,15,44.4,16.7,38.9,D,0,1,A,18,7,3,2,11,12,13,2,3,2,1,1,1.95,3.5,3.4,2.05,3.5,3.5,2.1,3.5,3.35,2.07,3.64,3.47,,,,2.05,3.5,3.4,2.11,3.91,3.52,2.04,3.59,3.36
B1,13/08/2023,18:15,Westerlo,Gent,1,3,3,11,2,8.3,5.6,86.1,A,1,1,D,14,18,4,9,10,14,4,10,1,1,0,0,3.3,3.4,2,3.4,3.75,2,3.4,3.65,2,3.56,3.96,1.95,,,,3.5,3.75,1.93,3.6,4.1,2.04,3.44,3.79,1.96
B1,18/08/2023,19:45,Oud-Heverlee Leuven,Antwerp,1,1,4,15,4,5.9,2.9,91.2,D,0,1,A,10,13,2,4,16,10,7,7,4,2,1,0,5.25,4,1.62,4.6,4.1,1.68,4.7,4,1.67,4.93,4.24,1.67,,,,4.75,4,1.65,5.25,4.3,1.7,4.66,4.07,1.66
B1,19/08/2023,15:00,Standard,Cercle Brugge,0,1,4,12,10,67.7,16.2,16.2,A,0,0,D,7,16,3,4,10,11,3,2,2,2,0,0,2.9,3.4,2.38,2.85,3.6,2.35,2.85,3.45,2.4,2.94,3.55,2.43,,,,2.88,3.4,2.3,2.94,3.65,2.43,2.85,3.49,2.35
B1,19/08/2023,19:45,Mechelen,St. Gilloise,4,0,4,13,1,5.4,5.4,89.2,H,1,0,H,10,14,7,1,9,10,4,6,0,2,0,0,4.33,3.75,1.75,4.33,4.1,1.73,4.1,3.9,1.77,4.29,4.01,1.81,,,,4.4,3.8,1.73,4.4,4.1,1.81,4.2,3.93,1.75
B1,20/08/2023,12:30,Anderlecht,Westerlo,2,1,4,7,14,89.2,2.7,8.1,H,1,0,H,24,18,7,3,7,13,6,2,1,3,0,0,1.83,3.75,4,1.85,3.9,3.8,1.9,3.75,3.75,1.92,3.59,4.13,,,,1.87,3.6,3.9,1.95,3.95,4.2,1.87,3.69,3.86
B1,20/08/2023,15:00,Genk,Charleroi,0,0,4,5,11,91.9,5.4,2.7,D,0,0,D,23,7,7,3,11,13,11,4,0,0,0,0,1.53,4.2,5.5,1.57,4.4,5.25,1.57,4.3,5.25,1.59,4.53,5.02,,,,1.53,4.2,5.5,1.61,4.6,5.6,1.56,4.37,5.19
B1,20/08/2023,15:00,Gent,St Truiden,2,2,4,2,6,94.6,2.7,2.7,D,1,2,A,19,14,5,3,11,9,7,2,2,2,0,0,1.4,4.75,7.5,1.42,4.75,7.25,1.43,4.7,7,1.44,4.89,6.52,,,,1.4,4.6,8,1.45,5.1,7.5,1.41,4.71,6.99
B1,20/08/2023,17:30,Club Brugge,RWD Molenbeek,7,1,4,3,8,94.7,2.6,2.6,H,2,1,H,23,9,9,3,10,12,8,3,0,1,0,0,1.29,5.75,9.5,1.27,6,9.75,1.27,6,9,1.29,5.77,9.29,,,,1.29,5.5,10,1.31,6.25,10.5,1.28,5.78,9.33
B1,20/08/2023,18:15,Kortrijk,Eupen,1,3,4,16,9,28.9,31.6,39.5,A,0,0,D,13,15,4,8,15,15,5,9,5,4,1,0,2.25,3.5,3,2.25,3.6,2.95,2.25,3.5,2.95,2.33,3.77,2.85,,,,2.3,3.4,2.9,2.35,3.78,3.05,2.27,3.58,2.89
B1,26/08/2023,15:00,Westerlo,Mechelen,2,3,5,15,11,29.7,40.5,29.7,A,2,0,H,11,17,4,5,8,9,5,4,0,3,0,0,2.2,3.5,3.1,2.1,3.75,3.2,2.15,3.6,3.05,2.25,3.83,3.04,,,,2.15,3.5,3.1,2.27,3.9,3.2,2.17,3.69,3.04
B1,26/08/2023,17:15,Eupen,Oud-Heverlee Leuven,3,1,5,8,13,64.9,18.9,16.2,H,1,0,H,17,22,4,5,15,9,3,5,1,2,0,0,3,3.6,2.2,2.9,3.75,2.25,2.95,3.65,2.2,3.02,3.81,2.27,,,,3,3.6,2.2,3.05,3.84,2.29,2.96,3.68,2.22
B1,26/08/2023,19:45,Kortrijk,Standard,1,1,5,16,14,8.1,13.5,78.4,D,1,0,H,19,23,6,6,7,12,7,10,0,2,0,0,3,3.4,2.3,2.9,3.6,2.3,2.95,3.5,2.25,3,3.65,2.35,,,,3,3.4,2.25,3.1,3.69,2.36,2.97,3.54,2.27
B1,27/08/2023,15:00,St Truiden,Cercle Brugge,0,2,5,7,9,43.2,29.7,27,A,0,0,D,20,25,4,8,8,18,8,8,1,1,0,0,3.25,3.3,2.2,3,3.4,2.3,3.15,3.35,2.25,3.19,3.38,2.3,,,,3.13,3.4,2.2,3.25,3.47,2.3,3.16,3.36,2.24
B1,27/08/2023,17:30,Anderlecht,Charleroi,2,1,5,4,12,86.5,8.1,5.4,H,1,0,H,15,18,8,5,12,16,4,7,0,2,0,0,1.75,3.75,4.5,1.8,3.9,4.1,1.75,3.8,4.2,1.72,4.11,4.43,,,,1.75,3.75,4.33,1.8,4.2,4.6,1.75,3.9,4.32
B1,01/09/2023,19:45,Oud-Heverlee Leuven,Kortrijk,3,0,6,14,16,73.5,11.8,14.7,H,1,0,H,20,13,9,7,10,14,4,1,1,3,0,0,1.6,4.5,4.5,1.62,4.5,4.6,1.63,4.4,4.5,1.63,4.61,4.83,,,,1.6,4.33,4.75,1.64,4.61,4.83,1.61,4.45,4.65
B1,02/09/2023,15:00,Cercle Brugge,Westerlo,2,1,6,6,15,91.2,5.9,2.9,H,1,0,H,21,7,6,1,16,16,14,1,0,1,0,0,1.55,4.2,5.5,1.6,4.33,5,1.57,4.3,5,1.58,4.43,5.54,,,,1.53,4.2,5.5,1.6,4.6,5.6,1.56,4.38,5.24
B1,02/09/2023,17:15,Mechelen,Eupen,1,0,6,9,5,41.7,22.2,36.1,H,0,0,D,22,9,6,1,10,13,6,4,0,1,0,0,1.8,3.8,4,1.77,3.9,4.1,1.8,3.85,3.9,1.78,4.13,4.21,,,,1.8,3.8,4.1,1.82,4.2,4.21,1.77,3.98,4.06
B1,02/09/2023,19:45,Standard,RWD Molenbeek,1,1,6,13,11,88.9,8.3,2.8,D,1,1,D,11,8,4,3,9,22,5,0,1,3,0,0,1.95,3.6,3.6,2,3.7,3.5,2,3.65,3.45,2.07,3.56,3.7,,,,1.95,3.6,3.5,2.07,3.76,3.75,2.01,3.63,3.51
B1,03/09/2023,12:30,Gent,Club Brugge,2,1,6,4,3,22.2,38.9,39.9,H,1,1,D,14,14,4,7,14,12,5,6,2,0,1,0,2.4,3.5,2.75,2.4,3.7,2.7,2.45,3.55,2.75,2.41,3.77,2.79,,,,2.4,3.5,2.75,2.48,3.77,2.81,2.39,3.62,2.73
B1,03/09/2023,15:00,St. Gilloise,Antwerp,2,2,6,1,7,58.3,19.4,22.2,D,1,2,A,24,8,7,5,9,12,8,4,1,2,0,0,2.3,3.4,3,2.35,3.4,3,2.3,3.3,3,2.34,3.22,3.27,,,,2.3,3.3,3,2.38,3.43,3.29,2.32,3.3,3.08
B1,03/09/2023,17:30,Genk,Anderlecht,1,1,6,8,2,33.3,25,41.7,D,0,0,D,12,8,4,4,6,15,7,7,5,6,1,0,1.91,3.6,3.8,1.9,3.8,3.6,1.95,3.7,3.6,1.97,3.56,3.87,,,,1.91,3.7,3.6,1.99,3.89,3.91,1.93,3.68,3.69
B1,03/09/2023,18:15,Charleroi,St Truiden,1,1,6,12,10,52.8,38.9,8.3,D,0,0,D,18,8,5,5,12,6,3,5,2,0,0,1,2.25,3.3,3.2,2.25,3.4,3.1,2.3,3.3,3.05,2.23,3.43,3.28,,,,2.25,3.3,3.1,2.33,3.5,3.28,2.24,3.38,3.14
B1,15/09/2023,19:45,Westerlo,Antwerp,0,3,7,15,8,2.9,0,97.1,A,0,1,A,9,15,2,4,13,9,4,5,3,0,0,0,5.5,4,1.57,5.25,4.4,1.57,5.5,4.2,1.57,5.39,4.45,1.6,,,,5.75,4,1.55,5.75,4.5,1.61,5.28,4.28,1.57
B1,16/09/2023,15:00,RWD Molenbeek,Cercle Brugge,2,1,7,11,4,0,10.8,89.2,H,1,1,D,10,15,5,4,18,12,5,4,3,3,0,0,4.2,3.75,1.8,4,3.9,1.8,3.9,3.8,1.85,4.18,4.22,1.79,,,,4.1,3.75,1.8,4.2,4.22,1.84,4.05,3.93,1.79
B1,16/09/2023,17:15,St. Gilloise,Genk,0,2,7,2,9,73.7,13.2,13.2,A,0,1,A,25,7,4,2,15,15,7,3,1,6,0,0,1.91,3.6,3.75,1.98,3.7,3.5,1.97,3.6,3.5,2,3.85,3.63,,,,1.95,3.5,3.7,2.01,3.87,3.75,1.97,3.7,3.56
B1,16/09/2023,19:45,Club Brugge,Charleroi,4,2,7,5,13,97.4,0,2.6,H,2,2,D,25,14,10,8,8,6,5,5,2,3,0,0,1.4,4.75,6.5,1.43,5,6.5,1.43,4.9,6.5,1.41,5.26,7.15,,,,1.4,4.75,7,1.44,5.4,7.15,1.4,4.96,6.78
B1,17/09/2023,12:30,Eupen,Standard,1,3,7,7,14,33.3,35.9,30.8,A,0,2,A,13,16,3,6,5,12,6,6,1,4,0,1,3,3.4,2.3,2.9,3.5,2.35,2.9,3.45,2.35,3.08,3.37,2.36,,,,2.9,3.4,2.3,3.1,3.61,2.38,2.95,3.42,2.32
B1,17/09/2023,15:00,Kortrijk,Anderlecht,2,2,7,16,3,0,0,100,D,1,1,D,9,18,4,6,13,6,3,11,5,1,1,1,4.5,4,1.7,4.5,4.1,1.7,4.3,4,1.7,4.66,4.22,1.68,,,,4.75,3.9,1.67,4.75,4.4,1.73,4.52,4.09,1.68
B1,17/09/2023,17:30,Oud-Heverlee Leuven,Gent,1,1,7,12,1,0,2.5,97.5,D,1,1,D,9,22,2,4,7,11,3,16,4,3,0,0,4.33,3.75,1.75,4.2,3.9,1.77,4.1,3.85,1.8,4.4,4.13,1.73,,,,4.2,3.9,1.73,4.5,4.2,1.81,4.22,3.98,1.75
B1,17/09/2023,18:15,St Truiden,Mechelen,2,0,7,10,6,35,40,25,H,1,0,H,16,13,4,7,8,12,1,7,1,2,0,0,2.4,3.4,2.88,2.37,3.4,2.9,2.35,3.35,2.9,2.45,3.44,2.9,,,,2.38,3.3,2.9,2.45,3.56,3,2.38,3.41,2.87
B1,22/09/2023,19:45,Standard,Westerlo,0,0,8,12,16,90.6,6.3,3.1,D,0,0,D,14,3,5,2,6,23,5,2,0,3,0,0,1.8,4,3.8,1.85,3.9,3.75,1.9,3.85,3.6,1.83,4.25,3.92,,,,1.83,3.8,3.9,1.92,4.25,3.92,1.84,3.99,3.78
B1,23/09/2023,15:00,Charleroi,Kortrijk,1,0,8,14,15,62.1,20,17.1,H,1,0,H,14,13,5,3,16,13,8,7,2,1,0,0,1.62,4.33,4.75,1.68,4.1,4.6,1.65,4.1,4.7,1.65,4.34,5.05,,,,1.62,4,5,1.7,4.34,5.1,1.64,4.16,4.77
B1,23/09/2023,17:15,Mechelen,Oud-Heverlee Leuven,1,2,8,9,13,71.4,17.1,11.4,A,0,2,A,16,15,4,8,12,7,6,6,5,3,0,0,1.91,3.75,3.6,1.93,3.9,3.5,1.9,3.85,3.55,1.93,3.81,3.9,,,,1.9,3.6,3.75,1.95,4,3.9,1.91,3.84,3.67
B1,23/09/2023,19:45,Antwerp,RWD Molenbeek,0,0,8,6,11,94.3,5.7,0,D,0,0,D,14,5,3,1,4,14,9,1,0,1,0,0,1.3,5,9,1.34,5.25,8.5,1.33,5.25,8.25,1.33,5.63,8.62,,,,1.33,5,9,1.35,5.8,10.5,1.32,5.33,8.56
B1,24/09/2023,12:30,Genk,St Truiden,3,3,8,7,8,86.1,8.3,5.6,D,0,3,A,20,16,7,6,17,11,5,1,2,4,0,0,1.55,4.33,5.25,1.61,4.2,5.25,1.57,4.2,5.25,1.58,4.34,5.35,,,,1.55,4,5.75,1.61,4.4,5.6,1.57,4.23,5.33
B1,24/09/2023,15:00,Cercle Brugge,St. Gilloise,0,2,8,5,4,30.6,38.9,30.6,A,0,1,A,6,15,1,7,8,17,3,2,3,3,1,0,2.63,3.6,2.45,2.7,3.5,2.5,2.7,3.45,2.45,2.88,3.53,2.42,,,,2.8,3.4,2.4,2.92,3.6,2.6,2.76,3.49,2.44
B1,24/09/2023,17:30,Anderlecht,Club Brugge,1,1,8,3,2,21.7,27,51.4,D,1,0,H,8,9,1,3,12,11,3,3,1,1,0,0,3.1,3.6,2.15,3,3.7,2.2,3,3.55,2.2,2.91,3.74,2.31,,,,3,3.4,2.25,3.12,3.8,2.33,2.96,3.65,2.23
B1,24/09/2023,18:15,Gent,Eupen,2,1,8,1,10,91.9,5.4,2.7,H,0,1,A,13,14,6,3,9,16,3,7,1,4,1,0,1.29,5.5,11,1.29,6,9.5,1.3,6,9.5,1.28,5.94,9.23,,,,1.25,5.75,10.5,1.31,6.2,11,1.28,5.73,9.63
B1,27/09/2023,19:45,Antwerp,Gent,0,0,5,5,2,55.3,28.9,15.8,D,0,0,D,14,6,4,2,10,4,6,0,3,1,0,0,2.1,3.6,3.2,2.1,3.7,3.2,2.15,3.55,3.1,2.12,3.7,3.42,,,,2.15,3.3,3.2,2.16,3.75,3.42,2.12,3.61,3.21
B1,28/09/2023,17:30,RWD Molenbeek,St. Gilloise,2,3,5,10,3,2.6,0,97.4,A,2,2,D,10,16,7,8,8,14,3,8,2,3,0,0,4.75,3.8,1.7,4.5,4.1,1.7,4.5,3.9,1.7,4.79,4.22,1.66,,,,4.6,4,1.67,4.9,4.3,1.71,4.64,4.06,1.68
B1,28/09/2023,19:45,Club Brugge,Genk,1,1,5,1,6,81.6,13.2,5.3,D,0,1,A,18,15,3,5,16,7,10,3,4,1,0,0,1.85,3.6,4.2,1.82,3.9,4,1.85,3.75,3.85,1.79,4.03,4.16,,,,1.8,3.9,3.9,1.85,4.1,4.3,1.79,3.92,4.03
B1,29/09/2023,19:45,Kortrijk,Cercle Brugge,2,1,9,16,7,0,6.1,93.9,H,0,0,D,10,10,4,2,13,19,3,7,3,1,0,0,5,4,1.62,4.75,4.2,1.63,4.7,4.1,1.63,4.68,4.39,1.68,,,,4.8,4.2,1.6,5,4.5,1.68,4.68,4.25,1.63
B1,30/09/2023,15:00,Eupen,Anderlecht,1,3,9,11,4,3.1,3.1,93.8,A,1,1,D,9,20,3,6,11,15,2,4,1,0,0,0,4.2,4,1.73,4.2,3.9,1.77,4,3.9,1.8,4.48,3.99,1.78,,,,4.4,3.75,1.73,4.52,4.06,1.79,4.3,3.92,1.75
B1,30/09/2023,17:15,Oud-Heverlee Leuven,Standard,1,2,9,12,13,21.2,27.3,51.5,A,0,1,A,11,14,5,3,10,11,6,3,2,1,0,0,2.3,3.6,2.88,2.25,3.7,2.87,2.3,3.6,2.85,2.38,3.69,2.92,,,,2.3,3.5,2.88,2.38,3.84,2.93,2.29,3.65,2.85
B1,30/09/2023,19:45,Mechelen,Antwerp,0,0,9,10,5,6.1,15.2,78.8,D,0,0,D,14,22,3,4,3,5,5,13,0,1,0,0,3.6,4,1.85,3.7,3.8,1.9,3.65,3.85,1.9,3.93,3.8,1.93,,,,3.75,3.6,1.9,3.93,4,1.94,3.77,3.77,1.89
B1,01/10/2023,12:30,St. Gilloise,Charleroi,3,1,9,2,14,97,3,0,H,3,1,H,17,4,7,3,13,13,8,7,1,2,0,0,1.55,4.2,5.5,1.62,4.2,5,1.6,4.3,5,1.57,4.43,5.34,,,,1.57,4,5.5,1.63,4.6,5.5,1.58,4.31,5.12
B1,01/10/2023,15:00,Genk,Westerlo,3,3,9,6,15,97,0,3,D,2,1,H,18,10,6,7,7,12,4,7,2,2,1,0,1.44,4.5,7,1.47,4.6,6.25,1.45,4.7,6.25,1.45,4.87,6.35,,,,1.44,4.5,6.5,1.48,5,7,1.45,4.7,6.32
B1,01/10/2023,17:30,Club Brugge,St Truiden,1,1,9,3,8,100,0,0,D,0,0,D,20,12,7,3,12,8,11,4,3,1,0,0,1.36,4.75,8.5,1.41,4.8,7,1.4,4.8,7.25,1.38,5.12,7.61,,,,1.36,4.8,8,1.42,5.3,8.5,1.39,4.91,7.36
B1,01/10/2023,18:15,RWD Molenbeek,Gent,1,1,9,9,1,0,6.1,93.9,D,1,1,D,9,19,3,9,9,10,4,4,3,1,0,0,4.5,4,1.7,4.75,4.1,1.66,4.5,4,1.7,4.5,4.23,1.69,,,,4.75,3.9,1.65,4.9,4.33,1.71,4.57,4.11,1.67
B1,06/10/2023,19:45,Charleroi,RWD Molenbeek,2,1,10,14,9,38.7,54.8,6.5,H,0,0,D,22,6,7,3,9,7,14,2,1,3,0,1,1.91,3.75,3.75,1.93,3.75,3.7,1.95,3.7,3.55,1.91,3.88,3.95,1.85,3.7,3.8,1.87,3.7,3.75,1.95,3.88,4.02,1.89,3.76,3.75
B1,07/10/2023,15:00,Cercle Brugge,Oud-Heverlee Leuven,3,2,10,8,13,90.3,9.7,0,H,2,2,D,18,13,7,5,9,9,6,6,2,3,0,0,1.57,4.33,5,1.58,4.5,5,1.6,4.4,4.8,1.62,4.4,5.2,1.53,4.4,5.5,1.57,4.2,5,1.63,4.51,5.3,1.58,4.36,5.01
B1,07/10/2023,17:15,Westerlo,Kortrijk,1,0,10,16,15,41.9,48.4,9.7,H,1,0,H,13,13,4,3,15,10,1,10,2,4,0,0,1.8,4,3.8,1.83,4.1,3.7,1.9,3.95,3.6,1.85,4.29,3.79,1.8,4,3.75,1.85,3.75,3.75,1.86,4.33,3.95,1.83,4.08,3.73
B1,07/10/2023,19:45,Anderlecht,Mechelen,3,1,10,3,10,93.5,3.2,3.2,H,1,0,H,19,13,9,3,14,10,8,1,2,3,0,0,1.73,4,4.2,1.72,4.1,4.33,1.73,3.9,4.3,1.75,4.05,4.58,1.7,4,4.33,1.73,3.75,4.4,1.76,4.1,4.6,1.73,3.96,4.33
B1,08/10/2023,12:30,Standard,Club Brugge,2,1,10,12,4,0,6.5,93.5,H,1,0,H,7,16,5,7,13,14,1,6,4,1,0,0,4.75,4,1.65,4.6,4.1,1.68,4.6,4,1.67,4.92,4.2,1.66,4.33,4,1.7,4.6,4,1.67,5,4.21,1.71,4.62,4.07,1.67
B1,08/10/2023,15:00,Antwerp,Eupen,4,1,10,5,11,93.5,3.2,3.2,H,2,1,H,27,5,12,2,8,10,8,2,0,2,0,0,1.25,6.5,9.5,1.24,6.25,11.5,1.25,6.25,10,1.23,6.64,10.66,1.2,6.5,13,1.22,6,11.5,1.26,7,12,1.23,6.33,10.72
B1,08/10/2023,17:30,Gent,Genk,1,1,10,2,6,71,16.1,12.9,D,0,0,D,18,20,9,6,9,14,4,9,1,3,0,0,1.95,3.75,3.5,1.98,3.9,3.4,2.05,3.7,3.3,2.05,3.76,3.42,1.95,3.8,3.4,2,3.6,3.4,2.06,4,3.54,2,3.75,3.39
B1,08/10/2023,18:15,St Truiden,St. Gilloise,0,4,10,7,1,3.1,21.9,75,A,0,2,A,9,12,1,7,3,15,3,5,1,4,0,0,4,3.75,1.83,4,3.75,1.85,3.9,3.7,1.9,4.22,3.82,1.82,3.9,3.75,1.83,4.1,3.6,1.83,4.3,3.9,1.87,4.05,3.74,1.82
B1,20/10/2023,19:45,St. Gilloise,Eupen,4,1,11,1,12,100,0,0,H,2,0,H,21,6,11,1,14,14,3,1,0,3,0,1,1.18,6.5,13,1.21,7,13,1.22,6.5,12,1.2,7.49,13.66,1.25,5.8,10,1.18,6.5,15,1.22,7.6,15,1.19,6.95,13.28
B1,21/10/2023,15:00,Kortrijk,Club Brugge,1,0,11,16,5,3.2,0,96.8,H,1,0,H,6,18,2,4,14,9,1,9,4,2,0,0,7,5,1.4,6.5,4.8,1.44,6.75,5,1.4,7.22,5.36,1.4,7,4.8,1.4,7.5,5,1.36,7.5,5.4,1.44,6.96,5.05,1.39
B1,21/10/2023,17:15,RWD Molenbeek,Westerlo,1,1,11,10,15,58.1,25.8,16.1,D,0,0,D,12,9,6,5,10,8,7,4,2,2,0,0,2.25,3.5,2.9,2.25,3.7,2.95,2.3,3.55,2.9,2.39,3.67,2.92,2.25,3.6,2.9,2.3,3.5,2.88,2.39,3.73,3,2.29,3.6,2.89
B1,21/10/2023,19:45,Charleroi,Antwerp,3,2,11,13,4,6.3,15.6,78.1,H,0,0,D,10,11,5,5,6,12,5,2,2,2,0,0,3.2,3.4,2.15,3.25,3.5,2.15,3.15,3.4,2.15,3.43,3.57,2.16,3.25,3.5,2.1,3.2,3.4,2.15,3.45,3.6,2.18,3.28,3.49,2.13
B1,22/10/2023,12:30,Genk,Mechelen,4,0,11,7,11,90.6,6.3,3.1,H,2,0,H,19,10,9,3,6,10,4,3,1,2,0,0,1.53,4.2,5.75,1.55,4.4,5.5,1.53,4.3,5.5,1.54,4.67,5.72,1.5,4.33,5.8,1.53,4.2,5.75,1.57,4.7,6,1.53,4.42,5.53
B1,22/10/2023,15:00,Cercle Brugge,Gent,2,0,11,6,3,6.3,18.8,75,H,0,0,D,16,10,5,4,17,15,6,7,3,2,0,1,2.6,3.5,2.5,2.65,3.6,2.45,2.6,3.5,2.5,2.65,3.71,2.52,2.7,3.6,2.38,2.63,3.4,2.5,2.76,3.75,2.55,2.64,3.56,2.48
B1,22/10/2023,17:30,Standard,Anderlecht,3,2,11,8,2,12.5,18.6,68.8,H,0,2,A,15,13,8,7,12,14,3,8,2,3,0,0,3,3.4,2.25,3,3.5,2.25,3,3.4,2.3,3.14,3.47,2.29,3,3.4,2.25,3,3.3,2.3,3.15,3.65,2.31,3.01,3.47,2.26
B1,22/10/2023,18:15,Oud-Heverlee Leuven,St Truiden,4,0,11,14,9,25,31.3,43.8,H,2,0,H,11,18,4,3,9,12,3,7,1,3,0,0,2.3,3.5,2.88,2.3,3.6,2.9,2.3,3.5,2.9,2.24,3.58,3.13,2.3,3.5,2.9,2.25,3.3,3.1,2.33,3.65,3.19,2.26,3.51,3
B1,27/10/2023,19:45,St Truiden,RWD Molenbeek,2,1,12,10,11,63.3,36.7,0,H,0,0,D,9,10,5,3,9,7,4,0,0,0,0,0,1.85,3.6,4,1.83,3.75,4.1,1.9,3.65,3.85,1.87,3.78,4.25,,,,1.83,3.6,4.1,1.91,3.87,4.3,1.86,3.7,3.99
B1,28/10/2023,15:00,Mechelen,Cercle Brugge,0,2,12,13,4,23.3,33.3,43.3,A,0,0,D,11,22,7,4,13,15,8,3,1,3,0,0,3.3,3.6,2.1,3,3.7,2.2,3.05,3.55,2.15,3.25,3.91,2.13,,,,3.2,3.5,2.1,3.3,3.91,2.2,3.14,3.7,2.13
B1,28/10/2023,17:15,Eupen,Charleroi,2,0,12,14,9,19.4,35.5,45.2,H,1,0,H,8,17,5,5,11,13,4,8,3,2,0,0,3.3,3.75,2,3.25,3.8,2.05,3.2,3.65,2.05,3.54,3.77,2.06,,,,3.5,3.5,2,3.55,3.84,2.07,3.37,3.71,2.03
B1,28/10/2023,19:45,Anderlecht,Oud-Heverlee Leuven,5,1,12,2,12,100,0,0,H,2,1,H,18,13,9,7,13,13,5,1,1,1,0,0,1.53,4.33,5.5,1.53,4.5,5.5,1.5,4.5,5.75,1.51,4.63,6.35,,,,1.5,4.33,5.75,1.55,4.7,6.35,1.5,4.47,5.89
B1,29/10/2023,12:30,Club Brugge,Antwerp,2,1,12,7,6,68.8,28.1,3.1,H,1,0,H,11,8,5,2,11,9,3,3,4,1,0,0,1.91,3.6,3.8,1.98,3.7,3.5,2,3.6,3.5,1.98,3.77,3.63,,,,1.95,3.5,3.7,2.04,3.81,3.8,1.97,3.68,3.57
B1,29/10/2023,15:00,Westerlo,St. Gilloise,1,3,12,16,1,6.3,0,93.8,A,1,1,D,12,22,4,7,11,10,5,8,1,1,0,0,5,4,1.62,4.6,4.2,1.66,4.9,4.1,1.63,4.9,4.29,1.63,,,,4.8,4,1.65,5,4.4,1.67,4.73,4.15,1.64
B1,29/10/2023,17:30,Gent,Standard,3,1,12,3,8,81.3,9.4,9.4,H,3,0,H,18,12,9,7,16,15,4,4,2,2,0,0,1.62,4.33,4.5,1.61,4.33,5,1.63,4.3,4.8,1.64,4.24,4.94,,,,1.62,4,5,1.65,4.4,5.1,1.62,4.27,4.8
B1,29/10/2023,18:15,Kortrijk,Genk,0,3,12,15,5,6.3,3.1,90.6,A,0,0,D,12,15,3,9,10,16,8,5,3,2,0,0,6,4.33,1.5,5.25,4.6,1.53,5.75,4.6,1.5,5.98,4.69,1.49,,,,6,4.5,1.45,6.2,4.8,1.53,5.78,4.59,1.49
B1,03/11/2023,19:45,St Truiden,Eupen,1,1,13,9,10,63.3,18.5,18.5,D,1,0,H,16,5,4,1,10,13,5,1,1,1,0,0,1.62,4.2,5,1.66,4,4.8,1.67,3.95,4.6,1.65,4.2,5.18,1.6,3.9,4.6,1.62,4,5,1.67,4.2,5.3,1.64,4.06,4.87
B1,04/11/2023,15:00,RWD Molenbeek,Kortrijk,1,1,13,12,15,65.5,17.2,17.2,D,1,1,D,9,5,5,2,14,7,4,2,3,1,0,0,1.91,3.8,3.6,1.93,3.8,3.6,1.95,3.75,3.5,1.93,3.86,3.77,1.85,3.7,3.5,1.9,3.6,3.75,1.95,3.95,3.82,1.91,3.8,3.65
B1,04/11/2023,17:15,Oud-Heverlee Leuven,Westerlo,0,2,13,13,16,65.5,13.8,20.7,A,0,0,D,10,10,2,6,11,13,7,7,3,7,0,0,2.1,3.6,3.25,2.05,3.9,3.2,2.1,3.7,3.1,2.1,3.81,3.3,2,3.8,3,2.1,3.6,3.2,2.13,3.9,3.3,2.08,3.77,3.18
B1,04/11/2023,19:45,Antwerp,Genk,3,2,13,7,5,27.6,41.4,31,H,3,1,H,14,17,5,8,13,12,5,5,3,4,0,0,2.15,3.5,3.2,2.15,3.7,3,2.2,3.65,3,2.19,3.77,3.2,2.1,3.6,2.9,2.15,3.5,3.1,2.23,3.78,3.25,2.16,3.68,3.07
B1,05/11/2023,12:30,Cercle Brugge,Anderlecht,0,3,13,4,2,16.7,13.3,70,A,0,2,A,16,7,2,5,14,13,7,1,2,3,0,0,2.4,3.5,2.75,2.4,3.6,2.7,2.4,3.5,2.75,2.52,3.63,2.77,2.25,3.6,2.7,2.45,3.3,2.8,2.52,3.65,2.88,2.39,3.55,2.76
B1,05/11/2023,15:00,Standard,Mechelen,1,1,13,8,14,86.7,3.3,10,D,1,0,H,10,11,4,4,10,19,10,1,1,4,0,0,1.7,3.8,4.5,1.73,4,4.33,1.73,3.95,4.3,1.69,4.08,4.71,1.73,3.75,4,1.7,3.8,4.5,1.77,4.2,4.75,1.71,4,4.46
B1,05/11/2023,17:30,St. Gilloise,Club Brugge,2,1,13,1,6,70,16.7,13.3,H,1,0,H,19,5,6,2,11,6,9,4,3,4,0,0,2.25,3.6,3,2.3,3.7,2.87,2.2,3.55,3,2.31,3.7,2.93,2.15,3.6,2.88,2.3,3.5,2.9,2.34,3.75,3.15,2.26,3.62,2.92
B1,05/11/2023,18:15,Charleroi,Gent,1,3,13,11,3,6.7,3.3,90,A,0,1,A,11,17,3,9,5,4,0,6,3,0,0,0,3.4,3.5,2.05,3.1,3.8,2.1,3.2,3.65,2.1,3.39,3.68,2.09,3.2,3.7,1.95,3.3,3.5,2.1,3.5,3.8,2.11,3.28,3.68,2.07
B1,10/11/2023,19:45,Westerlo,St Truiden,3,3,14,15,9,14.8,22.2,63,D,2,1,H,17,10,4,7,11,13,9,3,3,2,0,0,2.6,3.4,2.6,2.55,3.5,2.6,2.55,3.4,2.55,2.65,3.52,2.69,2.6,3.5,2.4,2.6,3.4,2.55,2.7,3.62,2.69,2.59,3.47,2.57
B1,11/11/2023,15:00,Antwerp,Standard,6,0,14,6,8,82.1,10.7,7.1,H,4,0,H,15,2,9,0,13,10,6,2,2,2,0,0,1.6,4,5,1.65,4.1,4.8,1.63,4,5,1.63,4.28,5.29,1.57,4,4.8,1.62,3.9,5.25,1.66,4.3,5.3,1.63,4.06,4.99
B1,11/11/2023,17:15,Eupen,RWD Molenbeek,1,3,14,10,11,60.7,25,14.3,A,1,1,D,11,20,4,10,12,14,8,5,1,4,0,0,2.63,3.4,2.55,2.5,3.5,2.65,2.6,3.45,2.55,2.6,3.62,2.68,2.5,3.5,2.45,2.6,3.4,2.55,2.7,3.65,2.68,2.58,3.5,2.59
B1,11/11/2023,19:45,Mechelen,Charleroi,1,0,14,14,12,50,21.4,28.6,H,0,0,D,19,6,7,3,11,10,8,2,2,1,0,1,2.63,3.4,2.6,2.6,3.5,2.55,2.6,3.4,2.6,2.71,3.65,2.56,2.45,3.5,2.5,2.6,3.4,2.55,2.71,3.65,2.6,2.61,3.5,2.56
B1,12/11/2023,12:30,Club Brugge,Cercle Brugge,0,0,14,7,4,89.3,7.1,3.6,D,0,0,D,14,20,7,3,11,12,10,3,2,5,0,0,1.73,4,4.33,1.75,4,4.2,1.73,3.95,4.2,1.72,4.09,4.47,1.65,4,4.2,1.73,3.8,4.4,1.76,4.2,4.6,1.72,3.98,4.35
B1,12/11/2023,15:00,Genk,Oud-Heverlee Leuven,3,1,14,5,13,96.4,3.6,0,H,1,0,H,18,6,6,3,14,19,3,2,2,4,0,0,1.4,4.75,7,1.41,5.25,6.5,1.4,5.25,6.5,1.39,5.53,6.66,1.33,5,6.5,1.36,5,7,1.42,5.7,7,1.39,5.25,6.52
B1,12/11/2023,17:30,Gent,Anderlecht,1,1,14,3,2,25,35.7,39.3,D,1,1,D,10,7,5,2,12,10,8,3,1,2,0,0,2.15,3.6,3.2,2.15,3.6,3.1,2.15,3.55,3.15,2.19,3.63,3.2,2.05,3.6,3,2.2,3.4,3.13,2.21,3.81,3.25,2.15,3.6,3.14
B1,12/11/2023,18:15,St. Gilloise,Kortrijk,3,0,14,1,16,96.4,0,3.6,H,2,0,H,18,11,8,1,10,9,6,6,2,1,0,0,1.2,7,11,1.22,6.75,12.5,1.2,7,12,1.2,7.29,12.28,1.17,6.5,12,1.18,6.5,15,1.22,7.7,15,1.2,6.84,12.42
B1,24/11/2023,19:45,St Truiden,Antwerp,1,1,15,8,5,7.7,26.9,65.4,D,1,0,H,11,12,5,1,8,11,4,7,2,2,0,0,4,3.5,1.85,4,3.5,1.9,3.85,3.5,1.95,4.1,3.67,1.93,3.5,3.6,1.91,4,3.5,1.87,4.1,3.8,1.94,3.95,3.55,1.9
B1,25/11/2023,15:00,Cercle Brugge,Eupen,2,0,15,6,12,82.1,7.1,10.7,H,0,0,D,30,6,10,4,12,13,5,3,4,3,0,0,1.36,5,7,1.41,5,7,1.4,5,7,1.38,5.15,7.14,1.35,4.75,7,1.36,4.8,8,1.41,5.3,8,1.38,5.02,7.3
B1,25/11/2023,17:15,Charleroi,Westerlo,3,2,15,13,15,64.3,25,10.7,H,0,1,A,14,11,4,4,15,11,5,4,3,2,0,0,1.8,3.75,4,1.83,3.8,4,1.9,3.75,3.85,1.85,3.79,4.12,1.8,3.6,3.9,1.85,3.6,4,1.9,3.93,4.26,1.84,3.75,3.99
B1,25/11/2023,19:45,Standard,Genk,1,0,15,9,4,14.3,10.7,75,H,0,0,D,13,11,4,2,20,12,5,5,2,2,0,0,3.6,3.75,1.91,3.4,3.75,1.98,3.45,3.7,1.97,3.7,3.89,1.93,3.3,3.6,1.95,3.7,3.6,1.91,3.78,3.97,2,3.58,3.78,1.93
B1,26/11/2023,12:30,Gent,St. Gilloise,1,1,15,3,1,33.3,29.6,37,D,1,0,H,11,12,3,4,8,14,5,8,2,3,0,0,2.55,3.4,2.63,2.5,3.6,2.6,2.5,3.5,2.6,2.59,3.6,2.55,2.38,3.6,2.5,2.55,3.4,2.6,2.61,3.7,2.65,2.54,3.53,2.59
B1,26/11/2023,15:00,Oud-Heverlee Leuven,Club Brugge,0,1,15,14,7,3.7,7.4,88.9,A,0,1,A,10,14,3,6,19,13,7,6,4,2,0,0,4.5,4,1.67,4.33,4.1,1.71,4.4,4.1,1.7,4.37,4.2,1.68,4.8,4.2,1.53,4.5,4,1.67,4.66,4.33,1.78,4.4,4.14,1.68
B1,26/11/2023,17:30,Anderlecht,RWD Molenbeek,2,1,15,2,10,100,0,0,H,0,1,A,25,7,8,2,6,12,10,1,1,4,0,1,1.4,5,7,1.39,5,7.5,1.4,4.9,7,1.39,4.87,7.22,1.4,4.5,6.5,1.36,4.75,8,1.42,5.2,8,1.38,4.89,7.37
B1,26/11/2023,18:15,Kortrijk,Mechelen,0,3,15,16,11,29.6,22.2,48.1,A,0,2,A,15,10,3,5,12,12,4,3,2,2,0,0,2.9,3.5,2.3,2.8,3.6,2.37,2.85,3.45,2.35,3.01,3.4,2.34,2.7,3.5,2.3,2.9,3.3,2.38,3.17,3.6,2.43,2.92,3.41,2.34
B1,01/12/2023,19:45,Westerlo,Anderlecht,1,3,16,15,2,4.2,0,95.8,A,0,1,A,23,26,7,10,3,11,7,2,0,0,0,0,4.75,4,1.7,4.6,3.9,1.71,4.6,3.9,1.7,5.13,3.88,1.71,4.2,4,1.67,4.75,3.9,1.67,5.13,4.1,1.74,4.69,3.9,1.7
B1,02/12/2023,15:00,RWD Molenbeek,Charleroi,0,0,16,11,12,23.1,38.5,38.5,D,0,0,D,10,18,4,8,4,8,3,10,0,2,0,0,2.75,3.4,2.5,2.75,3.5,2.4,2.7,3.4,2.45,2.88,3.4,2.55,2.62,3.5,2.38,2.75,3.4,2.45,2.88,3.57,2.55,2.79,3.41,2.46
B1,02/12/2023,17:15,Eupen,Kortrijk,1,1,16,13,16,85.2,14.8,0,D,0,0,D,14,14,3,3,14,10,7,11,1,1,0,0,2.25,3.3,3.2,2.2,3.75,2.95,2.25,3.4,3.05,2.28,3.67,3.09,2.1,3.7,2.88,2.25,3.4,3,2.29,3.75,3.2,2.24,3.56,3.02
B1,02/12/2023,19:45,Antwerp,Oud-Heverlee Leuven,1,0,16,5,14,92.6,7.4,0,H,1,0,H,18,10,5,4,6,9,7,6,0,3,0,0,1.36,5,8.5,1.38,5.25,7,1.35,5.25,7.5,1.34,5.81,8.32,1.33,5,7,1.33,5.25,8,1.38,5.81,8.5,1.35,5.35,7.69
B1,03/12/2023,12:30,Genk,Gent,2,2,16,6,3,37,48.1,14.8,D,1,1,D,13,17,6,6,15,12,1,9,2,2,0,0,2.15,3.5,3.2,2.1,3.8,3.1,2.2,3.55,3.05,2.21,3.75,3.19,2.1,3.7,2.88,2.15,3.6,3.1,2.21,3.89,3.2,2.14,3.7,3.09
B1,03/12/2023,15:00,Mechelen,St Truiden,0,2,16,10,9,33.3,37,29.6,A,0,2,A,6,13,5,5,10,8,1,5,1,2,0,0,2.15,3.3,3.4,2.15,3.5,3.25,2.15,3.35,3.25,2.22,3.38,3.36,2.1,3.4,3.1,2.15,3.3,3.3,2.25,3.6,3.4,2.16,3.43,3.3
B1,03/12/2023,17:30,Club Brugge,Standard,2,0,16,7,8,88.9,7.4,3.7,H,1,0,H,13,7,5,2,13,10,4,3,2,2,0,0,1.44,4.75,6.5,1.44,5,6.25,1.45,4.8,6,1.45,4.97,6.21,1.4,4.75,6,1.44,4.6,6.5,1.48,5.1,6.5,1.44,4.84,6.21
B1,03/12/2023,18:15,St. Gilloise,Cercle Brugge,2,1,16,1,4,100,0,0,H,2,1,H,12,13,6,6,13,15,5,4,1,3,0,0,1.62,4,5,1.65,4.1,4.8,1.65,4,4.8,1.65,4.06,5.14,1.62,4,4.4,1.65,3.9,4.8,1.7,4.31,5.2,1.64,4.05,4.86
B1,08/12/2023,19:45,Kortrijk,Westerlo,1,2,17,16,15,34.6,50,15.4,A,0,1,A,16,8,6,3,8,13,5,1,1,3,0,0,2.8,3.25,2.5,2.75,3.4,2.5,2.75,3.3,2.5,2.87,3.38,2.57,2.6,3.6,2.3,2.7,3.4,2.45,2.87,3.5,2.59,2.76,3.35,2.51
B1,09/12/2023,15:00,Cercle Brugge,Antwerp,1,3,17,6,4,7.7,11.5,80.8,A,0,1,A,15,14,2,8,13,6,6,2,4,1,0,0,2.7,3.4,2.5,2.65,3.6,2.45,2.65,3.45,2.5,2.79,3.44,2.61,2.5,3.6,2.38,2.7,3.4,2.45,2.79,3.65,2.61,2.7,3.42,2.51
B1,09/12/2023,17:15,St Truiden,Oud-Heverlee Leuven,1,1,17,8,14,92.3,0,7.7,D,1,1,D,26,4,13,3,5,10,15,2,0,2,0,1,1.85,3.75,4,1.83,3.8,3.9,1.9,3.75,3.8,1.83,4.11,4.09,1.8,3.7,3.7,1.85,3.6,4,1.98,4.11,4.13,1.84,3.85,3.91
B1,09/12/2023,19:45,Gent,RWD Molenbeek,4,0,17,3,11,100,0,0,H,2,0,H,22,3,10,1,11,14,9,1,0,5,0,0,1.33,5.5,7,1.36,5.25,7.75,1.35,5.5,7.25,1.33,6.02,8.28,1.29,5.5,7.5,1.33,5.25,8,1.36,6.02,8.4,1.33,5.55,7.76
B1,10/12/2023,12:30,Mechelen,Club Brugge,0,0,17,10,5,7.7,3.8,88.5,D,0,0,D,9,13,4,2,11,9,2,9,3,5,0,0,4.75,4.33,1.62,4.75,4.1,1.66,4.7,4.1,1.63,5.18,4.23,1.61,4.5,4,1.6,5,3.9,1.62,5.3,4.33,1.66,4.88,4.13,1.63
B1,10/12/2023,15:00,Eupen,Genk,1,3,17,13,7,15.4,7.7,76.9,A,0,1,A,11,18,4,10,12,8,8,8,0,2,0,0,6.5,5.25,1.4,6.75,5.5,1.39,6.75,5.5,1.37,7.43,5.43,1.36,6.5,5.5,1.33,7.5,5,1.36,7.7,5.6,1.41,7.16,5.26,1.37
B1,10/12/2023,17:30,Anderlecht,Standard,2,2,17,2,9,96.3,3.7,0,D,1,1,D,12,13,4,4,8,14,1,1,2,3,0,0,1.57,4,5.5,1.55,4.33,5.5,1.6,4.2,5.25,1.56,4.28,5.79,1.44,4.33,5.8,1.53,4.2,5.5,1.59,4.4,5.8,1.56,4.23,5.43
B1,10/12/2023,18:15,Charleroi,St. Gilloise,1,3,17,12,1,14.8,0,85.2,A,0,1,A,9,17,3,9,7,12,6,7,3,2,0,0,5,4,1.62,4.8,4.1,1.63,5,4,1.63,5.36,4.07,1.62,4.8,4,1.57,5.25,3.9,1.62,5.4,4.2,1.66,5.08,4.01,1.63
B1,15/12/2023,19:45,Westerlo,Eupen,2,0,18,14,13,40,40,20,H,0,0,D,20,15,4,7,15,8,4,4,3,1,0,0,1.73,3.8,4.33,1.77,3.9,4.2,1.77,3.8,4.1,1.8,3.84,4.54,1.8,3.8,3.7,1.75,3.8,4.2,1.84,4.03,4.54,1.77,3.83,4.28
B1,16/12/2023,15:00,Oud-Heverlee Leuven,Cercle Brugge,1,2,18,15,7,15.4,7.7,76.9,A,1,0,H,9,12,3,5,12,14,4,6,4,3,0,0,4,4,1.8,3.9,3.9,1.85,3.8,3.9,1.83,4.09,4.27,1.79,3.6,3.8,1.8,4,3.75,1.8,4.21,4.3,1.85,3.97,4.02,1.79
B1,16/12/2023,17:15,RWD Molenbeek,St Truiden,3,0,18,11,8,11.5,38.5,50,H,1,0,H,7,12,6,1,14,8,4,4,3,2,0,0,3.4,3.4,2.15,3.3,3.4,2.15,3.25,3.4,2.15,3.42,3.43,2.22,3.1,3.5,2.05,3.4,3.25,2.15,3.45,3.51,2.23,3.33,3.38,2.16
B1,16/12/2023,19:45,Standard,Charleroi,0,0,18,9,12,96.3,0,3.7,D,0,0,D,6,7,1,2,11,21,4,2,1,1,0,0,2.1,3.4,3.5,2.15,3.6,3.1,2.15,3.4,3.25,2.16,3.52,3.48,2.05,3.5,3.1,2.15,3.3,3.3,2.23,3.63,3.51,2.13,3.46,3.33
B1,17/12/2023,12:30,Club Brugge,Gent,2,0,18,6,3,66.7,18.5,14.8,H,2,0,H,13,8,4,2,10,11,4,5,0,0,0,1,1.67,4,4.75,1.7,4,4.6,1.67,3.95,4.6,1.68,4.2,4.89,1.62,3.9,4.5,1.7,3.8,4.5,1.7,4.3,5,1.67,4.04,4.66
B1,17/12/2023,15:00,St. Gilloise,Mechelen,1,0,18,1,10,96.3,3.7,0,H,0,0,D,24,15,8,8,14,10,8,5,2,1,0,0,1.33,5,9,1.34,5.25,8.5,1.35,5.25,8,1.33,5.4,8.6,1.29,5,8.5,1.33,5,9,1.36,5.6,9.5,1.33,5.16,8.55
B1,17/12/2023,17:30,Antwerp,Anderlecht,1,1,18,4,2,29.6,33.3,37,D,0,1,A,19,10,5,4,9,13,7,2,2,4,0,0,1.91,3.5,3.8,1.95,3.6,3.7,1.97,3.55,3.65,1.99,3.57,3.8,1.85,3.6,3.6,1.95,3.4,3.75,2.02,3.75,3.9,1.96,3.57,3.71
B1,17/12/2023,18:15,Genk,Kortrijk,4,0,18,5,16,100,0,0,H,1,0,H,27,5,9,1,7,12,7,2,0,2,0,0,1.22,6.5,10,1.23,6.5,11.5,1.25,6.5,10,1.23,6.73,10.54,1.18,6.5,11,1.22,6,12,1.25,7.1,13,1.23,6.49,11
B1,20/12/2023,17:30,Cercle Brugge,Kortrijk,3,0,19,7,16,90.5,4.8,4.8,H,1,0,H,24,6,13,1,8,14,7,5,2,3,0,0,1.36,5,8,1.36,5.25,8,1.35,5.25,8,1.35,5.53,8.71,1.29,5,8.5,1.33,5,8.5,1.37,5.53,8.8,1.34,5.16,8.29
B1,20/12/2023,19:45,Mechelen,Standard,3,0,19,11,9,23.8,42.9,33.3,H,1,0,H,28,14,8,3,8,8,5,3,2,0,0,1,2.45,3.3,2.8,2.45,3.4,2.75,2.5,3.35,2.8,2.57,3.36,2.89,2.3,3.4,2.7,2.45,3.25,2.8,2.57,3.45,2.96,2.46,3.32,2.82
B1,21/12/2023,19:45,Gent,Oud-Heverlee Leuven,4,0,19,3,15,100,0,0,H,1,0,H,21,9,6,2,6,12,8,3,0,1,0,0,1.3,5.5,9,1.31,6,8.5,1.3,6,8,1.29,6.02,8.57,1.25,5.5,8.5,1.29,5.5,9,1.32,6.3,9,1.3,5.79,8.52
B1,22/12/2023,19:45,RWD Molenbeek,Club Brugge,1,6,19,10,6,3.8,7.7,88.5,A,0,3,A,10,15,3,10,9,8,2,8,1,2,0,0,7.5,5,1.36,8.25,5,1.37,7,4.8,1.4,8.5,5.2,1.37,8,4.8,1.3,8.5,5,1.33,8.8,5.2,1.4,8.03,4.94,1.36
B1,23/12/2023,15:00,Eupen,St. Gilloise,1,2,19,14,1,7.7,0,92.3,A,0,2,A,1,20,1,8,15,8,3,14,5,1,0,0,11,5.75,1.25,11,6,1.26,10,6,1.27,11.63,6.62,1.24,11,6,1.2,12,5.75,1.22,12,6.9,1.27,11.01,6.13,1.24
B1,23/12/2023,17:15,Antwerp,Westerlo,2,2,19,4,13,92.3,7.7,0,D,1,0,H,15,12,6,6,5,7,8,2,2,1,0,0,1.33,5.25,8,1.36,5.25,7.75,1.35,5.25,8,1.37,5.38,8,1.3,5,8,1.33,4.8,8.5,1.39,5.45,8.5,1.35,5.13,7.9
B1,23/12/2023,17:15,St Truiden,Charleroi,1,0,19,8,12,57.7,30.8,11.5,H,0,0,D,16,4,7,0,4,17,6,3,0,0,0,0,2.15,3.4,3.3,2.2,3.4,3.2,2.2,3.3,3.2,2.32,3.34,3.3,2.1,3.4,3.1,2.25,3.2,3.2,2.33,3.45,3.32,2.22,3.33,3.21
B1,23/12/2023,19:45,Anderlecht,Genk,2,1,19,2,5,73.1,15.4,11.5,H,0,0,D,9,20,3,7,7,15,1,8,1,2,0,0,2.25,3.5,3.1,2.2,3.6,3,2.25,3.5,3,2.35,3.58,3.04,2.15,3.6,2.88,2.3,3.4,2.9,2.35,3.69,3.1,2.26,3.53,2.97
B1,26/12/2023,12:30,Genk,Antwerp,3,0,20,7,5,33.3,57.1,9.5,H,1,0,H,16,3,8,1,8,9,3,3,1,3,0,0,2.1,3.5,3.4,2.1,3.7,3.2,2.1,3.55,3.2,2.18,3.81,3.2,2.05,3.5,3.1,2.1,3.6,3.2,2.18,3.82,3.4,2.11,3.65,3.2
B1,26/12/2023,15:00,Kortrijk,Gent,0,2,20,16,3,4.8,0,95.2,A,0,1,A,7,20,3,9,9,10,4,5,1,1,0,0,7.5,5,1.36,7.75,5.25,1.36,7.75,5.25,1.35,8.48,5.57,1.35,8.5,5,1.29,8.5,5,1.33,8.6,5.57,1.36,8.13,5.2,1.34
B1,26/12/2023,15:00,Oud-Heverlee Leuven,Eupen,3,0,20,15,14,28.6,28.6,42.9,H,2,0,H,18,14,7,6,6,15,7,3,2,2,0,0,1.8,4,3.8,1.85,3.9,3.8,1.85,3.9,3.7,1.85,3.99,4.09,1.8,3.8,3.7,1.8,3.9,3.9,1.88,4.1,4.2,1.83,3.91,3.88
B1,26/12/2023,17:30,Westerlo,RWD Molenbeek,3,0,20,12,11,38.1,52.4,9.5,H,1,0,H,13,11,3,4,7,12,6,0,0,0,0,1,1.85,3.6,4,1.88,3.7,3.9,1.9,3.6,3.85,1.88,3.83,4.15,1.8,3.5,3.9,1.85,3.6,4,1.94,3.83,4.15,1.87,3.63,3.96
B1,26/12/2023,19:45,Club Brugge,St. Gilloise,1,1,20,4,1,38.1,28.6,33.3,D,0,1,A,9,7,2,3,15,14,6,0,1,5,0,1,2.3,3.25,3.2,2.3,3.5,3,2.3,3.3,3,2.34,3.45,3.06,2.2,3.4,2.88,2.25,3.4,3,2.36,3.55,3.2,2.29,3.42,3.01
B1,27/12/2023,17:30,Standard,St Truiden,1,1,20,18,8,65.2,30.4,4.3,D,0,0,D,11,18,2,8,14,14,4,4,1,3,0,0,2.38,3.1,3.2,2.35,3.4,2.9,2.35,3.25,3,2.37,3.34,3.1,2.25,3.3,2.88,2.3,3.3,3,2.4,3.55,3.2,2.34,3.32,3.01
B1,27/12/2023,19:45,Anderlecht,Cercle Brugge,2,0,20,2,6,100,0,0,H,1,0,H,7,19,4,7,9,13,2,12,1,1,0,0,1.8,3.8,4,1.87,3.8,3.8,1.9,3.7,3.75,1.89,3.96,3.77,1.83,3.7,3.6,1.85,3.6,4,1.93,3.99,4.1,1.88,3.77,3.77
B1,27/12/2023,19:45,Charleroi,Mechelen,3,1,20,13,9,30.4,43.5,26.1,H,2,0,H,16,11,6,5,10,9,5,7,2,1,0,0,2.1,3.3,3.5,2.1,3.4,3.4,2.15,3.3,3.4,2.19,3.36,3.44,2,3.4,3.4,2.1,3.4,3.3,2.2,3.65,3.5,2.11,3.4,3.41
B1,19/01/2024,19:45,Gent,Mechelen,1,2,21,3,10,96.8,0,3.2,A,0,1,A,23,9,7,2,4,15,8,4,2,4,0,0,1.55,4,5.75,1.55,4.33,5.5,,,,1.55,4.39,6.07,1.4,4.4,6.5,1.5,4.2,6,1.57,4.4,6.5,1.53,4.26,5.71
B1,20/01/2024,15:00,Genk,Cercle Brugge,1,1,21,4,7,84.8,12.1,3,D,0,1,A,12,19,3,6,15,15,4,5,2,2,0,0,1.8,3.75,4.33,1.83,3.9,3.8,,,,1.83,3.97,4.18,1.75,3.9,3.75,1.8,3.75,4,1.85,4.1,4.33,1.81,3.9,3.95
B1,20/01/2024,17:15,Standard,Kortrijk,0,1,21,9,16,81.8,15.2,3,A,0,1,A,20,5,4,2,7,13,7,4,0,1,0,0,1.57,3.8,6,1.58,4.2,5.25,,,,1.56,4.28,6.11,1.5,4,5.5,1.53,4,6,1.58,4.33,6.2,1.55,4.13,5.68
B1,20/01/2024,19:45,Club Brugge,Westerlo,3,0,21,5,11,97,3,0,H,1,0,H,14,2,9,0,4,12,3,0,0,3,0,1,1.29,5.25,10,1.29,5.75,9.5,,,,1.27,6.25,9.94,1.22,5.8,9.5,1.25,5.5,10.5,1.3,6.4,10.5,1.27,5.76,9.63
B1,21/01/2024,12:30,Antwerp,Charleroi,4,1,21,6,12,87.9,9.1,3,H,2,0,H,20,8,8,5,7,12,5,6,1,2,0,0,1.73,3.75,4.75,1.77,3.8,4.4,,,,1.71,4.03,4.87,1.7,3.75,4.2,1.7,3.75,4.6,1.78,4.03,4.87,1.72,3.82,4.55
B1,21/01/2024,15:00,St. Gilloise,St Truiden,2,1,21,1,8,97,0,3,H,1,1,D,16,5,5,2,5,9,7,1,2,5,0,0,1.33,5.25,8.5,1.34,5.25,9,,,,1.34,5.23,9.04,1.29,5,8.5,1.33,4.8,9,1.35,5.4,9.5,1.32,5.09,8.79
B1,21/01/2024,17:30,Oud-Heverlee Leuven,Anderlecht,1,1,21,14,2,3,0,97,D,1,0,H,8,12,4,4,8,10,5,3,2,2,0,0,4.75,3.6,1.7,4.5,4.2,1.68,,,,4.69,4.15,1.68,4.33,4,1.62,4.5,3.9,1.7,4.75,4.23,1.71,4.54,4.02,1.68
B1,24/01/2024,14:00,RWD Molenbeek,Eupen,0,1,21,13,15,33.3,33.3,33.3,A,0,0,D,8,11,3,6,13,14,1,4,2,3,0,0,1.91,3.5,4,1.9,3.75,3.75,,,,1.87,3.74,4.07,1.8,3.7,3.75,1.87,3.5,4,1.94,3.85,4.1,1.87,3.69,3.86
B1,26/01/2024,19:45,Cercle Brugge,Standard,1,1,22,7,10,55.6,18.5,25.9,D,0,0,D,26,11,7,2,8,13,5,4,2,1,0,0,1.53,4.2,5.75,1.55,4.33,5.5,,,,1.53,4.52,6.17,1.5,4.2,5.5,1.5,4.33,5.75,1.56,4.52,6.2,1.52,4.34,5.7
B1,27/01/2024,15:00,Kortrijk,Oud-Heverlee Leuven,0,0,22,16,15,21.4,60.7,17.9,D,0,0,D,13,8,3,2,7,16,6,5,3,1,0,0,2.75,3.5,2.38,2.75,3.6,2.37,,,,2.99,3.63,2.37,2.7,3.6,2.25,2.88,3.4,2.3,2.99,3.65,2.43,2.81,3.53,2.35
B1,27/01/2024,19:45,Charleroi,Club Brugge,1,4,22,12,4,3.4,6.9,89.7,A,0,3,A,14,17,6,7,10,11,3,5,0,1,0,0,5.5,4.2,1.5,5.75,4.33,1.53,,,,6.26,4.48,1.53,5.8,4.33,1.44,6,4.2,1.5,6.26,4.5,1.58,5.9,4.28,1.51
B1,27/01/2024,19:45,Gent,Westerlo,2,2,22,3,11,96.6,3.4,0,D,1,1,D,14,11,5,6,16,19,5,3,3,7,0,0,1.36,5,6.5,1.39,5,7.25,,,,1.4,5.24,7.6,1.33,5,7,1.36,5,7.5,1.41,5.3,7.6,1.38,5,7.16
B1,28/01/2024,12:30,St Truiden,Genk,1,1,22,8,5,10.7,17.9,71.4,D,0,1,A,12,10,4,3,13,14,5,7,2,4,0,2,3.75,3.5,1.95,3.7,3.6,1.95,,,,4.01,3.66,1.91,3.6,3.6,1.85,3.75,3.6,1.91,4.1,3.75,2,3.8,3.6,1.92
B1,28/01/2024,15:00,Eupen,Antwerp,1,0,22,14,6,21.4,0,78.6,H,1,0,H,9,15,3,2,16,8,3,6,4,2,0,0,7.5,4.75,1.36,7.5,5.25,1.38,,,,7.52,5.27,1.37,7.5,5,1.3,8,5.25,1.33,9,5.5,1.39,7.53,5.08,1.36
B1,28/01/2024,17:30,Anderlecht,St. Gilloise,2,2,22,2,1,32.1,32.1,35.7,D,1,2,A,11,14,2,8,15,13,7,6,3,2,0,0,3.1,3.5,2.1,3.2,3.5,2.15,,,,3.21,3.67,2.17,3.1,3.5,2.05,3.13,3.5,2.15,3.25,3.72,2.21,3.16,3.54,2.15
B1,28/01/2024,18:15,Mechelen,RWD Molenbeek,3,1,22,9,13,78.6,14.3,7.1,H,0,0,D,24,6,8,3,9,12,14,0,0,2,0,1,1.67,3.75,5,1.68,3.8,5,,,,1.72,3.84,4.8,1.6,3.8,4.75,1.67,3.75,4.8,1.74,3.9,5,1.69,3.77,4.83
B1,30/01/2024,19:30,Club Brugge,Kortrijk,3,3,23,3,16,95.8,0,4.2,D,1,0,H,31,7,10,5,7,10,11,0,1,2,0,0,1.13,8.5,17,1.13,9.25,19,,,,1.12,10,21.28,1.08,8.5,19,1.1,9,20,1.13,10,23,1.11,8.89,19.73
B1,30/01/2024,19:30,Westerlo,Cercle Brugge,4,2,23,11,7,8.3,41.7,50,H,4,1,H,9,14,5,3,10,25,2,6,3,5,1,0,4,3.75,1.8,4,3.7,1.85,,,,4.22,3.8,1.87,3.9,3.6,1.8,4.1,3.7,1.8,4.2,3.82,1.91,3.97,3.71,1.84
B1,31/01/2024,17:45,Charleroi,Eupen,1,0,23,13,12,44,32,24,H,0,0,D,12,7,3,2,12,12,2,10,1,0,0,0,1.62,4,5,1.63,4.1,5,,,,1.68,4.04,5.13,1.57,3.9,4.8,1.65,3.8,5,1.69,4.1,5.13,1.64,3.98,4.91
B1,31/01/2024,17:45,Oud-Heverlee Leuven,Genk,2,1,23,15,5,4,8,88,H,0,0,D,12,15,4,2,15,21,2,4,2,5,0,0,4.5,4,1.67,4.5,4.2,1.68,,,,4.95,4.22,1.67,4.5,4,1.6,4.75,3.9,1.65,5,4.28,1.7,4.6,4.09,1.66
B1,31/01/2024,20:00,St. Gilloise,RWD Molenbeek,3,2,23,1,14,96.2,3.8,0,H,2,0,H,11,8,5,2,11,15,3,2,2,2,0,0,1.2,7,12,1.2,7.25,13.5,,,,1.19,7.65,13.86,1.14,6.5,15,1.18,6.5,15,1.2,7.65,15,1.18,6.96,13.28
B1,31/01/2024,20:00,Standard,Antwerp,0,1,23,10,6,23.1,23.1,53.8,A,0,0,D,15,4,4,2,11,14,4,2,1,3,0,1,4,3.6,1.85,4,3.7,1.85,,,,3.9,3.89,1.92,3.8,3.6,1.8,3.9,3.5,1.9,4.01,3.9,1.94,3.87,3.66,1.88
B1,01/02/2024,19:30,Mechelen,Anderlecht,2,2,23,8,2,7.7,19.2,73.1,D,0,1,A,14,16,7,4,10,9,5,4,2,1,0,0,3.25,3.5,2.15,3.3,3.5,2.15,,,,3.28,3.48,2.21,3.1,3.4,2.1,3.3,3.3,2.15,3.4,3.53,2.23,3.24,3.44,2.15
B1,01/02/2024,19:30,St Truiden,Gent,4,1,23,9,4,11.5,11.5,76.9,H,0,1,A,23,4,12,1,6,6,9,1,2,0,0,1,3.6,3.6,1.95,3.5,3.6,2,,,,3.58,3.62,2.04,3.5,3.5,1.91,3.6,3.4,2,3.62,3.69,2.07,3.51,3.56,2
B1,03/02/2024,15:00,RWD Molenbeek,Standard,2,2,24,15,12,9.1,9.1,81.8,D,1,1,D,12,13,4,4,15,12,4,3,1,4,0,0,3,3.3,2.3,3.1,3.4,2.3,,,,3.14,3.33,2.42,,,,3.1,3.2,2.3,3.2,3.42,2.42,3.06,3.31,2.31
B1,03/02/2024,17:15,Kortrijk,Charleroi,1,0,24,16,11,20..8,41.7,37.5,H,1,0,H,11,7,4,1,10,20,5,4,1,1,0,0,3.2,3.5,2.1,3.2,3.6,2.15,,,,3.33,3.57,2.21,,,,3.25,3.3,2.2,3.35,3.6,2.21,3.21,3.48,2.16
B1,03/02/2024,17:15,Westerlo,Oud-Heverlee Leuven,0,3,24,10,14,58.3,29.2,12.5,A,0,2,A,11,9,7,6,8,12,15,5,0,2,0,0,2,3.6,3.4,2,3.8,3.3,,,,2.06,3.77,3.54,,,,2,3.5,3.5,2.06,3.81,3.54,2.02,3.69,3.39
B1,03/02/2024,19:45,Genk,St. Gilloise,0,1,24,6,1,16,8,76,A,0,0,D,10,12,3,4,18,13,8,3,1,4,0,0,2.8,3.4,2.38,2.8,3.6,2.37,,,,2.87,3.54,2.49,,,,2.8,3.4,2.4,2.87,3.65,2.49,2.79,3.47,2.41
B1,04/02/2024,12:30,Antwerp,Club Brugge,2,1,24,5,3,20,20,60,H,0,0,D,11,13,3,4,9,18,5,9,2,4,0,1,3.6,3.5,1.91,3.6,3.6,1.98,,,,3.86,3.69,1.98,,,,3.7,3.4,1.95,3.86,3.75,2.02,3.66,3.57,1.97
B1,04/02/2024,15:00,Eupen,Mechelen,0,1,24,13,9,36,24,40,A,0,0,D,18,4,5,1,17,8,8,4,1,0,1,0,3,3.4,2.25,2.95,3.6,2.3,,,,3.09,3.5,2.3,,,,3,3.4,2.25,3.2,3.6,2.32,3.01,3.47,2.26
B1,04/02/2024,17:30,Anderlecht,Gent,1,0,24,2,4,73.1,15.4,11.5,H,1,0,H,11,13,3,4,6,12,5,5,1,4,0,0,2.2,3.5,3,2.2,3.5,3.1,,,,2.27,3.42,3.21,,,,2.25,3.3,3.1,2.32,3.61,3.21,2.23,3.44,3.07
B1,04/02/2024,18:15,Cercle Brugge,St Truiden,4,1,24,7,8,61.5,15.4,23.1,H,2,0,H,17,6,6,3,17,8,6,8,2,2,0,0,1.85,3.6,3.8,1.85,3.75,4,,,,1.85,3.8,4.08,,,,1.85,3.6,3.9,1.9,3.87,4.1,1.86,3.72,3.86
B1,09/02/2024,19:45,St Truiden,Kortrijk,1,0,25,9,16,84.6,11.5,3.8,H,1,0,H,15,10,3,2,8,11,5,3,0,2,0,0,1.5,4.33,6,1.52,4.33,6.25,,,,1.53,4.44,6.28,1.5,4,5.5,1.5,4.2,6,1.55,4.5,6.5,1.5,4.28,6.05
B1,10/02/2024,15:00,Standard,Oud-Heverlee Leuven,1,0,25,11,12,85.2,7.4,7.4,H,1,0,H,11,8,5,2,10,18,7,9,3,3,0,0,1.91,3.6,3.75,1.95,3.6,3.7,,,,2,3.55,3.93,1.83,3.7,3.6,1.95,3.4,3.75,2.02,3.75,3.95,1.95,3.56,3.72
B1,10/02/2024,17:15,St. Gilloise,Westerlo,2,2,25,1,10,96.3,3.7,0,D,1,1,D,17,9,3,4,14,8,4,4,4,2,0,0,1.29,6,9,1.3,5.75,9.5,,,,1.26,6.27,10.93,1.25,5.5,9,1.25,5.5,11,1.3,6.27,11,1.27,5.7,9.97
B1,10/02/2024,19:45,Club Brugge,Eupen,4,0,25,3,15,96.3,3.7,0,H,2,0,H,21,4,6,1,8,11,7,4,0,2,0,0,1.22,7,9.5,1.23,6.75,11.5,,,,1.22,7.44,11.44,1.18,6.5,11,1.2,6,13,1.23,7.5,13,1.21,6.75,11.2
B1,11/02/2024,12:30,RWD Molenbeek,Antwerp,0,4,25,14,4,3.7,11.1,85.2,A,0,3,A,2,13,1,9,15,11,5,3,3,0,1,0,5,4.2,1.62,5,4.2,1.62,,,,5.54,4.29,1.61,5.5,4.2,1.5,5.5,3.9,1.57,5.54,4.33,1.65,5.11,4.13,1.6
B1,11/02/2024,15:00,Mechelen,Genk,1,1,25,8,7,14.8,37,48.1,D,1,1,D,11,14,2,1,10,12,5,3,1,2,0,0,3.75,3.6,1.91,3.6,3.7,1.95,,,,3.67,3.67,1.99,3.5,3.7,1.85,3.7,3.5,1.95,3.9,3.75,2.01,3.62,3.64,1.95
B1,11/02/2024,17:30,Charleroi,Anderlecht,1,3,25,13,2,3.7,11.1,85.2,A,1,2,A,16,8,6,4,11,7,5,2,0,0,0,0,3.75,3.4,2,3.5,3.5,2.05,,,,3.73,3.53,2.02,3.4,3.5,1.95,3.5,3.4,2.05,3.75,3.63,2.1,3.53,3.47,2.03
B1,11/02/2024,18:15,Gent,Cercle Brugge,1,2,25,5,6,81.5,11.1,7.4,A,0,1,A,20,11,10,2,11,11,12,3,1,3,0,1,2.05,3.75,3.25,2.1,3.7,3.2,,,,2.18,3.73,3.13,2.05,3.6,3.1,2.15,3.4,3.2,2.19,3.81,3.25,2.12,3.68,3.13
B1,16/02/2024,19:45,Westerlo,Standard,2,1,26,11,10,16,40,44,H,1,1,D,13,12,5,2,14,10,3,5,1,1,0,0,2.38,3.3,3,2.37,3.3,2.95,,,,2.47,3.3,3.07,2.3,3.5,2.7,2.38,3.2,3,2.47,3.44,3.08,2.4,3.26,2.96
B1,17/02/2024,15:00,Genk,RWD Molenbeek,3,1,26,7,14,96.2,0,3.8,H,2,1,H,21,11,9,5,9,12,6,8,1,2,0,0,1.29,6,9.5,1.28,5.75,10.5,,,,1.26,6.23,10.85,1.22,5.5,10,1.25,5.5,11,1.29,6.3,11,1.27,5.71,10.09
B1,17/02/2024,17:15,Oud-Heverlee Leuven,Charleroi,0,0,26,12,13,46.2,38.5,15.4,D,0,0,D,17,6,0,0,17,15,13,1,2,5,0,1,2.4,3.4,2.88,2.3,3.5,2.95,,,,2.46,3.32,3.08,2.2,3.5,2.8,2.38,3.3,2.88,2.46,3.53,3.08,2.37,3.35,2.92
B1,17/02/2024,19:45,Antwerp,Mechelen,0,1,26,4,9,96.2,3.8,0,A,0,0,D,15,6,3,4,9,12,6,2,2,2,0,0,1.57,4,5.75,1.58,4.1,5.5,,,,1.58,4.27,5.79,1.5,4,5.5,1.57,3.9,5.75,1.6,4.3,5.79,1.57,4.1,5.52
B1,18/02/2024,12:30,Cercle Brugge,Club Brugge,1,1,26,5,3,3.8,19.2,76.9,D,0,0,D,7,13,4,3,14,11,0,4,0,4,0,1,3.4,3.75,2.05,3.3,3.75,2.05,,,,3.35,3.72,2.09,3.2,3.6,2,3.5,3.4,2.05,3.51,3.75,2.1,3.31,3.66,2.05
B1,18/02/2024,15:00,Kortrijk,St. Gilloise,1,3,26,16,1,7.7,0,92.3,A,0,2,A,6,18,2,9,11,15,5,6,4,1,0,0,7.5,5.25,1.36,7.5,5.25,1.37,,,,7.76,5.2,1.37,7.5,5,1.33,8.5,4.8,1.33,8.5,5.5,1.39,7.64,5.04,1.36
B1,18/02/2024,17:30,Anderlecht,St Truiden,4,1,26,2,8,100,0,0,H,0,1,A,17,12,8,4,9,11,2,2,1,1,0,0,1.62,3.75,5.75,1.65,4,5,,,,1.61,4.22,5.28,1.57,3.9,5,1.62,3.8,5.25,1.65,4.3,5.75,1.62,4,5.11
B1,18/02/2024,18:15,Eupen,Gent,0,2,26,15,6,15.4,7.7,76.9,A,0,1,A,4,8,3,4,18,14,4,3,3,1,0,0,5,4,1.67,4.5,4,1.7,,,,4.75,4.04,1.69,4.4,3.9,1.65,4.75,3.8,1.67,5,4.13,1.74,4.64,3.97,1.68
B1,23/02/2024,19:45,Charleroi,Genk,0,1,27,13,7,7.1,7.1,85.7,A,0,0,D,6,19,4,7,14,13,3,6,2,2,0,0,3.6,3.5,2.05,3.4,3.6,2.05,,,,3.59,3.67,2.07,,,,3.5,3.5,2,3.7,3.67,2.1,3.47,3.55,2.04
B1,24/02/2024,15:00,RWD Molenbeek,Oud-Heverlee Leuven,1,1,27,14,12,7.1,57.1,35.7,D,1,1,D,10,9,3,3,10,9,5,6,0,3,0,0,2.75,3.4,2.45,2.75,3.5,2.45,,,,2.87,3.43,2.54,,,,2.8,3.25,2.45,2.87,3.55,2.54,2.79,3.39,2.44
B1,24/02/2024,17:15,St Truiden,Westerlo,1,0,27,9,10,60.7,35.7,3.6,H,1,0,H,15,12,3,3,9,11,8,2,1,1,0,0,2.05,3.3,3.75,2.1,3.4,3.5,,,,2.08,3.58,3.65,,,,2.1,3.3,3.5,2.11,3.61,3.75,2.05,3.46,3.49
B1,24/02/2024,19:45,Mechelen,Kortrijk,3,0,27,8,16,85.7,3.96,10.7,H,1,0,H,9,11,4,1,2,8,4,4,0,0,0,0,1.65,3.8,5,1.62,4.1,5.25,,,,1.66,4.07,5.34,,,,1.62,3.8,5.25,1.67,4.1,5.34,1.63,3.94,5.06
B1,25/02/2024,12:30,Club Brugge,Anderlecht,1,2,27,3,2,50,42.1,7.1,A,1,0,H,16,11,6,6,14,16,5,3,0,4,0,0,1.67,3.75,5,1.68,4,4.8,,,,1.76,3.93,4.7,,,,1.73,3.75,4.5,1.77,4.03,5,1.71,3.88,4.57
B1,25/02/2024,15:00,Gent,Antwerp,2,2,27,5,4,35.7,39.3,25,D,2,1,H,13,8,5,5,13,8,7,4,1,2,0,0,2.45,3.25,2.88,2.35,3.4,2.9,,,,2.53,3.4,2.81,,,,2.45,3.3,2.8,2.53,3.57,2.95,2.43,3.4,2.8
B1,25/02/2024,17:30,St. Gilloise,Standard,2,1,27,1,11,89.3,7.1,3.6,H,2,0,H,12,8,7,4,9,17,5,4,1,3,0,0,1.36,4.75,8,1.4,4.6,8,,,,1.39,4.94,7.61,,,,1.36,4.6,8.5,1.4,5.1,8.5,1.38,4.77,7.76
B1,25/02/2024,18:15,Eupen,Cercle Brugge,0,2,27,15,6,14.3,17.9,67.9,A,0,0,D,12,17,1,8,10,12,5,4,2,3,0,0,4.75,3.75,1.7,5,3.9,1.68,,,,4.71,3.99,1.71,,,,4.8,3.75,1.67,5,4.1,1.72,4.66,3.91,1.68
B1,01/03/2024,19:45,Westerlo,Charleroi,0,1,28,10,13,55.6,33.3,11.1,A,0,0,D,15,7,3,1,11,12,5,1,1,4,0,0,1.85,3.4,4.2,1.95,3.5,3.9,,,,1.95,3.52,4.19,,,,1.9,3.5,3.9,1.98,3.58,4.23,1.92,3.45,3.97
B1,02/03/2024,15:00,Cercle Brugge,Mechelen,2,3,28,5,8,71.4,17.9,10.7,A,2,2,D,12,15,5,6,9,9,7,6,1,2,0,0,1.91,3.6,4,1.9,3.6,3.8,,,,1.96,3.63,4.02,,,,1.95,3.4,3.75,1.98,3.73,4.1,1.92,3.57,3.82
B1,02/03/2024,17:15,Oud-Heverlee Leuven,St. Gilloise,0,2,28,12,1,3.7,0,96.3,A,0,1,A,9,9,2,2,10,11,4,6,3,3,0,0,6.5,4.33,1.5,5.75,4.4,1.52,,,,6.04,4.72,1.52,,,,6,4.2,1.5,6.5,4.75,1.53,5.74,4.46,1.5
B1,02/03/2024,19:45,Standard,Gent,4,2,28,11,7,18.5,29.6,51.9,H,1,1,D,19,11,7,7,13,10,9,5,3,1,0,1,3.1,3.4,2.2,3.1,3.5,2.2,,,,3.2,3.5,2.29,,,,3.13,3.25,2.25,3.3,3.5,2.29,3.13,3.43,2.21
B1,03/03/2024,12:30,Genk,Club Brugge,0,3,28,6,3,7.4,29.6,63,A,0,1,A,10,12,5,5,13,8,4,6,2,2,0,0,3,3.6,2.2,2.87,3.7,2.3,,,,3.09,3.67,2.28,,,,3,3.4,2.25,3.11,3.7,2.3,2.98,3.57,2.24
B1,03/03/2024,15:00,Antwerp,St Truiden,3,0,28,4,9,92.6,3.7,3.7,H,0,0,D,19,4,11,0,13,15,11,3,0,0,0,0,1.62,4,4.75,1.63,4,5,,,,1.67,4.01,5.01,,,,1.62,3.8,5.25,1.68,4.1,5.25,1.64,3.95,4.94
B1,03/03/2024,17:30,Anderlecht,Eupen,1,0,28,2,15,100,0,0,H,1,0,H,14,15,5,3,12,20,8,4,2,1,0,0,1.3,5.25,8.5,1.32,5.5,9,,,,1.29,5.72,9.87,,,,1.29,5.25,10,1.32,5.9,10,1.3,5.45,9.22
B1,03/03/2024,18:15,Kortrijk,RWD Molenbeek,3,2,28,16,14,48.1,33.3,18.5,H,1,1,D,17,12,7,4,10,14,8,5,1,3,0,0,2.4,3.5,2.75,2.45,3.4,2.75,,,,2.48,3.39,2.89,,,,2.45,3.25,2.8,2.5,3.5,2.91,2.44,3.39,2.77
B1,08/03/2024,19:45,Mechelen,Westerlo,3,1,29,8,11,78.6,17.9,3.6,H,2,0,H,10,21,4,4,7,8,3,3,0,1,0,0,1.91,3.6,4,1.93,3.5,3.9,,,,1.96,3.46,4.23,,,,1.9,3.5,3.9,2.01,3.66,4.23,1.93,3.48,3.95
B1,09/03/2024,15:00,Kortrijk,Antwerp,0,1,29,16,4,3.4,3.4,93.1,A,0,1,A,3,15,1,5,9,10,3,10,0,1,0,0,7,4.33,1.5,6,4.5,1.5,,,,6.79,4.79,1.47,,,,6.5,4.33,1.45,7.5,4.8,1.5,6.47,4.54,1.46
B1,09/03/2024,17:15,Charleroi,Cercle Brugge,0,0,29,12,5,10.3,24.1,65.5,D,0,0,D,6,11,2,2,15,17,2,8,1,1,0,1,3.6,3.6,1.95,3.6,3.6,1.98,,,,3.74,3.63,2.04,,,,3.6,3.4,2,3.74,3.68,2.05,3.57,3.56,2
B1,09/03/2024,19:45,RWD Molenbeek,Anderlecht,0,3,29,14,2,3.4,3.4,93.1,A,0,3,A,10,11,2,5,11,9,4,3,3,1,0,0,5.75,4.2,1.53,5.5,4.2,1.57,,,,6.15,4.49,1.53,,,,6,4.2,1.5,7,4.5,1.57,5.8,4.32,1.52
B1,10/03/2024,12:30,Genk,Standard,1,0,29,6,10,86.2,10.3,3.4,H,0,0,D,19,6,5,4,6,11,7,5,0,2,0,0,1.65,4,5.25,1.63,4,5,,,,1.63,4.23,5.44,,,,1.6,3.9,5.25,1.65,4.23,5.5,1.61,4.07,5.18
B1,10/03/2024,15:00,Club Brugge,Oud-Heverlee Leuven,3,1,29,3,13,100,0,0,H,1,1,D,20,7,8,2,13,10,10,5,0,2,0,0,1.33,5.5,7.5,1.32,5.5,8.75,,,,1.29,6,9.06,,,,1.3,5.25,9,1.33,6.2,9.2,1.3,5.63,8.6
B1,10/03/2024,17:30,St. Gilloise,Gent,1,1,29,1,7,82.8,17.2,0,D,0,0,D,18,11,5,6,4,11,8,3,3,1,0,0,1.62,4.2,4.75,1.62,4.2,5,,,,1.65,4.11,5.02,,,,1.62,3.9,5.25,1.68,4.2,5.3,1.63,4.08,4.94
B1,10/03/2024,18:15,Eupen,St Truiden,1,0,29,15,9,13.8,13.8,72.4,H,1,0,H,7,17,2,5,12,15,4,3,3,1,0,0,3.5,3.3,2.1,3.4,3.4,2.1,,,,3.46,3.39,2.17,,,,3.5,3.25,2.1,3.55,3.5,2.19,3.41,3.38,2.11
B1,16/03/2024,17:15,Standard,Eupen,4,0,30,10,14,92.6,0,7.4,H,2,0,H,13,9,5,5,2,17,5,5,0,0,0,0,1.73,3.8,4.5,1.72,3.8,4.6,,,,1.72,3.84,5.14,,,,1.7,3.6,4.8,1.74,3.93,5.14,1.71,3.78,4.73
B1,16/03/2024,19:45,Anderlecht,Kortrijk,0,1,30,2,16,92.6,0,7.4,A,0,0,D,17,11,5,4,7,13,5,6,1,2,0,0,1.25,5.5,10,1.26,6.25,10.5,,,,1.25,6.45,11.44,,,,1.22,6,11.5,1.27,6.6,12,1.24,6.08,10.76
B1,17/03/2024,12:30,St Truiden,Club Brugge,2,1,30,9,3,3.7,3.7,92.6,H,0,1,A,13,19,5,8,5,10,4,8,0,1,0,0,5.5,4,1.6,5,4.1,1.65,,,,5.54,4.22,1.62,,,,5.25,3.9,1.6,5.54,4.3,1.65,5.19,4.05,1.61
B1,17/03/2024,15:00,Antwerp,St. Gilloise,1,1,30,4,1,14.8,33.3,51.9,D,0,0,D,9,13,3,4,12,12,4,3,3,5,0,1,2.6,3.5,2.55,2.65,3.5,2.5,,,,2.66,3.53,2.6,,,,2.7,3.3,2.55,2.75,3.59,2.62,2.64,3.44,2.54
B1,17/03/2024,17:30,Cercle Brugge,RWD Molenbeek,4,0,30,7,15,92.6,3.7,3.7,H,2,0,H,20,4,8,1,6,11,11,4,1,4,0,1,1.36,5.25,7.5,1.36,5.25,7.75,,,,1.36,5.3,7.85,,,,1.33,4.8,8.5,1.38,5.5,8.5,1.35,5.16,7.73
B1,17/03/2024,17:30,Gent,Charleroi,5,0,30,8,12,96.3,0,3.7,H,2,0,H,13,12,9,5,8,10,1,6,0,2,0,0,1.57,4,5.75,1.57,4.2,5.5,,,,1.57,4.23,5.7,,,,1.55,4,5.75,1.62,4.33,5.9,1.56,4.11,5.55
B1,17/03/2024,17:30,Oud-Heverlee Leuven,Mechelen,1,0,30,13,6,11.1,18.5,70.4,H,0,0,D,14,16,4,5,14,9,3,6,4,1,0,0,2.75,3.4,2.45,2.75,3.4,2.5,,,,2.78,3.42,2.55,,,,2.75,3.25,2.5,2.81,3.54,2.56,2.75,3.35,2.49
B1,17/03/2024,17:30,Westerlo,Genk,1,1,30,11,5,7.4,7.4,85.2,D,0,0,D,12,9,4,2,10,13,5,6,4,1,0,1,3.5,3.75,1.95,3.7,3.7,1.93,,,,3.87,3.35,2.05,,,,3.7,3.5,1.95,3.9,3.8,2.06,3.67,3.52,1.98
B1,29/03/2024,19:45,Gent,Standard,5,1,,,,,,,H,1,1,D,15,11,8,4,12,5,4,2,2,1,0,0,1.62,4,5,1.65,4,5,,,,1.65,4.15,5.06,1.65,3.9,4.8,1.62,4,5,1.68,4.2,5.06,1.65,4.03,4.85
B1,30/03/2024,17:15,Oud-Heverlee Leuven,Mechelen,2,3,,,,,,,A,0,1,A,18,11,5,8,8,16,7,7,1,5,0,1,2.75,3.2,2.63,2.65,3.5,2.55,,,,2.81,3.34,2.61,2.62,3.5,2.45,2.6,3.4,2.45,2.81,3.55,2.63,2.71,3.37,2.54
B1,30/03/2024,19:45,Anderlecht,Antwerp,1,0,,,,,,,H,0,0,D,20,8,8,2,8,7,4,3,2,4,0,1,2.3,3.4,3,2.3,3.5,2.95,,,,2.35,3.42,3.11,2.25,3.6,2.88,2.25,3.4,2.88,2.38,3.62,3.11,2.31,3.44,2.96
B1,31/03/2024,17:30,St Truiden,Westerlo,2,0,,,,,,,H,1,0,H,14,13,6,5,11,10,7,3,0,1,0,0,2.2,3.5,3.2,2.25,3.5,3,,,,2.2,3.5,3.23,2.2,3.5,3,2.15,3.4,3,2.26,3.55,3.23,2.21,3.45,3.12
B1,01/04/2024,12:30,Cercle Brugge,Club Brugge,1,1,,,,,,,D,1,0,H,10,28,4,7,11,7,0,8,0,1,0,0,3.6,3.6,2,3.6,3.7,1.98,,,,3.59,3.64,2.01,3.4,3.7,2,3.4,3.5,1.95,3.62,3.75,2.05,3.54,3.63,1.98
B1,01/04/2024,17:30,Genk,St. Gilloise,1,0,,,,,,,H,1,0,H,7,12,3,4,11,18,2,9,1,1,0,1,2.75,3.4,2.5,2.75,3.6,2.4,,,,2.81,3.56,2.42,2.8,3.6,2.3,2.7,3.4,2.38,2.85,3.66,2.5,2.76,3.52,2.4
B1,05/04/2024,19:45,Mechelen,St Truiden,2,3,,,,,,,A,1,0,H,17,16,6,7,9,13,5,4,2,2,0,0,2.05,3.5,3.4,2.1,3.5,3.4,,,,2.12,3.43,3.63,2,3.5,3.5,2.05,3.5,3.4,2.19,3.57,3.69,2.08,3.45,3.47
B1,06/04/2024,15:00,Charleroi,RWD Molenbeek,0,0,,,,,,,D,0,0,D,14,10,3,3,14,12,11,6,1,4,0,0,1.67,3.75,5,1.68,3.9,4.8,,,,1.72,3.82,4.99,1.65,3.9,4.75,1.65,3.7,4.75,1.74,4,5,1.69,3.84,4.79
B1,06/04/2024,17:15,Standard,Oud-Heverlee Leuven,0,0,,,,,,,D,0,0,D,13,8,6,2,12,13,6,2,2,2,0,0,1.67,3.6,5,1.73,3.9,4.5,,,,1.7,4.03,4.86,1.8,3.75,4,1.65,3.75,4.6,1.78,4.1,5,1.7,3.87,4.7
B1,06/04/2024,19:45,Antwerp,Genk,0,1,,,,,,,A,0,1,A,11,18,2,6,14,12,6,5,3,1,0,0,2.25,3.4,3.1,2.25,3.5,2.95,,,,2.28,3.5,3.18,2.15,3.5,3.1,2.2,3.4,2.9,2.28,3.63,3.18,2.24,3.46,3.06
B1,07/04/2024,12:30,St. Gilloise,Cercle Brugge,2,3,,,,,,,A,1,2,A,14,8,9,4,10,20,4,3,2,5,0,0,1.73,3.8,4.75,1.75,3.75,4.5,,,,1.73,3.99,4.7,1.75,3.8,4.2,1.67,3.75,4.4,1.8,4,4.75,1.73,3.84,4.51
B1,07/04/2024,15:00,Eupen,Kortrijk,1,1,,,,,,,D,0,0,D,7,12,2,4,9,10,2,4,1,2,0,0,2.3,3.2,3.1,2.3,3.5,2.95,,,,2.41,3.28,3.04,2.25,3.5,3,2.3,3.3,2.88,2.44,3.52,3.1,2.34,3.34,2.97
B1,07/04/2024,17:30,Club Brugge,Anderlecht,3,1,,,,,,,H,1,0,H,20,13,8,7,8,12,3,2,1,5,0,0,1.91,3.6,4,1.9,3.6,3.9,,,,1.88,3.74,3.92,1.85,3.7,3.8,1.87,3.5,3.7,1.98,3.82,4.1,1.9,3.66,3.85
B1,07/04/2024,18:15,Westerlo,Gent,0,3,,,,,,,A,0,2,A,3,21,3,7,16,13,1,8,5,2,2,0,4,3.75,1.85,,,,,,,3.77,3.83,1.9,3.75,3.75,1.85,3.75,3.6,1.83,4,3.84,1.95,3.77,3.73,1.89
B1,12/04/2024,19:45,St Truiden,Standard,3,3,,,,,,,D,1,1,D,16,17,8,10,10,11,4,3,4,4,0,0,2.15,3.4,3.3,2.2,3.5,3.1,,,,2.19,3.57,3.3,2.1,3.5,3.25,2.15,3.4,3.25,2.25,3.57,3.37,2.17,3.46,3.21
B1,13/04/2024,15:00,RWD Molenbeek,Eupen,3,1,,,,,,,H,1,1,D,11,8,5,3,16,13,7,4,1,3,0,0,2.38,3.3,3,2.3,3.5,2.95,,,,2.41,3.31,3.11,2.25,3.6,2.9,2.3,3.3,2.88,2.41,3.5,3.12,2.34,3.35,2.99
B1,13/04/2024,17:15,Mechelen,Westerlo,3,2,,,,,,,H,0,2,A,23,14,6,7,13,7,13,6,1,4,0,1,1.73,3.6,4.75,1.77,3.75,4.4,,,,1.73,3.92,4.78,1.75,3.8,4.2,1.7,3.7,4.4,1.78,3.97,4.78,1.74,3.78,4.49
B1,13/04/2024,19:45,Genk,Cercle Brugge,1,1,,,,,,,D,1,0,H,13,10,5,2,7,16,6,5,0,4,0,1,1.85,3.6,4,1.9,3.9,3.7,,,,1.89,3.94,3.87,1.85,3.8,3.7,1.83,3.7,3.6,1.94,3.96,4,1.88,3.8,3.76
B1,14/04/2024,12:30,Club Brugge,Antwerp,3,0,,,,,,,H,1,0,H,13,8,6,3,10,14,5,3,2,2,0,0,1.8,3.75,4.2,1.77,3.9,4.2,,,,1.78,3.93,4.47,1.75,3.8,4.2,1.73,3.7,4.1,1.8,3.96,4.5,1.77,3.81,4.25
B1,14/04/2024,15:00,Kortrijk,Charleroi,1,2,,,,,,,A,1,0,H,9,12,2,5,11,12,4,3,0,1,0,0,2.9,3.2,2.5,2.85,3.4,2.4,,,,2.88,3.24,2.54,2.8,3.4,2.38,2.75,3.25,2.4,2.94,3.45,2.56,2.85,3.3,2.45
B1,14/04/2024,17:30,Anderlecht,St. Gilloise,2,1,,,,,,,H,1,0,H,7,15,5,5,10,16,6,6,4,3,1,0,2.75,3.3,2.5,2.7,3.5,2.45,,,,2.75,3.28,2.62,2.7,3.5,2.4,2.6,3.4,2.45,2.8,3.55,2.64,2.69,3.37,2.54
B1,14/04/2024,18:15,Oud-Heverlee Leuven,Gent,2,1,,,,,,,H,2,1,H,12,16,3,6,8,6,0,6,2,2,0,0,4,3.75,1.85,3.75,4,1.85,,,,4.1,3.93,1.8,3.7,3.9,1.83,3.8,3.8,1.75,4.15,4,1.85,3.91,3.88,1.82
B1,20/04/2024,15:00,Oud-Heverlee Leuven,St Truiden,1,0,,,,,,,H,0,0,D,20,3,11,0,11,11,6,3,1,2,0,0,2.63,3.3,2.63,2.55,3.5,2.65,,,,2.67,3.53,2.63,,,,2.55,3.4,2.5,2.67,3.59,2.67,2.59,3.42,2.59
B1,20/04/2024,17:15,Westerlo,Standard,3,3,,,,,,,D,1,1,D,19,17,6,8,8,12,6,7,1,1,0,0,2.6,3.4,2.6,2.6,3.6,2.5,,,,2.66,3.57,2.61,,,,2.55,3.4,2.5,2.68,3.65,2.62,2.59,3.49,2.56
B1,20/04/2024,19:00,Gent,Mechelen,3,1,,,,,,,H,1,0,H,15,7,5,3,8,4,6,5,1,1,0,0,1.55,4,6,1.58,4.2,5.25,,,,1.58,4.18,5.79,,,,1.53,4,5.25,1.58,4.3,6,1.56,4.13,5.56
B1,20/04/2024,19:45,Genk,Anderlecht,2,1,,,,,,,H,1,0,H,22,9,10,2,10,10,4,3,1,1,0,0,2.15,3.6,3.2,2.1,3.6,3.2,,,,2.18,3.52,3.37,,,,2.05,3.5,3.13,2.21,3.69,3.37,2.13,3.53,3.23
B1,21/04/2024,12:30,Cercle Brugge,Antwerp,0,1,,,,,,,A,0,0,D,16,12,4,8,12,5,7,2,4,1,0,0,2.63,3.3,2.63,2.55,3.5,2.6,,,,2.66,3.42,2.71,,,,2.5,3.4,2.55,2.67,3.55,2.71,2.59,3.39,2.61
B1,21/04/2024,15:00,Kortrijk,RWD Molenbeek,2,4,,,,,,,A,1,3,A,16,14,8,8,11,10,11,4,2,4,0,0,2.1,3.4,3.4,2.1,3.5,3.3,,,,2.08,3.36,3.67,,,,2.05,3.3,3.4,2.16,3.58,3.73,2.07,3.41,3.46
B1,21/04/2024,17:30,St. Gilloise,Club Brugge,1,2,,,,,,,A,0,0,D,18,9,6,2,14,11,10,8,3,3,0,1,2.3,3.4,3,2.3,3.5,2.9,,,,2.31,3.39,3.1,,,,2.2,3.4,2.9,2.34,3.56,3.13,2.28,3.41,2.98
B1,21/04/2024,18:15,Charleroi,Eupen,1,0,,,,,,,H,1,0,H,19,9,7,3,12,8,7,4,1,1,0,0,1.67,3.75,5,1.7,3.8,4.8,,,,1.67,3.9,5,,,,1.65,3.7,4.75,1.71,3.95,5.1,1.67,3.8,4.82
B1,23/04/2024,19:30,St Truiden,Gent,0,2,,,,,,,A,0,1,A,17,15,5,5,12,8,5,4,2,1,0,0,3.75,3.75,1.91,3.7,3.9,1.88,,,,3.86,3.81,1.93,3.75,3.75,1.85,3.6,3.9,1.87,3.88,4,1.94,3.69,3.83,1.89
B1,23/04/2024,19:30,Standard,Mechelen,0,0,,,,,,,D,0,0,D,21,6,6,1,9,6,8,4,0,2,0,0,2.4,3.5,2.75,2.45,3.5,2.75,,,,2.48,3.44,2.89,2.4,3.4,2.75,2.4,3.5,2.7,2.5,3.59,2.92,2.43,3.42,2.79
B1,23/04/2024,19:30,Westerlo,Oud-Heverlee Leuven,1,1,,,,,,,D,1,0,H,15,20,3,7,7,14,9,4,2,3,0,0,2.45,3.6,2.7,2.37,3.7,2.7,,,,2.53,3.55,2.77,2.38,3.7,2.62,2.4,3.6,2.7,2.54,3.7,2.77,2.45,3.54,2.71
B1,24/04/2024,19:30,Anderlecht,Cercle Brugge,3,0,,,,,,,H,2,0,H,12,7,5,4,6,12,4,2,1,4,0,0,1.91,3.6,3.8,1.98,3.6,3.6,,,,1.93,3.67,3.98,1.95,3.7,3.5,1.87,3.6,3.6,1.98,3.81,3.98,1.93,3.61,3.73
B1,24/04/2024,19:30,Club Brugge,Genk,4,0,,,,,,,H,1,0,H,15,12,7,4,12,16,0,4,0,1,0,0,1.75,3.8,4.33,1.82,3.9,4,,,,1.79,3.9,4.41,1.8,3.9,4,1.75,3.75,4,1.83,4.01,4.41,1.79,3.85,4.12
B1,25/04/2024,19:30,Antwerp,St. Gilloise,0,3,,,,,,,A,0,0,D,6,13,1,7,9,19,5,5,3,4,0,0,2.8,3.5,2.38,2.8,3.5,2.4,,,,3.02,3.3,2.41,2.88,3.5,2.3,2.88,3.3,2.3,3.04,3.5,2.44,2.87,3.35,2.38
B1,26/04/2024,19:45,Eupen,Charleroi,1,2,,,,,,,A,0,2,A,12,12,2,4,13,15,4,5,2,1,0,0,3.4,3.2,2.2,3.3,3.2,2.25,,,,3.5,3.21,2.26,2.7,3.4,2.3,3.3,3.2,2.2,3.53,3.4,2.29,3.35,3.19,2.23
B1,27/04/2024,15:00,Mechelen,Oud-Heverlee Leuven,3,0,,,,,,,H,0,0,D,17,17,7,4,10,12,4,3,1,1,0,0,1.95,3.75,3.6,2,3.6,3.5,,,,1.98,3.83,3.64,,,,1.93,3.6,3.4,2.02,3.83,3.67,1.96,3.67,3.53
B1,27/04/2024,17:15,Standard,St Truiden,1,1,,,,,,,D,0,1,A,19,11,6,6,6,10,5,4,0,2,0,0,2.25,3.4,3.1,,,,,,,2.25,3.49,3.25,,,,2.15,3.3,3.1,2.25,3.55,3.25,2.2,3.41,3.15
B1,27/04/2024,19:45,Gent,Westerlo,3,2,,,,,,,H,2,2,D,15,23,6,7,9,12,3,10,2,3,0,0,1.36,5.25,7,1.37,5.25,7.25,,,,1.35,5.72,7.81,,,,1.33,5,7.5,1.4,5.8,8,1.34,5.36,7.38
B1,28/04/2024,12:30,Genk,Club Brugge,0,3,,,,,,,A,0,1,A,14,11,3,4,8,10,6,3,1,2,0,0,2.9,3.6,2.25,2.87,3.7,2.25,,,,2.95,3.53,2.34,,,,2.88,3.5,2.2,3.01,3.75,2.37,2.89,3.54,2.27
B1,28/04/2024,15:00,Cercle Brugge,Anderlecht,1,1,,,,,,,D,0,1,A,18,9,4,5,9,9,4,3,1,1,0,0,2.8,3.5,2.38,,,,,,,2.91,3.47,2.4,,,,2.75,3.4,2.3,2.92,3.64,2.45,2.8,3.43,2.37
B1,28/04/2024,17:30,St. Gilloise,Antwerp,4,1,,,,,,,H,2,1,H,14,3,10,2,14,9,3,2,2,4,0,0,1.67,4,4.75,1.71,4,4.5,,,,1.68,4.01,4.77,,,,1.65,3.8,4.5,1.73,4.1,4.9,1.68,3.91,4.65
B1,28/04/2024,18:15,RWD Molenbeek,Kortrijk,0,1,,,,,,,A,0,1,A,15,10,4,3,13,10,6,5,2,2,0,0,2.38,3.4,2.9,2.35,3.4,2.9,,,,2.4,3.4,2.95,,,,2.3,3.3,2.88,2.43,3.51,2.99,2.35,3.38,2.88
B1,03/05/2024,19:45,Westerlo,St Truiden,2,2,,,,,,,D,1,1,D,19,8,6,4,4,11,6,4,2,2,0,0,2.38,3.75,2.63,2.37,3.75,2.7,,,,2.39,3.8,2.79,2.62,3.5,2.5,2.38,3.75,2.63,2.42,3.83,2.85,2.36,3.71,2.7
B1,04/05/2024,15:00,RWD Molenbeek,Charleroi,1,3,,,,,,,A,0,3,A,14,12,6,5,8,9,4,5,0,1,0,0,2.5,3.4,2.7,2.55,3.4,2.65,,,,2.59,3.42,2.78,2.7,3.4,2.5,2.45,3.3,2.7,2.59,3.5,2.8,2.5,3.37,2.71
B1,04/05/2024,17:15,Mechelen,Gent,2,4,,,,,,,A,2,3,A,15,13,8,5,11,10,6,2,2,0,0,0,3.3,3.6,2.05,3.25,3.8,2.05,,,,3.38,3.84,2.07,3.3,3.6,2.05,3.13,3.7,2,3.41,3.86,2.07,3.26,3.72,2.04
B1,04/05/2024,19:45,Cercle Brugge,Genk,4,1,,,,,,,H,3,1,H,16,13,6,6,16,16,4,1,1,3,0,0,2.5,3.6,2.6,2.5,3.7,2.55,,,,2.55,3.51,2.76,2.5,3.7,2.5,2.45,3.5,2.55,2.57,3.73,2.77,2.5,3.51,2.64
B1,05/05/2024,12:30,Antwerp,Club Brugge,1,2,,,,,,,A,0,0,D,10,10,5,4,10,11,2,3,3,1,0,0,3.8,3.6,1.91,3.7,3.6,1.95,,,,3.81,3.64,1.94,3.1,3.5,2.15,3.6,3.5,1.9,4.1,3.77,1.99,3.72,3.61,1.91
B1,05/05/2024,15:00,Oud-Heverlee Leuven,Standard,3,1,,,,,,,H,0,1,A,16,8,7,1,10,14,4,1,1,1,0,0,2.3,3.5,2.88,2.4,3.5,2.75,,,,2.45,3.39,2.89,2.38,3.6,2.7,2.3,3.4,2.75,2.48,3.65,2.94,2.36,3.44,2.82
B1,05/05/2024,17:30,St. Gilloise,Anderlecht,0,0,,,,,,,D,0,0,D,19,12,8,9,12,8,8,3,4,1,0,0,1.7,3.8,4.5,1.78,3.8,4.2,,,,1.7,3.96,4.66,1.75,3.8,4.2,1.67,3.75,4.5,1.78,4.1,4.75,1.71,3.84,4.47
B1,05/05/2024,18:15,Kortrijk,Eupen,1,0,,,,,,,H,1,0,H,18,10,4,2,15,12,7,3,4,3,0,1,2.05,3.4,3.6,2.1,3.5,3.4,,,,2.02,3.54,3.64,2.15,3.5,3.1,2,3.4,3.4,2.1,3.65,3.69,2.02,3.5,3.47
B1,11/05/2024,17:15,Charleroi,Kortrijk,3,1,,,,,,,H,2,0,H,12,9,8,4,11,8,5,5,0,1,0,0,2.25,3.4,3.1,2.2,3.5,3.2,,,,2.29,3.72,3,2,3.6,3.5,2.2,3.3,3,2.29,3.77,3.2,2.23,3.53,3.01
B1,11/05/2024,17:15,Eupen,RWD Molenbeek,2,0,,,,,,,H,0,0,D,12,18,4,7,11,13,2,7,0,1,0,0,3.3,3.8,1.95,3.4,3.7,2.05,,,,3.62,3.71,2.02,3.1,3.6,2.15,3.3,3.5,2,3.67,3.8,2.05,3.46,3.68,1.98
B1,11/05/2024,19:45,Anderlecht,Genk,2,1,,,,,,,H,1,0,H,17,19,4,3,5,14,4,3,1,2,0,0,1.95,3.5,3.6,2,3.6,3.5,,,,2.06,3.6,3.61,2.05,3.6,3.3,2,3.5,3.3,2.09,3.71,3.61,2.02,3.56,3.45
B1,12/05/2024,12:30,Gent,Oud-Heverlee Leuven,0,1,,,,,,,A,0,1,A,12,8,2,4,10,12,10,1,2,3,0,0,1.4,5,6.5,1.41,5.25,6.5,,,,1.4,5.38,6.88,1.36,5.5,7,1.36,5,6.5,1.41,5.4,7,1.39,5.13,6.61
B1,12/05/2024,15:00,St Truiden,Mechelen,2,1,,,,,,,H,2,1,H,11,7,5,3,9,12,2,1,1,0,0,0,2.3,3.5,2.88,2.4,3.7,2.7,,,,2.34,3.69,2.84,2.38,3.7,2.62,2.25,3.6,2.7,2.4,3.77,2.89,2.32,3.62,2.78
B1,12/05/2024,17:30,Antwerp,Cercle Brugge,1,2,,,,,,,A,0,2,A,16,13,4,5,9,13,6,2,1,2,0,0,2.25,3.5,3,2.25,3.6,3,,,,2.27,3.58,3.02,2.2,3.6,3,2.2,3.5,2.88,2.3,3.67,3.08,2.24,3.52,2.97
B1,13/05/2024,19:30,Club Brugge,St. Gilloise,2,2,,,,,,,D,0,0,D,24,17,4,6,7,14,8,3,1,2,0,0,2.1,3.5,3.3,2.15,3.5,3.25,,,,2.11,3.59,3.36,2.1,3.5,3.2,2.05,3.4,3.2,2.15,3.67,3.39,2.11,3.49,3.24
B1,17/05/2024,19:45,St Truiden,Oud-Heverlee Leuven,1,1,,,,,,,D,0,0,D,9,9,3,3,10,12,2,1,2,0,0,0,2.1,3.6,3.1,2.15,3.7,3.1,,,,2.17,3.77,3.19,2.05,3.7,3.2,2.1,3.75,3.1,2.2,3.83,3.26,2.13,3.68,3.09
B1,18/05/2024,17:15,Westerlo,Mechelen,0,2,,,,,,,A,0,1,A,10,17,2,7,8,10,10,5,0,1,0,0,2.6,3.6,2.45,2.6,3.75,2.45,,,,2.65,3.83,2.5,2.6,3.7,2.45,2.5,3.7,2.38,2.66,3.87,2.5,2.59,3.7,2.45
B1,18/05/2024,19:45,Standard,Gent,1,4,,,,,,,A,1,1,D,9,18,2,6,11,6,5,11,1,0,0,0,3.5,4,1.85,3.5,3.9,1.93,,,,3.78,4.1,1.88,3.5,3.9,1.91,3.6,3.8,1.83,3.9,4.11,1.95,3.64,3.96,1.86
B1,19/05/2024,12:30,Cercle Brugge,St. Gilloise,1,2,,,,,,,A,1,1,D,9,14,3,5,17,18,5,5,3,3,0,0,3.3,3.5,2.05,3.25,3.7,2.1,,,,3.49,3.7,2.07,3.25,3.6,2.05,3.25,3.5,2,3.49,3.77,2.16,3.3,3.6,2.07
B1,19/05/2024,17:30,Anderlecht,Club Brugge,0,1,,,,,,,A,0,1,A,13,14,4,2,10,10,4,4,1,3,0,0,2.88,3.5,2.3,3,3.5,2.25,,,,2.91,3.48,2.38,3,3.5,2.2,2.9,3.4,2.2,3.1,3.61,2.38,2.93,3.49,2.28
B1,20/05/2024,17:30,Genk,Antwerp,1,0,,,,,,,H,1,0,H,9,16,3,6,10,13,2,8,3,1,0,0,1.8,3.9,3.9,1.85,3.9,3.9,,,,1.83,3.79,4.1,1.91,3.7,3.6,1.8,3.7,3.8,1.89,3.91,4.2,1.83,3.79,3.91
B1,25/05/2024,19:30,Gent,St Truiden,2,0,,,,,,,H,0,0,D,7,15,4,2,9,12,4,4,0,0,0,0,1.5,4.5,5.25,1.52,4.8,5.25,,,,1.52,4.74,5.3,1.5,4.6,5.5,1.5,4.4,5.25,1.55,4.9,5.8,1.51,4.63,5.26
B1,25/05/2024,19:30,Mechelen,Standard,3,2,,,,,,,H,2,0,H,20,7,9,4,8,6,9,4,2,0,0,0,1.85,3.7,3.8,1.88,3.9,3.75,,,,1.88,3.89,3.79,1.85,3.9,3.6,1.83,3.75,3.6,1.92,3.98,3.87,1.86,3.81,3.71
B1,25/05/2024,19:30,Oud-Heverlee Leuven,Westerlo,1,2,,,,,,,A,0,2,A,10,21,3,7,11,11,1,6,4,5,2,0,2.05,3.7,3.2,2.05,3.8,3.2,,,,2.07,3.74,3.32,2.05,3.8,3.1,2,3.75,3.1,2.14,3.97,3.4,2.04,3.74,3.22
B1,26/05/2024,17:30,Antwerp,Anderlecht,3,1,,,,,,,H,0,1,A,21,15,5,5,8,9,4,2,3,0,0,0,3.75,3.5,1.75,4,3.8,1.83,,,,3.94,4,1.82,4,4,1.75,3.9,3.6,1.8,4.08,4.1,1.88,3.88,3.81,1.82
B1,26/05/2024,17:30,Club Brugge,Cercle Brugge,0,0,,,,,,,D,0,0,D,10,7,3,1,9,11,5,2,1,0,0,0,1.5,4.33,5,1.53,4.5,5.5,,,,1.51,4.56,5.74,1.5,4.5,5.5,1.5,4.33,5.25,1.53,4.75,5.9,1.51,4.48,5.5
B1,26/05/2024,17:30,St. Gilloise,Genk,2,0,,,,,,,H,1,0,H,21,9,8,2,18,10,10,4,3,1,0,1,1.65,3.8,4.5,1.73,4,4.4,,,,1.67,4.15,4.66,1.67,4,4.4,1.65,3.9,4.4,1.73,4.3,4.75,1.68,4,4.5
B1,02/06/2024,12:30,Genk,Gent,0,1,,,,,,,A,0,0,D,10,13,4,5,20,12,4,2,5,2,0,0,2.25,3.5,2.75,2.35,3.7,2.8,,,,2.37,3.54,2.89,2.3,3.7,2.75,2.25,3.6,2.7,2.4,3.77,2.95,2.32,3.54,2.81
