Div,Date,Time,HomeTeam,AwayTeam,FTHG,FTAG,FTR,HTHG,HTAG,HTR,HS,AS,HST,AST,HF,AF,HC,AC,HY,AY,HR,AR,B365H,B365D,B365A,Season,Overall Rating_home,Attack_home,Midfield_home,Defence_home,Num of Players_home,Build-up Style_home,Overall Rating_away,Attack_away,Midfield_away,Defence_away,Num of Players_away,Build-up Style_away
B1,2019-07-26,19:30,Genk,Kortrijk,2,1,H,0.0,1.0,A,10.0,8.0,2.0,4.0,7.0,22.0,6.0,2.0,0.0,1.0,0.0,0.0,1.36,4.75,8.5,2019-2020,72.0,72.0,72.0,70.0,25.0,Balanced,,,,,,
B1,2019-07-27,17:00,Cercle Brugge,Standard,0,2,A,0.0,0.0,D,13.0,14.0,5.0,9.0,16.0,15.0,3.0,7.0,2.0,2.0,1.0,0.0,3.75,3.75,1.85,2019-2020,66.0,67.0,66.0,65.0,25.0,Balanced,,,,,,
B1,2019-07-27,19:00,St Truiden,Mouscron,0,1,A,0.0,1.0,A,10.0,10.0,4.0,6.0,10.0,21.0,5.0,5.0,2.0,4.0,0.0,0.0,1.9,3.75,3.75,2019-2020,67.0,67.0,67.0,66.0,26.0,Fast Build-Up,64.0,65.0,64.0,63.0,25.0,Long Ball
B1,2019-07-27,19:00,Waregem,Mechelen,0,2,A,0.0,1.0,A,7.0,10.0,2.0,5.0,14.0,21.0,4.0,2.0,3.0,1.0,0.0,0.0,2.15,3.6,3.1,2019-2020,68.0,69.0,68.0,67.0,28.0,Balanced,69.0,70.0,69.0,68.0,26.0,Balanced
B1,2019-07-27,19:30,Waasland-Beveren,Club Brugge,1,3,A,1.0,1.0,D,7.0,25.0,2.0,22.0,18.0,12.0,1.0,14.0,3.0,1.0,0.0,0.0,6.5,4.0,1.5,2019-2020,65.0,66.0,65.0,64.0,24.0,Long Ball,75.0,74.0,76.0,72.0,28.0,Balanced
B1,2019-07-28,13:30,Anderlecht,Oostende,1,2,A,1.0,1.0,D,15.0,8.0,6.0,6.0,12.0,17.0,5.0,2.0,1.0,3.0,0.0,0.0,1.36,4.5,9.0,2019-2020,72.0,72.0,72.0,71.0,29.0,Balanced,67.0,68.0,67.0,66.0,27.0,Long Ball
B1,2019-07-28,17:00,Charleroi,Gent,1,1,D,0.0,0.0,D,7.0,5.0,4.0,4.0,20.0,21.0,5.0,6.0,0.0,2.0,0.0,0.0,3.1,3.25,2.3,2019-2020,70.0,71.0,70.0,69.0,27.0,Fast Build-Up,74.0,75.0,74.0,71.0,27.0,Balanced
B1,2019-07-28,19:00,Eupen,Antwerp,1,4,A,1.0,1.0,D,12.0,14.0,3.0,8.0,18.0,10.0,3.0,10.0,1.0,2.0,0.0,0.0,3.8,3.3,1.95,2019-2020,65.0,65.0,65.0,64.0,26.0,Balanced,71.0,72.0,71.0,70.0,28.0,Long Ball
B1,2019-08-02,19:30,Club Brugge,St Truiden,6,0,H,4.0,0.0,H,16.0,4.0,10.0,2.0,19.0,12.0,6.0,2.0,1.0,3.0,1.0,0.0,1.25,5.5,12.0,2019-2020,75.0,74.0,76.0,72.0,28.0,Balanced,67.0,67.0,67.0,66.0,26.0,Fast Build-Up
B1,2019-08-03,17:00,Standard,Waregem,4,0,H,2.0,0.0,H,16.0,3.0,7.0,1.0,19.0,18.0,4.0,2.0,0.0,2.0,0.0,1.0,1.53,4.33,5.5,2019-2020,,,,,,,68.0,69.0,68.0,67.0,28.0,Balanced
B1,2019-08-03,19:00,Kortrijk,Charleroi,1,1,D,0.0,1.0,A,7.0,11.0,4.0,6.0,21.0,18.0,10.0,3.0,1.0,2.0,0.0,0.0,2.3,3.4,3.0,2019-2020,,,,,,,70.0,71.0,70.0,69.0,27.0,Fast Build-Up
B1,2019-08-03,19:00,Oostende,Cercle Brugge,3,1,H,2.0,1.0,H,11.0,9.0,7.0,4.0,9.0,18.0,3.0,2.0,0.0,2.0,0.0,1.0,2.15,3.5,3.2,2019-2020,67.0,68.0,67.0,66.0,27.0,Long Ball,66.0,67.0,66.0,65.0,25.0,Balanced
B1,2019-08-03,19:30,Mechelen,Genk,3,1,H,1.0,1.0,D,11.0,9.0,5.0,5.0,14.0,13.0,5.0,4.0,1.0,0.0,0.0,0.0,4.33,3.4,1.85,2019-2020,69.0,70.0,69.0,68.0,26.0,Balanced,72.0,72.0,72.0,70.0,25.0,Balanced
B1,2019-08-04,13:30,Gent,Eupen,6,1,H,4.0,0.0,H,18.0,8.0,11.0,5.0,13.0,13.0,6.0,2.0,0.0,2.0,0.0,0.0,1.4,4.75,7.0,2019-2020,74.0,75.0,74.0,71.0,27.0,Balanced,65.0,65.0,65.0,64.0,26.0,Balanced
B1,2019-08-04,17:00,Mouscron,Anderlecht,0,0,D,0.0,0.0,D,7.0,9.0,2.0,3.0,15.0,18.0,4.0,4.0,2.0,4.0,0.0,0.0,3.4,3.5,2.05,2019-2020,64.0,65.0,64.0,63.0,25.0,Long Ball,72.0,72.0,72.0,71.0,29.0,Balanced
B1,2019-08-04,19:00,Antwerp,Waasland-Beveren,4,1,H,2.0,1.0,H,15.0,10.0,11.0,6.0,20.0,11.0,6.0,4.0,0.0,2.0,0.0,0.0,1.33,5.0,9.0,2019-2020,71.0,72.0,71.0,70.0,28.0,Long Ball,65.0,66.0,65.0,64.0,24.0,Long Ball
B1,2019-08-09,19:30,Anderlecht,Mechelen,0,0,D,0.0,0.0,D,12.0,1.0,4.0,0.0,12.0,11.0,8.0,1.0,0.0,2.0,0.0,1.0,1.75,4.2,4.0,2019-2020,72.0,72.0,72.0,71.0,29.0,Balanced,69.0,70.0,69.0,68.0,26.0,Balanced
B1,2019-08-10,17:00,Oostende,Club Brugge,0,2,A,0.0,0.0,D,8.0,10.0,4.0,8.0,11.0,17.0,3.0,6.0,0.0,0.0,0.0,0.0,7.0,4.2,1.45,2019-2020,67.0,68.0,67.0,66.0,27.0,Long Ball,75.0,74.0,76.0,72.0,28.0,Balanced
B1,2019-08-10,19:00,Cercle Brugge,Kortrijk,1,3,A,1.0,0.0,H,13.0,11.0,6.0,9.0,17.0,18.0,2.0,3.0,1.0,1.0,0.0,0.0,2.5,3.5,2.62,2019-2020,66.0,67.0,66.0,65.0,25.0,Balanced,,,,,,
B1,2019-08-10,19:00,Eupen,Waasland-Beveren,1,1,D,0.0,1.0,A,4.0,7.0,1.0,4.0,17.0,20.0,4.0,7.0,2.0,1.0,0.0,0.0,1.83,3.6,4.2,2019-2020,65.0,65.0,65.0,64.0,26.0,Balanced,65.0,66.0,65.0,64.0,24.0,Long Ball
B1,2019-08-10,19:30,Genk,Waregem,0,2,A,0.0,1.0,A,10.0,8.0,3.0,7.0,16.0,20.0,3.0,2.0,1.0,2.0,0.0,0.0,1.22,6.0,13.0,2019-2020,72.0,72.0,72.0,70.0,25.0,Balanced,68.0,69.0,68.0,67.0,28.0,Balanced
B1,2019-08-11,13:30,St Truiden,Standard,2,1,H,2.0,0.0,H,6.0,25.0,5.0,9.0,16.0,16.0,0.0,5.0,4.0,4.0,0.0,1.0,4.33,3.8,1.72,2019-2020,67.0,67.0,67.0,66.0,26.0,Fast Build-Up,,,,,,
B1,2019-08-11,17:00,Charleroi,Antwerp,2,1,H,0.0,0.0,D,10.0,6.0,4.0,2.0,8.0,20.0,5.0,4.0,0.0,1.0,0.0,0.0,2.55,3.4,2.62,2019-2020,70.0,71.0,70.0,69.0,27.0,Fast Build-Up,71.0,72.0,71.0,70.0,28.0,Long Ball
B1,2019-08-11,19:00,Mouscron,Gent,2,1,H,2.0,1.0,H,6.0,11.0,2.0,4.0,15.0,15.0,2.0,7.0,0.0,1.0,0.0,0.0,3.5,3.75,2.0,2019-2020,64.0,65.0,64.0,63.0,25.0,Long Ball,74.0,75.0,74.0,71.0,27.0,Balanced
B1,2019-08-16,19:30,Club Brugge,Eupen,0,0,D,0.0,0.0,D,11.0,7.0,1.0,3.0,12.0,19.0,7.0,3.0,3.0,4.0,0.0,0.0,1.14,8.0,11.0,2019-2020,75.0,74.0,76.0,72.0,28.0,Balanced,65.0,65.0,65.0,64.0,26.0,Balanced
B1,2019-08-17,17:00,Kortrijk,Anderlecht,4,2,H,0.0,1.0,A,8.0,9.0,5.0,5.0,15.0,21.0,1.0,3.0,1.0,1.0,0.0,0.0,3.0,3.5,2.1,2019-2020,,,,,,,72.0,72.0,72.0,71.0,29.0,Balanced
B1,2019-08-17,19:00,Mechelen,Cercle Brugge,3,1,H,0.0,1.0,A,7.0,3.0,4.0,2.0,8.0,22.0,5.0,3.0,0.0,4.0,0.0,0.0,1.4,4.33,9.0,2019-2020,69.0,70.0,69.0,68.0,26.0,Balanced,66.0,67.0,66.0,65.0,25.0,Balanced
B1,2019-08-17,19:30,Waasland-Beveren,Genk,0,4,A,0.0,1.0,A,7.0,16.0,2.0,5.0,14.0,4.0,3.0,3.0,2.0,0.0,0.0,0.0,6.5,4.75,1.36,2019-2020,65.0,66.0,65.0,64.0,24.0,Long Ball,72.0,72.0,72.0,70.0,25.0,Balanced
B1,2019-08-18,13:30,Standard,Mouscron,4,1,H,2.0,0.0,H,10.0,2.0,6.0,0.0,8.0,16.0,3.0,4.0,0.0,1.0,0.0,0.0,1.45,4.5,5.25,2019-2020,,,,,,,64.0,65.0,64.0,63.0,25.0,Long Ball
B1,2019-08-18,17:00,Antwerp,St Truiden,2,0,H,1.0,0.0,H,15.0,6.0,4.0,3.0,14.0,13.0,5.0,4.0,0.0,4.0,0.0,1.0,1.45,4.33,5.5,2019-2020,71.0,72.0,71.0,70.0,28.0,Long Ball,67.0,67.0,67.0,66.0,26.0,Fast Build-Up
B1,2019-08-18,19:00,Gent,Oostende,2,0,H,0.0,0.0,D,11.0,5.0,4.0,2.0,6.0,15.0,5.0,4.0,0.0,1.0,0.0,0.0,1.33,5.5,7.5,2019-2020,74.0,75.0,74.0,71.0,27.0,Balanced,67.0,68.0,67.0,66.0,27.0,Long Ball
B1,2019-08-19,19:30,Waregem,Charleroi,3,1,H,1.0,0.0,H,5.0,4.0,3.0,2.0,13.0,15.0,3.0,5.0,2.0,1.0,0.0,0.0,2.8,3.3,2.3,2019-2020,68.0,69.0,68.0,67.0,28.0,Balanced,70.0,71.0,70.0,69.0,27.0,Fast Build-Up
B1,2019-08-23,19:30,Genk,Anderlecht,1,0,H,0.0,0.0,D,6.0,8.0,4.0,2.0,8.0,16.0,5.0,10.0,0.0,1.0,0.0,0.0,1.72,3.8,4.5,2019-2020,72.0,72.0,72.0,70.0,25.0,Balanced,72.0,72.0,72.0,71.0,29.0,Balanced
B1,2019-08-24,19:00,Cercle Brugge,Waasland-Beveren,1,0,H,0.0,0.0,D,7.0,10.0,2.0,2.0,13.0,8.0,3.0,7.0,2.0,1.0,0.0,0.0,2.0,3.6,3.5,2019-2020,66.0,67.0,66.0,65.0,25.0,Balanced,65.0,66.0,65.0,64.0,24.0,Long Ball
B1,2019-08-24,19:00,St Truiden,Waregem,0,0,D,0.0,0.0,D,13.0,8.0,2.0,2.0,15.0,15.0,5.0,4.0,2.0,1.0,0.0,0.0,2.25,3.5,3.0,2019-2020,67.0,67.0,67.0,66.0,26.0,Fast Build-Up,68.0,69.0,68.0,67.0,28.0,Balanced
B1,2019-08-24,19:30,Oostende,Mechelen,2,1,H,0.0,0.0,D,13.0,11.0,8.0,6.0,18.0,12.0,6.0,9.0,2.0,3.0,0.0,0.0,3.1,3.5,2.2,2019-2020,67.0,68.0,67.0,66.0,27.0,Long Ball,69.0,70.0,69.0,68.0,26.0,Balanced
B1,2019-08-25,17:00,Standard,Kortrijk,2,1,H,0.0,1.0,A,8.0,6.0,5.0,2.0,9.0,18.0,7.0,3.0,2.0,3.0,1.0,0.0,1.5,4.5,5.75,2019-2020,,,,,,,,,,,,
B1,2019-08-25,19:00,Mouscron,Eupen,2,0,H,1.0,0.0,H,5.0,6.0,4.0,2.0,17.0,11.0,6.0,6.0,3.0,3.0,0.0,0.0,1.72,3.75,4.5,2019-2020,64.0,65.0,64.0,63.0,25.0,Long Ball,65.0,65.0,65.0,64.0,26.0,Balanced
B1,2019-08-30,19:30,Mechelen,Mouscron,2,2,D,2.0,1.0,H,8.0,10.0,4.0,5.0,13.0,16.0,5.0,7.0,1.0,1.0,0.0,0.0,1.95,3.75,3.5,2019-2020,69.0,70.0,69.0,68.0,26.0,Balanced,64.0,65.0,64.0,63.0,25.0,Long Ball
B1,2019-08-31,17:00,Eupen,St Truiden,0,2,A,0.0,1.0,A,16.0,10.0,6.0,3.0,14.0,7.0,7.0,1.0,2.0,1.0,0.0,0.0,2.3,3.6,2.8,2019-2020,65.0,65.0,65.0,64.0,26.0,Balanced,67.0,67.0,67.0,66.0,26.0,Fast Build-Up
B1,2019-08-31,19:00,Kortrijk,Oostende,2,2,D,0.0,1.0,A,6.0,12.0,3.0,3.0,16.0,15.0,7.0,1.0,1.0,1.0,0.0,0.0,2.05,3.6,3.4,2019-2020,,,,,,,67.0,68.0,67.0,66.0,27.0,Long Ball
B1,2019-08-31,19:30,Waasland-Beveren,Charleroi,0,4,A,0.0,1.0,A,5.0,7.0,1.0,6.0,18.0,11.0,7.0,4.0,1.0,0.0,0.0,0.0,4.0,3.75,1.83,2019-2020,65.0,66.0,65.0,64.0,24.0,Long Ball,70.0,71.0,70.0,69.0,27.0,Fast Build-Up
B1,2019-09-01,13:30,Club Brugge,Genk,1,1,D,1.0,0.0,H,10.0,13.0,5.0,3.0,16.0,13.0,6.0,5.0,2.0,4.0,0.0,0.0,1.75,3.75,4.33,2019-2020,75.0,74.0,76.0,72.0,28.0,Balanced,72.0,72.0,72.0,70.0,25.0,Balanced
B1,2019-09-01,17:00,Anderlecht,Standard,1,0,H,1.0,0.0,H,10.0,11.0,4.0,5.0,15.0,12.0,1.0,3.0,2.0,2.0,0.0,0.0,2.05,3.6,3.4,2019-2020,72.0,72.0,72.0,71.0,29.0,Balanced,,,,,,
B1,2019-09-01,19:00,Gent,Cercle Brugge,3,2,H,3.0,1.0,H,17.0,7.0,8.0,3.0,12.0,16.0,4.0,2.0,1.0,4.0,0.0,0.0,1.28,6.0,8.5,2019-2020,74.0,75.0,74.0,71.0,27.0,Balanced,66.0,67.0,66.0,65.0,25.0,Balanced
B1,2019-09-01,19:00,Waregem,Antwerp,2,0,H,2.0,0.0,H,10.0,3.0,4.0,2.0,7.0,16.0,5.0,6.0,0.0,2.0,0.0,0.0,2.7,3.8,2.3,2019-2020,68.0,69.0,68.0,67.0,28.0,Balanced,71.0,72.0,71.0,70.0,28.0,Long Ball
B1,2019-09-13,19:30,Charleroi,Genk,2,1,H,2.0,0.0,H,3.0,11.0,3.0,4.0,14.0,8.0,1.0,3.0,6.0,1.0,0.0,0.0,2.7,3.6,2.37,2019-2020,70.0,71.0,70.0,69.0,27.0,Fast Build-Up,72.0,72.0,72.0,70.0,25.0,Balanced
B1,2019-09-14,17:00,Oostende,Standard,1,4,A,1.0,1.0,D,4.0,10.0,3.0,8.0,11.0,10.0,2.0,9.0,0.0,2.0,0.0,0.0,4.33,4.2,1.66,2019-2020,67.0,68.0,67.0,66.0,27.0,Long Ball,,,,,,
B1,2019-09-14,19:00,Eupen,Waregem,1,1,D,0.0,1.0,A,9.0,4.0,2.0,2.0,18.0,20.0,5.0,2.0,3.0,2.0,0.0,1.0,2.75,3.75,2.3,2019-2020,65.0,65.0,65.0,64.0,26.0,Balanced,68.0,69.0,68.0,67.0,28.0,Balanced
B1,2019-09-14,19:00,St Truiden,Waasland-Beveren,1,1,D,0.0,0.0,D,4.0,12.0,2.0,4.0,12.0,11.0,6.0,9.0,2.0,1.0,0.0,0.0,1.6,4.2,5.0,2019-2020,67.0,67.0,67.0,66.0,26.0,Fast Build-Up,65.0,66.0,65.0,64.0,24.0,Long Ball
B1,2019-09-14,19:30,Cercle Brugge,Club Brugge,0,2,A,0.0,1.0,A,11.0,8.0,4.0,4.0,13.0,6.0,3.0,9.0,1.0,2.0,0.0,0.0,8.5,6.0,1.28,2019-2020,66.0,67.0,66.0,65.0,25.0,Balanced,75.0,74.0,76.0,72.0,28.0,Balanced
B1,2019-09-15,13:30,Anderlecht,Antwerp,1,2,A,0.0,0.0,D,10.0,13.0,2.0,8.0,13.0,13.0,11.0,4.0,4.0,4.0,1.0,0.0,2.0,3.6,3.5,2019-2020,72.0,72.0,72.0,71.0,29.0,Balanced,71.0,72.0,71.0,70.0,28.0,Long Ball
B1,2019-09-15,17:00,Gent,Mechelen,3,0,H,3.0,0.0,H,13.0,4.0,9.0,0.0,10.0,9.0,7.0,4.0,1.0,3.0,0.0,0.0,1.5,4.33,6.0,2019-2020,74.0,75.0,74.0,71.0,27.0,Balanced,69.0,70.0,69.0,68.0,26.0,Balanced
B1,2019-09-15,19:30,Mouscron,Kortrijk,2,0,H,1.0,0.0,H,8.0,7.0,4.0,2.0,14.0,16.0,6.0,5.0,3.0,3.0,0.0,1.0,2.1,3.5,3.3,2019-2020,64.0,65.0,64.0,63.0,25.0,Long Ball,,,,,,
B1,2019-09-20,19:30,Kortrijk,Mechelen,2,3,A,1.0,0.0,H,11.0,9.0,7.0,6.0,19.0,18.0,6.0,2.0,0.0,3.0,0.0,0.0,2.4,3.3,2.87,2019-2020,,,,,,,69.0,70.0,69.0,68.0,26.0,Balanced
B1,2019-09-21,17:00,Charleroi,St Truiden,0,3,A,0.0,1.0,A,12.0,5.0,2.0,5.0,13.0,13.0,12.0,2.0,2.0,3.0,0.0,0.0,1.57,4.0,5.75,2019-2020,70.0,71.0,70.0,69.0,27.0,Fast Build-Up,67.0,67.0,67.0,66.0,26.0,Fast Build-Up
B1,2019-09-21,19:00,Antwerp,Cercle Brugge,3,1,H,1.0,1.0,D,13.0,5.0,8.0,1.0,14.0,13.0,5.0,2.0,1.0,2.0,0.0,0.0,1.36,4.75,8.0,2019-2020,71.0,72.0,71.0,70.0,28.0,Long Ball,66.0,67.0,66.0,65.0,25.0,Balanced
B1,2019-09-21,19:00,Waasland-Beveren,Mouscron,1,1,D,0.0,1.0,A,7.0,6.0,2.0,4.0,11.0,11.0,2.0,4.0,1.0,2.0,0.0,0.0,3.4,3.5,2.05,2019-2020,65.0,66.0,65.0,64.0,24.0,Long Ball,64.0,65.0,64.0,63.0,25.0,Long Ball
B1,2019-09-21,19:30,Genk,Oostende,3,1,H,2.0,1.0,H,14.0,14.0,3.0,5.0,11.0,11.0,8.0,4.0,2.0,2.0,0.0,0.0,1.33,4.75,10.0,2019-2020,72.0,72.0,72.0,70.0,25.0,Balanced,67.0,68.0,67.0,66.0,27.0,Long Ball
B1,2019-09-22,13:30,Standard,Eupen,3,0,H,2.0,0.0,H,15.0,4.0,8.0,1.0,9.0,14.0,6.0,3.0,0.0,2.0,0.0,1.0,1.28,5.75,9.0,2019-2020,,,,,,,65.0,65.0,65.0,64.0,26.0,Balanced
B1,2019-09-22,17:00,Club Brugge,Anderlecht,2,1,H,1.0,1.0,D,17.0,5.0,8.0,4.0,11.0,14.0,8.0,3.0,1.0,2.0,0.0,0.0,1.5,4.33,6.0,2019-2020,75.0,74.0,76.0,72.0,28.0,Balanced,72.0,72.0,72.0,71.0,29.0,Balanced
B1,2019-09-22,19:00,Waregem,Gent,2,2,D,1.0,1.0,D,6.0,13.0,2.0,5.0,11.0,17.0,3.0,2.0,1.0,1.0,0.0,1.0,3.4,3.75,2.0,2019-2020,68.0,69.0,68.0,67.0,28.0,Balanced,74.0,75.0,74.0,71.0,27.0,Balanced
B1,2019-09-28,17:00,Mechelen,Club Brugge,0,5,A,0.0,1.0,A,2.0,22.0,0.0,12.0,6.0,19.0,1.0,12.0,2.0,1.0,1.0,0.0,6.0,4.33,1.5,2019-2020,69.0,70.0,69.0,68.0,26.0,Balanced,75.0,74.0,76.0,72.0,28.0,Balanced
B1,2019-09-28,19:00,Cercle Brugge,Eupen,1,2,A,1.0,0.0,H,7.0,7.0,3.0,4.0,22.0,19.0,1.0,2.0,4.0,4.0,1.0,0.0,2.0,3.6,3.25,2019-2020,66.0,67.0,66.0,65.0,25.0,Balanced,65.0,65.0,65.0,64.0,26.0,Balanced
B1,2019-09-28,19:00,Gent,Kortrijk,2,0,H,0.0,0.0,D,13.0,3.0,8.0,2.0,9.0,14.0,2.0,5.0,2.0,0.0,0.0,0.0,1.3,5.5,9.0,2019-2020,74.0,75.0,74.0,71.0,27.0,Balanced,,,,,,
B1,2019-09-28,19:00,Mouscron,Waregem,2,2,D,1.0,0.0,H,9.0,13.0,4.0,7.0,23.0,13.0,4.0,6.0,3.0,1.0,0.0,0.0,2.15,3.5,2.9,2019-2020,64.0,65.0,64.0,63.0,25.0,Long Ball,68.0,69.0,68.0,67.0,28.0,Balanced
B1,2019-09-28,19:30,St Truiden,Genk,3,3,D,0.0,1.0,A,8.0,8.0,4.0,4.0,19.0,10.0,10.0,13.0,6.0,1.0,0.0,0.0,4.75,3.8,1.7,2019-2020,67.0,67.0,67.0,66.0,26.0,Fast Build-Up,72.0,72.0,72.0,70.0,25.0,Balanced
B1,2019-09-29,13:30,Anderlecht,Waasland-Beveren,0,0,D,0.0,0.0,D,12.0,4.0,5.0,2.0,14.0,17.0,7.0,1.0,2.0,3.0,0.0,0.0,1.36,4.75,6.5,2019-2020,72.0,72.0,72.0,71.0,29.0,Balanced,65.0,66.0,65.0,64.0,24.0,Long Ball
B1,2019-09-29,17:00,Standard,Charleroi,1,1,D,0.0,1.0,A,9.0,10.0,3.0,5.0,13.0,21.0,9.0,2.0,2.0,4.0,0.0,1.0,1.57,4.0,4.75,2019-2020,,,,,,,70.0,71.0,70.0,69.0,27.0,Fast Build-Up
B1,2019-09-29,19:00,Oostende,Antwerp,1,1,D,0.0,1.0,A,12.0,7.0,5.0,2.0,14.0,12.0,2.0,5.0,0.0,0.0,0.0,0.0,3.8,3.8,1.75,2019-2020,67.0,68.0,67.0,66.0,27.0,Long Ball,71.0,72.0,71.0,70.0,28.0,Long Ball
B1,2019-10-04,19:30,Charleroi,Anderlecht,1,2,A,1.0,1.0,D,11.0,11.0,3.0,6.0,23.0,17.0,4.0,4.0,2.0,5.0,0.0,0.0,2.37,3.3,2.87,2019-2020,70.0,71.0,70.0,69.0,27.0,Fast Build-Up,72.0,72.0,72.0,71.0,29.0,Balanced
B1,2019-10-05,17:00,Eupen,Mechelen,0,2,A,0.0,1.0,A,13.0,10.0,5.0,4.0,10.0,11.0,10.0,6.0,1.0,5.0,0.0,1.0,2.7,3.4,2.5,2019-2020,65.0,65.0,65.0,64.0,26.0,Balanced,69.0,70.0,69.0,68.0,26.0,Balanced
B1,2019-10-05,19:00,Waasland-Beveren,Oostende,3,1,H,2.0,1.0,H,14.0,7.0,8.0,5.0,16.0,16.0,8.0,1.0,1.0,3.0,0.0,0.0,2.5,3.3,2.75,2019-2020,65.0,66.0,65.0,64.0,24.0,Long Ball,67.0,68.0,67.0,66.0,27.0,Long Ball
B1,2019-10-05,19:00,Waregem,Cercle Brugge,6,0,H,2.0,0.0,H,11.0,8.0,7.0,3.0,8.0,17.0,4.0,7.0,1.0,3.0,0.0,0.0,1.6,4.0,5.5,2019-2020,68.0,69.0,68.0,67.0,28.0,Balanced,66.0,67.0,66.0,65.0,25.0,Balanced
B1,2019-10-05,19:30,Kortrijk,St Truiden,4,0,H,3.0,0.0,H,16.0,6.0,9.0,0.0,16.0,12.0,3.0,2.0,3.0,2.0,0.0,1.0,1.83,3.6,4.0,2019-2020,,,,,,,67.0,67.0,67.0,66.0,26.0,Fast Build-Up
B1,2019-10-06,13:30,Club Brugge,Gent,4,0,H,2.0,0.0,H,11.0,15.0,7.0,8.0,16.0,9.0,5.0,5.0,4.0,3.0,0.0,0.0,1.6,4.0,5.25,2019-2020,75.0,74.0,76.0,72.0,28.0,Balanced,74.0,75.0,74.0,71.0,27.0,Balanced
B1,2019-10-06,17:00,Antwerp,Standard,2,2,D,1.0,0.0,H,14.0,9.0,5.0,3.0,15.0,19.0,5.0,4.0,3.0,2.0,0.0,0.0,2.15,3.4,3.25,2019-2020,71.0,72.0,71.0,70.0,28.0,Long Ball,,,,,,
B1,2019-10-06,19:00,Genk,Mouscron,2,1,H,0.0,0.0,D,12.0,7.0,6.0,3.0,12.0,12.0,1.0,4.0,1.0,2.0,0.0,0.0,1.45,4.33,6.0,2019-2020,72.0,72.0,72.0,70.0,25.0,Balanced,64.0,65.0,64.0,63.0,25.0,Long Ball
B1,2019-10-18,19:30,Mouscron,Club Brugge,0,1,A,0.0,1.0,A,5.0,11.0,1.0,6.0,13.0,15.0,4.0,5.0,0.0,1.0,0.0,0.0,7.0,4.75,1.4,2019-2020,64.0,65.0,64.0,63.0,25.0,Long Ball,75.0,74.0,76.0,72.0,28.0,Balanced
B1,2019-10-19,17:00,Standard,Genk,1,0,H,0.0,0.0,D,10.0,7.0,4.0,2.0,11.0,10.0,4.0,6.0,2.0,1.0,0.0,0.0,2.1,3.75,3.1,2019-2020,,,,,,,72.0,72.0,72.0,70.0,25.0,Balanced
B1,2019-10-19,19:00,Kortrijk,Waregem,2,0,H,1.0,0.0,H,9.0,7.0,7.0,3.0,10.0,8.0,11.0,5.0,1.0,4.0,0.0,1.0,2.1,3.8,3.1,2019-2020,,,,,,,68.0,69.0,68.0,67.0,28.0,Balanced
B1,2019-10-19,19:00,Oostende,Eupen,2,3,A,2.0,1.0,H,10.0,10.0,5.0,5.0,8.0,19.0,11.0,5.0,1.0,3.0,0.0,1.0,2.0,3.6,3.4,2019-2020,67.0,68.0,67.0,66.0,27.0,Long Ball,65.0,65.0,65.0,64.0,26.0,Balanced
B1,2019-10-19,19:30,Gent,Waasland-Beveren,2,0,H,1.0,0.0,H,11.0,9.0,9.0,2.0,14.0,8.0,8.0,1.0,1.0,2.0,0.0,0.0,1.18,8.0,11.0,2019-2020,74.0,75.0,74.0,71.0,27.0,Balanced,65.0,66.0,65.0,64.0,24.0,Long Ball
B1,2019-10-20,13:30,Mechelen,Antwerp,3,1,H,2.0,1.0,H,9.0,8.0,7.0,3.0,12.0,14.0,6.0,1.0,3.0,3.0,0.0,0.0,3.6,3.6,1.95,2019-2020,69.0,70.0,69.0,68.0,26.0,Balanced,71.0,72.0,71.0,70.0,28.0,Long Ball
B1,2019-10-20,17:00,Anderlecht,St Truiden,4,1,H,2.0,0.0,H,11.0,8.0,8.0,3.0,10.0,14.0,3.0,3.0,1.0,2.0,0.0,0.0,1.4,4.75,7.0,2019-2020,72.0,72.0,72.0,71.0,29.0,Balanced,67.0,67.0,67.0,66.0,26.0,Fast Build-Up
B1,2019-10-20,19:00,Cercle Brugge,Charleroi,0,3,A,0.0,3.0,A,10.0,9.0,4.0,7.0,13.0,12.0,10.0,2.0,2.0,2.0,0.0,0.0,3.5,3.8,1.95,2019-2020,66.0,67.0,66.0,65.0,25.0,Balanced,70.0,71.0,70.0,69.0,27.0,Fast Build-Up
B1,2019-10-25,19:30,Eupen,Anderlecht,0,0,D,0.0,0.0,D,10.0,8.0,7.0,2.0,15.0,12.0,3.0,4.0,4.0,0.0,0.0,0.0,4.2,3.3,1.9,2019-2020,65.0,65.0,65.0,64.0,26.0,Balanced,72.0,72.0,72.0,71.0,29.0,Balanced
B1,2019-10-26,17:00,Charleroi,Mouscron,1,0,H,0.0,0.0,D,9.0,9.0,5.0,3.0,11.0,16.0,1.0,10.0,2.0,2.0,0.0,0.0,1.9,3.4,4.0,2019-2020,70.0,71.0,70.0,69.0,27.0,Fast Build-Up,64.0,65.0,64.0,63.0,25.0,Long Ball
B1,2019-10-26,19:00,Antwerp,Kortrijk,3,1,H,1.0,0.0,H,14.0,7.0,7.0,3.0,8.0,12.0,6.0,4.0,1.0,1.0,0.0,0.0,1.4,4.5,7.5,2019-2020,71.0,72.0,71.0,70.0,28.0,Long Ball,,,,,,
B1,2019-10-26,19:00,Waregem,Oostende,2,0,H,0.0,0.0,D,7.0,5.0,2.0,4.0,12.0,18.0,4.0,2.0,0.0,1.0,0.0,0.0,1.75,4.0,4.0,2019-2020,68.0,69.0,68.0,67.0,28.0,Balanced,67.0,68.0,67.0,66.0,27.0,Long Ball
B1,2019-10-26,19:30,Genk,Cercle Brugge,1,0,H,1.0,0.0,H,13.0,11.0,6.0,4.0,7.0,16.0,8.0,4.0,0.0,2.0,0.0,0.0,1.16,7.0,15.0,2019-2020,72.0,72.0,72.0,70.0,25.0,Balanced,66.0,67.0,66.0,65.0,25.0,Balanced
B1,2019-10-27,13:30,Club Brugge,Standard,1,1,D,0.0,1.0,A,9.0,6.0,3.0,2.0,8.0,12.0,5.0,5.0,1.0,2.0,0.0,0.0,1.45,4.2,6.5,2019-2020,75.0,74.0,76.0,72.0,28.0,Balanced,,,,,,
B1,2019-10-27,17:00,St Truiden,Gent,0,0,D,0.0,0.0,D,8.0,19.0,3.0,6.0,10.0,14.0,4.0,11.0,0.0,1.0,0.0,0.0,6.0,4.0,1.55,2019-2020,67.0,67.0,67.0,66.0,26.0,Fast Build-Up,74.0,75.0,74.0,71.0,27.0,Balanced
B1,2019-10-27,19:00,Waasland-Beveren,Mechelen,1,3,A,0.0,1.0,A,8.0,7.0,5.0,2.0,15.0,20.0,10.0,4.0,2.0,1.0,0.0,0.0,3.4,3.5,2.05,2019-2020,65.0,66.0,65.0,64.0,24.0,Long Ball,69.0,70.0,69.0,68.0,26.0,Balanced
B1,2019-10-29,19:30,Cercle Brugge,Mouscron,2,2,D,1.0,1.0,D,10.0,4.0,7.0,3.0,19.0,19.0,4.0,5.0,2.0,4.0,0.0,0.0,2.8,3.6,2.3,2019-2020,66.0,67.0,66.0,65.0,25.0,Balanced,64.0,65.0,64.0,63.0,25.0,Long Ball
B1,2019-10-29,19:30,Kortrijk,Eupen,1,2,A,0.0,2.0,A,7.0,7.0,2.0,5.0,16.0,16.0,6.0,2.0,1.0,4.0,0.0,0.0,1.85,4.0,3.6,2019-2020,,,,,,,65.0,65.0,65.0,64.0,26.0,Balanced
B1,2019-10-29,19:30,Oostende,Charleroi,0,1,A,0.0,0.0,D,8.0,7.0,5.0,3.0,15.0,13.0,6.0,5.0,2.0,1.0,0.0,1.0,3.25,3.4,2.2,2019-2020,67.0,68.0,67.0,66.0,27.0,Long Ball,70.0,71.0,70.0,69.0,27.0,Fast Build-Up
B1,2019-10-30,19:30,Genk,Antwerp,2,2,D,0.0,1.0,A,11.0,13.0,7.0,6.0,13.0,21.0,7.0,5.0,0.0,4.0,0.0,1.0,1.95,3.6,3.6,2019-2020,72.0,72.0,72.0,70.0,25.0,Balanced,71.0,72.0,71.0,70.0,28.0,Long Ball
B1,2019-10-30,19:30,Mechelen,St Truiden,1,2,A,1.0,0.0,H,15.0,10.0,5.0,4.0,15.0,14.0,3.0,7.0,1.0,3.0,0.0,0.0,1.75,4.0,4.2,2019-2020,69.0,70.0,69.0,68.0,26.0,Balanced,67.0,67.0,67.0,66.0,26.0,Fast Build-Up
B1,2019-10-30,19:30,Standard,Waasland-Beveren,2,0,H,1.0,0.0,H,15.0,3.0,8.0,2.0,8.0,17.0,11.0,1.0,1.0,2.0,0.0,0.0,1.2,6.5,11.0,2019-2020,,,,,,,65.0,66.0,65.0,64.0,24.0,Long Ball
B1,2019-10-30,19:30,Waregem,Club Brugge,0,2,A,0.0,1.0,A,5.0,13.0,2.0,5.0,10.0,13.0,6.0,8.0,1.0,2.0,0.0,0.0,5.75,4.5,1.45,2019-2020,68.0,69.0,68.0,67.0,28.0,Balanced,75.0,74.0,76.0,72.0,28.0,Balanced
B1,2019-10-31,19:30,Anderlecht,Gent,3,3,D,1.0,1.0,D,10.0,13.0,8.0,7.0,18.0,19.0,4.0,5.0,1.0,2.0,0.0,0.0,2.75,3.6,2.37,2019-2020,72.0,72.0,72.0,71.0,29.0,Balanced,74.0,75.0,74.0,71.0,27.0,Balanced
B1,2019-11-02,17:00,Eupen,Genk,2,0,H,2.0,0.0,H,6.0,7.0,2.0,3.0,12.0,13.0,5.0,5.0,0.0,1.0,0.0,0.0,4.33,3.6,1.8,2019-2020,65.0,65.0,65.0,64.0,26.0,Balanced,72.0,72.0,72.0,70.0,25.0,Balanced
B1,2019-11-02,19:00,Mouscron,Antwerp,3,1,H,0.0,1.0,A,8.0,8.0,6.0,6.0,18.0,14.0,5.0,5.0,3.0,1.0,0.0,0.0,3.8,3.6,1.9,2019-2020,64.0,65.0,64.0,63.0,25.0,Long Ball,71.0,72.0,71.0,70.0,28.0,Long Ball
B1,2019-11-02,19:00,St Truiden,Oostende,1,0,H,0.0,0.0,D,5.0,10.0,2.0,6.0,9.0,16.0,4.0,6.0,1.0,3.0,0.0,0.0,1.95,3.8,3.25,2019-2020,67.0,67.0,67.0,66.0,26.0,Fast Build-Up,67.0,68.0,67.0,66.0,27.0,Long Ball
B1,2019-11-02,19:00,Waasland-Beveren,Waregem,1,2,A,0.0,1.0,A,13.0,9.0,5.0,6.0,13.0,8.0,7.0,4.0,2.0,2.0,0.0,0.0,2.9,3.75,2.2,2019-2020,65.0,66.0,65.0,64.0,24.0,Long Ball,68.0,69.0,68.0,67.0,28.0,Balanced
B1,2019-11-02,19:30,Club Brugge,Kortrijk,3,0,H,2.0,0.0,H,15.0,4.0,8.0,1.0,7.0,22.0,5.0,4.0,0.0,4.0,0.0,0.0,1.16,7.0,15.0,2019-2020,75.0,74.0,76.0,72.0,28.0,Balanced,,,,,,
B1,2019-11-03,13:30,Anderlecht,Cercle Brugge,2,1,H,2.0,1.0,H,15.0,8.0,13.0,5.0,7.0,16.0,12.0,6.0,1.0,3.0,0.0,0.0,1.36,5.25,7.5,2019-2020,72.0,72.0,72.0,71.0,29.0,Balanced,66.0,67.0,66.0,65.0,25.0,Balanced
B1,2019-11-03,17:00,Gent,Standard,3,1,H,0.0,1.0,A,11.0,14.0,3.0,4.0,13.0,22.0,5.0,4.0,3.0,5.0,1.0,1.0,1.75,4.0,4.0,2019-2020,74.0,75.0,74.0,71.0,27.0,Balanced,,,,,,
B1,2019-11-03,19:00,Mechelen,Charleroi,2,2,D,2.0,2.0,D,11.0,9.0,5.0,7.0,17.0,19.0,8.0,4.0,2.0,0.0,0.0,0.0,2.3,3.6,2.8,2019-2020,69.0,70.0,69.0,68.0,26.0,Balanced,70.0,71.0,70.0,69.0,27.0,Fast Build-Up
B1,2019-11-08,19:30,Waregem,Anderlecht,1,2,A,0.0,1.0,A,11.0,6.0,6.0,5.0,9.0,14.0,5.0,2.0,2.0,1.0,0.0,0.0,3.0,3.75,2.2,2019-2020,68.0,69.0,68.0,67.0,28.0,Balanced,72.0,72.0,72.0,71.0,29.0,Balanced
B1,2019-11-09,17:00,Charleroi,Eupen,1,0,H,0.0,0.0,D,13.0,8.0,7.0,3.0,8.0,9.0,6.0,9.0,0.0,1.0,0.0,0.0,1.75,3.75,4.33,2019-2020,70.0,71.0,70.0,69.0,27.0,Fast Build-Up,65.0,65.0,65.0,64.0,26.0,Balanced
B1,2019-11-09,19:00,Cercle Brugge,St Truiden,2,1,H,1.0,0.0,H,16.0,12.0,8.0,4.0,14.0,7.0,10.0,7.0,1.0,2.0,0.0,0.0,2.37,3.6,2.75,2019-2020,66.0,67.0,66.0,65.0,25.0,Balanced,67.0,67.0,67.0,66.0,26.0,Fast Build-Up
B1,2019-11-09,19:00,Kortrijk,Waasland-Beveren,1,3,A,0.0,2.0,A,9.0,7.0,4.0,6.0,19.0,14.0,5.0,5.0,1.0,4.0,0.0,0.0,1.6,4.33,4.75,2019-2020,,,,,,,65.0,66.0,65.0,64.0,24.0,Long Ball
B1,2019-11-09,19:30,Oostende,Mouscron,2,2,D,1.0,0.0,H,7.0,14.0,5.0,7.0,10.0,15.0,3.0,7.0,1.0,1.0,0.0,0.0,2.6,3.6,2.5,2019-2020,67.0,68.0,67.0,66.0,27.0,Long Ball,64.0,65.0,64.0,63.0,25.0,Long Ball
B1,2019-11-10,13:30,Antwerp,Club Brugge,2,1,H,0.0,1.0,A,9.0,7.0,3.0,4.0,16.0,19.0,4.0,9.0,6.0,3.0,0.0,0.0,3.5,3.6,2.0,2019-2020,71.0,72.0,71.0,70.0,28.0,Long Ball,75.0,74.0,76.0,72.0,28.0,Balanced
B1,2019-11-10,17:00,Genk,Gent,0,2,A,0.0,1.0,A,10.0,8.0,7.0,7.0,19.0,11.0,6.0,2.0,3.0,0.0,0.0,0.0,2.37,3.6,2.7,2019-2020,72.0,72.0,72.0,70.0,25.0,Balanced,74.0,75.0,74.0,71.0,27.0,Balanced
B1,2019-11-10,19:00,Standard,Mechelen,1,2,A,0.0,1.0,A,12.0,6.0,3.0,3.0,14.0,15.0,8.0,2.0,1.0,2.0,0.0,0.0,1.57,4.0,5.5,2019-2020,,,,,,,69.0,70.0,69.0,68.0,26.0,Balanced
B1,2019-11-21,19:30,Antwerp,Gent,3,2,H,2.0,1.0,H,10.0,12.0,6.0,5.0,20.0,11.0,4.0,4.0,4.0,5.0,0.0,0.0,2.8,3.4,2.4,2019-2020,71.0,72.0,71.0,70.0,28.0,Long Ball,74.0,75.0,74.0,71.0,27.0,Balanced
B1,2019-11-22,19:30,Club Brugge,Oostende,2,0,H,1.0,0.0,H,17.0,4.0,8.0,2.0,7.0,6.0,9.0,2.0,1.0,0.0,0.0,1.0,1.16,7.5,13.0,2019-2020,75.0,74.0,76.0,72.0,28.0,Balanced,67.0,68.0,67.0,66.0,27.0,Long Ball
B1,2019-11-23,17:00,Eupen,Standard,1,2,A,0.0,1.0,A,5.0,15.0,2.0,4.0,19.0,12.0,3.0,2.0,3.0,0.0,0.0,0.0,4.5,3.6,1.8,2019-2020,65.0,65.0,65.0,64.0,26.0,Balanced,,,,,,
B1,2019-11-23,19:00,Mechelen,Waregem,0,2,A,0.0,1.0,A,10.0,15.0,4.0,6.0,12.0,17.0,1.0,6.0,2.0,3.0,0.0,0.0,1.8,3.75,4.2,2019-2020,69.0,70.0,69.0,68.0,26.0,Balanced,68.0,69.0,68.0,67.0,28.0,Balanced
B1,2019-11-23,19:00,Waasland-Beveren,Cercle Brugge,1,1,D,1.0,0.0,H,6.0,8.0,3.0,7.0,14.0,20.0,2.0,3.0,2.0,3.0,0.0,0.0,2.25,3.4,3.1,2019-2020,65.0,66.0,65.0,64.0,24.0,Long Ball,66.0,67.0,66.0,65.0,25.0,Balanced
B1,2019-11-23,19:30,Mouscron,Genk,2,2,D,1.0,1.0,D,3.0,6.0,2.0,3.0,14.0,10.0,6.0,7.0,1.0,0.0,0.0,0.0,3.6,3.5,2.0,2019-2020,64.0,65.0,64.0,63.0,25.0,Long Ball,72.0,72.0,72.0,70.0,25.0,Balanced
B1,2019-11-24,13:30,Gent,Antwerp,1,1,D,1.0,0.0,H,9.0,10.0,3.0,4.0,15.0,18.0,5.0,2.0,1.0,6.0,0.0,0.0,1.95,3.5,3.75,2019-2020,74.0,75.0,74.0,71.0,27.0,Balanced,71.0,72.0,71.0,70.0,28.0,Long Ball
B1,2019-11-24,17:00,Anderlecht,Kortrijk,0,0,D,0.0,0.0,D,19.0,3.0,7.0,3.0,8.0,19.0,9.0,2.0,1.0,3.0,0.0,0.0,1.53,4.2,5.75,2019-2020,72.0,72.0,72.0,71.0,29.0,Balanced,,,,,,
B1,2019-11-24,19:00,St Truiden,Charleroi,1,3,A,0.0,0.0,D,7.0,17.0,2.0,7.0,11.0,21.0,6.0,10.0,2.0,0.0,0.0,0.0,2.7,3.4,2.5,2019-2020,67.0,67.0,67.0,66.0,26.0,Fast Build-Up,70.0,71.0,70.0,69.0,27.0,Fast Build-Up
B1,2019-11-29,19:30,Antwerp,Mechelen,1,0,H,0.0,0.0,D,14.0,5.0,7.0,3.0,13.0,15.0,6.0,3.0,1.0,1.0,0.0,0.0,1.53,4.33,5.5,2019-2020,71.0,72.0,71.0,70.0,28.0,Long Ball,69.0,70.0,69.0,68.0,26.0,Balanced
B1,2019-11-30,17:00,Club Brugge,Mouscron,1,0,H,1.0,0.0,H,9.0,6.0,4.0,1.0,8.0,11.0,9.0,1.0,0.0,2.0,0.0,0.0,1.12,8.0,19.0,2019-2020,75.0,74.0,76.0,72.0,28.0,Balanced,64.0,65.0,64.0,63.0,25.0,Long Ball
B1,2019-11-30,19:00,Charleroi,Waasland-Beveren,2,0,H,2.0,0.0,H,11.0,7.0,6.0,0.0,18.0,9.0,6.0,2.0,1.0,2.0,0.0,0.0,1.4,4.5,8.0,2019-2020,70.0,71.0,70.0,69.0,27.0,Fast Build-Up,65.0,66.0,65.0,64.0,24.0,Long Ball
B1,2019-11-30,19:00,Waregem,Eupen,1,0,H,1.0,0.0,H,10.0,7.0,6.0,2.0,11.0,22.0,4.0,4.0,2.0,2.0,0.0,0.0,2.0,3.5,3.6,2019-2020,68.0,69.0,68.0,67.0,28.0,Balanced,65.0,65.0,65.0,64.0,26.0,Balanced
B1,2019-11-30,19:30,Genk,St Truiden,1,2,A,1.0,2.0,A,20.0,6.0,8.0,3.0,7.0,14.0,12.0,1.0,1.0,1.0,0.0,0.0,1.33,4.75,9.0,2019-2020,72.0,72.0,72.0,70.0,25.0,Balanced,67.0,67.0,67.0,66.0,26.0,Fast Build-Up
B1,2019-12-01,13:30,Oostende,Anderlecht,3,2,H,2.0,0.0,H,10.0,7.0,5.0,5.0,12.0,9.0,4.0,8.0,2.0,2.0,0.0,0.0,4.0,3.5,1.9,2019-2020,67.0,68.0,67.0,66.0,27.0,Long Ball,72.0,72.0,72.0,71.0,29.0,Balanced
B1,2019-12-01,17:00,Standard,Cercle Brugge,2,1,H,1.0,0.0,H,14.0,15.0,11.0,8.0,13.0,17.0,3.0,4.0,1.0,4.0,0.0,0.0,1.33,5.0,9.0,2019-2020,,,,,,,66.0,67.0,66.0,65.0,25.0,Balanced
B1,2019-12-01,19:00,Kortrijk,Gent,0,2,A,0.0,1.0,A,7.0,11.0,4.0,6.0,16.0,15.0,6.0,5.0,3.0,3.0,0.0,0.0,3.8,3.8,1.85,2019-2020,,,,,,,74.0,75.0,74.0,71.0,27.0,Balanced
B1,2019-12-06,19:30,Waasland-Beveren,Antwerp,0,4,A,0.0,1.0,A,4.0,9.0,0.0,6.0,22.0,13.0,6.0,2.0,1.0,1.0,0.0,0.0,6.0,4.0,1.53,2019-2020,65.0,66.0,65.0,64.0,24.0,Long Ball,71.0,72.0,71.0,70.0,28.0,Long Ball
B1,2019-12-07,17:00,Mechelen,Kortrijk,1,1,D,0.0,0.0,D,9.0,6.0,4.0,4.0,13.0,19.0,7.0,5.0,0.0,3.0,0.0,0.0,1.9,3.75,3.75,2019-2020,69.0,70.0,69.0,68.0,26.0,Balanced,,,,,,
B1,2019-12-07,19:00,Cercle Brugge,Genk,1,2,A,0.0,1.0,A,16.0,10.0,9.0,5.0,13.0,13.0,3.0,3.0,1.0,3.0,0.0,0.0,5.0,4.0,1.61,2019-2020,66.0,67.0,66.0,65.0,25.0,Balanced,72.0,72.0,72.0,70.0,25.0,Balanced
B1,2019-12-07,19:00,Gent,Waregem,2,0,H,2.0,0.0,H,12.0,10.0,6.0,4.0,14.0,16.0,5.0,5.0,2.0,1.0,0.0,0.0,1.33,5.0,9.0,2019-2020,74.0,75.0,74.0,71.0,27.0,Balanced,68.0,69.0,68.0,67.0,28.0,Balanced
B1,2019-12-07,19:30,St Truiden,Club Brugge,1,2,A,1.0,1.0,D,7.0,8.0,2.0,3.0,15.0,20.0,2.0,6.0,3.0,4.0,0.0,0.0,9.5,4.75,1.33,2019-2020,67.0,67.0,67.0,66.0,26.0,Fast Build-Up,75.0,74.0,76.0,72.0,28.0,Balanced
B1,2019-12-08,13:30,Mouscron,Standard,2,2,D,1.0,1.0,D,11.0,11.0,5.0,5.0,15.0,10.0,7.0,5.0,2.0,0.0,0.0,2.0,4.5,3.75,1.75,2019-2020,64.0,65.0,64.0,63.0,25.0,Long Ball,,,,,,
B1,2019-12-08,17:00,Anderlecht,Charleroi,0,0,D,0.0,0.0,D,9.0,8.0,3.0,3.0,11.0,20.0,8.0,5.0,0.0,3.0,0.0,0.0,1.85,3.6,4.0,2019-2020,72.0,72.0,72.0,71.0,29.0,Balanced,70.0,71.0,70.0,69.0,27.0,Fast Build-Up
B1,2019-12-08,19:00,Eupen,Oostende,1,0,H,0.0,0.0,D,10.0,11.0,2.0,5.0,15.0,10.0,6.0,8.0,0.0,1.0,0.0,0.0,2.0,3.6,3.4,2019-2020,65.0,65.0,65.0,64.0,26.0,Balanced,67.0,68.0,67.0,66.0,27.0,Long Ball
B1,2019-12-13,19:30,Kortrijk,Mouscron,1,2,A,1.0,0.0,H,12.0,7.0,7.0,3.0,16.0,18.0,8.0,3.0,1.0,2.0,0.0,0.0,1.9,3.8,3.8,2019-2020,,,,,,,64.0,65.0,64.0,63.0,25.0,Long Ball
B1,2019-12-14,17:00,Antwerp,Eupen,1,0,H,0.0,0.0,D,7.0,3.0,4.0,1.0,18.0,19.0,5.0,1.0,2.0,6.0,0.0,1.0,1.33,5.0,9.0,2019-2020,71.0,72.0,71.0,70.0,28.0,Long Ball,65.0,65.0,65.0,64.0,26.0,Balanced
B1,2019-12-14,19:00,Charleroi,Cercle Brugge,3,0,H,1.0,0.0,H,8.0,7.0,7.0,1.0,12.0,18.0,4.0,3.0,1.0,1.0,0.0,0.0,1.44,4.5,6.5,2019-2020,70.0,71.0,70.0,69.0,27.0,Fast Build-Up,66.0,67.0,66.0,65.0,25.0,Balanced
B1,2019-12-14,19:00,Waregem,St Truiden,5,1,H,2.0,1.0,H,21.0,3.0,13.0,2.0,12.0,12.0,7.0,3.0,2.0,1.0,0.0,0.0,1.75,3.8,4.33,2019-2020,68.0,69.0,68.0,67.0,28.0,Balanced,67.0,67.0,67.0,66.0,26.0,Fast Build-Up
B1,2019-12-14,19:30,Genk,Waasland-Beveren,4,1,H,3.0,0.0,H,8.0,5.0,5.0,4.0,12.0,21.0,6.0,1.0,1.0,2.0,0.0,0.0,1.22,6.5,11.0,2019-2020,72.0,72.0,72.0,70.0,25.0,Balanced,65.0,66.0,65.0,64.0,24.0,Long Ball
B1,2019-12-15,13:30,Standard,Anderlecht,1,1,D,1.0,0.0,H,15.0,4.0,7.0,1.0,17.0,14.0,9.0,2.0,2.0,3.0,0.0,1.0,1.9,3.6,3.8,2019-2020,,,,,,,72.0,72.0,72.0,71.0,29.0,Balanced
B1,2019-12-15,17:00,Club Brugge,Mechelen,3,0,H,2.0,0.0,H,10.0,3.0,3.0,0.0,9.0,10.0,2.0,5.0,1.0,3.0,0.0,0.0,1.22,6.0,13.0,2019-2020,75.0,74.0,76.0,72.0,28.0,Balanced,69.0,70.0,69.0,68.0,26.0,Balanced
B1,2019-12-15,19:00,Oostende,Gent,2,1,H,1.0,1.0,D,6.0,8.0,5.0,5.0,13.0,18.0,6.0,5.0,4.0,0.0,0.0,0.0,5.75,4.5,1.5,2019-2020,67.0,68.0,67.0,66.0,27.0,Long Ball,74.0,75.0,74.0,71.0,27.0,Balanced
B1,2019-12-20,19:30,Mechelen,Oostende,1,0,H,0.0,0.0,D,7.0,5.0,4.0,3.0,19.0,15.0,5.0,6.0,3.0,1.0,0.0,0.0,1.7,3.8,4.75,2019-2020,69.0,70.0,69.0,68.0,26.0,Balanced,67.0,68.0,67.0,66.0,27.0,Long Ball
B1,2019-12-21,17:00,Mouscron,Charleroi,1,1,D,1.0,0.0,H,3.0,4.0,2.0,4.0,16.0,15.0,4.0,7.0,5.0,2.0,0.0,0.0,3.4,3.4,2.1,2019-2020,64.0,65.0,64.0,63.0,25.0,Long Ball,70.0,71.0,70.0,69.0,27.0,Fast Build-Up
B1,2019-12-21,19:00,Cercle Brugge,Waregem,2,0,H,1.0,0.0,H,12.0,5.0,8.0,2.0,16.0,17.0,6.0,6.0,1.0,2.0,0.0,0.0,3.0,3.5,2.25,2019-2020,66.0,67.0,66.0,65.0,25.0,Balanced,68.0,69.0,68.0,67.0,28.0,Balanced
B1,2019-12-21,19:00,Eupen,Kortrijk,1,2,A,1.0,1.0,D,8.0,9.0,1.0,5.0,16.0,16.0,2.0,2.0,1.0,2.0,0.0,0.0,2.25,3.25,3.25,2019-2020,65.0,65.0,65.0,64.0,26.0,Balanced,,,,,,
B1,2019-12-21,19:30,Waasland-Beveren,Standard,2,1,H,0.0,1.0,A,10.0,7.0,7.0,3.0,22.0,17.0,3.0,0.0,5.0,2.0,0.0,1.0,6.5,4.5,1.45,2019-2020,65.0,66.0,65.0,64.0,24.0,Long Ball,,,,,,
B1,2019-12-22,13:30,Gent,Club Brugge,1,1,D,0.0,0.0,D,14.0,6.0,7.0,2.0,16.0,10.0,3.0,3.0,4.0,1.0,0.0,0.0,2.8,3.4,2.4,2019-2020,74.0,75.0,74.0,71.0,27.0,Balanced,75.0,74.0,76.0,72.0,28.0,Balanced
B1,2019-12-22,17:00,St Truiden,Antwerp,1,1,D,0.0,0.0,D,10.0,14.0,5.0,6.0,7.0,16.0,7.0,5.0,1.0,2.0,0.0,0.0,4.75,3.6,1.72,2019-2020,67.0,67.0,67.0,66.0,26.0,Fast Build-Up,71.0,72.0,71.0,70.0,28.0,Long Ball
B1,2019-12-22,19:00,Anderlecht,Genk,2,0,H,0.0,0.0,D,10.0,8.0,6.0,4.0,13.0,10.0,6.0,5.0,0.0,0.0,0.0,0.0,2.5,3.4,2.7,2019-2020,72.0,72.0,72.0,71.0,29.0,Balanced,72.0,72.0,72.0,70.0,25.0,Balanced
B1,2019-12-26,13:30,Genk,Eupen,2,1,H,1.0,0.0,H,15.0,11.0,5.0,5.0,8.0,16.0,9.0,2.0,1.0,3.0,0.0,0.0,1.44,5.0,6.5,2019-2020,72.0,72.0,72.0,70.0,25.0,Balanced,65.0,65.0,65.0,64.0,26.0,Balanced
B1,2019-12-26,13:30,Kortrijk,Cercle Brugge,1,0,H,0.0,0.0,D,7.0,2.0,4.0,0.0,17.0,23.0,3.0,3.0,2.0,5.0,0.0,0.0,1.72,4.0,4.33,2019-2020,,,,,,,66.0,67.0,66.0,65.0,25.0,Balanced
B1,2019-12-26,13:30,Mouscron,Mechelen,1,2,A,0.0,2.0,A,7.0,8.0,2.0,3.0,16.0,6.0,6.0,1.0,1.0,2.0,0.0,0.0,2.62,3.3,2.62,2019-2020,64.0,65.0,64.0,63.0,25.0,Long Ball,69.0,70.0,69.0,68.0,26.0,Balanced
B1,2019-12-26,13:30,Waasland-Beveren,St Truiden,1,0,H,1.0,0.0,H,11.0,8.0,8.0,3.0,10.0,6.0,2.0,3.0,1.0,0.0,0.0,0.0,2.37,3.6,2.75,2019-2020,65.0,66.0,65.0,64.0,24.0,Long Ball,67.0,67.0,67.0,66.0,26.0,Fast Build-Up
B1,2019-12-26,17:00,Club Brugge,Waregem,4,0,H,1.0,0.0,H,8.0,3.0,5.0,1.0,11.0,9.0,1.0,3.0,1.0,2.0,0.0,0.0,1.22,7.0,10.0,2019-2020,75.0,74.0,76.0,72.0,28.0,Balanced,68.0,69.0,68.0,67.0,28.0,Balanced
B1,2019-12-26,19:30,Standard,Gent,0,1,A,0.0,0.0,D,11.0,7.0,4.0,2.0,7.0,16.0,2.0,3.0,0.0,3.0,0.0,0.0,2.3,3.6,2.75,2019-2020,,,,,,,74.0,75.0,74.0,71.0,27.0,Balanced
B1,2019-12-27,17:00,Charleroi,Oostende,5,0,H,1.0,0.0,H,19.0,5.0,10.0,4.0,16.0,10.0,9.0,1.0,0.0,1.0,0.0,0.0,1.53,4.0,6.0,2019-2020,70.0,71.0,70.0,69.0,27.0,Fast Build-Up,67.0,68.0,67.0,66.0,27.0,Long Ball
B1,2019-12-27,19:30,Antwerp,Anderlecht,0,0,D,0.0,0.0,D,11.0,8.0,5.0,3.0,15.0,17.0,9.0,0.0,2.0,2.0,0.0,0.0,1.85,3.6,4.0,2019-2020,71.0,72.0,71.0,70.0,28.0,Long Ball,72.0,72.0,72.0,71.0,29.0,Balanced
B1,2020-01-17,19:30,Mechelen,Standard,2,3,A,0.0,1.0,A,9.0,13.0,6.0,6.0,10.0,13.0,6.0,10.0,0.0,4.0,0.0,0.0,2.8,3.4,2.4,2019-2020,69.0,70.0,69.0,68.0,26.0,Balanced,,,,,,
B1,2020-01-18,17:00,Eupen,Charleroi,1,1,D,1.0,1.0,D,6.0,8.0,3.0,5.0,18.0,18.0,3.0,7.0,1.0,2.0,0.0,0.0,3.3,3.3,2.2,2019-2020,65.0,65.0,65.0,64.0,26.0,Balanced,70.0,71.0,70.0,69.0,27.0,Fast Build-Up
B1,2020-01-18,19:00,Oostende,Waasland-Beveren,0,1,A,0.0,1.0,A,10.0,10.0,5.0,3.0,13.0,14.0,10.0,0.0,1.0,1.0,0.0,0.0,1.9,3.6,3.8,2019-2020,67.0,68.0,67.0,66.0,27.0,Long Ball,65.0,66.0,65.0,64.0,24.0,Long Ball
B1,2020-01-18,19:00,St Truiden,Kortrijk,2,0,H,0.0,0.0,D,11.0,6.0,8.0,2.0,12.0,12.0,5.0,5.0,0.0,2.0,0.0,0.0,2.7,3.5,2.5,2019-2020,67.0,67.0,67.0,66.0,26.0,Fast Build-Up,,,,,,
B1,2020-01-18,19:30,Gent,Mouscron,3,1,H,1.0,0.0,H,7.0,9.0,4.0,4.0,8.0,9.0,0.0,5.0,1.0,2.0,0.0,0.0,1.25,6.0,12.0,2019-2020,74.0,75.0,74.0,71.0,27.0,Balanced,64.0,65.0,64.0,63.0,25.0,Long Ball
B1,2020-01-19,13:30,Cercle Brugge,Antwerp,1,2,A,1.0,1.0,D,12.0,5.0,3.0,3.0,23.0,13.0,10.0,1.0,2.0,3.0,0.0,1.0,5.0,4.0,1.61,2019-2020,66.0,67.0,66.0,65.0,25.0,Balanced,71.0,72.0,71.0,70.0,28.0,Long Ball
B1,2020-01-19,17:00,Anderlecht,Club Brugge,1,2,A,1.0,1.0,D,8.0,13.0,3.0,7.0,12.0,21.0,3.0,3.0,0.0,3.0,0.0,0.0,4.2,4.0,1.75,2019-2020,72.0,72.0,72.0,71.0,29.0,Balanced,75.0,74.0,76.0,72.0,28.0,Balanced
B1,2020-01-19,19:00,Waregem,Genk,0,3,A,0.0,1.0,A,9.0,10.0,5.0,7.0,12.0,14.0,6.0,4.0,0.0,2.0,0.0,0.0,3.2,3.6,2.1,2019-2020,68.0,69.0,68.0,67.0,28.0,Balanced,72.0,72.0,72.0,70.0,25.0,Balanced
B1,2020-01-24,19:30,Standard,Oostende,2,1,H,0.0,0.0,D,15.0,8.0,3.0,4.0,12.0,12.0,5.0,6.0,0.0,2.0,0.0,0.0,1.25,5.75,10.5,2019-2020,,,,,,,67.0,68.0,67.0,66.0,27.0,Long Ball
B1,2020-01-25,19:00,Mouscron,St Truiden,1,3,A,0.0,1.0,A,10.0,8.0,5.0,6.0,13.0,14.0,3.0,1.0,1.0,2.0,0.0,0.0,1.9,3.6,3.75,2019-2020,64.0,65.0,64.0,63.0,25.0,Long Ball,67.0,67.0,67.0,66.0,26.0,Fast Build-Up
B1,2020-01-25,19:00,Waasland-Beveren,Eupen,0,1,A,0.0,1.0,A,7.0,2.0,3.0,1.0,15.0,14.0,7.0,4.0,3.0,2.0,0.0,0.0,2.5,3.3,2.75,2019-2020,65.0,66.0,65.0,64.0,24.0,Long Ball,65.0,65.0,65.0,64.0,26.0,Balanced
B1,2020-01-25,19:30,Gent,Genk,4,1,H,1.0,1.0,D,19.0,7.0,8.0,4.0,6.0,14.0,7.0,5.0,0.0,1.0,0.0,0.0,1.83,3.75,4.0,2019-2020,74.0,75.0,74.0,71.0,27.0,Balanced,72.0,72.0,72.0,70.0,25.0,Balanced
B1,2020-01-26,13:30,Cercle Brugge,Anderlecht,1,2,A,1.0,0.0,H,18.0,5.0,8.0,3.0,15.0,10.0,10.0,4.0,3.0,2.0,0.0,0.0,3.6,4.0,1.85,2019-2020,66.0,67.0,66.0,65.0,25.0,Balanced,72.0,72.0,72.0,71.0,29.0,Balanced
B1,2020-01-26,17:00,Kortrijk,Club Brugge,2,2,D,1.0,2.0,A,5.0,10.0,3.0,4.0,20.0,15.0,3.0,4.0,5.0,1.0,0.0,0.0,7.0,4.75,1.4,2019-2020,,,,,,,75.0,74.0,76.0,72.0,28.0,Balanced
B1,2020-01-26,19:00,Antwerp,Waregem,2,1,H,1.0,1.0,D,15.0,7.0,7.0,3.0,7.0,18.0,5.0,1.0,0.0,4.0,0.0,0.0,1.53,3.8,6.5,2019-2020,71.0,72.0,71.0,70.0,28.0,Long Ball,68.0,69.0,68.0,67.0,28.0,Balanced
B1,2020-01-29,19:30,Charleroi,Club Brugge,0,0,D,0.0,0.0,D,6.0,11.0,3.0,5.0,12.0,22.0,3.0,5.0,1.0,2.0,0.0,0.0,4.2,3.8,1.8,2019-2020,70.0,71.0,70.0,69.0,27.0,Fast Build-Up,75.0,74.0,76.0,72.0,28.0,Balanced
B1,2020-01-31,19:30,Kortrijk,Standard,3,1,H,0.0,0.0,D,16.0,9.0,7.0,4.0,15.0,16.0,7.0,8.0,0.0,0.0,0.0,0.0,4.2,3.75,1.8,2019-2020,,,,,,,,,,,,
B1,2020-02-01,17:00,Genk,Charleroi,1,0,H,1.0,0.0,H,10.0,8.0,6.0,0.0,14.0,18.0,3.0,5.0,2.0,3.0,0.0,0.0,2.05,3.5,3.4,2019-2020,72.0,72.0,72.0,70.0,25.0,Balanced,70.0,71.0,70.0,69.0,27.0,Fast Build-Up
B1,2020-02-01,19:00,Eupen,Cercle Brugge,1,0,H,1.0,0.0,H,9.0,9.0,4.0,4.0,11.0,12.0,4.0,6.0,3.0,2.0,0.0,0.0,2.1,3.4,3.4,2019-2020,65.0,65.0,65.0,64.0,26.0,Balanced,66.0,67.0,66.0,65.0,25.0,Balanced
B1,2020-02-01,19:00,Oostende,St Truiden,1,0,H,0.0,0.0,D,7.0,7.0,5.0,3.0,12.0,12.0,2.0,7.0,2.0,2.0,0.0,1.0,2.1,3.6,3.25,2019-2020,67.0,68.0,67.0,66.0,27.0,Long Ball,67.0,67.0,67.0,66.0,26.0,Fast Build-Up
B1,2020-02-01,19:30,Mechelen,Gent,0,3,A,0.0,1.0,A,14.0,8.0,5.0,5.0,5.0,12.0,7.0,5.0,3.0,2.0,0.0,0.0,3.8,3.8,1.85,2019-2020,69.0,70.0,69.0,68.0,26.0,Balanced,74.0,75.0,74.0,71.0,27.0,Balanced
B1,2020-02-02,13:30,Club Brugge,Antwerp,1,0,H,0.0,0.0,D,11.0,4.0,5.0,2.0,16.0,19.0,2.0,0.0,2.0,2.0,0.0,0.0,1.53,4.33,5.5,2019-2020,75.0,74.0,76.0,72.0,28.0,Balanced,71.0,72.0,71.0,70.0,28.0,Long Ball
B1,2020-02-02,17:00,Anderlecht,Mouscron,1,0,H,0.0,0.0,D,14.0,4.0,6.0,2.0,17.0,19.0,5.0,2.0,2.0,3.0,0.0,0.0,1.45,4.2,6.5,2019-2020,72.0,72.0,72.0,71.0,29.0,Balanced,64.0,65.0,64.0,63.0,25.0,Long Ball
B1,2020-02-02,19:00,Waregem,Waasland-Beveren,5,0,H,3.0,0.0,H,12.0,9.0,9.0,4.0,14.0,15.0,5.0,2.0,1.0,3.0,0.0,0.0,1.61,4.33,4.75,2019-2020,68.0,69.0,68.0,67.0,28.0,Balanced,65.0,66.0,65.0,64.0,24.0,Long Ball
B1,2020-02-07,19:30,Gent,Anderlecht,1,1,D,1.0,1.0,D,12.0,11.0,5.0,7.0,14.0,13.0,3.0,6.0,2.0,4.0,0.0,0.0,1.6,4.2,5.25,2019-2020,74.0,75.0,74.0,71.0,27.0,Balanced,72.0,72.0,72.0,71.0,29.0,Balanced
B1,2020-02-08,17:00,Charleroi,Waregem,4,0,H,1.0,0.0,H,12.0,6.0,7.0,3.0,15.0,10.0,5.0,7.0,2.0,4.0,0.0,1.0,1.57,4.0,5.5,2019-2020,70.0,71.0,70.0,69.0,27.0,Fast Build-Up,68.0,69.0,68.0,67.0,28.0,Balanced
B1,2020-02-08,19:00,Cercle Brugge,Mechelen,3,2,H,2.0,1.0,H,12.0,6.0,5.0,3.0,15.0,9.0,6.0,1.0,1.0,2.0,0.0,0.0,2.3,3.6,2.87,2019-2020,66.0,67.0,66.0,65.0,25.0,Balanced,69.0,70.0,69.0,68.0,26.0,Balanced
B1,2020-02-08,19:00,St Truiden,Eupen,5,2,H,3.0,2.0,H,12.0,10.0,5.0,4.0,8.0,16.0,5.0,2.0,4.0,2.0,1.0,0.0,2.15,3.5,3.2,2019-2020,67.0,67.0,67.0,66.0,26.0,Fast Build-Up,65.0,65.0,65.0,64.0,26.0,Balanced
B1,2020-02-08,19:30,Mouscron,Oostende,3,1,H,0.0,1.0,A,11.0,10.0,6.0,5.0,9.0,11.0,6.0,5.0,0.0,1.0,0.0,0.0,2.2,3.6,3.0,2019-2020,64.0,65.0,64.0,63.0,25.0,Long Ball,67.0,68.0,67.0,66.0,27.0,Long Ball
B1,2020-02-11,19:30,Charleroi,Mechelen,2,1,H,0.0,0.0,D,5.0,4.0,4.0,1.0,17.0,6.0,4.0,3.0,2.0,3.0,0.0,0.0,1.61,3.8,5.5,2019-2020,70.0,71.0,70.0,69.0,27.0,Fast Build-Up,69.0,70.0,69.0,68.0,26.0,Balanced
B1,2020-02-12,19:30,Standard,Club Brugge,0,0,D,0.0,0.0,D,5.0,7.0,1.0,3.0,13.0,23.0,4.0,5.0,2.0,2.0,0.0,0.0,3.1,3.3,2.3,2019-2020,,,,,,,75.0,74.0,76.0,72.0,28.0,Balanced
B1,2020-02-12,19:30,Waasland-Beveren,Kortrijk,1,2,A,1.0,1.0,D,8.0,8.0,1.0,4.0,10.0,18.0,3.0,8.0,2.0,1.0,0.0,0.0,3.0,3.4,2.3,2019-2020,65.0,66.0,65.0,64.0,24.0,Long Ball,,,,,,
B1,2020-02-13,19:30,Antwerp,Genk,1,1,D,1.0,1.0,D,14.0,8.0,6.0,5.0,13.0,17.0,5.0,7.0,2.0,2.0,0.0,0.0,2.1,3.4,3.4,2019-2020,71.0,72.0,71.0,70.0,28.0,Long Ball,72.0,72.0,72.0,70.0,25.0,Balanced
B1,2020-02-14,19:30,Eupen,Gent,2,3,A,2.0,2.0,D,8.0,12.0,3.0,9.0,16.0,15.0,7.0,3.0,3.0,1.0,0.0,0.0,5.5,4.33,1.53,2019-2020,65.0,65.0,65.0,64.0,26.0,Balanced,74.0,75.0,74.0,71.0,27.0,Balanced
B1,2020-02-15,17:00,Club Brugge,Waasland-Beveren,2,1,H,1.0,0.0,H,15.0,2.0,5.0,1.0,16.0,13.0,16.0,2.0,2.0,7.0,0.0,1.0,1.14,8.0,15.0,2019-2020,75.0,74.0,76.0,72.0,28.0,Balanced,65.0,66.0,65.0,64.0,24.0,Long Ball
B1,2020-02-15,19:00,Oostende,Kortrijk,0,3,A,0.0,0.0,D,6.0,14.0,1.0,5.0,19.0,13.0,4.0,3.0,2.0,1.0,0.0,0.0,2.45,3.4,2.8,2019-2020,67.0,68.0,67.0,66.0,27.0,Long Ball,,,,,,
B1,2020-02-15,19:00,St Truiden,Cercle Brugge,0,1,A,0.0,0.0,D,13.0,11.0,2.0,4.0,14.0,16.0,5.0,6.0,5.0,3.0,0.0,0.0,2.2,3.5,3.1,2019-2020,67.0,67.0,67.0,66.0,26.0,Fast Build-Up,66.0,67.0,66.0,65.0,25.0,Balanced
B1,2020-02-15,19:30,Mechelen,Anderlecht,2,0,H,0.0,0.0,D,13.0,7.0,6.0,0.0,13.0,9.0,4.0,5.0,2.0,3.0,0.0,1.0,2.7,3.4,2.5,2019-2020,69.0,70.0,69.0,68.0,26.0,Balanced,72.0,72.0,72.0,71.0,29.0,Balanced
B1,2020-02-16,13:30,Antwerp,Charleroi,1,1,D,1.0,0.0,H,6.0,9.0,5.0,6.0,11.0,17.0,6.0,10.0,2.0,3.0,0.0,0.0,2.0,3.5,3.6,2019-2020,71.0,72.0,71.0,70.0,28.0,Long Ball,70.0,71.0,70.0,69.0,27.0,Fast Build-Up
B1,2020-02-16,17:00,Genk,Standard,1,3,A,0.0,2.0,A,11.0,8.0,6.0,6.0,12.0,12.0,3.0,2.0,2.0,2.0,0.0,0.0,2.5,3.4,2.7,2019-2020,72.0,72.0,72.0,70.0,25.0,Balanced,,,,,,
B1,2020-02-16,19:00,Waregem,Mouscron,1,2,A,0.0,1.0,A,7.0,11.0,3.0,6.0,7.0,10.0,6.0,3.0,2.0,2.0,0.0,0.0,1.7,4.0,4.5,2019-2020,68.0,69.0,68.0,67.0,28.0,Balanced,64.0,65.0,64.0,63.0,25.0,Long Ball
B1,2020-02-21,19:30,Kortrijk,Genk,0,1,A,0.0,0.0,D,6.0,14.0,4.0,7.0,14.0,13.0,3.0,4.0,3.0,4.0,0.0,0.0,2.5,4.0,2.4,2019-2020,,,,,,,72.0,72.0,72.0,70.0,25.0,Balanced
B1,2020-02-22,17:00,Standard,Antwerp,1,0,H,1.0,0.0,H,9.0,9.0,7.0,3.0,9.0,11.0,3.0,6.0,1.0,3.0,0.0,0.0,1.95,3.6,3.75,2019-2020,,,,,,,71.0,72.0,71.0,70.0,28.0,Long Ball
B1,2020-02-22,19:00,Mouscron,Cercle Brugge,0,1,A,0.0,0.0,D,4.0,10.0,1.0,3.0,13.0,12.0,3.0,7.0,3.0,1.0,0.0,0.0,2.5,3.4,2.7,2019-2020,64.0,65.0,64.0,63.0,25.0,Long Ball,66.0,67.0,66.0,65.0,25.0,Balanced
B1,2020-02-22,19:00,Oostende,Waregem,1,1,D,1.0,1.0,D,10.0,12.0,3.0,6.0,11.0,20.0,3.0,5.0,1.0,3.0,0.0,0.0,2.45,3.4,2.75,2019-2020,67.0,68.0,67.0,66.0,27.0,Long Ball,68.0,69.0,68.0,67.0,28.0,Balanced
B1,2020-02-22,19:30,Mechelen,Waasland-Beveren,4,0,H,2.0,0.0,H,17.0,8.0,10.0,3.0,13.0,14.0,4.0,6.0,1.0,1.0,0.0,0.0,1.53,4.0,6.0,2019-2020,69.0,70.0,69.0,68.0,26.0,Balanced,65.0,66.0,65.0,64.0,24.0,Long Ball
B1,2020-02-23,13:30,Club Brugge,Charleroi,1,0,H,1.0,0.0,H,5.0,9.0,3.0,2.0,14.0,13.0,4.0,4.0,0.0,1.0,0.0,0.0,1.45,4.2,7.5,2019-2020,75.0,74.0,76.0,72.0,28.0,Balanced,70.0,71.0,70.0,69.0,27.0,Fast Build-Up
B1,2020-02-23,17:00,Anderlecht,Eupen,6,1,H,4.0,0.0,H,14.0,5.0,9.0,4.0,15.0,9.0,6.0,5.0,1.0,2.0,0.0,1.0,1.44,4.2,8.0,2019-2020,72.0,72.0,72.0,71.0,29.0,Balanced,65.0,65.0,65.0,64.0,26.0,Balanced
B1,2020-02-23,19:00,Gent,St Truiden,4,1,H,3.0,0.0,H,15.0,6.0,7.0,3.0,9.0,14.0,6.0,5.0,3.0,1.0,0.0,0.0,1.3,5.0,10.0,2019-2020,74.0,75.0,74.0,71.0,27.0,Balanced,67.0,67.0,67.0,66.0,26.0,Fast Build-Up
B1,2020-02-28,19:30,St Truiden,Mechelen,0,3,A,0.0,0.0,D,9.0,16.0,3.0,8.0,16.0,14.0,2.0,6.0,4.0,1.0,0.0,0.0,3.0,3.6,2.2,2019-2020,67.0,67.0,67.0,66.0,26.0,Fast Build-Up,69.0,70.0,69.0,68.0,26.0,Balanced
B1,2020-02-29,17:00,Waasland-Beveren,Anderlecht,0,3,A,0.0,1.0,A,6.0,8.0,5.0,4.0,16.0,12.0,3.0,10.0,0.0,2.0,0.0,0.0,4.75,4.0,1.66,2019-2020,65.0,66.0,65.0,64.0,24.0,Long Ball,72.0,72.0,72.0,71.0,29.0,Balanced
B1,2020-02-29,19:00,Eupen,Mouscron,2,1,H,1.0,1.0,D,8.0,3.0,4.0,2.0,13.0,16.0,3.0,4.0,3.0,0.0,0.0,0.0,2.05,3.6,3.3,2019-2020,65.0,65.0,65.0,64.0,26.0,Balanced,64.0,65.0,64.0,63.0,25.0,Long Ball
B1,2020-02-29,19:00,Waregem,Kortrijk,2,2,D,2.0,0.0,H,9.0,17.0,6.0,7.0,11.0,11.0,6.0,4.0,2.0,1.0,0.0,0.0,2.25,3.6,2.9,2019-2020,68.0,69.0,68.0,67.0,28.0,Balanced,,,,,,
B1,2020-02-29,19:30,Antwerp,Oostende,3,1,H,2.0,0.0,H,8.0,7.0,6.0,3.0,11.0,10.0,2.0,6.0,0.0,2.0,0.0,0.0,1.4,4.75,7.0,2019-2020,71.0,72.0,71.0,70.0,28.0,Long Ball,67.0,68.0,67.0,66.0,27.0,Long Ball
B1,2020-03-01,13:30,Genk,Club Brugge,1,2,A,1.0,1.0,D,7.0,10.0,7.0,5.0,15.0,22.0,5.0,4.0,2.0,4.0,0.0,0.0,4.2,3.75,1.8,2019-2020,72.0,72.0,72.0,70.0,25.0,Balanced,75.0,74.0,76.0,72.0,28.0,Balanced
B1,2020-03-01,17:00,Charleroi,Standard,2,0,H,1.0,0.0,H,10.0,4.0,6.0,1.0,7.0,19.0,9.0,7.0,1.0,4.0,0.0,0.0,2.37,3.4,2.9,2019-2020,70.0,71.0,70.0,69.0,27.0,Fast Build-Up,,,,,,
B1,2020-03-01,19:00,Cercle Brugge,Gent,1,0,H,1.0,0.0,H,6.0,15.0,2.0,9.0,9.0,9.0,4.0,4.0,2.0,1.0,0.0,0.0,3.6,3.5,2.0,2019-2020,66.0,67.0,66.0,65.0,25.0,Balanced,74.0,75.0,74.0,71.0,27.0,Balanced
B1,2020-03-07,19:00,Anderlecht,Waregem,7,0,H,2.0,0.0,H,11.0,8.0,8.0,4.0,11.0,11.0,4.0,3.0,2.0,2.0,0.0,0.0,1.4,4.5,8.0,2019-2020,72.0,72.0,72.0,71.0,29.0,Balanced,68.0,69.0,68.0,67.0,28.0,Balanced
B1,2020-03-07,19:00,Club Brugge,Cercle Brugge,2,1,H,1.0,0.0,H,15.0,6.0,5.0,4.0,16.0,8.0,5.0,4.0,0.0,0.0,0.0,0.0,1.33,5.0,8.0,2019-2020,75.0,74.0,76.0,72.0,28.0,Balanced,66.0,67.0,66.0,65.0,25.0,Balanced
B1,2020-03-07,19:00,Gent,Charleroi,1,4,A,0.0,2.0,A,5.0,14.0,5.0,8.0,16.0,12.0,3.0,4.0,3.0,1.0,1.0,0.0,1.8,3.75,4.33,2019-2020,74.0,75.0,74.0,71.0,27.0,Balanced,70.0,71.0,70.0,69.0,27.0,Fast Build-Up
B1,2020-03-07,19:00,Kortrijk,Antwerp,0,1,A,0.0,0.0,D,10.0,12.0,4.0,5.0,17.0,12.0,6.0,7.0,3.0,0.0,0.0,0.0,2.8,3.6,2.3,2019-2020,,,,,,,71.0,72.0,71.0,70.0,28.0,Long Ball
B1,2020-03-07,19:00,Mechelen,Eupen,1,1,D,1.0,0.0,H,20.0,4.0,8.0,1.0,12.0,9.0,8.0,2.0,0.0,2.0,0.0,0.0,1.45,4.0,7.5,2019-2020,69.0,70.0,69.0,68.0,26.0,Balanced,65.0,65.0,65.0,64.0,26.0,Balanced
B1,2020-03-07,19:00,Mouscron,Waasland-Beveren,1,0,H,0.0,0.0,D,10.0,8.0,6.0,1.0,12.0,12.0,8.0,2.0,3.0,3.0,0.0,0.0,2.05,3.5,3.5,2019-2020,64.0,65.0,64.0,63.0,25.0,Long Ball,65.0,66.0,65.0,64.0,24.0,Long Ball
B1,2020-03-07,19:00,Oostende,Genk,2,4,A,1.0,0.0,H,7.0,12.0,4.0,8.0,11.0,15.0,3.0,6.0,2.0,1.0,1.0,0.0,3.4,3.6,2.0,2019-2020,67.0,68.0,67.0,66.0,27.0,Long Ball,72.0,72.0,72.0,70.0,25.0,Balanced
B1,2020-03-07,19:00,Standard,St Truiden,0,0,D,0.0,0.0,D,7.0,9.0,3.0,5.0,14.0,21.0,4.0,4.0,0.0,4.0,1.0,0.0,1.36,5.0,8.5,2019-2020,,,,,,,67.0,67.0,67.0,66.0,26.0,Fast Build-Up
B1,2020-08-08,15:30,Club Brugge,Charleroi,0,1,A,0.0,0.0,D,17.0,6.0,5.0,4.0,10.0,11.0,10.0,2.0,2.0,3.0,0.0,0.0,1.5,3.8,6.0,2020-2021,76.0,75.0,77.0,73.0,28.0,Balanced,71.0,72.0,71.0,69.0,27.0,Fast Build-Up
B1,2020-08-08,18:00,Antwerp,Mouscron,1,1,D,0.0,0.0,D,12.0,4.0,9.0,2.0,8.0,5.0,7.0,3.0,2.0,1.0,0.0,0.0,1.3,5.0,10.0,2020-2021,72.0,73.0,72.0,70.0,28.0,Long Ball,65.0,66.0,65.0,63.0,25.0,Long Ball
B1,2020-08-08,18:00,Standard,Cercle Brugge,1,0,H,0.0,0.0,D,11.0,6.0,8.0,1.0,10.0,11.0,5.0,4.0,1.0,1.0,0.0,0.0,1.4,4.5,6.5,2020-2021,,,,,,,67.0,68.0,67.0,65.0,25.0,Balanced
B1,2020-08-09,12:30,St Truiden,Gent,2,1,H,1.0,1.0,D,11.0,13.0,8.0,2.0,19.0,13.0,6.0,3.0,2.0,2.0,0.0,0.0,4.5,3.8,1.65,2020-2021,68.0,68.0,68.0,66.0,26.0,Fast Build-Up,75.0,76.0,75.0,72.0,27.0,Balanced
B1,2020-08-09,15:00,Waregem,Genk,1,2,A,1.0,0.0,H,8.0,15.0,6.0,4.0,15.0,16.0,9.0,8.0,3.0,1.0,0.0,0.0,3.75,3.6,1.9,2020-2021,69.0,70.0,69.0,67.0,28.0,Balanced,73.0,73.0,73.0,71.0,25.0,Balanced
B1,2020-08-09,17:15,Mechelen,Anderlecht,2,2,D,0.0,0.0,D,10.0,7.0,4.0,2.0,21.0,17.0,2.0,7.0,3.0,3.0,0.0,0.0,4.5,3.5,1.8,2020-2021,70.0,71.0,70.0,68.0,26.0,Balanced,73.0,73.0,73.0,71.0,29.0,Balanced
B1,2020-08-09,19:45,Kortrijk,Waasland-Beveren,1,3,A,0.0,1.0,A,11.0,8.0,4.0,6.0,15.0,14.0,4.0,1.0,2.0,4.0,0.0,0.0,1.6,3.8,4.75,2020-2021,,,,,,,66.0,67.0,66.0,64.0,24.0,Long Ball
B1,2020-08-10,18:00,Oud-Heverlee Leuven,Eupen,1,1,D,0.0,0.0,D,4.0,16.0,3.0,6.0,12.0,11.0,5.0,8.0,1.0,2.0,0.0,0.0,2.3,3.4,3.0,2020-2021,,,,,,,66.0,66.0,66.0,64.0,26.0,Balanced
B1,2020-08-10,18:00,Oostende,Beerschot VA,1,2,A,0.0,1.0,A,6.0,6.0,2.0,5.0,18.0,12.0,12.0,7.0,3.0,2.0,0.0,0.0,2.3,3.4,3.0,2020-2021,68.0,69.0,68.0,66.0,27.0,Long Ball,,,,,,
B1,2020-08-14,18:00,Mouscron,Mechelen,0,1,A,0.0,1.0,A,9.0,7.0,1.0,4.0,9.0,18.0,5.0,5.0,3.0,3.0,0.0,0.0,3.5,3.4,2.05,2020-2021,65.0,66.0,65.0,63.0,25.0,Long Ball,70.0,71.0,70.0,68.0,26.0,Balanced
B1,2020-08-15,15:30,Genk,Oud-Heverlee Leuven,1,1,D,0.0,0.0,D,20.0,10.0,4.0,4.0,11.0,11.0,7.0,1.0,1.0,1.0,0.0,0.0,1.25,6.0,12.0,2020-2021,73.0,73.0,73.0,71.0,25.0,Balanced,,,,,,
B1,2020-08-15,18:00,Charleroi,Oostende,1,0,H,0.0,0.0,D,14.0,8.0,2.0,0.0,14.0,19.0,8.0,7.0,1.0,2.0,0.0,0.0,1.4,4.2,8.5,2020-2021,71.0,72.0,71.0,69.0,27.0,Fast Build-Up,68.0,69.0,68.0,66.0,27.0,Long Ball
B1,2020-08-15,18:00,Gent,Kortrijk,1,2,A,0.0,1.0,A,23.0,10.0,12.0,5.0,6.0,12.0,6.0,5.0,0.0,1.0,0.0,0.0,1.36,4.75,8.0,2020-2021,75.0,76.0,75.0,72.0,27.0,Balanced,,,,,,
B1,2020-08-16,12:30,Cercle Brugge,Antwerp,2,1,H,0.0,1.0,A,11.0,8.0,5.0,3.0,17.0,14.0,5.0,2.0,1.0,1.0,0.0,0.0,3.8,3.8,1.85,2020-2021,67.0,68.0,67.0,65.0,25.0,Balanced,72.0,73.0,72.0,70.0,28.0,Long Ball
B1,2020-08-16,15:00,Beerschot VA,Waregem,3,1,H,1.0,0.0,H,17.0,6.0,6.0,1.0,9.0,11.0,3.0,5.0,3.0,2.0,0.0,0.0,2.4,3.4,2.8,2020-2021,,,,,,,69.0,70.0,69.0,67.0,28.0,Balanced
B1,2020-08-16,15:00,Eupen,Club Brugge,0,4,A,0.0,1.0,A,13.0,11.0,1.0,5.0,13.0,10.0,6.0,6.0,0.0,0.0,0.0,0.0,8.5,4.5,1.36,2020-2021,66.0,66.0,66.0,64.0,26.0,Balanced,76.0,75.0,77.0,73.0,28.0,Balanced
B1,2020-08-16,17:15,Anderlecht,St Truiden,3,1,H,1.0,0.0,H,15.0,3.0,6.0,1.0,15.0,13.0,2.0,1.0,2.0,0.0,0.0,1.0,1.4,4.5,7.5,2020-2021,73.0,73.0,73.0,71.0,29.0,Balanced,68.0,68.0,68.0,66.0,26.0,Fast Build-Up
B1,2020-08-17,18:00,Waasland-Beveren,Standard,1,2,A,0.0,0.0,D,5.0,17.0,3.0,8.0,19.0,18.0,4.0,8.0,3.0,3.0,0.0,0.0,5.5,4.0,1.57,2020-2021,66.0,67.0,66.0,64.0,24.0,Long Ball,,,,,,
B1,2020-08-21,18:00,Kortrijk,Eupen,0,0,D,0.0,0.0,D,6.0,16.0,1.0,6.0,7.0,19.0,1.0,5.0,2.0,2.0,0.0,0.0,2.3,3.5,2.9,2020-2021,,,,,,,66.0,66.0,66.0,64.0,26.0,Balanced
B1,2020-08-22,15:15,Waregem,Waasland-Beveren,4,1,H,1.0,0.0,H,23.0,6.0,9.0,2.0,16.0,10.0,7.0,2.0,3.0,1.0,0.0,0.0,1.66,4.0,4.75,2020-2021,69.0,70.0,69.0,67.0,28.0,Balanced,66.0,67.0,66.0,64.0,24.0,Long Ball
B1,2020-08-22,17:30,Mechelen,Cercle Brugge,2,3,A,1.0,0.0,H,21.0,11.0,8.0,4.0,14.0,13.0,6.0,8.0,4.0,2.0,0.0,0.0,1.8,3.75,4.33,2020-2021,70.0,71.0,70.0,68.0,26.0,Balanced,67.0,68.0,67.0,65.0,25.0,Balanced
B1,2020-08-22,17:30,Oud-Heverlee Leuven,Charleroi,1,3,A,1.0,1.0,D,8.0,11.0,2.0,5.0,10.0,18.0,6.0,5.0,1.0,4.0,0.0,1.0,4.0,3.8,1.72,2020-2021,,,,,,,71.0,72.0,71.0,69.0,27.0,Fast Build-Up
B1,2020-08-22,19:45,Antwerp,Gent,1,0,H,1.0,0.0,H,6.0,17.0,4.0,5.0,10.0,13.0,3.0,6.0,0.0,0.0,0.0,0.0,2.6,3.4,2.6,2020-2021,72.0,73.0,72.0,70.0,28.0,Long Ball,75.0,76.0,75.0,72.0,27.0,Balanced
B1,2020-08-23,12:30,Standard,Genk,0,0,D,0.0,0.0,D,12.0,10.0,1.0,3.0,18.0,12.0,6.0,5.0,6.0,2.0,1.0,0.0,2.2,3.4,3.2,2020-2021,,,,,,,73.0,73.0,73.0,71.0,25.0,Balanced
B1,2020-08-23,15:00,Club Brugge,Beerschot VA,0,1,A,0.0,1.0,A,19.0,6.0,7.0,2.0,16.0,9.0,5.0,1.0,1.0,0.0,0.0,0.0,1.3,5.5,9.0,2020-2021,76.0,75.0,77.0,73.0,28.0,Balanced,,,,,,
B1,2020-08-23,17:15,Anderlecht,Mouscron,1,1,D,0.0,0.0,D,16.0,7.0,5.0,2.0,16.0,14.0,12.0,2.0,2.0,2.0,0.0,1.0,1.36,4.33,8.5,2020-2021,73.0,73.0,73.0,71.0,29.0,Balanced,65.0,66.0,65.0,63.0,25.0,Long Ball
B1,2020-08-24,19:45,St Truiden,Oostende,0,0,D,0.0,0.0,D,9.0,13.0,1.0,2.0,12.0,26.0,4.0,5.0,1.0,7.0,1.0,1.0,2.1,3.5,3.3,2020-2021,68.0,68.0,68.0,66.0,26.0,Fast Build-Up,68.0,69.0,68.0,66.0,27.0,Long Ball
B1,2020-08-28,19:45,Oostende,Anderlecht,2,2,D,2.0,1.0,H,11.0,13.0,5.0,5.0,12.0,14.0,5.0,4.0,3.0,3.0,0.0,0.0,3.5,3.75,1.95,2020-2021,68.0,69.0,68.0,66.0,27.0,Long Ball,73.0,73.0,73.0,71.0,29.0,Balanced
B1,2020-08-29,15:15,Eupen,St Truiden,1,1,D,1.0,0.0,H,5.0,17.0,3.0,4.0,25.0,14.0,4.0,5.0,4.0,4.0,1.0,0.0,2.0,3.5,3.6,2020-2021,66.0,66.0,66.0,64.0,26.0,Balanced,68.0,68.0,68.0,66.0,26.0,Fast Build-Up
B1,2020-08-29,17:30,Cercle Brugge,Kortrijk,0,1,A,0.0,0.0,D,9.0,11.0,1.0,2.0,18.0,16.0,5.0,11.0,2.0,3.0,0.0,0.0,2.25,3.5,2.9,2020-2021,67.0,68.0,67.0,65.0,25.0,Balanced,,,,,,
B1,2020-08-29,17:30,Waasland-Beveren,Oud-Heverlee Leuven,1,3,A,0.0,1.0,A,16.0,12.0,4.0,7.0,12.0,15.0,4.0,6.0,1.0,1.0,1.0,0.0,2.5,3.5,2.62,2020-2021,66.0,67.0,66.0,64.0,24.0,Long Ball,,,,,,
B1,2020-08-29,19:45,Mouscron,Waregem,0,1,A,0.0,0.0,D,8.0,9.0,3.0,2.0,14.0,10.0,5.0,4.0,2.0,1.0,0.0,0.0,2.87,3.4,2.37,2020-2021,65.0,66.0,65.0,63.0,25.0,Long Ball,69.0,70.0,69.0,67.0,28.0,Balanced
B1,2020-08-30,12:30,Genk,Club Brugge,1,2,A,0.0,1.0,A,10.0,14.0,2.0,5.0,18.0,15.0,1.0,5.0,4.0,3.0,0.0,0.0,2.8,3.6,2.3,2020-2021,73.0,73.0,73.0,71.0,25.0,Balanced,76.0,75.0,77.0,73.0,28.0,Balanced
B1,2020-08-30,15:00,Beerschot VA,Standard,0,3,A,0.0,1.0,A,20.0,14.0,5.0,8.0,14.0,12.0,7.0,5.0,3.0,1.0,0.0,0.0,2.9,3.5,2.25,2020-2021,,,,,,,,,,,,
B1,2020-08-30,17:15,Charleroi,Antwerp,2,0,H,1.0,0.0,H,17.0,9.0,8.0,2.0,12.0,6.0,5.0,3.0,4.0,3.0,0.0,1.0,2.1,3.4,3.3,2020-2021,71.0,72.0,71.0,69.0,27.0,Fast Build-Up,72.0,73.0,72.0,70.0,28.0,Long Ball
B1,2020-08-30,19:45,Gent,Mechelen,1,0,H,1.0,0.0,H,15.0,13.0,7.0,3.0,15.0,16.0,3.0,2.0,2.0,1.0,0.0,0.0,1.66,4.0,4.33,2020-2021,75.0,76.0,75.0,72.0,27.0,Balanced,70.0,71.0,70.0,68.0,26.0,Balanced
B1,2020-09-11,19:45,Eupen,Gent,2,1,H,1.0,0.0,H,17.0,19.0,7.0,6.0,8.0,19.0,4.0,5.0,3.0,3.0,0.0,1.0,3.1,3.75,2.15,2020-2021,66.0,66.0,66.0,64.0,26.0,Balanced,75.0,76.0,75.0,72.0,27.0,Balanced
B1,2020-09-12,15:15,Mechelen,Oostende,0,1,A,0.0,0.0,D,4.0,11.0,0.0,3.0,19.0,16.0,5.0,10.0,5.0,2.0,0.0,0.0,1.8,3.75,4.2,2020-2021,70.0,71.0,70.0,68.0,26.0,Balanced,68.0,69.0,68.0,66.0,27.0,Long Ball
B1,2020-09-12,17:30,Oud-Heverlee Leuven,Standard,1,0,H,0.0,0.0,D,12.0,17.0,3.0,3.0,19.0,16.0,1.0,3.0,2.0,4.0,0.0,1.0,5.0,3.8,1.65,2020-2021,,,,,,,,,,,,
B1,2020-09-12,19:45,Club Brugge,Waasland-Beveren,4,1,H,2.0,1.0,H,18.0,7.0,9.0,4.0,17.0,4.0,5.0,2.0,1.0,2.0,0.0,0.0,1.16,7.5,13.0,2020-2021,76.0,75.0,77.0,73.0,28.0,Balanced,66.0,67.0,66.0,64.0,24.0,Long Ball
B1,2020-09-13,12:30,Anderlecht,Cercle Brugge,2,0,H,1.0,0.0,H,15.0,8.0,6.0,1.0,11.0,20.0,7.0,3.0,1.0,4.0,0.0,0.0,1.44,4.5,6.5,2020-2021,73.0,73.0,73.0,71.0,29.0,Balanced,67.0,68.0,67.0,65.0,25.0,Balanced
B1,2020-09-13,15:00,St Truiden,Antwerp,2,3,A,2.0,2.0,D,10.0,14.0,3.0,6.0,15.0,16.0,3.0,4.0,3.0,4.0,1.0,1.0,4.0,3.8,1.8,2020-2021,68.0,68.0,68.0,66.0,26.0,Fast Build-Up,72.0,73.0,72.0,70.0,28.0,Long Ball
B1,2020-09-13,17:15,Waregem,Charleroi,0,2,A,0.0,0.0,D,8.0,11.0,1.0,4.0,13.0,12.0,3.0,2.0,0.0,1.0,0.0,0.0,3.5,3.6,2.0,2020-2021,69.0,70.0,69.0,67.0,28.0,Balanced,71.0,72.0,71.0,69.0,27.0,Fast Build-Up
B1,2020-09-13,19:45,Kortrijk,Mouscron,3,0,H,0.0,0.0,D,17.0,9.0,8.0,2.0,15.0,9.0,8.0,1.0,2.0,2.0,0.0,2.0,1.85,3.8,3.8,2020-2021,,,,,,,65.0,66.0,65.0,63.0,25.0,Long Ball
B1,2020-09-14,19:45,Beerschot VA,Genk,5,2,H,1.0,1.0,D,12.0,6.0,7.0,3.0,16.0,17.0,5.0,3.0,0.0,4.0,0.0,2.0,3.25,3.75,2.05,2020-2021,,,,,,,73.0,73.0,73.0,71.0,25.0,Balanced
B1,2020-09-18,19:45,Charleroi,Beerschot VA,3,1,H,1.0,0.0,H,14.0,11.0,4.0,2.0,11.0,11.0,7.0,1.0,0.0,1.0,0.0,0.0,1.66,3.75,5.0,2020-2021,71.0,72.0,71.0,69.0,27.0,Fast Build-Up,,,,,,
B1,2020-09-19,15:15,Oostende,Oud-Heverlee Leuven,3,1,H,1.0,0.0,H,17.0,15.0,4.0,6.0,19.0,11.0,11.0,2.0,4.0,2.0,0.0,0.0,2.0,3.5,3.6,2020-2021,68.0,69.0,68.0,66.0,27.0,Long Ball,,,,,,
B1,2020-09-19,17:30,Mouscron,Gent,0,1,A,0.0,1.0,A,15.0,14.0,3.0,7.0,12.0,5.0,11.0,3.0,3.0,0.0,0.0,0.0,4.33,3.75,1.75,2020-2021,65.0,66.0,65.0,63.0,25.0,Long Ball,75.0,76.0,75.0,72.0,27.0,Balanced
B1,2020-09-19,19:45,Waasland-Beveren,Anderlecht,2,4,A,0.0,2.0,A,14.0,17.0,6.0,7.0,16.0,11.0,5.0,7.0,4.0,1.0,0.0,0.0,6.25,4.2,1.5,2020-2021,66.0,67.0,66.0,64.0,24.0,Long Ball,73.0,73.0,73.0,71.0,29.0,Balanced
B1,2020-09-20,12:30,Waregem,Club Brugge,0,6,A,0.0,4.0,A,9.0,14.0,4.0,7.0,10.0,12.0,2.0,4.0,1.0,1.0,0.0,0.0,6.25,4.2,1.5,2020-2021,69.0,70.0,69.0,67.0,28.0,Balanced,76.0,75.0,77.0,73.0,28.0,Balanced
B1,2020-09-20,15:00,Standard,Kortrijk,2,1,H,2.0,1.0,H,16.0,2.0,5.0,1.0,17.0,21.0,6.0,3.0,0.0,3.0,0.0,0.0,1.53,4.33,5.5,2020-2021,,,,,,,,,,,,
B1,2020-09-20,17:15,Genk,Mechelen,3,1,H,1.0,1.0,D,11.0,18.0,4.0,5.0,11.0,17.0,1.0,4.0,0.0,1.0,0.0,0.0,1.61,4.2,4.75,2020-2021,73.0,73.0,73.0,71.0,25.0,Balanced,70.0,71.0,70.0,68.0,26.0,Balanced
B1,2020-09-20,19:45,Antwerp,Eupen,2,2,D,0.0,1.0,A,16.0,11.0,5.0,3.0,6.0,15.0,9.0,4.0,2.0,6.0,0.0,0.0,1.65,4.2,4.75,2020-2021,72.0,73.0,72.0,70.0,28.0,Long Ball,66.0,66.0,66.0,64.0,26.0,Balanced
B1,2020-09-21,19:45,Cercle Brugge,St Truiden,3,0,H,2.0,0.0,H,13.0,14.0,6.0,2.0,15.0,17.0,5.0,4.0,1.0,3.0,0.0,0.0,2.05,3.6,3.3,2020-2021,67.0,68.0,67.0,65.0,25.0,Balanced,68.0,68.0,68.0,66.0,26.0,Fast Build-Up
B1,2020-09-25,19:45,Kortrijk,Antwerp,1,3,A,1.0,0.0,H,15.0,14.0,5.0,3.0,24.0,6.0,6.0,2.0,2.0,0.0,0.0,0.0,3.1,3.6,2.2,2020-2021,,,,,,,72.0,73.0,72.0,70.0,28.0,Long Ball
B1,2020-09-26,15:15,Beerschot VA,Waasland-Beveren,3,2,H,1.0,2.0,A,19.0,5.0,6.0,3.0,16.0,9.0,10.0,0.0,1.0,2.0,0.0,0.0,1.45,4.5,6.5,2020-2021,,,,,,,66.0,67.0,66.0,64.0,24.0,Long Ball
B1,2020-09-26,17:30,Mechelen,St Truiden,2,0,H,0.0,0.0,D,13.0,7.0,5.0,2.0,16.0,16.0,3.0,6.0,3.0,6.0,0.0,0.0,1.75,4.0,4.2,2020-2021,70.0,71.0,70.0,68.0,26.0,Balanced,68.0,68.0,68.0,66.0,26.0,Fast Build-Up
B1,2020-09-26,19:45,Gent,Oud-Heverlee Leuven,2,3,A,0.0,2.0,A,24.0,10.0,6.0,3.0,10.0,11.0,8.0,4.0,2.0,3.0,0.0,0.0,1.44,4.75,6.0,2020-2021,75.0,76.0,75.0,72.0,27.0,Balanced,,,,,,
B1,2020-09-27,12:30,Standard,Waregem,2,2,D,0.0,1.0,A,16.0,5.0,4.0,2.0,11.0,26.0,7.0,2.0,2.0,3.0,0.0,0.0,1.5,4.0,7.0,2020-2021,,,,,,,69.0,70.0,69.0,67.0,28.0,Balanced
B1,2020-09-27,15:00,Anderlecht,Eupen,1,1,D,0.0,0.0,D,6.0,8.0,3.0,5.0,12.0,20.0,9.0,5.0,2.0,4.0,0.0,0.0,1.6,4.0,5.25,2020-2021,73.0,73.0,73.0,71.0,29.0,Balanced,66.0,66.0,66.0,64.0,26.0,Balanced
B1,2020-09-27,17:15,Club Brugge,Cercle Brugge,2,1,H,1.0,0.0,H,21.0,10.0,5.0,1.0,10.0,10.0,8.0,5.0,1.0,2.0,0.0,0.0,1.2,6.0,12.0,2020-2021,76.0,75.0,77.0,73.0,28.0,Balanced,67.0,68.0,67.0,65.0,25.0,Balanced
B1,2020-09-27,19:45,Mouscron,Charleroi,1,1,D,1.0,1.0,D,7.0,19.0,2.0,6.0,6.0,6.0,0.0,6.0,1.0,1.0,0.0,0.0,5.0,3.6,1.72,2020-2021,65.0,66.0,65.0,63.0,25.0,Long Ball,71.0,72.0,71.0,69.0,27.0,Fast Build-Up
B1,2020-09-28,19:45,Genk,Oostende,2,2,D,1.0,1.0,D,11.0,17.0,5.0,11.0,7.0,22.0,6.0,5.0,1.0,5.0,1.0,0.0,1.5,4.33,6.0,2020-2021,73.0,73.0,73.0,71.0,25.0,Balanced,68.0,69.0,68.0,66.0,27.0,Long Ball
B1,2020-10-02,19:45,Antwerp,Mechelen,4,1,H,3.0,0.0,H,11.0,15.0,6.0,5.0,8.0,13.0,4.0,6.0,1.0,2.0,0.0,0.0,1.83,4.0,3.75,2020-2021,72.0,73.0,72.0,70.0,28.0,Long Ball,70.0,71.0,70.0,68.0,26.0,Balanced
B1,2020-10-03,15:15,Waasland-Beveren,Genk,1,1,D,0.0,0.0,D,18.0,13.0,8.0,2.0,10.0,12.0,4.0,6.0,3.0,3.0,0.0,0.0,5.25,4.75,1.45,2020-2021,66.0,67.0,66.0,64.0,24.0,Long Ball,73.0,73.0,73.0,71.0,25.0,Balanced
B1,2020-10-03,17:30,Eupen,Cercle Brugge,1,2,A,1.0,1.0,D,10.0,16.0,3.0,6.0,12.0,12.0,8.0,3.0,5.0,4.0,0.0,0.0,2.0,3.6,3.5,2020-2021,66.0,66.0,66.0,64.0,26.0,Balanced,67.0,68.0,67.0,65.0,25.0,Balanced
B1,2020-10-03,17:30,Oud-Heverlee Leuven,Waregem,2,1,H,1.0,0.0,H,12.0,21.0,7.0,3.0,13.0,7.0,9.0,9.0,1.0,0.0,0.0,0.0,2.37,3.75,2.75,2020-2021,,,,,,,69.0,70.0,69.0,67.0,28.0,Balanced
B1,2020-10-03,19:45,St Truiden,Kortrijk,0,0,D,0.0,0.0,D,23.0,5.0,4.0,2.0,15.0,17.0,9.0,4.0,3.0,2.0,0.0,1.0,2.8,3.6,2.3,2020-2021,68.0,68.0,68.0,66.0,26.0,Fast Build-Up,,,,,,
B1,2020-10-04,12:30,Club Brugge,Anderlecht,3,0,H,1.0,0.0,H,22.0,5.0,6.0,2.0,18.0,15.0,8.0,1.0,1.0,4.0,0.0,1.0,1.57,4.2,5.25,2020-2021,76.0,75.0,77.0,73.0,28.0,Balanced,73.0,73.0,73.0,71.0,29.0,Balanced
B1,2020-10-04,15:00,Gent,Beerschot VA,5,1,H,3.0,0.0,H,22.0,20.0,6.0,7.0,11.0,13.0,6.0,5.0,1.0,1.0,0.0,0.0,1.75,3.8,4.33,2020-2021,75.0,76.0,75.0,72.0,27.0,Balanced,,,,,,
B1,2020-10-04,17:15,Charleroi,Standard,1,2,A,0.0,0.0,D,7.0,10.0,2.0,5.0,8.0,12.0,7.0,8.0,2.0,3.0,0.0,0.0,2.2,3.6,3.0,2020-2021,71.0,72.0,71.0,69.0,27.0,Fast Build-Up,,,,,,
B1,2020-10-04,19:45,Oostende,Mouscron,3,0,H,0.0,0.0,D,16.0,4.0,5.0,1.0,10.0,7.0,6.0,0.0,1.0,0.0,0.0,0.0,1.72,3.8,4.2,2020-2021,68.0,69.0,68.0,66.0,27.0,Long Ball,65.0,66.0,65.0,63.0,25.0,Long Ball
B1,2020-10-17,15:15,Cercle Brugge,Gent,5,2,H,2.0,1.0,H,14.0,17.0,9.0,6.0,7.0,12.0,5.0,9.0,0.0,0.0,0.0,0.0,3.25,4.0,2.0,2020-2021,67.0,68.0,67.0,65.0,25.0,Balanced,75.0,76.0,75.0,72.0,27.0,Balanced
B1,2020-10-17,17:30,Beerschot VA,St Truiden,6,3,H,5.0,1.0,H,15.0,12.0,7.0,5.0,14.0,16.0,4.0,4.0,0.0,4.0,0.0,0.0,1.66,4.0,4.33,2020-2021,,,,,,,68.0,68.0,68.0,66.0,26.0,Fast Build-Up
B1,2020-10-17,17:30,Mechelen,Kortrijk,1,2,A,0.0,0.0,D,19.0,12.0,6.0,6.0,12.0,7.0,7.0,6.0,2.0,1.0,1.0,0.0,2.0,3.75,3.5,2020-2021,70.0,71.0,70.0,68.0,26.0,Balanced,,,,,,
B1,2020-10-17,19:45,Standard,Club Brugge,1,1,D,0.0,1.0,A,13.0,9.0,4.0,3.0,11.0,16.0,8.0,5.0,2.0,3.0,0.0,0.0,3.5,3.5,2.0,2020-2021,,,,,,,76.0,75.0,77.0,73.0,28.0,Balanced
B1,2020-10-18,12:30,Waregem,Antwerp,1,3,A,1.0,0.0,H,15.0,22.0,6.0,12.0,6.0,9.0,3.0,9.0,1.0,1.0,0.0,0.0,3.2,3.6,2.0,2020-2021,69.0,70.0,69.0,67.0,28.0,Balanced,72.0,73.0,72.0,70.0,28.0,Long Ball
B1,2020-10-18,15:00,Mouscron,Eupen,0,2,A,0.0,0.0,D,17.0,13.0,6.0,6.0,9.0,15.0,5.0,4.0,3.0,1.0,0.0,0.0,3.0,3.6,2.2,2020-2021,65.0,66.0,65.0,63.0,25.0,Long Ball,66.0,66.0,66.0,64.0,26.0,Balanced
B1,2020-10-18,17:15,Genk,Charleroi,2,1,H,1.0,0.0,H,11.0,14.0,6.0,5.0,21.0,15.0,4.0,5.0,4.0,2.0,1.0,0.0,2.5,3.5,2.7,2020-2021,73.0,73.0,73.0,71.0,25.0,Balanced,71.0,72.0,71.0,69.0,27.0,Fast Build-Up
B1,2020-10-18,19:30,Anderlecht,Oud-Heverlee Leuven,2,2,D,2.0,0.0,H,21.0,18.0,4.0,6.0,10.0,16.0,3.0,8.0,1.0,2.0,0.0,0.0,1.5,4.33,6.0,2020-2021,73.0,73.0,73.0,71.0,29.0,Balanced,,,,,,
B1,2020-10-23,19:45,Kortrijk,Anderlecht,1,3,A,0.0,2.0,A,14.0,16.0,3.0,7.0,10.0,20.0,4.0,3.0,0.0,2.0,0.0,0.0,3.5,3.6,2.0,2020-2021,,,,,,,73.0,73.0,73.0,71.0,29.0,Balanced
B1,2020-10-24,19:45,Oud-Heverlee Leuven,Club Brugge,2,1,H,1.0,1.0,D,12.0,20.0,6.0,10.0,14.0,14.0,4.0,4.0,2.0,3.0,0.0,0.0,6.5,4.5,1.45,2020-2021,,,,,,,76.0,75.0,77.0,73.0,28.0,Balanced
B1,2020-10-25,12:30,Antwerp,Beerschot VA,3,2,H,2.0,1.0,H,11.0,11.0,3.0,2.0,10.0,11.0,8.0,6.0,4.0,2.0,0.0,0.0,1.85,4.0,3.75,2020-2021,72.0,73.0,72.0,70.0,28.0,Long Ball,,,,,,
B1,2020-10-25,15:00,Oostende,Waregem,3,0,H,3.0,0.0,H,15.0,22.0,9.0,4.0,14.0,13.0,4.0,10.0,1.0,1.0,0.0,0.0,1.83,3.75,4.0,2020-2021,68.0,69.0,68.0,66.0,27.0,Long Ball,69.0,70.0,69.0,67.0,28.0,Balanced
B1,2020-10-25,17:15,St Truiden,Standard,2,0,H,1.0,0.0,H,9.0,10.0,2.0,4.0,12.0,13.0,4.0,3.0,1.0,1.0,0.0,0.0,4.5,4.0,1.75,2020-2021,68.0,68.0,68.0,66.0,26.0,Fast Build-Up,,,,,,
B1,2020-10-26,19:45,Gent,Genk,1,2,A,1.0,1.0,D,16.0,8.0,6.0,3.0,15.0,10.0,8.0,3.0,1.0,2.0,0.0,0.0,1.85,3.8,3.75,2020-2021,75.0,76.0,75.0,72.0,27.0,Balanced,73.0,73.0,73.0,71.0,25.0,Balanced
B1,2020-10-30,19:45,Genk,Eupen,4,0,H,1.0,0.0,H,14.0,15.0,8.0,4.0,12.0,12.0,3.0,6.0,1.0,2.0,0.0,0.0,1.8,3.8,3.75,2020-2021,73.0,73.0,73.0,71.0,25.0,Balanced,66.0,66.0,66.0,64.0,26.0,Balanced
B1,2020-10-31,15:15,Beerschot VA,Oud-Heverlee Leuven,4,2,H,2.0,1.0,H,18.0,18.0,9.0,5.0,19.0,11.0,7.0,5.0,5.0,1.0,0.0,0.0,1.83,4.0,3.6,2020-2021,,,,,,,,,,,,
B1,2020-10-31,17:30,Charleroi,Cercle Brugge,3,0,H,0.0,0.0,D,20.0,9.0,9.0,3.0,18.0,8.0,11.0,1.0,2.0,1.0,0.0,0.0,1.5,4.2,6.5,2020-2021,71.0,72.0,71.0,69.0,27.0,Fast Build-Up,67.0,68.0,67.0,65.0,25.0,Balanced
B1,2020-10-31,19:45,Club Brugge,Mechelen,2,2,D,2.0,1.0,H,14.0,10.0,5.0,7.0,15.0,4.0,3.0,2.0,1.0,0.0,0.0,0.0,1.25,5.5,11.0,2020-2021,76.0,75.0,77.0,73.0,28.0,Balanced,70.0,71.0,70.0,68.0,26.0,Balanced
B1,2020-11-01,12:30,Anderlecht,Antwerp,1,0,H,0.0,0.0,D,14.0,15.0,4.0,6.0,8.0,9.0,4.0,6.0,0.0,3.0,0.0,0.0,2.05,3.4,3.5,2020-2021,73.0,73.0,73.0,71.0,29.0,Balanced,72.0,73.0,72.0,70.0,28.0,Long Ball
B1,2020-11-01,17:15,Standard,Oostende,1,0,H,0.0,0.0,D,13.0,10.0,2.0,2.0,13.0,19.0,9.0,4.0,1.0,3.0,0.0,0.0,1.72,4.0,4.33,2020-2021,,,,,,,68.0,69.0,68.0,66.0,27.0,Long Ball
B1,2020-11-01,19:45,Waasland-Beveren,Gent,1,4,A,0.0,4.0,A,14.0,16.0,4.0,9.0,10.0,8.0,7.0,3.0,4.0,0.0,0.0,0.0,5.75,4.75,1.44,2020-2021,66.0,67.0,66.0,64.0,24.0,Long Ball,75.0,76.0,75.0,72.0,27.0,Balanced
B1,2020-11-02,19:45,Waregem,Kortrijk,1,1,D,0.0,0.0,D,8.0,16.0,2.0,5.0,20.0,8.0,3.0,9.0,2.0,0.0,1.0,0.0,2.4,3.75,2.7,2020-2021,69.0,70.0,69.0,67.0,28.0,Balanced,,,,,,
B1,2020-11-06,19:45,Mechelen,Charleroi,3,3,D,2.0,1.0,H,20.0,9.0,7.0,2.0,9.0,12.0,4.0,6.0,2.0,3.0,0.0,0.0,3.0,3.4,2.3,2020-2021,70.0,71.0,70.0,68.0,26.0,Balanced,71.0,72.0,71.0,69.0,27.0,Fast Build-Up
B1,2020-11-07,15:15,Kortrijk,Beerschot VA,5,5,D,2.0,1.0,H,23.0,23.0,8.0,12.0,11.0,14.0,6.0,6.0,2.0,2.0,0.0,0.0,2.37,3.6,2.75,2020-2021,,,,,,,,,,,,
B1,2020-11-07,17:30,Eupen,Waasland-Beveren,1,1,D,0.0,1.0,A,25.0,9.0,8.0,3.0,12.0,12.0,14.0,4.0,1.0,2.0,0.0,0.0,1.45,4.33,7.0,2020-2021,66.0,66.0,66.0,64.0,26.0,Balanced,66.0,67.0,66.0,64.0,24.0,Long Ball
B1,2020-11-07,19:45,St Truiden,Genk,1,2,A,1.0,2.0,A,15.0,8.0,2.0,5.0,21.0,19.0,11.0,4.0,5.0,2.0,1.0,0.0,3.5,3.5,2.0,2020-2021,68.0,68.0,68.0,66.0,26.0,Fast Build-Up,73.0,73.0,73.0,71.0,25.0,Balanced
B1,2020-11-08,12:30,Antwerp,Standard,1,1,D,1.0,0.0,H,17.0,10.0,4.0,3.0,4.0,14.0,3.0,3.0,0.0,3.0,0.0,0.0,2.25,3.3,3.1,2020-2021,72.0,73.0,72.0,70.0,28.0,Long Ball,,,,,,
B1,2020-11-08,15:00,Oostende,Club Brugge,1,3,A,1.0,1.0,D,14.0,15.0,5.0,7.0,10.0,8.0,4.0,8.0,3.0,0.0,1.0,0.0,4.33,4.0,1.7,2020-2021,68.0,69.0,68.0,66.0,27.0,Long Ball,76.0,75.0,77.0,73.0,28.0,Balanced
B1,2020-11-08,17:15,Gent,Anderlecht,1,1,D,0.0,1.0,A,8.0,10.0,3.0,3.0,20.0,13.0,2.0,7.0,3.0,4.0,0.0,0.0,2.25,3.5,2.9,2020-2021,75.0,76.0,75.0,72.0,27.0,Balanced,73.0,73.0,73.0,71.0,29.0,Balanced
B1,2020-11-08,19:45,Cercle Brugge,Waregem,1,3,A,0.0,2.0,A,14.0,16.0,5.0,6.0,8.0,13.0,4.0,8.0,3.0,3.0,0.0,0.0,1.9,3.75,3.6,2020-2021,67.0,68.0,67.0,65.0,25.0,Balanced,69.0,70.0,69.0,67.0,28.0,Balanced
B1,2020-11-21,15:15,Standard,Eupen,2,2,D,1.0,1.0,D,14.0,11.0,6.0,5.0,11.0,22.0,3.0,3.0,2.0,0.0,1.0,0.0,1.65,3.75,5.25,2020-2021,,,,,,,66.0,66.0,66.0,64.0,26.0,Balanced
B1,2020-11-21,17:30,Oostende,Antwerp,1,1,D,0.0,0.0,D,14.0,12.0,3.0,5.0,13.0,8.0,7.0,5.0,1.0,1.0,0.0,0.0,3.1,3.5,2.15,2020-2021,68.0,69.0,68.0,66.0,27.0,Long Ball,72.0,73.0,72.0,70.0,28.0,Long Ball
B1,2020-11-21,17:30,Waasland-Beveren,Cercle Brugge,0,2,A,0.0,1.0,A,12.0,9.0,5.0,5.0,11.0,11.0,5.0,7.0,4.0,3.0,1.0,0.0,3.1,3.9,2.05,2020-2021,66.0,67.0,66.0,64.0,24.0,Long Ball,67.0,68.0,67.0,65.0,25.0,Balanced
B1,2020-11-21,19:45,Club Brugge,Kortrijk,1,0,H,0.0,0.0,D,17.0,5.0,4.0,2.0,8.0,18.0,7.0,2.0,0.0,3.0,0.0,0.0,1.28,5.75,9.0,2020-2021,76.0,75.0,77.0,73.0,28.0,Balanced,,,,,,
B1,2020-11-22,12:30,Beerschot VA,Anderlecht,2,1,H,1.0,0.0,H,13.0,13.0,10.0,2.0,21.0,17.0,5.0,3.0,2.0,2.0,0.0,0.0,3.0,3.75,2.15,2020-2021,,,,,,,73.0,73.0,73.0,71.0,29.0,Balanced
B1,2020-11-22,15:00,Waregem,Mechelen,1,2,A,0.0,1.0,A,5.0,9.0,1.0,3.0,11.0,26.0,3.0,4.0,0.0,2.0,0.0,0.0,2.8,3.5,2.37,2020-2021,69.0,70.0,69.0,67.0,28.0,Balanced,70.0,71.0,70.0,68.0,26.0,Balanced
B1,2020-11-22,17:15,Charleroi,Gent,0,1,A,0.0,1.0,A,5.0,9.0,3.0,4.0,10.0,18.0,3.0,4.0,1.0,2.0,0.0,0.0,2.0,3.6,3.5,2020-2021,71.0,72.0,71.0,69.0,27.0,Fast Build-Up,75.0,76.0,75.0,72.0,27.0,Balanced
B1,2020-11-22,19:45,Genk,Mouscron,4,1,H,1.0,1.0,D,15.0,17.0,10.0,3.0,10.0,22.0,5.0,3.0,1.0,4.0,0.0,0.0,1.36,4.75,7.5,2020-2021,73.0,73.0,73.0,71.0,25.0,Balanced,65.0,66.0,65.0,63.0,25.0,Long Ball
B1,2020-11-23,19:45,Oud-Heverlee Leuven,St Truiden,2,2,D,1.0,1.0,D,18.0,10.0,7.0,3.0,16.0,19.0,4.0,1.0,1.0,4.0,0.0,0.0,1.9,3.8,3.5,2020-2021,,,,,,,68.0,68.0,68.0,66.0,26.0,Fast Build-Up
B1,2020-11-24,16:00,Waasland-Beveren,Oostende,2,0,H,0.0,0.0,D,14.0,12.0,5.0,2.0,10.0,13.0,2.0,6.0,2.0,2.0,0.0,0.0,6.5,4.5,1.5,2020-2021,66.0,67.0,66.0,64.0,24.0,Long Ball,68.0,69.0,68.0,66.0,27.0,Long Ball
B1,2020-11-25,16:00,Cercle Brugge,Mouscron,1,2,A,0.0,0.0,D,13.0,9.0,3.0,2.0,12.0,11.0,4.0,5.0,4.0,2.0,0.0,0.0,1.66,4.0,4.75,2020-2021,67.0,68.0,67.0,65.0,25.0,Balanced,65.0,66.0,65.0,63.0,25.0,Long Ball
B1,2020-11-27,19:45,Eupen,Charleroi,3,1,H,1.0,0.0,H,6.0,15.0,3.0,2.0,14.0,11.0,6.0,3.0,1.0,5.0,0.0,0.0,3.1,3.5,2.2,2020-2021,66.0,66.0,66.0,64.0,26.0,Balanced,71.0,72.0,71.0,69.0,27.0,Fast Build-Up
B1,2020-11-28,15:15,St Truiden,Waasland-Beveren,1,1,D,1.0,0.0,H,8.0,14.0,4.0,4.0,14.0,13.0,10.0,7.0,3.0,1.0,0.0,0.0,1.75,3.8,4.33,2020-2021,68.0,68.0,68.0,66.0,26.0,Fast Build-Up,66.0,67.0,66.0,64.0,24.0,Long Ball
B1,2020-11-28,17:30,Cercle Brugge,Genk,1,5,A,0.0,4.0,A,8.0,18.0,2.0,11.0,9.0,5.0,2.0,6.0,2.0,0.0,0.0,0.0,3.5,3.75,1.9,2020-2021,67.0,68.0,67.0,65.0,25.0,Balanced,73.0,73.0,73.0,71.0,25.0,Balanced
B1,2020-11-28,19:45,Mouscron,Club Brugge,0,0,D,0.0,0.0,D,4.0,14.0,3.0,1.0,20.0,15.0,1.0,4.0,2.0,3.0,0.0,0.0,9.5,5.0,1.33,2020-2021,65.0,66.0,65.0,63.0,25.0,Long Ball,76.0,75.0,77.0,73.0,28.0,Balanced
B1,2020-11-29,12:30,Mechelen,Beerschot VA,2,3,A,2.0,1.0,H,12.0,9.0,3.0,5.0,12.0,11.0,3.0,2.0,4.0,2.0,1.0,0.0,2.1,3.75,3.1,2020-2021,70.0,71.0,70.0,68.0,26.0,Balanced,,,,,,
B1,2020-11-29,15:00,Gent,Waregem,0,3,A,0.0,2.0,A,13.0,10.0,4.0,5.0,15.0,8.0,8.0,0.0,1.0,1.0,0.0,0.0,1.5,4.5,6.0,2020-2021,75.0,76.0,75.0,72.0,27.0,Balanced,69.0,70.0,69.0,67.0,28.0,Balanced
B1,2020-11-29,17:15,Anderlecht,Standard,0,0,D,0.0,0.0,D,7.0,12.0,1.0,3.0,14.0,11.0,2.0,6.0,2.0,2.0,0.0,0.0,2.1,3.5,3.4,2020-2021,73.0,73.0,73.0,71.0,29.0,Balanced,,,,,,
B1,2020-11-29,19:45,Kortrijk,Oostende,3,1,H,1.0,1.0,D,19.0,15.0,10.0,9.0,11.0,12.0,5.0,6.0,0.0,3.0,0.0,0.0,2.25,3.75,2.8,2020-2021,,,,,,,68.0,69.0,68.0,66.0,27.0,Long Ball
B1,2020-11-30,19:45,Antwerp,Oud-Heverlee Leuven,3,2,H,2.0,2.0,D,29.0,16.0,9.0,4.0,9.0,20.0,11.0,2.0,3.0,5.0,0.0,0.0,1.6,4.2,5.25,2020-2021,72.0,73.0,72.0,70.0,28.0,Long Ball,,,,,,
B1,2020-12-01,16:00,Mouscron,St Truiden,3,2,H,1.0,0.0,H,10.0,18.0,6.0,7.0,12.0,13.0,2.0,8.0,3.0,3.0,0.0,0.0,2.9,3.4,2.4,2020-2021,65.0,66.0,65.0,63.0,25.0,Long Ball,68.0,68.0,68.0,66.0,26.0,Fast Build-Up
B1,2020-12-02,16:00,Charleroi,Waasland-Beveren,0,2,A,0.0,1.0,A,11.0,11.0,4.0,4.0,14.0,9.0,4.0,7.0,1.0,3.0,1.0,0.0,1.28,5.75,9.0,2020-2021,71.0,72.0,71.0,69.0,27.0,Fast Build-Up,66.0,67.0,66.0,64.0,24.0,Long Ball
B1,2020-12-03,16:00,Eupen,Mechelen,1,1,D,1.0,0.0,H,10.0,25.0,3.0,6.0,7.0,7.0,2.0,8.0,0.0,2.0,0.0,0.0,2.45,3.25,2.87,2020-2021,66.0,66.0,66.0,64.0,26.0,Balanced,70.0,71.0,70.0,68.0,26.0,Balanced
B1,2020-12-04,19:45,Waregem,Anderlecht,2,2,D,1.0,1.0,D,8.0,21.0,2.0,6.0,13.0,12.0,1.0,4.0,1.0,2.0,0.0,0.0,3.8,4.0,1.8,2020-2021,69.0,70.0,69.0,67.0,28.0,Balanced,73.0,73.0,73.0,71.0,29.0,Balanced
B1,2020-12-05,15:15,Waasland-Beveren,Mouscron,2,0,H,0.0,0.0,D,12.0,6.0,5.0,2.0,9.0,8.0,7.0,2.0,1.0,2.0,0.0,0.0,2.2,3.5,3.1,2020-2021,66.0,67.0,66.0,64.0,24.0,Long Ball,65.0,66.0,65.0,63.0,25.0,Long Ball
B1,2020-12-05,17:30,Oud-Heverlee Leuven,Cercle Brugge,2,1,H,1.0,0.0,H,11.0,15.0,4.0,5.0,10.0,11.0,1.0,5.0,2.0,2.0,1.0,0.0,2.15,3.75,3.1,2020-2021,,,,,,,67.0,68.0,67.0,65.0,25.0,Balanced
B1,2020-12-05,19:45,Club Brugge,St Truiden,1,0,H,0.0,0.0,D,16.0,6.0,5.0,3.0,11.0,6.0,3.0,3.0,0.0,1.0,0.0,0.0,1.2,6.5,11.0,2020-2021,76.0,75.0,77.0,73.0,28.0,Balanced,68.0,68.0,68.0,66.0,26.0,Fast Build-Up
B1,2020-12-06,12:30,Genk,Antwerp,4,2,H,2.0,1.0,H,20.0,10.0,10.0,2.0,8.0,12.0,5.0,4.0,1.0,3.0,0.0,0.0,2.15,3.4,3.2,2020-2021,73.0,73.0,73.0,71.0,25.0,Balanced,72.0,73.0,72.0,70.0,28.0,Long Ball
B1,2020-12-06,15:00,Beerschot VA,Eupen,0,1,A,0.0,1.0,A,19.0,18.0,4.0,8.0,8.0,15.0,11.0,7.0,3.0,2.0,0.0,0.0,1.83,4.0,3.75,2020-2021,,,,,,,66.0,66.0,66.0,64.0,26.0,Balanced
B1,2020-12-06,17:15,Standard,Mechelen,2,2,D,1.0,0.0,H,17.0,14.0,5.0,9.0,10.0,13.0,7.0,4.0,2.0,1.0,0.0,0.0,2.05,3.5,3.4,2020-2021,,,,,,,70.0,71.0,70.0,68.0,26.0,Balanced
B1,2020-12-06,19:45,Oostende,Gent,2,1,H,0.0,1.0,A,7.0,7.0,3.0,2.0,10.0,19.0,3.0,6.0,2.0,4.0,0.0,0.0,3.0,3.6,2.2,2020-2021,68.0,69.0,68.0,66.0,27.0,Long Ball,75.0,76.0,75.0,72.0,27.0,Balanced
B1,2020-12-07,19:45,Charleroi,Kortrijk,0,0,D,0.0,0.0,D,1.0,13.0,0.0,6.0,12.0,11.0,7.0,7.0,4.0,2.0,0.0,0.0,1.72,3.6,5.0,2020-2021,71.0,72.0,71.0,69.0,27.0,Fast Build-Up,,,,,,
B1,2020-12-08,16:00,Oud-Heverlee Leuven,Mouscron,2,0,H,0.0,0.0,D,11.0,8.0,3.0,5.0,9.0,18.0,2.0,2.0,0.0,5.0,0.0,0.0,1.75,3.75,4.5,2020-2021,,,,,,,65.0,66.0,65.0,63.0,25.0,Long Ball
B1,2020-12-11,19:45,Anderlecht,Genk,1,0,H,0.0,0.0,D,15.0,4.0,5.0,1.0,19.0,12.0,7.0,5.0,3.0,3.0,0.0,0.0,2.62,3.5,2.5,2020-2021,73.0,73.0,73.0,71.0,29.0,Balanced,73.0,73.0,73.0,71.0,25.0,Balanced
B1,2020-12-12,15:15,Mouscron,Beerschot VA,3,1,H,1.0,0.0,H,16.0,11.0,7.0,2.0,13.0,9.0,2.0,7.0,0.0,2.0,0.0,0.0,3.75,3.9,1.85,2020-2021,65.0,66.0,65.0,63.0,25.0,Long Ball,,,,,,
B1,2020-12-12,17:30,Cercle Brugge,Oostende,0,1,A,0.0,1.0,A,8.0,14.0,4.0,4.0,12.0,9.0,3.0,3.0,4.0,0.0,1.0,0.0,2.87,3.5,2.3,2020-2021,67.0,68.0,67.0,65.0,25.0,Balanced,68.0,69.0,68.0,66.0,27.0,Long Ball
B1,2020-12-12,17:30,Kortrijk,Oud-Heverlee Leuven,0,3,A,0.0,0.0,D,20.0,10.0,5.0,4.0,13.0,13.0,12.0,1.0,2.0,1.0,0.0,0.0,2.0,3.6,3.5,2020-2021,,,,,,,,,,,,
B1,2020-12-12,19:45,St Truiden,Charleroi,1,2,A,1.0,1.0,D,17.0,11.0,3.0,4.0,5.0,17.0,9.0,5.0,2.0,2.0,1.0,0.0,3.0,3.6,2.2,2020-2021,68.0,68.0,68.0,66.0,26.0,Fast Build-Up,71.0,72.0,71.0,69.0,27.0,Fast Build-Up
B1,2020-12-13,12:30,Antwerp,Club Brugge,0,2,A,0.0,1.0,A,9.0,13.0,1.0,5.0,11.0,15.0,2.0,9.0,3.0,1.0,1.0,0.0,3.1,3.5,2.2,2020-2021,72.0,73.0,72.0,70.0,28.0,Long Ball,76.0,75.0,77.0,73.0,28.0,Balanced
B1,2020-12-13,17:15,Gent,Standard,2,1,H,1.0,1.0,D,14.0,8.0,6.0,3.0,23.0,9.0,3.0,3.0,0.0,1.0,0.0,0.0,2.15,3.3,3.25,2020-2021,75.0,76.0,75.0,72.0,27.0,Balanced,,,,,,
B1,2020-12-13,19:45,Mechelen,Waasland-Beveren,2,3,A,1.0,0.0,H,12.0,10.0,5.0,5.0,13.0,11.0,3.0,1.0,0.0,0.0,1.0,0.0,1.44,4.5,6.5,2020-2021,70.0,71.0,70.0,68.0,26.0,Balanced,66.0,67.0,66.0,64.0,24.0,Long Ball
B1,2020-12-15,17:45,Cercle Brugge,Charleroi,3,4,A,2.0,0.0,H,10.0,21.0,5.0,7.0,13.0,13.0,2.0,9.0,3.0,2.0,1.0,0.0,3.25,3.6,2.1,2020-2021,67.0,68.0,67.0,65.0,25.0,Balanced,71.0,72.0,71.0,69.0,27.0,Fast Build-Up
B1,2020-12-15,17:45,Mouscron,Oud-Heverlee Leuven,2,2,D,0.0,1.0,A,17.0,12.0,7.0,9.0,9.0,9.0,6.0,4.0,5.0,2.0,0.0,0.0,2.9,3.6,2.2,2020-2021,65.0,66.0,65.0,63.0,25.0,Long Ball,,,,,,
B1,2020-12-15,20:00,Anderlecht,Oostende,2,1,H,1.0,0.0,H,9.0,14.0,5.0,3.0,12.0,16.0,2.0,3.0,0.0,3.0,1.0,0.0,1.8,3.8,4.0,2020-2021,73.0,73.0,73.0,71.0,29.0,Balanced,68.0,69.0,68.0,66.0,27.0,Long Ball
B1,2020-12-16,17:45,Antwerp,Waregem,0,1,A,0.0,1.0,A,11.0,17.0,2.0,5.0,11.0,11.0,2.0,4.0,2.0,3.0,0.0,0.0,1.5,4.33,6.0,2020-2021,72.0,73.0,72.0,70.0,28.0,Long Ball,69.0,70.0,69.0,67.0,28.0,Balanced
B1,2020-12-16,20:00,Gent,Waasland-Beveren,3,0,H,1.0,0.0,H,17.0,9.0,7.0,1.0,12.0,17.0,4.0,4.0,1.0,2.0,0.0,0.0,1.44,4.75,6.5,2020-2021,75.0,76.0,75.0,72.0,27.0,Balanced,66.0,67.0,66.0,64.0,24.0,Long Ball
B1,2020-12-16,20:00,Kortrijk,Standard,2,1,H,2.0,0.0,H,10.0,17.0,4.0,6.0,12.0,17.0,6.0,5.0,3.0,1.0,0.0,0.0,3.0,3.6,2.15,2020-2021,,,,,,,,,,,,
B1,2020-12-17,19:45,Mechelen,Club Brugge,0,3,A,0.0,0.0,D,10.0,21.0,3.0,8.0,10.0,11.0,6.0,3.0,3.0,0.0,0.0,0.0,5.25,3.8,1.65,2020-2021,70.0,71.0,70.0,68.0,26.0,Balanced,76.0,75.0,77.0,73.0,28.0,Balanced
B1,2020-12-18,19:45,Charleroi,Anderlecht,1,0,H,0.0,0.0,D,10.0,7.0,4.0,2.0,15.0,12.0,3.0,3.0,3.0,0.0,0.0,0.0,2.87,3.3,2.37,2020-2021,71.0,72.0,71.0,69.0,27.0,Fast Build-Up,73.0,73.0,73.0,71.0,29.0,Balanced
B1,2020-12-19,17:30,Waregem,St Truiden,0,2,A,0.0,0.0,D,12.0,11.0,1.0,6.0,17.0,16.0,6.0,4.0,4.0,2.0,1.0,0.0,2.2,3.6,2.9,2020-2021,69.0,70.0,69.0,67.0,28.0,Balanced,68.0,68.0,68.0,66.0,26.0,Fast Build-Up
B1,2020-12-19,19:45,Genk,Kortrijk,2,0,H,1.0,0.0,H,13.0,7.0,5.0,1.0,14.0,16.0,4.0,1.0,1.0,2.0,0.0,0.0,1.55,4.75,4.75,2020-2021,73.0,73.0,73.0,71.0,25.0,Balanced,,,,,,
B1,2020-12-20,12:30,Club Brugge,Gent,0,1,A,0.0,0.0,D,22.0,6.0,9.0,2.0,13.0,18.0,15.0,0.0,3.0,3.0,0.0,0.0,1.57,3.8,6.0,2020-2021,76.0,75.0,77.0,73.0,28.0,Balanced,75.0,76.0,75.0,72.0,27.0,Balanced
B1,2020-12-20,15:00,Oud-Heverlee Leuven,Mechelen,1,2,A,0.0,2.0,A,12.0,29.0,5.0,12.0,12.0,12.0,3.0,3.0,3.0,4.0,0.0,0.0,2.4,3.8,2.55,2020-2021,,,,,,,70.0,71.0,70.0,68.0,26.0,Balanced
B1,2020-12-20,17:15,Standard,Mouscron,0,1,A,0.0,1.0,A,13.0,10.0,6.0,4.0,13.0,14.0,5.0,1.0,4.0,1.0,0.0,0.0,1.4,4.33,8.0,2020-2021,,,,,,,65.0,66.0,65.0,63.0,25.0,Long Ball
B1,2020-12-20,19:45,Waasland-Beveren,Antwerp,0,3,A,0.0,3.0,A,9.0,16.0,1.0,7.0,16.0,14.0,5.0,7.0,1.0,4.0,0.0,0.0,4.2,3.8,1.72,2020-2021,66.0,67.0,66.0,64.0,24.0,Long Ball,72.0,73.0,72.0,70.0,28.0,Long Ball
B1,2020-12-26,13:00,Club Brugge,Eupen,3,0,H,0.0,0.0,D,14.0,9.0,6.0,2.0,9.0,16.0,12.0,2.0,0.0,2.0,1.0,0.0,1.2,6.5,13.0,2020-2021,76.0,75.0,77.0,73.0,28.0,Balanced,66.0,66.0,66.0,64.0,26.0,Balanced
B1,2020-12-26,15:15,Waregem,Cercle Brugge,1,0,H,0.0,0.0,D,7.0,14.0,3.0,3.0,17.0,15.0,5.0,7.0,3.0,2.0,0.0,0.0,2.0,3.75,3.4,2020-2021,69.0,70.0,69.0,67.0,28.0,Balanced,67.0,68.0,67.0,65.0,25.0,Balanced
B1,2020-12-26,17:30,Kortrijk,Gent,1,0,H,0.0,0.0,D,9.0,13.0,5.0,6.0,21.0,8.0,4.0,3.0,3.0,0.0,0.0,1.0,3.25,3.5,2.1,2020-2021,,,,,,,75.0,76.0,75.0,72.0,27.0,Balanced
B1,2020-12-26,17:30,Oud-Heverlee Leuven,Oostende,1,2,A,1.0,0.0,H,9.0,20.0,4.0,6.0,12.0,9.0,4.0,9.0,1.0,3.0,0.0,0.0,2.6,3.5,2.6,2020-2021,,,,,,,68.0,69.0,68.0,66.0,27.0,Long Ball
B1,2020-12-26,19:45,Standard,St Truiden,1,2,A,0.0,2.0,A,18.0,9.0,7.0,5.0,19.0,14.0,7.0,3.0,2.0,2.0,0.0,1.0,1.6,3.75,6.0,2020-2021,,,,,,,68.0,68.0,68.0,66.0,26.0,Fast Build-Up
B1,2020-12-27,12:30,Antwerp,Charleroi,2,1,H,0.0,0.0,D,17.0,6.0,6.0,1.0,13.0,12.0,8.0,2.0,1.0,1.0,0.0,0.0,2.05,3.4,3.6,2020-2021,72.0,73.0,72.0,70.0,28.0,Long Ball,71.0,72.0,71.0,69.0,27.0,Fast Build-Up
B1,2020-12-27,15:00,Genk,Waasland-Beveren,1,1,D,1.0,1.0,D,13.0,8.0,2.0,2.0,9.0,11.0,6.0,5.0,0.0,3.0,0.0,0.0,1.28,5.5,9.5,2020-2021,73.0,73.0,73.0,71.0,25.0,Balanced,66.0,67.0,66.0,64.0,24.0,Long Ball
B1,2020-12-27,17:15,Anderlecht,Beerschot VA,2,0,H,1.0,0.0,H,27.0,8.0,6.0,2.0,9.0,20.0,7.0,1.0,1.0,4.0,0.0,0.0,1.7,4.0,4.5,2020-2021,73.0,73.0,73.0,71.0,29.0,Balanced,,,,,,
B1,2020-12-27,19:45,Mechelen,Mouscron,2,1,H,1.0,0.0,H,10.0,16.0,5.0,6.0,8.0,15.0,5.0,3.0,0.0,1.0,0.0,0.0,1.57,3.8,6.5,2020-2021,70.0,71.0,70.0,68.0,26.0,Balanced,65.0,66.0,65.0,63.0,25.0,Long Ball
B1,2020-12-29,19:45,Eupen,Waregem,2,3,A,1.0,0.0,H,17.0,16.0,7.0,9.0,21.0,8.0,3.0,6.0,3.0,2.0,0.0,0.0,1.9,3.6,3.75,2020-2021,66.0,66.0,66.0,64.0,26.0,Balanced,69.0,70.0,69.0,67.0,28.0,Balanced
B1,2020-12-30,19:45,St Truiden,Beerschot VA,1,0,H,1.0,0.0,H,9.0,12.0,3.0,4.0,10.0,14.0,6.0,3.0,3.0,0.0,0.0,0.0,2.25,3.5,3.0,2020-2021,68.0,68.0,68.0,66.0,26.0,Fast Build-Up,,,,,,
B1,2021-01-06,19:45,Eupen,Genk,1,4,A,1.0,2.0,A,20.0,9.0,3.0,4.0,15.0,10.0,6.0,1.0,3.0,1.0,0.0,0.0,3.6,3.75,1.9,2020-2021,66.0,66.0,66.0,64.0,26.0,Balanced,73.0,73.0,73.0,71.0,25.0,Balanced
B1,2021-01-09,15:15,Waregem,Mouscron,1,0,H,1.0,0.0,H,6.0,17.0,1.0,5.0,13.0,15.0,2.0,10.0,3.0,2.0,0.0,0.0,1.85,3.75,3.8,2020-2021,69.0,70.0,69.0,67.0,28.0,Balanced,65.0,66.0,65.0,63.0,25.0,Long Ball
B1,2021-01-09,17:30,Cercle Brugge,Eupen,1,2,A,0.0,0.0,D,14.0,12.0,5.0,5.0,12.0,11.0,6.0,8.0,2.0,3.0,0.0,0.0,2.5,3.4,2.62,2020-2021,67.0,68.0,67.0,65.0,25.0,Balanced,66.0,66.0,66.0,64.0,26.0,Balanced
B1,2021-01-09,17:30,Kortrijk,Genk,2,1,H,1.0,1.0,D,13.0,11.0,6.0,4.0,19.0,11.0,5.0,3.0,1.0,2.0,0.0,0.0,3.5,3.4,2.1,2020-2021,,,,,,,73.0,73.0,73.0,71.0,25.0,Balanced
B1,2021-01-09,19:45,Oostende,Charleroi,3,2,H,1.0,1.0,D,19.0,11.0,6.0,3.0,15.0,7.0,6.0,3.0,2.0,0.0,0.0,0.0,2.75,3.4,2.45,2020-2021,68.0,69.0,68.0,66.0,27.0,Long Ball,71.0,72.0,71.0,69.0,27.0,Fast Build-Up
B1,2021-01-10,12:30,Mechelen,Antwerp,3,0,H,0.0,0.0,D,12.0,9.0,5.0,0.0,14.0,10.0,6.0,4.0,1.0,3.0,0.0,0.0,2.87,3.4,2.3,2020-2021,70.0,71.0,70.0,68.0,26.0,Balanced,72.0,73.0,72.0,70.0,28.0,Long Ball
B1,2021-01-10,15:00,Beerschot VA,Gent,1,1,D,1.0,1.0,D,7.0,16.0,3.0,6.0,11.0,11.0,2.0,11.0,4.0,2.0,0.0,0.0,3.1,3.5,2.15,2020-2021,,,,,,,75.0,76.0,75.0,72.0,27.0,Balanced
B1,2021-01-10,17:15,Oud-Heverlee Leuven,Anderlecht,1,0,H,0.0,0.0,D,5.0,19.0,1.0,3.0,10.0,9.0,1.0,9.0,1.0,3.0,0.0,0.0,4.0,3.6,1.9,2020-2021,,,,,,,73.0,73.0,73.0,71.0,29.0,Balanced
B1,2021-01-10,19:45,St Truiden,Club Brugge,1,2,A,0.0,2.0,A,10.0,12.0,3.0,3.0,8.0,13.0,5.0,7.0,1.0,2.0,1.0,0.0,6.0,4.2,1.53,2020-2021,68.0,68.0,68.0,66.0,26.0,Fast Build-Up,76.0,75.0,77.0,73.0,28.0,Balanced
B1,2021-01-11,19:45,Standard,Waasland-Beveren,3,1,H,1.0,0.0,H,20.0,10.0,8.0,5.0,16.0,11.0,5.0,5.0,3.0,1.0,0.0,0.0,1.45,4.2,7.0,2020-2021,,,,,,,66.0,67.0,66.0,64.0,24.0,Long Ball
B1,2021-01-12,19:45,Oostende,Eupen,1,1,D,0.0,0.0,D,18.0,6.0,4.0,2.0,15.0,10.0,10.0,2.0,2.0,3.0,0.0,1.0,1.8,3.8,4.0,2020-2021,68.0,69.0,68.0,66.0,27.0,Long Ball,66.0,66.0,66.0,64.0,26.0,Balanced
B1,2021-01-13,17:30,Beerschot VA,Cercle Brugge,1,1,D,1.0,0.0,H,3.0,14.0,1.0,2.0,9.0,12.0,2.0,7.0,2.0,1.0,0.0,0.0,1.85,3.75,3.75,2020-2021,,,,,,,67.0,68.0,67.0,65.0,25.0,Balanced
B1,2021-01-15,19:45,Eupen,Anderlecht,2,0,H,0.0,0.0,D,18.0,12.0,4.0,5.0,16.0,9.0,3.0,3.0,2.0,3.0,0.0,1.0,4.0,3.75,1.9,2020-2021,66.0,66.0,66.0,64.0,26.0,Balanced,73.0,73.0,73.0,71.0,29.0,Balanced
B1,2021-01-16,15:15,Oostende,Kortrijk,2,1,H,1.0,0.0,H,7.0,11.0,2.0,2.0,20.0,13.0,2.0,2.0,2.0,1.0,0.0,0.0,2.15,3.6,3.1,2020-2021,68.0,69.0,68.0,66.0,27.0,Long Ball,,,,,,
B1,2021-01-16,17:30,Mouscron,Genk,2,0,H,1.0,0.0,H,17.0,12.0,12.0,2.0,20.0,16.0,8.0,4.0,2.0,2.0,0.0,1.0,4.75,3.75,1.7,2020-2021,65.0,66.0,65.0,63.0,25.0,Long Ball,73.0,73.0,73.0,71.0,25.0,Balanced
B1,2021-01-16,17:30,Waasland-Beveren,Waregem,1,5,A,0.0,2.0,A,13.0,18.0,7.0,10.0,8.0,7.0,8.0,1.0,2.0,1.0,0.0,0.0,2.7,3.6,2.37,2020-2021,66.0,67.0,66.0,64.0,24.0,Long Ball,69.0,70.0,69.0,67.0,28.0,Balanced
B1,2021-01-16,19:45,Charleroi,Mechelen,0,1,A,0.0,0.0,D,10.0,10.0,5.0,1.0,14.0,21.0,7.0,4.0,1.0,1.0,0.0,0.0,2.05,3.6,3.3,2020-2021,71.0,72.0,71.0,69.0,27.0,Fast Build-Up,70.0,71.0,70.0,68.0,26.0,Balanced
B1,2021-01-17,12:30,Gent,Antwerp,0,1,A,0.0,0.0,D,10.0,7.0,4.0,1.0,14.0,8.0,5.0,4.0,1.0,3.0,0.0,0.0,1.95,3.5,4.0,2020-2021,75.0,76.0,75.0,72.0,27.0,Balanced,72.0,73.0,72.0,70.0,28.0,Long Ball
B1,2021-01-17,15:00,Cercle Brugge,Standard,0,1,A,0.0,1.0,A,7.0,5.0,0.0,3.0,22.0,13.0,7.0,3.0,1.0,1.0,0.0,0.0,3.6,3.5,2.0,2020-2021,67.0,68.0,67.0,65.0,25.0,Balanced,,,,,,
B1,2021-01-17,17:15,Beerschot VA,Club Brugge,0,3,A,0.0,2.0,A,10.0,15.0,4.0,6.0,15.0,6.0,5.0,7.0,3.0,2.0,0.0,0.0,6.5,4.75,1.45,2020-2021,,,,,,,76.0,75.0,77.0,73.0,28.0,Balanced
B1,2021-01-17,19:45,St Truiden,Oud-Heverlee Leuven,3,1,H,2.0,1.0,H,12.0,9.0,4.0,4.0,11.0,17.0,2.0,4.0,2.0,0.0,0.0,1.0,2.0,3.4,3.75,2020-2021,68.0,68.0,68.0,66.0,26.0,Fast Build-Up,,,,,,
B1,2021-01-19,17:45,Mouscron,Waasland-Beveren,1,1,D,0.0,0.0,D,14.0,8.0,4.0,4.0,14.0,12.0,6.0,6.0,4.0,1.0,0.0,0.0,1.83,3.8,4.0,2020-2021,65.0,66.0,65.0,63.0,25.0,Long Ball,66.0,67.0,66.0,64.0,24.0,Long Ball
B1,2021-01-19,20:00,Anderlecht,Charleroi,3,0,H,2.0,0.0,H,15.0,4.0,4.0,0.0,2.0,16.0,6.0,4.0,0.0,3.0,0.0,0.0,1.9,3.5,3.75,2020-2021,73.0,73.0,73.0,71.0,29.0,Balanced,71.0,72.0,71.0,69.0,27.0,Fast Build-Up
B1,2021-01-20,15:30,Kortrijk,St Truiden,0,2,A,0.0,2.0,A,29.0,8.0,7.0,2.0,14.0,12.0,9.0,1.0,2.0,0.0,0.0,0.0,2.15,3.5,3.1,2020-2021,,,,,,,68.0,68.0,68.0,66.0,26.0,Fast Build-Up
B1,2021-01-20,17:45,Eupen,Beerschot VA,3,1,H,2.0,1.0,H,13.0,5.0,5.0,3.0,8.0,14.0,7.0,4.0,0.0,2.0,0.0,1.0,1.95,3.75,3.4,2020-2021,66.0,66.0,66.0,64.0,26.0,Balanced,,,,,,
B1,2021-01-20,17:45,Mechelen,Standard,0,4,A,0.0,1.0,A,13.0,11.0,3.0,5.0,17.0,14.0,4.0,0.0,1.0,1.0,0.0,0.0,2.25,3.75,2.8,2020-2021,70.0,71.0,70.0,68.0,26.0,Balanced,,,,,,
B1,2021-01-20,20:00,Antwerp,Cercle Brugge,1,0,H,0.0,0.0,D,10.0,8.0,1.0,1.0,9.0,14.0,2.0,8.0,2.0,3.0,0.0,0.0,1.5,4.33,5.75,2020-2021,72.0,73.0,72.0,70.0,28.0,Long Ball,67.0,68.0,67.0,65.0,25.0,Balanced
B1,2021-01-20,20:00,Club Brugge,Oostende,2,1,H,1.0,1.0,D,14.0,10.0,6.0,4.0,11.0,12.0,5.0,3.0,1.0,1.0,0.0,0.0,1.28,5.5,8.5,2020-2021,76.0,75.0,77.0,73.0,28.0,Balanced,68.0,69.0,68.0,66.0,27.0,Long Ball
B1,2021-01-21,17:45,Waregem,Oud-Heverlee Leuven,2,3,A,2.0,1.0,H,11.0,17.0,5.0,8.0,12.0,9.0,5.0,9.0,1.0,0.0,0.0,0.0,2.25,3.5,3.0,2020-2021,69.0,70.0,69.0,67.0,28.0,Balanced,,,,,,
B1,2021-01-21,20:00,Genk,Gent,1,1,D,1.0,1.0,D,6.0,16.0,3.0,6.0,12.0,25.0,0.0,4.0,2.0,4.0,1.0,0.0,2.05,3.75,3.3,2020-2021,73.0,73.0,73.0,71.0,25.0,Balanced,75.0,76.0,75.0,72.0,27.0,Balanced
B1,2021-01-22,19:45,Anderlecht,Waasland-Beveren,0,0,D,0.0,0.0,D,26.0,4.0,10.0,0.0,9.0,9.0,13.0,1.0,1.0,0.0,0.0,0.0,1.28,4.5,11.0,2020-2021,73.0,73.0,73.0,71.0,29.0,Balanced,66.0,67.0,66.0,64.0,24.0,Long Ball
B1,2021-01-23,15:15,Mechelen,Eupen,3,0,H,1.0,0.0,H,14.0,12.0,8.0,4.0,9.0,16.0,5.0,10.0,3.0,1.0,0.0,0.0,1.75,3.6,3.6,2020-2021,70.0,71.0,70.0,68.0,26.0,Balanced,66.0,66.0,66.0,64.0,26.0,Balanced
B1,2021-01-23,17:30,Kortrijk,Cercle Brugge,1,2,A,1.0,2.0,A,16.0,11.0,3.0,5.0,13.0,9.0,8.0,7.0,2.0,1.0,0.0,0.0,2.0,3.75,3.0,2020-2021,,,,,,,67.0,68.0,67.0,65.0,25.0,Balanced
B1,2021-01-23,17:30,St Truiden,Mouscron,0,2,A,0.0,1.0,A,17.0,12.0,3.0,6.0,8.0,16.0,7.0,4.0,4.0,3.0,0.0,0.0,1.9,3.6,3.25,2020-2021,68.0,68.0,68.0,66.0,26.0,Fast Build-Up,65.0,66.0,65.0,63.0,25.0,Long Ball
B1,2021-01-23,19:45,Antwerp,Oostende,1,2,A,1.0,1.0,D,11.0,12.0,3.0,5.0,7.0,9.0,4.0,4.0,3.0,3.0,0.0,0.0,2.0,3.75,3.4,2020-2021,72.0,73.0,72.0,70.0,28.0,Long Ball,68.0,69.0,68.0,66.0,27.0,Long Ball
B1,2021-01-24,12:30,Club Brugge,Genk,3,2,H,1.0,2.0,A,18.0,9.0,8.0,4.0,12.0,17.0,7.0,2.0,0.0,1.0,0.0,0.0,1.55,3.8,5.0,2020-2021,76.0,75.0,77.0,73.0,28.0,Balanced,73.0,73.0,73.0,71.0,25.0,Balanced
B1,2021-01-24,15:00,Waregem,Beerschot VA,0,3,A,0.0,0.0,D,9.0,9.0,2.0,5.0,13.0,16.0,6.0,3.0,0.0,0.0,0.0,0.0,1.95,3.6,3.1,2020-2021,69.0,70.0,69.0,67.0,28.0,Balanced,,,,,,
B1,2021-01-24,17:15,Standard,Charleroi,3,2,H,2.0,1.0,H,14.0,16.0,6.0,10.0,11.0,13.0,3.0,2.0,1.0,2.0,0.0,1.0,1.9,3.6,3.3,2020-2021,,,,,,,71.0,72.0,71.0,69.0,27.0,Fast Build-Up
B1,2021-01-24,19:45,Oud-Heverlee Leuven,Gent,0,3,A,0.0,1.0,A,12.0,25.0,5.0,9.0,4.0,10.0,3.0,7.0,2.0,2.0,1.0,0.0,3.8,3.6,1.72,2020-2021,,,,,,,75.0,76.0,75.0,72.0,27.0,Balanced
B1,2021-01-26,17:45,Eupen,Antwerp,0,2,A,0.0,2.0,A,19.0,11.0,4.0,4.0,10.0,8.0,5.0,4.0,2.0,1.0,0.0,0.0,2.75,3.6,2.37,2020-2021,66.0,66.0,66.0,64.0,26.0,Balanced,72.0,73.0,72.0,70.0,28.0,Long Ball
B1,2021-01-26,17:45,Waasland-Beveren,Mechelen,2,3,A,0.0,2.0,A,9.0,17.0,6.0,7.0,13.0,13.0,6.0,10.0,2.0,1.0,0.0,0.0,4.75,4.33,1.6,2020-2021,66.0,67.0,66.0,64.0,24.0,Long Ball,70.0,71.0,70.0,68.0,26.0,Balanced
B1,2021-01-26,20:00,Mouscron,Anderlecht,1,1,D,1.0,0.0,H,7.0,11.0,1.0,2.0,23.0,11.0,5.0,4.0,2.0,1.0,0.0,0.0,5.0,3.8,1.7,2020-2021,65.0,66.0,65.0,63.0,25.0,Long Ball,73.0,73.0,73.0,71.0,29.0,Balanced
B1,2021-01-27,17:45,Beerschot VA,Kortrijk,0,0,D,0.0,0.0,D,4.0,20.0,1.0,4.0,11.0,12.0,4.0,9.0,1.0,2.0,0.0,0.0,2.4,3.5,2.8,2020-2021,,,,,,,,,,,,
B1,2021-01-27,17:45,Genk,Waregem,3,2,H,1.0,0.0,H,12.0,13.0,5.0,6.0,11.0,11.0,5.0,3.0,0.0,0.0,0.0,0.0,1.5,4.5,5.75,2020-2021,73.0,73.0,73.0,71.0,25.0,Balanced,69.0,70.0,69.0,67.0,28.0,Balanced
B1,2021-01-27,20:00,Charleroi,Oud-Heverlee Leuven,1,1,D,0.0,1.0,A,19.0,17.0,11.0,5.0,9.0,14.0,12.0,5.0,2.0,3.0,0.0,0.0,1.8,3.8,4.0,2020-2021,71.0,72.0,71.0,69.0,27.0,Fast Build-Up,,,,,,
B1,2021-01-27,20:00,Gent,St Truiden,1,1,D,0.0,1.0,A,10.0,3.0,5.0,2.0,18.0,16.0,6.0,3.0,1.0,2.0,0.0,0.0,1.57,4.0,5.75,2020-2021,75.0,76.0,75.0,72.0,27.0,Balanced,68.0,68.0,68.0,66.0,26.0,Fast Build-Up
B1,2021-01-28,17:45,Cercle Brugge,Club Brugge,1,2,A,1.0,1.0,D,8.0,8.0,5.0,3.0,9.0,9.0,2.0,6.0,0.0,2.0,0.0,0.0,7.5,5.0,1.36,2020-2021,67.0,68.0,67.0,65.0,25.0,Balanced,76.0,75.0,77.0,73.0,28.0,Balanced
B1,2021-01-28,20:00,Oostende,Standard,2,2,D,1.0,0.0,H,9.0,21.0,3.0,5.0,15.0,5.0,8.0,12.0,2.0,0.0,0.0,0.0,2.7,3.2,2.6,2020-2021,68.0,69.0,68.0,66.0,27.0,Long Ball,,,,,,
B1,2021-01-29,19:45,Antwerp,Waasland-Beveren,3,2,H,1.0,1.0,D,15.0,6.0,7.0,3.0,7.0,9.0,12.0,2.0,2.0,1.0,0.0,0.0,1.5,4.5,6.0,2020-2021,72.0,73.0,72.0,70.0,28.0,Long Ball,66.0,67.0,66.0,64.0,24.0,Long Ball
B1,2021-01-30,15:15,Mechelen,Genk,0,0,D,0.0,0.0,D,15.0,12.0,2.0,3.0,20.0,16.0,4.0,3.0,2.0,3.0,0.0,0.0,2.55,3.4,2.62,2020-2021,70.0,71.0,70.0,68.0,26.0,Balanced,73.0,73.0,73.0,71.0,25.0,Balanced
B1,2021-01-30,17:30,Eupen,Mouscron,1,1,D,1.0,0.0,H,12.0,11.0,5.0,4.0,10.0,13.0,7.0,6.0,0.0,2.0,0.0,0.0,2.05,3.3,3.5,2020-2021,66.0,66.0,66.0,64.0,26.0,Balanced,65.0,66.0,65.0,63.0,25.0,Long Ball
B1,2021-01-30,17:30,Oud-Heverlee Leuven,Beerschot VA,0,1,A,0.0,0.0,D,14.0,14.0,3.0,7.0,15.0,12.0,6.0,4.0,3.0,2.0,0.0,0.0,2.2,3.5,3.1,2020-2021,,,,,,,,,,,,
B1,2021-01-30,19:45,Kortrijk,Charleroi,1,3,A,0.0,1.0,A,12.0,14.0,4.0,5.0,14.0,19.0,5.0,3.0,1.0,1.0,1.0,0.0,2.45,3.4,2.75,2020-2021,,,,,,,71.0,72.0,71.0,69.0,27.0,Fast Build-Up
B1,2021-01-31,12:30,Club Brugge,Standard,3,1,H,2.0,1.0,H,17.0,10.0,7.0,5.0,8.0,18.0,7.0,4.0,1.0,4.0,0.0,0.0,1.55,3.8,6.5,2020-2021,76.0,75.0,77.0,73.0,28.0,Balanced,,,,,,
B1,2021-01-31,15:00,Waregem,Oostende,2,1,H,1.0,1.0,D,20.0,13.0,3.0,7.0,8.0,11.0,7.0,9.0,1.0,1.0,0.0,0.0,3.4,3.5,2.05,2020-2021,69.0,70.0,69.0,67.0,28.0,Balanced,68.0,69.0,68.0,66.0,27.0,Long Ball
B1,2021-01-31,17:15,Anderlecht,Gent,0,0,D,0.0,0.0,D,10.0,12.0,4.0,3.0,11.0,17.0,5.0,3.0,0.0,1.0,0.0,0.0,2.25,3.4,3.1,2020-2021,73.0,73.0,73.0,71.0,29.0,Balanced,75.0,76.0,75.0,72.0,27.0,Balanced
B1,2021-01-31,19:45,St Truiden,Cercle Brugge,3,0,H,1.0,0.0,H,10.0,15.0,6.0,2.0,7.0,11.0,1.0,4.0,3.0,2.0,0.0,0.0,2.0,3.5,3.5,2020-2021,68.0,68.0,68.0,66.0,26.0,Fast Build-Up,67.0,68.0,67.0,65.0,25.0,Balanced
B1,2021-02-05,19:45,Mouscron,Kortrijk,0,3,A,0.0,2.0,A,10.0,13.0,3.0,5.0,14.0,8.0,4.0,4.0,2.0,1.0,1.0,0.0,3.0,3.4,2.3,2020-2021,65.0,66.0,65.0,63.0,25.0,Long Ball,,,,,,
B1,2021-02-06,15:15,Oostende,St Truiden,3,1,H,1.0,0.0,H,13.0,5.0,4.0,2.0,8.0,14.0,7.0,5.0,0.0,1.0,0.0,0.0,2.0,3.2,3.8,2020-2021,68.0,69.0,68.0,66.0,27.0,Long Ball,68.0,68.0,68.0,66.0,26.0,Fast Build-Up
B1,2021-02-06,17:30,Cercle Brugge,Mechelen,0,1,A,0.0,0.0,D,9.0,13.0,3.0,3.0,13.0,11.0,7.0,10.0,2.0,1.0,0.0,0.0,3.0,3.6,2.15,2020-2021,67.0,68.0,67.0,65.0,25.0,Balanced,70.0,71.0,70.0,68.0,26.0,Balanced
B1,2021-02-06,17:30,Waasland-Beveren,Club Brugge,0,2,A,0.0,1.0,A,6.0,22.0,0.0,10.0,16.0,9.0,3.0,5.0,2.0,0.0,0.0,0.0,13.0,7.5,1.16,2020-2021,66.0,67.0,66.0,64.0,24.0,Long Ball,76.0,75.0,77.0,73.0,28.0,Balanced
B1,2021-02-06,19:45,Standard,Oud-Heverlee Leuven,1,1,D,0.0,0.0,D,13.0,10.0,4.0,3.0,11.0,13.0,7.0,1.0,3.0,1.0,1.0,0.0,1.65,3.8,5.0,2020-2021,,,,,,,,,,,,
B1,2021-02-07,12:30,Beerschot VA,Antwerp,1,2,A,0.0,0.0,D,6.0,11.0,3.0,2.0,8.0,16.0,5.0,7.0,4.0,3.0,0.0,0.0,3.4,3.25,2.2,2020-2021,,,,,,,72.0,73.0,72.0,70.0,28.0,Long Ball
B1,2021-02-07,15:00,Charleroi,Waregem,1,1,D,1.0,0.0,H,9.0,20.0,8.0,5.0,16.0,8.0,3.0,6.0,1.0,1.0,0.0,0.0,1.75,3.6,4.33,2020-2021,71.0,72.0,71.0,69.0,27.0,Fast Build-Up,69.0,70.0,69.0,67.0,28.0,Balanced
B1,2021-02-07,17:15,Genk,Anderlecht,1,2,A,1.0,2.0,A,5.0,11.0,1.0,3.0,16.0,11.0,5.0,2.0,3.0,2.0,0.0,0.0,2.3,3.4,3.0,2020-2021,73.0,73.0,73.0,71.0,25.0,Balanced,73.0,73.0,73.0,71.0,29.0,Balanced
B1,2021-02-07,19:45,Gent,Eupen,2,2,D,2.0,1.0,H,9.0,7.0,3.0,4.0,10.0,16.0,3.0,1.0,4.0,2.0,0.0,0.0,1.65,3.75,5.0,2020-2021,75.0,76.0,75.0,72.0,27.0,Balanced,66.0,66.0,66.0,64.0,26.0,Balanced
B1,2021-02-12,19:45,Oud-Heverlee Leuven,Kortrijk,3,1,H,3.0,0.0,H,8.0,28.0,4.0,10.0,7.0,17.0,3.0,5.0,2.0,4.0,1.0,0.0,2.9,3.4,2.37,2020-2021,,,,,,,,,,,,
B1,2021-02-13,17:30,St Truiden,Waregem,1,2,A,0.0,0.0,D,9.0,15.0,5.0,9.0,12.0,13.0,5.0,2.0,0.0,2.0,0.0,0.0,2.0,3.5,3.6,2020-2021,68.0,68.0,68.0,66.0,26.0,Fast Build-Up,69.0,70.0,69.0,67.0,28.0,Balanced
B1,2021-02-14,12:30,Standard,Antwerp,1,1,D,1.0,1.0,D,9.0,14.0,3.0,5.0,8.0,21.0,4.0,2.0,1.0,4.0,0.0,0.0,2.05,3.5,3.6,2020-2021,,,,,,,72.0,73.0,72.0,70.0,28.0,Long Ball
B1,2021-02-14,15:00,Beerschot VA,Mechelen,1,2,A,0.0,0.0,D,14.0,16.0,3.0,6.0,8.0,12.0,5.0,6.0,2.0,0.0,0.0,0.0,3.1,3.5,2.25,2020-2021,,,,,,,70.0,71.0,70.0,68.0,26.0,Balanced
B1,2021-02-14,19:45,Cercle Brugge,Anderlecht,0,0,D,0.0,0.0,D,10.0,4.0,4.0,0.0,10.0,12.0,4.0,2.0,1.0,1.0,0.0,0.0,3.8,3.6,1.9,2020-2021,67.0,68.0,67.0,65.0,25.0,Balanced,73.0,73.0,73.0,71.0,29.0,Balanced
B1,2021-02-15,19:45,Gent,Mouscron,4,0,H,1.0,0.0,H,20.0,10.0,9.0,2.0,9.0,12.0,7.0,3.0,1.0,1.0,0.0,0.0,1.5,4.2,6.5,2020-2021,75.0,76.0,75.0,72.0,27.0,Balanced,65.0,66.0,65.0,63.0,25.0,Long Ball
B1,2021-02-17,16:00,Waasland-Beveren,Eupen,1,0,H,1.0,0.0,H,11.0,9.0,5.0,4.0,18.0,18.0,4.0,5.0,3.0,2.0,0.0,0.0,4.0,3.8,1.83,2020-2021,66.0,67.0,66.0,64.0,24.0,Long Ball,66.0,66.0,66.0,64.0,26.0,Balanced
B1,2021-02-17,18:00,Oostende,Genk,3,1,H,2.0,1.0,H,7.0,10.0,4.0,1.0,13.0,8.0,4.0,2.0,1.0,2.0,0.0,0.0,2.25,3.6,2.8,2020-2021,68.0,69.0,68.0,66.0,27.0,Long Ball,73.0,73.0,73.0,71.0,25.0,Balanced
B1,2021-02-19,19:45,Mechelen,Gent,1,1,D,1.0,1.0,D,14.0,12.0,3.0,6.0,11.0,9.0,3.0,3.0,1.0,1.0,0.0,0.0,3.4,3.6,2.05,2020-2021,70.0,71.0,70.0,68.0,26.0,Balanced,75.0,76.0,75.0,72.0,27.0,Balanced
B1,2021-02-20,15:15,Eupen,Oostende,1,1,D,0.0,0.0,D,9.0,10.0,2.0,1.0,11.0,10.0,3.0,2.0,3.0,2.0,0.0,0.0,2.7,3.5,2.45,2020-2021,66.0,66.0,66.0,64.0,26.0,Balanced,68.0,69.0,68.0,66.0,27.0,Long Ball
B1,2021-02-20,17:30,Mouscron,Cercle Brugge,1,2,A,0.0,1.0,A,9.0,15.0,3.0,8.0,12.0,12.0,7.0,5.0,4.0,2.0,0.0,0.0,2.37,3.5,2.8,2020-2021,65.0,66.0,65.0,63.0,25.0,Long Ball,67.0,68.0,67.0,65.0,25.0,Balanced
B1,2021-02-20,19:45,Waasland-Beveren,Charleroi,1,1,D,0.0,0.0,D,12.0,8.0,3.0,2.0,12.0,10.0,7.0,3.0,2.0,0.0,0.0,0.0,3.6,3.5,1.9,2020-2021,66.0,67.0,66.0,64.0,24.0,Long Ball,71.0,72.0,71.0,69.0,27.0,Fast Build-Up
B1,2021-02-21,12:30,Anderlecht,Kortrijk,0,2,A,0.0,1.0,A,10.0,13.0,0.0,8.0,13.0,15.0,6.0,6.0,0.0,3.0,0.0,0.0,1.6,4.0,5.25,2020-2021,73.0,73.0,73.0,71.0,29.0,Balanced,,,,,,
B1,2021-02-21,15:00,Waregem,Standard,3,2,H,1.0,1.0,D,13.0,11.0,4.0,6.0,15.0,16.0,6.0,3.0,0.0,1.0,0.0,0.0,3.5,3.4,1.95,2020-2021,69.0,70.0,69.0,67.0,28.0,Balanced,,,,,,
B1,2021-02-21,17:15,Genk,Beerschot VA,1,2,A,0.0,0.0,D,20.0,12.0,6.0,5.0,12.0,11.0,10.0,3.0,2.0,3.0,0.0,0.0,1.61,4.33,4.75,2020-2021,73.0,73.0,73.0,71.0,25.0,Balanced,,,,,,
B1,2021-02-21,19:45,Antwerp,St Truiden,0,0,D,0.0,0.0,D,9.0,9.0,3.0,0.0,10.0,11.0,3.0,4.0,1.0,1.0,0.0,0.0,1.7,4.0,4.33,2020-2021,72.0,73.0,72.0,70.0,28.0,Long Ball,68.0,68.0,68.0,66.0,26.0,Fast Build-Up
B1,2021-02-22,19:45,Club Brugge,Oud-Heverlee Leuven,3,0,H,2.0,0.0,H,21.0,4.0,10.0,0.0,16.0,13.0,8.0,5.0,1.0,3.0,0.0,0.0,1.2,7.0,11.0,2020-2021,76.0,75.0,77.0,73.0,28.0,Balanced,,,,,,
B1,2021-02-26,19:45,Charleroi,Genk,1,2,A,0.0,1.0,A,13.0,13.0,4.0,4.0,7.0,10.0,3.0,6.0,2.0,2.0,0.0,0.0,3.1,3.5,2.2,2020-2021,71.0,72.0,71.0,69.0,27.0,Fast Build-Up,73.0,73.0,73.0,71.0,25.0,Balanced
B1,2021-02-27,15:15,Cercle Brugge,Waasland-Beveren,2,0,H,1.0,0.0,H,13.0,9.0,4.0,2.0,15.0,14.0,1.0,1.0,2.0,5.0,0.0,0.0,1.75,4.0,4.2,2020-2021,67.0,68.0,67.0,65.0,25.0,Balanced,66.0,67.0,66.0,64.0,24.0,Long Ball
B1,2021-02-27,17:30,Oostende,Mechelen,2,0,H,1.0,0.0,H,15.0,15.0,6.0,1.0,12.0,4.0,5.0,11.0,2.0,3.0,0.0,0.0,2.37,3.6,2.7,2020-2021,68.0,69.0,68.0,66.0,27.0,Long Ball,70.0,71.0,70.0,68.0,26.0,Balanced
B1,2021-02-27,19:45,Kortrijk,Waregem,1,2,A,1.0,1.0,D,8.0,9.0,6.0,3.0,16.0,15.0,1.0,6.0,1.0,4.0,0.0,0.0,1.95,3.6,3.5,2020-2021,,,,,,,69.0,70.0,69.0,67.0,28.0,Balanced
B1,2021-02-28,12:30,Standard,Anderlecht,1,3,A,0.0,1.0,A,13.0,11.0,4.0,4.0,22.0,19.0,2.0,3.0,3.0,2.0,0.0,0.0,2.5,3.5,2.62,2020-2021,,,,,,,73.0,73.0,73.0,71.0,29.0,Balanced
B1,2021-02-28,15:00,Beerschot VA,Mouscron,2,2,D,0.0,1.0,A,9.0,10.0,3.0,3.0,9.0,14.0,3.0,4.0,2.0,5.0,0.0,0.0,2.05,3.6,3.3,2020-2021,,,,,,,65.0,66.0,65.0,63.0,25.0,Long Ball
B1,2021-02-28,19:45,St Truiden,Eupen,0,2,A,0.0,1.0,A,11.0,10.0,3.0,4.0,4.0,8.0,6.0,9.0,2.0,1.0,1.0,0.0,2.15,3.6,3.0,2020-2021,68.0,68.0,68.0,66.0,26.0,Fast Build-Up,66.0,66.0,66.0,64.0,26.0,Balanced
B1,2021-03-01,19:45,Oud-Heverlee Leuven,Antwerp,2,0,H,2.0,0.0,H,10.0,13.0,6.0,6.0,10.0,15.0,2.0,5.0,1.0,2.0,0.0,0.0,3.4,3.6,2.0,2020-2021,,,,,,,72.0,73.0,72.0,70.0,28.0,Long Ball
B1,2021-03-05,19:45,Charleroi,St Truiden,0,0,D,0.0,0.0,D,18.0,5.0,4.0,4.0,9.0,11.0,4.0,1.0,1.0,2.0,0.0,0.0,2.2,3.6,3.0,2020-2021,71.0,72.0,71.0,69.0,27.0,Fast Build-Up,68.0,68.0,68.0,66.0,26.0,Fast Build-Up
B1,2021-03-06,15:15,Eupen,Oud-Heverlee Leuven,3,3,D,2.0,2.0,D,10.0,13.0,7.0,8.0,21.0,9.0,2.0,6.0,4.0,2.0,0.0,0.0,1.75,3.8,4.2,2020-2021,66.0,66.0,66.0,64.0,26.0,Balanced,,,,,,
B1,2021-03-06,17:30,Waasland-Beveren,Beerschot VA,1,2,A,1.0,1.0,D,18.0,7.0,6.0,2.0,13.0,17.0,9.0,1.0,2.0,2.0,0.0,0.0,3.0,3.6,2.15,2020-2021,66.0,67.0,66.0,64.0,24.0,Long Ball,,,,,,
B1,2021-03-06,19:45,Antwerp,Kortrijk,4,2,H,1.0,0.0,H,9.0,18.0,7.0,8.0,11.0,15.0,5.0,9.0,1.0,1.0,1.0,0.0,1.9,3.6,3.6,2020-2021,72.0,73.0,72.0,70.0,28.0,Long Ball,,,,,,
B1,2021-03-07,12:30,Mouscron,Standard,1,0,H,1.0,0.0,H,8.0,21.0,0.0,4.0,11.0,16.0,3.0,14.0,2.0,1.0,0.0,0.0,3.5,3.6,2.0,2020-2021,65.0,66.0,65.0,63.0,25.0,Long Ball,,,,,,
B1,2021-03-07,15:00,Club Brugge,Waregem,3,0,H,2.0,0.0,H,18.0,7.0,8.0,1.0,6.0,6.0,6.0,2.0,0.0,1.0,0.0,0.0,1.22,7.0,10.0,2020-2021,76.0,75.0,77.0,73.0,28.0,Balanced,69.0,70.0,69.0,67.0,28.0,Balanced
B1,2021-03-07,17:15,Anderlecht,Mechelen,1,1,D,1.0,0.0,H,14.0,7.0,3.0,2.0,16.0,16.0,6.0,0.0,0.0,1.0,0.0,0.0,1.9,3.75,3.6,2020-2021,73.0,73.0,73.0,71.0,29.0,Balanced,70.0,71.0,70.0,68.0,26.0,Balanced
B1,2021-03-07,19:45,Genk,Cercle Brugge,2,0,H,2.0,0.0,H,15.0,7.0,8.0,1.0,9.0,17.0,8.0,2.0,1.0,4.0,0.0,1.0,1.7,3.8,4.33,2020-2021,73.0,73.0,73.0,71.0,25.0,Balanced,67.0,68.0,67.0,65.0,25.0,Balanced
B1,2021-03-08,19:45,Gent,Oostende,1,0,H,1.0,0.0,H,7.0,15.0,2.0,3.0,16.0,10.0,4.0,2.0,1.0,0.0,0.0,0.0,1.72,3.8,4.5,2020-2021,75.0,76.0,75.0,72.0,27.0,Balanced,68.0,69.0,68.0,66.0,27.0,Long Ball
B1,2021-03-12,19:45,Charleroi,Club Brugge,1,1,D,0.0,1.0,A,5.0,8.0,3.0,2.0,10.0,7.0,7.0,7.0,3.0,0.0,0.0,0.0,6.5,4.0,1.5,2020-2021,71.0,72.0,71.0,69.0,27.0,Fast Build-Up,76.0,75.0,77.0,73.0,28.0,Balanced
B1,2021-03-15,19:45,Gent,Club Brugge,0,4,A,0.0,0.0,D,11.0,8.0,2.0,5.0,14.0,13.0,5.0,6.0,0.0,1.0,0.0,0.0,3.3,3.6,2.1,2020-2021,75.0,76.0,75.0,72.0,27.0,Balanced,76.0,75.0,77.0,73.0,28.0,Balanced
B1,2021-03-19,19:45,Genk,Standard,2,2,D,0.0,0.0,D,14.0,20.0,5.0,5.0,9.0,15.0,3.0,6.0,2.0,4.0,0.0,0.0,2.05,3.4,3.5,2020-2021,73.0,73.0,73.0,71.0,25.0,Balanced,,,,,,
B1,2021-03-20,17:30,Mouscron,Oostende,0,1,A,0.0,0.0,D,10.0,15.0,2.0,5.0,10.0,11.0,2.0,9.0,1.0,1.0,0.0,0.0,3.6,3.3,2.05,2020-2021,65.0,66.0,65.0,63.0,25.0,Long Ball,68.0,69.0,68.0,66.0,27.0,Long Ball
B1,2021-03-20,19:45,Eupen,Kortrijk,2,0,H,0.0,0.0,D,23.0,8.0,8.0,0.0,8.0,10.0,6.0,4.0,2.0,2.0,0.0,0.0,2.45,3.3,2.75,2020-2021,66.0,66.0,66.0,64.0,26.0,Balanced,,,,,,
B1,2021-03-21,12:30,Club Brugge,Antwerp,0,2,A,0.0,2.0,A,14.0,5.0,4.0,2.0,8.0,14.0,5.0,2.0,4.0,2.0,1.0,0.0,1.5,4.2,6.5,2020-2021,76.0,75.0,77.0,73.0,28.0,Balanced,72.0,73.0,72.0,70.0,28.0,Long Ball
B1,2021-03-21,15:00,Mechelen,Oud-Heverlee Leuven,2,2,D,1.0,1.0,D,20.0,12.0,8.0,4.0,17.0,11.0,6.0,4.0,3.0,1.0,0.0,0.0,1.8,3.75,4.33,2020-2021,70.0,71.0,70.0,68.0,26.0,Balanced,,,,,,
B1,2021-03-21,17:15,Anderlecht,Waregem,4,1,H,2.0,1.0,H,26.0,4.0,11.0,1.0,10.0,5.0,5.0,3.0,2.0,1.0,1.0,1.0,1.57,4.0,5.75,2020-2021,73.0,73.0,73.0,71.0,29.0,Balanced,69.0,70.0,69.0,67.0,28.0,Balanced
B1,2021-03-21,19:45,Gent,Cercle Brugge,1,0,H,0.0,0.0,D,9.0,7.0,5.0,3.0,18.0,19.0,3.0,2.0,2.0,2.0,0.0,0.0,2.05,3.75,3.2,2020-2021,75.0,76.0,75.0,72.0,27.0,Balanced,67.0,68.0,67.0,65.0,25.0,Balanced
B1,2021-04-03,15:15,Oostende,Waasland-Beveren,0,2,A,0.0,2.0,A,18.0,15.0,6.0,7.0,9.0,19.0,4.0,3.0,2.0,2.0,2.0,0.0,1.44,4.5,7.0,2020-2021,68.0,69.0,68.0,66.0,27.0,Long Ball,66.0,67.0,66.0,64.0,24.0,Long Ball
B1,2021-04-03,17:30,St Truiden,Mechelen,2,1,H,2.0,0.0,H,12.0,15.0,3.0,6.0,13.0,9.0,5.0,8.0,0.0,2.0,0.0,0.0,2.9,3.4,2.4,2020-2021,68.0,68.0,68.0,66.0,26.0,Fast Build-Up,70.0,71.0,70.0,68.0,26.0,Balanced
B1,2021-04-03,19:45,Kortrijk,Club Brugge,1,2,A,1.0,1.0,D,11.0,13.0,5.0,3.0,14.0,15.0,3.0,9.0,4.0,2.0,0.0,0.0,6.5,4.2,1.5,2020-2021,,,,,,,76.0,75.0,77.0,73.0,28.0,Balanced
B1,2021-04-04,12:30,Cercle Brugge,Beerschot VA,2,1,H,2.0,0.0,H,7.0,8.0,3.0,1.0,10.0,15.0,2.0,4.0,3.0,1.0,1.0,0.0,1.95,3.6,3.6,2020-2021,67.0,68.0,67.0,65.0,25.0,Balanced,,,,,,
B1,2021-04-04,17:15,Standard,Gent,2,1,H,0.0,1.0,A,16.0,13.0,4.0,4.0,9.0,14.0,6.0,7.0,2.0,4.0,0.0,0.0,2.55,3.4,2.62,2020-2021,,,,,,,75.0,76.0,75.0,72.0,27.0,Balanced
B1,2021-04-04,19:45,Charleroi,Mouscron,1,1,D,0.0,0.0,D,15.0,18.0,6.0,4.0,17.0,17.0,6.0,5.0,1.0,3.0,0.0,0.0,1.8,3.6,4.5,2020-2021,71.0,72.0,71.0,69.0,27.0,Fast Build-Up,65.0,66.0,65.0,63.0,25.0,Long Ball
B1,2021-04-05,12:30,Oud-Heverlee Leuven,Genk,2,3,A,0.0,1.0,A,10.0,21.0,7.0,8.0,8.0,12.0,7.0,7.0,1.0,0.0,0.0,0.0,3.75,3.5,1.95,2020-2021,,,,,,,73.0,73.0,73.0,71.0,25.0,Balanced
B1,2021-04-05,15:00,Waregem,Eupen,2,1,H,0.0,1.0,A,24.0,21.0,10.0,8.0,9.0,15.0,7.0,8.0,1.0,3.0,0.0,1.0,2.3,3.4,2.9,2020-2021,69.0,70.0,69.0,67.0,28.0,Balanced,66.0,66.0,66.0,64.0,26.0,Balanced
B1,2021-04-05,17:15,Antwerp,Anderlecht,1,4,A,0.0,0.0,D,9.0,14.0,4.0,8.0,11.0,11.0,1.0,7.0,0.0,1.0,0.0,0.0,3.0,3.2,2.45,2020-2021,72.0,73.0,72.0,70.0,28.0,Long Ball,73.0,73.0,73.0,71.0,29.0,Balanced
B1,2021-04-06,18:00,Waasland-Beveren,St Truiden,2,4,A,1.0,1.0,D,13.0,19.0,6.0,8.0,11.0,7.0,4.0,6.0,5.0,1.0,2.0,0.0,3.1,3.5,2.2,2020-2021,66.0,67.0,66.0,64.0,24.0,Long Ball,68.0,68.0,68.0,66.0,26.0,Fast Build-Up
B1,2021-04-07,18:00,Beerschot VA,Charleroi,2,1,H,1.0,0.0,H,12.0,16.0,4.0,3.0,13.0,14.0,3.0,9.0,2.0,2.0,0.0,0.0,2.8,3.5,2.37,2020-2021,,,,,,,71.0,72.0,71.0,69.0,27.0,Fast Build-Up
B1,2021-04-09,19:45,Eupen,Standard,0,4,A,0.0,1.0,A,11.0,19.0,3.0,6.0,10.0,12.0,6.0,5.0,1.0,0.0,0.0,0.0,3.5,3.4,2.05,2020-2021,66.0,66.0,66.0,64.0,26.0,Balanced,,,,,,
B1,2021-04-10,15:15,Cercle Brugge,Oud-Heverlee Leuven,3,0,H,1.0,0.0,H,12.0,13.0,6.0,2.0,13.0,13.0,4.0,11.0,4.0,1.0,1.0,0.0,2.0,3.75,3.4,2020-2021,67.0,68.0,67.0,65.0,25.0,Balanced,,,,,,
B1,2021-04-10,17:30,Mechelen,Waregem,4,2,H,2.0,0.0,H,20.0,18.0,12.0,5.0,14.0,9.0,3.0,7.0,3.0,0.0,0.0,0.0,1.75,4.2,4.0,2020-2021,70.0,71.0,70.0,68.0,26.0,Balanced,69.0,70.0,69.0,67.0,28.0,Balanced
B1,2021-04-10,19:45,Gent,Charleroi,4,0,H,2.0,0.0,H,17.0,9.0,8.0,2.0,12.0,14.0,9.0,3.0,3.0,2.0,0.0,0.0,1.66,4.0,4.75,2020-2021,75.0,76.0,75.0,72.0,27.0,Balanced,71.0,72.0,71.0,69.0,27.0,Fast Build-Up
B1,2021-04-11,12:30,Genk,St Truiden,4,0,H,3.0,0.0,H,19.0,6.0,8.0,2.0,13.0,13.0,5.0,2.0,0.0,1.0,0.0,0.0,1.55,4.2,5.5,2020-2021,73.0,73.0,73.0,71.0,25.0,Balanced,68.0,68.0,68.0,66.0,26.0,Fast Build-Up
B1,2021-04-11,15:00,Waasland-Beveren,Kortrijk,3,4,A,2.0,1.0,H,10.0,12.0,5.0,9.0,10.0,15.0,6.0,3.0,1.0,1.0,0.0,0.0,3.4,3.8,2.0,2020-2021,66.0,67.0,66.0,64.0,24.0,Long Ball,,,,,,
B1,2021-04-11,17:15,Anderlecht,Club Brugge,2,1,H,0.0,0.0,D,8.0,10.0,3.0,3.0,7.0,20.0,3.0,4.0,1.0,3.0,0.0,0.0,3.5,3.25,2.15,2020-2021,73.0,73.0,73.0,71.0,29.0,Balanced,76.0,75.0,77.0,73.0,28.0,Balanced
B1,2021-04-11,19:45,Beerschot VA,Oostende,1,2,A,1.0,0.0,H,9.0,21.0,3.0,7.0,10.0,15.0,1.0,11.0,1.0,2.0,0.0,0.0,3.1,3.5,2.2,2020-2021,,,,,,,68.0,69.0,68.0,66.0,27.0,Long Ball
B1,2021-04-12,19:45,Mouscron,Antwerp,2,3,A,0.0,1.0,A,21.0,13.0,8.0,6.0,23.0,5.0,13.0,3.0,3.0,1.0,0.0,1.0,3.5,3.75,1.95,2020-2021,65.0,66.0,65.0,63.0,25.0,Long Ball,72.0,73.0,72.0,70.0,28.0,Long Ball
B1,2021-04-17,17:30,Charleroi,Eupen,2,3,A,1.0,3.0,A,21.0,13.0,8.0,5.0,8.0,8.0,7.0,4.0,3.0,0.0,0.0,0.0,2.25,3.3,2.87,2020-2021,71.0,72.0,71.0,69.0,27.0,Fast Build-Up,66.0,66.0,66.0,64.0,26.0,Balanced
B1,2021-04-17,19:45,Antwerp,Genk,3,2,H,0.0,1.0,A,27.0,24.0,9.0,9.0,11.0,10.0,9.0,4.0,3.0,1.0,0.0,0.0,2.8,3.5,2.37,2020-2021,72.0,73.0,72.0,70.0,28.0,Long Ball,73.0,73.0,73.0,71.0,25.0,Balanced
B1,2021-04-18,17:00,Club Brugge,Mouscron,4,2,H,0.0,0.0,D,19.0,11.0,7.0,5.0,5.0,11.0,8.0,3.0,1.0,1.0,0.0,0.0,1.2,6.5,12.0,2020-2021,76.0,75.0,77.0,73.0,28.0,Balanced,65.0,66.0,65.0,63.0,25.0,Long Ball
B1,2021-04-18,17:00,Kortrijk,Mechelen,1,4,A,1.0,2.0,A,11.0,17.0,3.0,11.0,16.0,13.0,4.0,5.0,1.0,1.0,0.0,0.0,3.75,3.6,1.85,2020-2021,,,,,,,70.0,71.0,70.0,68.0,26.0,Balanced
B1,2021-04-18,17:00,Oostende,Cercle Brugge,1,1,D,0.0,0.0,D,10.0,13.0,5.0,5.0,14.0,11.0,7.0,5.0,2.0,2.0,0.0,0.0,1.55,4.0,6.0,2020-2021,68.0,69.0,68.0,66.0,27.0,Long Ball,67.0,68.0,67.0,65.0,25.0,Balanced
B1,2021-04-18,17:00,Oud-Heverlee Leuven,Waasland-Beveren,1,2,A,0.0,1.0,A,13.0,13.0,2.0,9.0,12.0,11.0,5.0,3.0,3.0,4.0,0.0,0.0,1.83,4.0,3.75,2020-2021,,,,,,,66.0,67.0,66.0,64.0,24.0,Long Ball
B1,2021-04-18,17:00,St Truiden,Anderlecht,0,1,A,0.0,0.0,D,4.0,14.0,1.0,4.0,10.0,8.0,2.0,5.0,1.0,1.0,0.0,0.0,5.5,3.4,1.57,2020-2021,68.0,68.0,68.0,66.0,26.0,Fast Build-Up,73.0,73.0,73.0,71.0,29.0,Balanced
B1,2021-04-18,17:00,Standard,Beerschot VA,3,0,H,1.0,0.0,H,13.0,9.0,10.0,3.0,14.0,15.0,6.0,9.0,1.0,2.0,0.0,0.0,1.6,4.0,5.25,2020-2021,,,,,,,,,,,,
B1,2021-04-18,17:00,Waregem,Gent,2,7,A,0.0,3.0,A,6.0,14.0,4.0,7.0,10.0,10.0,4.0,3.0,2.0,1.0,0.0,0.0,4.75,3.6,1.72,2020-2021,69.0,70.0,69.0,67.0,28.0,Balanced,75.0,76.0,75.0,72.0,27.0,Balanced
B1,2021-07-23,19:45,Standard,Genk,1,1,D,0.0,0.0,D,17.0,17.0,5.0,5.0,11.0,8.0,7.0,3.0,1.0,2.0,0.0,0.0,2.75,3.5,2.37,2021-2022,,,,,,,72.0,75.0,73.0,72.0,25.0,Balanced
B1,2021-07-24,15:15,Oud-Heverlee Leuven,Waregem,1,1,D,1.0,1.0,D,13.0,10.0,4.0,4.0,12.0,17.0,0.0,4.0,5.0,6.0,0.0,1.0,1.95,3.75,3.5,2021-2022,69.0,70.0,70.0,68.0,27.0,Long ball,69.0,70.0,69.0,68.0,28.0,Balanced
B1,2021-07-24,17:30,Kortrijk,Seraing,2,0,H,1.0,0.0,H,9.0,9.0,4.0,4.0,16.0,15.0,2.0,1.0,4.0,2.0,0.0,0.0,1.75,3.8,4.5,2021-2022,68.0,67.0,68.0,69.0,28.0,Balanced,66.0,68.0,65.0,65.0,28.0,Balanced
B1,2021-07-24,19:45,Oostende,Charleroi,0,3,A,0.0,1.0,A,11.0,10.0,3.0,6.0,13.0,9.0,9.0,2.0,3.0,1.0,0.0,0.0,2.3,3.5,2.9,2021-2022,69.0,69.0,69.0,68.0,26.0,Long ball,,,,,,
B1,2021-07-25,12:30,Mechelen,Antwerp,3,2,H,0.0,1.0,A,18.0,10.0,9.0,5.0,12.0,10.0,13.0,2.0,2.0,2.0,0.0,0.0,2.7,3.5,2.45,2021-2022,69.0,69.0,70.0,69.0,27.0,Balanced,72.0,73.0,73.0,72.0,28.0,Balanced
B1,2021-07-25,15:00,Club Brugge,Eupen,2,2,D,0.0,0.0,D,21.0,13.0,11.0,5.0,9.0,14.0,10.0,3.0,3.0,6.0,0.0,0.0,1.18,6.5,15.0,2021-2022,75.0,76.0,74.0,75.0,28.0,Balanced,68.0,71.0,68.0,66.0,28.0,Balanced
B1,2021-07-25,17:30,Anderlecht,St. Gilloise,1,3,A,1.0,1.0,D,9.0,8.0,2.0,5.0,11.0,7.0,4.0,2.0,3.0,3.0,0.0,0.0,1.5,4.33,5.5,2021-2022,,,,,,,71.0,74.0,71.0,70.0,26.0,Long ball
B1,2021-07-25,20:00,St Truiden,Gent,2,1,H,1.0,1.0,D,6.0,12.0,2.0,4.0,12.0,6.0,1.0,8.0,2.0,1.0,0.0,0.0,4.75,3.75,1.7,2021-2022,68.0,67.0,68.0,67.0,27.0,Fast build up,72.0,72.0,71.0,72.0,27.0,Slow Build up
B1,2021-07-27,17:30,Beerschot VA,Cercle Brugge,0,1,A,0.0,1.0,A,,,,,,,,,1.0,1.0,0.0,0.0,2.2,3.6,3.1,2021-2022,67.0,67.0,68.0,67.0,25.0,Balanced,68.0,68.0,70.0,67.0,28.0,Fast build up
B1,2021-07-30,19:45,Genk,Oostende,3,4,A,2.0,1.0,H,25.0,16.0,9.0,7.0,2.0,12.0,9.0,5.0,0.0,1.0,0.0,0.0,1.53,4.0,6.5,2021-2022,72.0,75.0,73.0,72.0,25.0,Balanced,69.0,69.0,69.0,68.0,26.0,Long ball
B1,2021-07-31,15:15,Charleroi,St Truiden,0,0,D,0.0,0.0,D,10.0,7.0,0.0,3.0,12.0,16.0,6.0,5.0,2.0,4.0,0.0,0.0,1.95,3.4,3.5,2021-2022,,,,,,,68.0,67.0,68.0,67.0,27.0,Fast build up
B1,2021-07-31,17:30,Cercle Brugge,Oud-Heverlee Leuven,1,1,D,0.0,1.0,A,17.0,10.0,3.0,1.0,21.0,8.0,2.0,3.0,3.0,1.0,0.0,0.0,2.15,3.4,3.0,2021-2022,68.0,68.0,70.0,67.0,28.0,Fast build up,69.0,70.0,70.0,68.0,27.0,Long ball
B1,2021-07-31,17:30,Seraing,Mechelen,1,0,H,1.0,0.0,H,10.0,10.0,4.0,4.0,17.0,13.0,6.0,6.0,3.0,3.0,0.0,0.0,3.4,3.5,1.95,2021-2022,66.0,68.0,65.0,65.0,28.0,Balanced,69.0,69.0,70.0,69.0,27.0,Balanced
B1,2021-07-31,19:45,Eupen,Anderlecht,1,1,D,1.0,1.0,D,14.0,10.0,5.0,3.0,11.0,9.0,3.0,2.0,1.0,1.0,0.0,0.0,3.25,3.75,2.0,2021-2022,68.0,71.0,68.0,66.0,28.0,Balanced,,,,,,
B1,2021-08-01,12:30,St. Gilloise,Club Brugge,0,1,A,0.0,0.0,D,14.0,13.0,3.0,6.0,12.0,14.0,2.0,7.0,2.0,2.0,0.0,0.0,4.33,4.0,1.7,2021-2022,71.0,74.0,71.0,70.0,26.0,Long ball,75.0,76.0,74.0,75.0,28.0,Balanced
B1,2021-08-01,15:00,Waregem,Standard,1,2,A,0.0,0.0,D,17.0,16.0,3.0,5.0,11.0,19.0,5.0,6.0,2.0,4.0,0.0,0.0,2.9,3.5,2.15,2021-2022,69.0,70.0,69.0,68.0,28.0,Balanced,,,,,,
B1,2021-08-01,17:30,Gent,Beerschot VA,2,2,D,1.0,0.0,H,24.0,11.0,5.0,7.0,8.0,13.0,7.0,8.0,1.0,0.0,0.0,0.0,1.36,4.33,7.5,2021-2022,72.0,72.0,71.0,72.0,27.0,Slow Build up,67.0,67.0,68.0,67.0,25.0,Balanced
B1,2021-08-01,20:00,Antwerp,Kortrijk,0,1,A,0.0,0.0,D,13.0,13.0,3.0,5.0,11.0,9.0,6.0,5.0,2.0,5.0,0.0,0.0,1.7,3.6,4.2,2021-2022,72.0,73.0,73.0,72.0,28.0,Balanced,68.0,67.0,68.0,69.0,28.0,Balanced
B1,2021-08-06,19:45,Club Brugge,Cercle Brugge,1,1,D,1.0,0.0,H,12.0,5.0,3.0,1.0,11.0,11.0,7.0,0.0,2.0,4.0,0.0,0.0,1.28,5.75,7.5,2021-2022,75.0,76.0,74.0,75.0,28.0,Balanced,68.0,68.0,70.0,67.0,28.0,Fast build up
B1,2021-08-07,15:15,Beerschot VA,St. Gilloise,0,3,A,0.0,1.0,A,8.0,15.0,2.0,6.0,12.0,12.0,9.0,3.0,2.0,3.0,0.0,0.0,4.2,3.75,1.8,2021-2022,67.0,67.0,68.0,67.0,25.0,Balanced,71.0,74.0,71.0,70.0,26.0,Long ball
B1,2021-08-07,17:30,Mechelen,Eupen,1,3,A,1.0,0.0,H,15.0,16.0,4.0,4.0,6.0,11.0,7.0,3.0,0.0,2.0,0.0,0.0,1.7,3.75,4.2,2021-2022,69.0,69.0,70.0,69.0,27.0,Balanced,68.0,71.0,68.0,66.0,28.0,Balanced
B1,2021-08-07,17:30,St Truiden,Waregem,1,3,A,0.0,0.0,D,11.0,11.0,1.0,7.0,12.0,12.0,8.0,3.0,1.0,2.0,0.0,0.0,2.0,3.6,3.1,2021-2022,68.0,67.0,68.0,67.0,27.0,Fast build up,69.0,70.0,69.0,68.0,28.0,Balanced
B1,2021-08-07,19:45,Kortrijk,Genk,1,2,A,1.0,0.0,H,8.0,17.0,3.0,6.0,7.0,5.0,4.0,4.0,1.0,3.0,0.0,0.0,3.2,3.6,2.0,2021-2022,68.0,67.0,68.0,69.0,28.0,Balanced,72.0,75.0,73.0,72.0,25.0,Balanced
B1,2021-08-08,12:30,Standard,Antwerp,2,5,A,0.0,2.0,A,20.0,12.0,9.0,6.0,11.0,16.0,9.0,1.0,3.0,5.0,0.0,0.0,2.25,3.5,2.9,2021-2022,,,,,,,72.0,73.0,73.0,72.0,28.0,Balanced
B1,2021-08-08,15:00,Oud-Heverlee Leuven,Charleroi,1,1,D,0.0,1.0,A,21.0,21.0,4.0,9.0,6.0,13.0,7.0,9.0,1.0,1.0,0.0,0.0,2.45,3.4,2.55,2021-2022,69.0,70.0,70.0,68.0,27.0,Long ball,,,,,,
B1,2021-08-08,17:30,Anderlecht,Seraing,3,0,H,0.0,0.0,D,19.0,4.0,7.0,1.0,14.0,13.0,8.0,2.0,2.0,2.0,0.0,1.0,1.3,5.25,7.0,2021-2022,,,,,,,66.0,68.0,65.0,65.0,28.0,Balanced
B1,2021-08-08,20:00,Oostende,Gent,1,0,H,0.0,0.0,D,7.0,13.0,3.0,0.0,10.0,9.0,6.0,6.0,3.0,1.0,0.0,0.0,3.2,3.6,2.0,2021-2022,69.0,69.0,69.0,68.0,26.0,Long ball,72.0,72.0,71.0,72.0,27.0,Slow Build up
B1,2021-08-13,19:45,Charleroi,Antwerp,1,1,D,0.0,1.0,A,23.0,10.0,7.0,7.0,6.0,6.0,12.0,1.0,1.0,2.0,0.0,0.0,2.55,3.3,2.55,2021-2022,,,,,,,72.0,73.0,73.0,72.0,28.0,Balanced
B1,2021-08-14,15:15,St. Gilloise,Kortrijk,2,0,H,1.0,0.0,H,24.0,2.0,8.0,2.0,11.0,20.0,10.0,2.0,0.0,6.0,0.0,1.0,1.6,4.0,5.25,2021-2022,71.0,74.0,71.0,70.0,26.0,Long ball,68.0,67.0,68.0,69.0,28.0,Balanced
B1,2021-08-14,17:30,Eupen,St Truiden,2,1,H,1.0,0.0,H,8.0,18.0,5.0,5.0,18.0,10.0,5.0,8.0,4.0,2.0,0.0,0.0,1.95,3.5,3.75,2021-2022,68.0,71.0,68.0,66.0,28.0,Balanced,68.0,67.0,68.0,67.0,27.0,Fast build up
B1,2021-08-14,17:30,Seraing,Oostende,2,3,A,1.0,0.0,H,10.0,12.0,3.0,7.0,7.0,17.0,3.0,6.0,4.0,5.0,0.0,1.0,3.5,3.6,2.0,2021-2022,66.0,68.0,65.0,65.0,28.0,Balanced,69.0,69.0,69.0,68.0,26.0,Long ball
B1,2021-08-14,19:45,Genk,Oud-Heverlee Leuven,4,0,H,1.0,0.0,H,21.0,15.0,8.0,6.0,11.0,15.0,7.0,6.0,1.0,4.0,0.0,0.0,1.45,4.33,7.0,2021-2022,72.0,75.0,73.0,72.0,25.0,Balanced,69.0,70.0,70.0,68.0,27.0,Long ball
B1,2021-08-15,12:30,Beerschot VA,Standard,0,1,A,0.0,0.0,D,14.0,8.0,4.0,1.0,16.0,14.0,3.0,3.0,2.0,1.0,0.0,0.0,3.8,3.5,1.9,2021-2022,67.0,67.0,68.0,67.0,25.0,Balanced,,,,,,
B1,2021-08-15,15:00,Gent,Mechelen,2,0,H,1.0,0.0,H,20.0,6.0,8.0,3.0,10.0,11.0,13.0,2.0,2.0,2.0,0.0,0.0,1.72,4.2,4.0,2021-2022,72.0,72.0,71.0,72.0,27.0,Slow Build up,69.0,69.0,70.0,69.0,27.0,Balanced
B1,2021-08-15,17:30,Cercle Brugge,Anderlecht,1,2,A,1.0,2.0,A,8.0,17.0,2.0,6.0,9.0,11.0,7.0,7.0,2.0,0.0,0.0,0.0,4.0,3.6,1.85,2021-2022,68.0,68.0,70.0,67.0,28.0,Fast build up,,,,,,
B1,2021-08-15,20:00,Waregem,Club Brugge,0,4,A,0.0,1.0,A,3.0,20.0,1.0,11.0,8.0,10.0,3.0,7.0,2.0,4.0,0.0,1.0,6.5,4.5,1.44,2021-2022,69.0,70.0,69.0,68.0,28.0,Balanced,75.0,76.0,74.0,75.0,28.0,Balanced
B1,2021-08-20,19:45,Standard,Oostende,1,0,H,0.0,0.0,D,17.0,8.0,5.0,1.0,13.0,19.0,6.0,3.0,4.0,4.0,0.0,1.0,1.8,3.5,4.2,2021-2022,,,,,,,69.0,69.0,69.0,68.0,26.0,Long ball
B1,2021-08-21,15:15,Seraing,Cercle Brugge,2,1,H,0.0,1.0,A,10.0,9.0,5.0,5.0,14.0,20.0,5.0,3.0,2.0,3.0,0.0,0.0,2.8,3.5,2.37,2021-2022,66.0,68.0,65.0,65.0,28.0,Balanced,68.0,68.0,70.0,67.0,28.0,Fast build up
B1,2021-08-21,17:30,Oud-Heverlee Leuven,Eupen,1,4,A,0.0,2.0,A,14.0,21.0,6.0,8.0,8.0,12.0,2.0,6.0,2.0,3.0,0.0,0.0,2.3,3.6,2.8,2021-2022,69.0,70.0,70.0,68.0,27.0,Long ball,68.0,71.0,68.0,66.0,28.0,Balanced
B1,2021-08-21,19:45,St Truiden,Kortrijk,0,2,A,0.0,1.0,A,24.0,11.0,4.0,2.0,16.0,6.0,6.0,7.0,3.0,3.0,0.0,0.0,2.75,3.0,2.75,2021-2022,68.0,67.0,68.0,67.0,27.0,Fast build up,68.0,67.0,68.0,69.0,28.0,Balanced
B1,2021-08-22,15:00,Waregem,Charleroi,2,2,D,1.0,1.0,D,20.0,17.0,7.0,4.0,10.0,9.0,8.0,6.0,2.0,1.0,0.0,0.0,3.0,3.5,2.25,2021-2022,69.0,70.0,69.0,68.0,28.0,Balanced,,,,,,
B1,2021-08-22,17:30,Club Brugge,Beerschot VA,3,2,H,2.0,1.0,H,13.0,9.0,5.0,4.0,10.0,16.0,8.0,1.0,3.0,6.0,1.0,1.0,1.18,7.0,13.0,2021-2022,75.0,76.0,74.0,75.0,28.0,Balanced,67.0,67.0,68.0,67.0,25.0,Balanced
B1,2021-08-22,20:00,Mechelen,St. Gilloise,3,1,H,1.0,1.0,D,12.0,13.0,4.0,5.0,22.0,12.0,6.0,7.0,2.0,3.0,0.0,0.0,3.6,3.5,2.0,2021-2022,69.0,69.0,70.0,69.0,27.0,Balanced,71.0,74.0,71.0,70.0,26.0,Long ball
B1,2021-08-27,19:45,Kortrijk,Mechelen,2,2,D,0.0,2.0,A,9.0,13.0,5.0,4.0,9.0,20.0,5.0,7.0,2.0,3.0,0.0,0.0,2.45,3.5,2.9,2021-2022,68.0,67.0,68.0,69.0,28.0,Balanced,69.0,69.0,70.0,69.0,27.0,Balanced
B1,2021-08-28,15:15,Charleroi,Beerschot VA,5,2,H,1.0,0.0,H,24.0,6.0,10.0,3.0,15.0,11.0,3.0,5.0,2.0,5.0,0.0,2.0,1.7,3.6,4.75,2021-2022,,,,,,,67.0,67.0,68.0,67.0,25.0,Balanced
B1,2021-08-28,17:30,Cercle Brugge,St Truiden,0,1,A,0.0,1.0,A,24.0,7.0,6.0,2.0,8.0,12.0,9.0,1.0,1.0,2.0,0.0,1.0,1.95,3.5,3.6,2021-2022,68.0,68.0,70.0,67.0,28.0,Fast build up,68.0,67.0,68.0,67.0,27.0,Fast build up
B1,2021-08-28,17:30,Eupen,Seraing,1,2,A,0.0,0.0,D,15.0,9.0,2.0,4.0,8.0,5.0,7.0,1.0,3.0,1.0,0.0,0.0,1.66,3.75,5.0,2021-2022,68.0,71.0,68.0,66.0,28.0,Balanced,66.0,68.0,65.0,65.0,28.0,Balanced
B1,2021-08-28,19:45,St. Gilloise,Standard,4,0,H,2.0,0.0,H,16.0,10.0,4.0,0.0,10.0,17.0,2.0,2.0,1.0,5.0,0.0,0.0,1.7,3.8,4.75,2021-2022,71.0,74.0,71.0,70.0,26.0,Long ball,,,,,,
B1,2021-08-29,12:30,Gent,Club Brugge,6,1,H,3.0,0.0,H,11.0,7.0,6.0,3.0,18.0,12.0,1.0,6.0,2.0,2.0,0.0,0.0,3.1,3.25,2.3,2021-2022,72.0,72.0,71.0,72.0,27.0,Slow Build up,75.0,76.0,74.0,75.0,28.0,Balanced
B1,2021-08-29,15:00,Antwerp,Oud-Heverlee Leuven,2,2,D,2.0,0.0,H,14.0,22.0,6.0,6.0,8.0,10.0,7.0,13.0,4.0,4.0,0.0,1.0,1.6,4.0,5.25,2021-2022,72.0,73.0,73.0,72.0,28.0,Balanced,69.0,70.0,70.0,68.0,27.0,Long ball
B1,2021-08-29,17:30,Genk,Anderlecht,1,0,H,0.0,0.0,D,12.0,16.0,3.0,0.0,9.0,8.0,3.0,7.0,1.0,5.0,0.0,0.0,2.15,3.4,3.25,2021-2022,72.0,75.0,73.0,72.0,25.0,Balanced,,,,,,
B1,2021-08-29,20:00,Oostende,Waregem,0,2,A,0.0,1.0,A,22.0,12.0,3.0,6.0,13.0,17.0,11.0,1.0,5.0,3.0,0.0,0.0,1.8,3.75,4.33,2021-2022,69.0,69.0,69.0,68.0,26.0,Long ball,69.0,70.0,69.0,68.0,28.0,Balanced
B1,2021-09-10,19:45,Club Brugge,Oostende,3,0,H,1.0,0.0,H,31.0,4.0,7.0,2.0,11.0,14.0,10.0,4.0,0.0,5.0,0.0,1.0,1.33,5.25,7.5,2021-2022,75.0,76.0,74.0,75.0,28.0,Balanced,69.0,69.0,69.0,68.0,26.0,Long ball
B1,2021-09-11,15:15,Eupen,Antwerp,0,1,A,0.0,0.0,D,17.0,14.0,4.0,6.0,8.0,9.0,7.0,5.0,2.0,5.0,0.0,0.0,2.7,3.4,2.5,2021-2022,68.0,71.0,68.0,66.0,28.0,Balanced,72.0,73.0,73.0,72.0,28.0,Balanced
B1,2021-09-11,17:30,Waregem,Cercle Brugge,2,4,A,1.0,0.0,H,4.0,17.0,2.0,8.0,13.0,7.0,2.0,8.0,1.0,2.0,1.0,0.0,2.4,3.4,2.87,2021-2022,69.0,70.0,69.0,68.0,28.0,Balanced,68.0,68.0,70.0,67.0,28.0,Fast build up
B1,2021-09-12,12:30,Anderlecht,Mechelen,7,2,H,1.0,1.0,D,15.0,8.0,9.0,3.0,9.0,5.0,5.0,3.0,1.0,0.0,0.0,0.0,1.65,3.8,4.75,2021-2022,,,,,,,69.0,69.0,70.0,69.0,27.0,Balanced
B1,2021-09-12,15:00,Gent,Charleroi,2,3,A,1.0,2.0,A,23.0,13.0,10.0,4.0,7.0,18.0,13.0,3.0,2.0,5.0,0.0,1.0,1.55,4.2,5.25,2021-2022,72.0,72.0,71.0,72.0,27.0,Slow Build up,,,,,,
B1,2021-09-12,17:30,Seraing,Standard,0,1,A,0.0,1.0,A,19.0,7.0,6.0,3.0,15.0,16.0,8.0,2.0,4.0,7.0,0.0,1.0,3.6,3.5,2.0,2021-2022,66.0,68.0,65.0,65.0,28.0,Balanced,,,,,,
B1,2021-09-12,20:00,Genk,St. Gilloise,1,1,D,0.0,0.0,D,17.0,17.0,5.0,7.0,8.0,13.0,6.0,4.0,1.0,1.0,0.0,1.0,2.2,3.6,3.0,2021-2022,72.0,75.0,73.0,72.0,25.0,Balanced,71.0,74.0,71.0,70.0,26.0,Long ball
B1,2021-09-12,20:00,Oud-Heverlee Leuven,Kortrijk,2,1,H,0.0,0.0,D,17.0,15.0,5.0,8.0,8.0,19.0,3.0,4.0,2.0,6.0,0.0,1.0,2.7,3.4,2.5,2021-2022,69.0,70.0,70.0,68.0,27.0,Long ball,68.0,67.0,68.0,69.0,28.0,Balanced
B1,2021-09-13,19:00,Beerschot VA,St Truiden,0,1,A,0.0,1.0,A,14.0,6.0,2.0,3.0,14.0,18.0,5.0,1.0,4.0,3.0,0.0,0.0,2.5,3.4,2.7,2021-2022,67.0,67.0,68.0,67.0,25.0,Balanced,68.0,67.0,68.0,67.0,27.0,Fast build up
B1,2021-09-17,19:45,Cercle Brugge,Eupen,1,2,A,1.0,1.0,D,12.0,14.0,3.0,8.0,10.0,17.0,4.0,5.0,2.0,3.0,0.0,0.0,2.05,3.6,3.4,2021-2022,68.0,68.0,70.0,67.0,28.0,Fast build up,68.0,71.0,68.0,66.0,28.0,Balanced
B1,2021-09-18,15:15,Oostende,Beerschot VA,3,1,H,2.0,0.0,H,18.0,12.0,12.0,4.0,20.0,11.0,8.0,5.0,4.0,2.0,0.0,0.0,1.7,4.0,4.2,2021-2022,69.0,69.0,69.0,68.0,26.0,Long ball,67.0,67.0,68.0,67.0,25.0,Balanced
B1,2021-09-18,17:30,Mechelen,Oud-Heverlee Leuven,2,0,H,2.0,0.0,H,8.0,14.0,4.0,5.0,21.0,10.0,2.0,5.0,5.0,5.0,0.0,1.0,1.66,3.8,5.0,2021-2022,69.0,69.0,70.0,69.0,27.0,Balanced,69.0,70.0,70.0,68.0,27.0,Long ball
B1,2021-09-18,17:30,St. Gilloise,Waregem,2,1,H,0.0,0.0,D,20.0,11.0,6.0,5.0,19.0,13.0,11.0,4.0,2.0,2.0,0.0,1.0,1.22,6.0,11.0,2021-2022,71.0,74.0,71.0,70.0,26.0,Long ball,69.0,70.0,69.0,68.0,28.0,Balanced
B1,2021-09-18,19:45,Charleroi,Club Brugge,0,1,A,0.0,0.0,D,17.0,13.0,5.0,4.0,3.0,10.0,8.0,8.0,1.0,2.0,0.0,0.0,4.75,3.8,1.65,2021-2022,,,,,,,75.0,76.0,74.0,75.0,28.0,Balanced
B1,2021-09-19,12:30,St Truiden,Genk,1,2,A,1.0,0.0,H,8.0,8.0,3.0,2.0,15.0,10.0,6.0,2.0,4.0,1.0,0.0,0.0,4.2,3.6,1.83,2021-2022,68.0,67.0,68.0,67.0,27.0,Fast build up,72.0,75.0,73.0,72.0,25.0,Balanced
B1,2021-09-19,15:00,Antwerp,Seraing,2,1,H,0.0,0.0,D,19.0,11.0,6.0,2.0,13.0,7.0,10.0,6.0,1.0,1.0,0.0,0.0,1.5,4.33,5.5,2021-2022,72.0,73.0,73.0,72.0,28.0,Balanced,66.0,68.0,65.0,65.0,28.0,Balanced
B1,2021-09-19,17:30,Standard,Anderlecht,0,1,A,0.0,1.0,A,7.0,12.0,1.0,4.0,17.0,11.0,6.0,4.0,3.0,4.0,2.0,0.0,3.4,3.3,2.05,2021-2022,,,,,,,,,,,,
B1,2021-09-19,20:00,Kortrijk,Gent,1,0,H,1.0,0.0,H,7.0,15.0,3.0,3.0,18.0,15.0,3.0,7.0,4.0,3.0,0.0,0.0,4.5,3.8,1.75,2021-2022,68.0,67.0,68.0,69.0,28.0,Balanced,72.0,72.0,71.0,72.0,27.0,Slow Build up
B1,2021-09-22,19:45,Antwerp,Genk,4,2,H,3.0,1.0,H,10.0,16.0,7.0,7.0,11.0,12.0,4.0,8.0,5.0,3.0,1.0,0.0,2.9,3.6,2.05,2021-2022,72.0,73.0,73.0,72.0,28.0,Balanced,72.0,75.0,73.0,72.0,25.0,Balanced
B1,2021-09-23,19:45,Anderlecht,Gent,1,1,D,0.0,1.0,A,13.0,11.0,5.0,2.0,9.0,14.0,7.0,3.0,2.0,2.0,0.0,0.0,2.15,3.4,2.9,2021-2022,,,,,,,72.0,72.0,71.0,72.0,27.0,Slow Build up
B1,2021-09-24,19:45,Club Brugge,Oud-Heverlee Leuven,1,1,D,0.0,1.0,A,32.0,5.0,9.0,1.0,8.0,10.0,14.0,1.0,1.0,2.0,0.0,0.0,1.22,5.75,9.0,2021-2022,75.0,76.0,74.0,75.0,28.0,Balanced,69.0,70.0,70.0,68.0,27.0,Long ball
B1,2021-09-25,15:15,Beerschot VA,Eupen,0,3,A,0.0,1.0,A,7.0,16.0,1.0,5.0,10.0,9.0,4.0,7.0,5.0,4.0,2.0,0.0,2.75,3.4,2.37,2021-2022,67.0,67.0,68.0,67.0,25.0,Balanced,68.0,71.0,68.0,66.0,28.0,Balanced
B1,2021-09-25,17:30,Waregem,Kortrijk,2,2,D,0.0,0.0,D,11.0,11.0,3.0,3.0,16.0,10.0,3.0,5.0,5.0,2.0,0.0,0.0,2.75,3.6,2.25,2021-2022,69.0,70.0,69.0,68.0,28.0,Balanced,68.0,67.0,68.0,69.0,28.0,Balanced
B1,2021-09-25,19:45,Standard,St Truiden,1,2,A,1.0,0.0,H,7.0,12.0,1.0,4.0,20.0,20.0,2.0,1.0,2.0,4.0,0.0,0.0,1.9,3.6,3.4,2021-2022,,,,,,,68.0,67.0,68.0,67.0,27.0,Fast build up
B1,2021-09-26,12:30,St. Gilloise,Antwerp,1,2,A,1.0,0.0,H,20.0,12.0,11.0,5.0,14.0,7.0,10.0,7.0,3.0,3.0,0.0,0.0,1.5,4.33,5.0,2021-2022,71.0,74.0,71.0,70.0,26.0,Long ball,72.0,73.0,73.0,72.0,28.0,Balanced
B1,2021-09-26,15:00,Gent,Cercle Brugge,2,1,H,0.0,1.0,A,12.0,11.0,6.0,4.0,20.0,18.0,8.0,6.0,3.0,5.0,0.0,0.0,1.33,4.5,7.0,2021-2022,72.0,72.0,71.0,72.0,27.0,Slow Build up,68.0,68.0,70.0,67.0,28.0,Fast build up
B1,2021-09-26,17:30,Oostende,Anderlecht,2,2,D,2.0,0.0,H,9.0,18.0,5.0,6.0,11.0,7.0,3.0,3.0,2.0,1.0,0.0,1.0,4.33,3.75,1.66,2021-2022,69.0,69.0,69.0,68.0,26.0,Long ball,,,,,,
B1,2021-09-26,20:00,Charleroi,Mechelen,0,2,A,0.0,1.0,A,12.0,11.0,1.0,5.0,9.0,10.0,10.0,4.0,1.0,3.0,0.0,0.0,1.9,3.75,3.4,2021-2022,,,,,,,69.0,69.0,70.0,69.0,27.0,Balanced
B1,2021-09-26,20:00,Genk,Seraing,3,0,H,2.0,0.0,H,12.0,5.0,8.0,2.0,12.0,9.0,5.0,3.0,3.0,2.0,0.0,0.0,1.3,5.0,7.5,2021-2022,72.0,75.0,73.0,72.0,25.0,Balanced,66.0,68.0,65.0,65.0,28.0,Balanced
B1,2021-10-01,19:45,Mechelen,Standard,3,1,H,3.0,0.0,H,16.0,16.0,8.0,4.0,9.0,17.0,5.0,5.0,2.0,3.0,0.0,0.0,2.15,3.8,3.1,2021-2022,69.0,69.0,70.0,69.0,27.0,Balanced,,,,,,
B1,2021-10-02,15:15,Kortrijk,Charleroi,2,2,D,1.0,0.0,H,20.0,21.0,8.0,10.0,14.0,8.0,5.0,6.0,2.0,4.0,0.0,0.0,2.6,3.6,2.6,2021-2022,68.0,67.0,68.0,69.0,28.0,Balanced,,,,,,
B1,2021-10-02,17:30,Cercle Brugge,St. Gilloise,0,3,A,0.0,0.0,D,8.0,11.0,2.0,5.0,13.0,13.0,4.0,3.0,2.0,2.0,0.0,0.0,5.0,4.0,1.66,2021-2022,68.0,68.0,70.0,67.0,28.0,Fast build up,71.0,74.0,71.0,70.0,26.0,Long ball
B1,2021-10-02,17:30,St Truiden,Oostende,1,1,D,0.0,0.0,D,14.0,9.0,4.0,1.0,15.0,10.0,5.0,4.0,2.0,1.0,0.0,0.0,2.1,3.8,3.2,2021-2022,68.0,67.0,68.0,67.0,27.0,Fast build up,69.0,69.0,69.0,68.0,26.0,Long ball
B1,2021-10-02,19:45,Oud-Heverlee Leuven,Beerschot VA,0,0,D,0.0,0.0,D,16.0,14.0,7.0,4.0,13.0,16.0,10.0,4.0,3.0,4.0,1.0,0.0,2.1,4.0,3.0,2021-2022,69.0,70.0,70.0,68.0,27.0,Long ball,67.0,67.0,68.0,67.0,25.0,Balanced
B1,2021-10-03,12:30,Anderlecht,Club Brugge,1,1,D,0.0,1.0,A,18.0,11.0,4.0,4.0,8.0,12.0,7.0,6.0,2.0,4.0,0.0,0.0,2.87,3.6,2.37,2021-2022,,,,,,,75.0,76.0,74.0,75.0,28.0,Balanced
B1,2021-10-03,15:00,Seraing,Waregem,5,1,H,2.0,0.0,H,26.0,9.0,16.0,4.0,5.0,9.0,7.0,3.0,0.0,0.0,0.0,1.0,2.0,4.0,3.3,2021-2022,66.0,68.0,65.0,65.0,28.0,Balanced,69.0,70.0,69.0,68.0,28.0,Balanced
B1,2021-10-03,17:30,Antwerp,Gent,1,0,H,0.0,0.0,D,11.0,13.0,5.0,3.0,6.0,12.0,6.0,7.0,1.0,2.0,0.0,1.0,2.75,3.75,2.4,2021-2022,72.0,73.0,73.0,72.0,28.0,Balanced,72.0,72.0,71.0,72.0,27.0,Slow Build up
B1,2021-10-03,20:00,Eupen,Genk,3,2,H,1.0,1.0,D,12.0,10.0,7.0,4.0,18.0,11.0,5.0,4.0,2.0,1.0,0.0,0.0,3.25,4.0,2.05,2021-2022,68.0,71.0,68.0,66.0,28.0,Balanced,72.0,75.0,73.0,72.0,25.0,Balanced
B1,2021-10-15,19:45,Club Brugge,Kortrijk,2,0,H,2.0,0.0,H,17.0,10.0,6.0,0.0,13.0,9.0,4.0,1.0,3.0,5.0,0.0,0.0,1.2,5.5,13.0,2021-2022,75.0,76.0,74.0,75.0,28.0,Balanced,68.0,67.0,68.0,69.0,28.0,Balanced
B1,2021-10-16,15:15,St. Gilloise,Seraing,4,2,H,0.0,2.0,A,21.0,11.0,9.0,4.0,18.0,8.0,10.0,2.0,3.0,2.0,1.0,0.0,1.33,5.0,7.5,2021-2022,71.0,74.0,71.0,70.0,26.0,Long ball,66.0,68.0,65.0,65.0,28.0,Balanced
B1,2021-10-16,17:30,Oostende,Cercle Brugge,2,1,H,0.0,0.0,D,11.0,12.0,3.0,4.0,9.0,15.0,4.0,4.0,1.0,3.0,0.0,0.0,2.15,3.4,3.25,2021-2022,69.0,69.0,69.0,68.0,26.0,Long ball,68.0,68.0,70.0,67.0,28.0,Fast build up
B1,2021-10-16,17:30,Waregem,Antwerp,2,1,H,0.0,1.0,A,12.0,14.0,8.0,3.0,9.0,9.0,3.0,9.0,2.0,2.0,0.0,0.0,4.5,4.2,1.66,2021-2022,69.0,70.0,69.0,68.0,28.0,Balanced,72.0,73.0,73.0,72.0,28.0,Balanced
B1,2021-10-16,19:45,Standard,Oud-Heverlee Leuven,2,2,D,1.0,0.0,H,18.0,13.0,6.0,7.0,16.0,9.0,5.0,3.0,2.0,1.0,0.0,0.0,1.75,4.0,3.6,2021-2022,,,,,,,69.0,70.0,70.0,68.0,27.0,Long ball
B1,2021-10-17,12:30,St Truiden,Anderlecht,2,2,D,0.0,0.0,D,27.0,10.0,9.0,6.0,13.0,10.0,6.0,3.0,2.0,0.0,0.0,0.0,4.75,3.6,1.66,2021-2022,68.0,67.0,68.0,67.0,27.0,Fast build up,,,,,,
B1,2021-10-17,15:00,Beerschot VA,Mechelen,0,1,A,0.0,1.0,A,17.0,10.0,6.0,5.0,9.0,10.0,6.0,9.0,0.0,3.0,0.0,0.0,3.0,3.4,2.2,2021-2022,67.0,67.0,68.0,67.0,25.0,Balanced,69.0,69.0,70.0,69.0,27.0,Balanced
B1,2021-10-17,17:30,Charleroi,Genk,2,0,H,0.0,0.0,D,12.0,12.0,3.0,8.0,5.0,9.0,7.0,8.0,0.0,0.0,0.0,0.0,3.3,3.6,2.0,2021-2022,,,,,,,72.0,75.0,73.0,72.0,25.0,Balanced
B1,2021-10-17,20:00,Gent,Eupen,2,0,H,1.0,0.0,H,21.0,7.0,13.0,3.0,16.0,9.0,6.0,2.0,1.0,4.0,0.0,0.0,1.57,4.2,5.5,2021-2022,72.0,72.0,71.0,72.0,27.0,Slow Build up,68.0,71.0,68.0,66.0,28.0,Balanced
B1,2021-10-22,19:45,Seraing,Charleroi,1,3,A,0.0,2.0,A,11.0,12.0,1.0,8.0,12.0,13.0,7.0,1.0,3.0,1.0,0.0,0.0,3.2,3.5,2.15,2021-2022,66.0,68.0,65.0,65.0,28.0,Balanced,,,,,,
B1,2021-10-23,15:15,Cercle Brugge,Standard,1,1,D,1.0,1.0,D,8.0,4.0,5.0,2.0,15.0,22.0,6.0,3.0,2.0,7.0,0.0,0.0,2.55,3.4,2.62,2021-2022,68.0,68.0,70.0,67.0,28.0,Fast build up,,,,,,
B1,2021-10-23,17:30,Kortrijk,Oostende,1,0,H,1.0,0.0,H,16.0,12.0,5.0,0.0,9.0,13.0,5.0,7.0,2.0,2.0,0.0,0.0,2.0,3.5,3.6,2021-2022,68.0,67.0,68.0,69.0,28.0,Balanced,69.0,69.0,69.0,68.0,26.0,Long ball
B1,2021-10-23,17:30,Mechelen,Waregem,2,2,D,2.0,2.0,D,17.0,14.0,7.0,3.0,6.0,8.0,11.0,7.0,0.0,2.0,0.0,0.0,1.53,4.5,5.0,2021-2022,69.0,69.0,70.0,69.0,27.0,Balanced,69.0,70.0,69.0,68.0,28.0,Balanced
B1,2021-10-23,19:45,Eupen,St. Gilloise,2,3,A,0.0,2.0,A,21.0,12.0,6.0,4.0,8.0,21.0,8.0,2.0,1.0,3.0,0.0,0.0,3.8,3.8,1.83,2021-2022,68.0,71.0,68.0,66.0,28.0,Balanced,71.0,74.0,71.0,70.0,26.0,Long ball
B1,2021-10-24,12:30,Antwerp,Club Brugge,1,1,D,1.0,1.0,D,7.0,13.0,4.0,5.0,16.0,10.0,8.0,8.0,2.0,4.0,1.0,1.0,3.75,4.0,1.85,2021-2022,72.0,73.0,73.0,72.0,28.0,Balanced,75.0,76.0,74.0,75.0,28.0,Balanced
B1,2021-10-24,15:00,Anderlecht,Beerschot VA,4,2,H,1.0,0.0,H,21.0,14.0,8.0,3.0,9.0,11.0,6.0,4.0,3.0,3.0,0.0,0.0,1.3,5.0,10.0,2021-2022,,,,,,,67.0,67.0,68.0,67.0,25.0,Balanced
B1,2021-10-24,17:30,Genk,Gent,0,3,A,0.0,1.0,A,13.0,13.0,5.0,6.0,14.0,16.0,3.0,1.0,2.0,2.0,0.0,0.0,2.0,3.6,3.5,2021-2022,72.0,75.0,73.0,72.0,25.0,Balanced,72.0,72.0,71.0,72.0,27.0,Slow Build up
B1,2021-10-24,20:00,Oud-Heverlee Leuven,St Truiden,4,1,H,0.0,0.0,D,12.0,13.0,7.0,5.0,8.0,13.0,3.0,6.0,0.0,3.0,0.0,1.0,2.3,3.5,2.9,2021-2022,69.0,70.0,70.0,68.0,27.0,Long ball,68.0,67.0,68.0,67.0,27.0,Fast build up
B1,2021-10-29,19:45,Oostende,Mechelen,2,4,A,0.0,2.0,A,14.0,8.0,4.0,4.0,15.0,14.0,7.0,1.0,6.0,3.0,1.0,0.0,2.7,3.5,2.5,2021-2022,69.0,69.0,69.0,68.0,26.0,Long ball,69.0,69.0,70.0,69.0,27.0,Balanced
B1,2021-10-30,15:15,Charleroi,Eupen,3,0,H,0.0,0.0,D,21.0,7.0,7.0,3.0,11.0,13.0,6.0,5.0,0.0,2.0,0.0,0.0,1.72,3.6,4.33,2021-2022,,,,,,,68.0,71.0,68.0,66.0,28.0,Balanced
B1,2021-10-30,17:30,Beerschot VA,Seraing,3,0,H,1.0,0.0,H,21.0,11.0,8.0,2.0,11.0,11.0,9.0,8.0,0.0,4.0,0.0,0.0,2.4,3.4,2.8,2021-2022,67.0,67.0,68.0,67.0,25.0,Balanced,66.0,68.0,65.0,65.0,28.0,Balanced
B1,2021-10-30,17:30,Standard,Kortrijk,1,1,D,0.0,0.0,D,14.0,7.0,5.0,3.0,13.0,15.0,8.0,2.0,2.0,5.0,0.0,0.0,2.0,3.6,3.6,2021-2022,,,,,,,68.0,67.0,68.0,69.0,28.0,Balanced
B1,2021-10-30,19:45,St Truiden,Club Brugge,1,2,A,1.0,1.0,D,11.0,11.0,4.0,5.0,16.0,11.0,9.0,2.0,3.0,3.0,0.0,0.0,6.0,4.2,1.53,2021-2022,68.0,67.0,68.0,67.0,27.0,Fast build up,75.0,76.0,74.0,75.0,28.0,Balanced
B1,2021-10-31,12:30,Waregem,Genk,2,6,A,0.0,2.0,A,6.0,20.0,2.0,10.0,10.0,7.0,4.0,4.0,2.0,3.0,0.0,0.0,5.0,4.0,1.61,2021-2022,69.0,70.0,69.0,68.0,28.0,Balanced,72.0,75.0,73.0,72.0,25.0,Balanced
B1,2021-10-31,15:00,Cercle Brugge,Antwerp,0,1,A,0.0,0.0,D,12.0,9.0,6.0,3.0,13.0,15.0,6.0,3.0,4.0,5.0,0.0,0.0,2.55,3.6,2.55,2021-2022,68.0,68.0,70.0,67.0,28.0,Fast build up,72.0,73.0,73.0,72.0,28.0,Balanced
B1,2021-10-31,17:30,Anderlecht,Oud-Heverlee Leuven,2,2,D,1.0,2.0,A,16.0,13.0,5.0,8.0,11.0,3.0,10.0,5.0,1.0,1.0,2.0,0.0,1.28,6.0,9.0,2021-2022,,,,,,,69.0,70.0,70.0,68.0,27.0,Long ball
B1,2021-10-31,20:00,Gent,St. Gilloise,0,2,A,0.0,2.0,A,10.0,11.0,4.0,3.0,8.0,17.0,7.0,6.0,2.0,4.0,0.0,0.0,2.25,3.4,3.1,2021-2022,72.0,72.0,71.0,72.0,27.0,Slow Build up,71.0,74.0,71.0,70.0,26.0,Long ball
B1,2021-11-05,19:45,Oud-Heverlee Leuven,Oostende,1,0,H,0.0,0.0,D,8.0,15.0,5.0,4.0,6.0,12.0,9.0,8.0,3.0,3.0,1.0,0.0,1.85,3.75,4.0,2021-2022,69.0,70.0,70.0,68.0,27.0,Long ball,69.0,69.0,69.0,68.0,26.0,Long ball
B1,2021-11-06,15:15,Eupen,Waregem,1,1,D,1.0,1.0,D,7.0,9.0,2.0,2.0,13.0,7.0,4.0,6.0,3.0,2.0,0.0,0.0,1.6,4.0,5.25,2021-2022,68.0,71.0,68.0,66.0,28.0,Balanced,69.0,70.0,69.0,68.0,28.0,Balanced
B1,2021-11-06,17:30,Kortrijk,Beerschot VA,1,1,D,0.0,0.0,D,21.0,9.0,7.0,4.0,10.0,16.0,11.0,6.0,1.0,5.0,0.0,0.0,1.75,4.0,4.2,2021-2022,68.0,67.0,68.0,69.0,28.0,Balanced,67.0,67.0,68.0,67.0,25.0,Balanced
B1,2021-11-06,17:30,Mechelen,St Truiden,0,1,A,0.0,1.0,A,9.0,12.0,1.0,1.0,6.0,15.0,1.0,4.0,1.0,5.0,0.0,1.0,1.8,3.6,4.2,2021-2022,69.0,69.0,70.0,69.0,27.0,Balanced,68.0,67.0,68.0,67.0,27.0,Fast build up
B1,2021-11-06,19:45,St. Gilloise,Charleroi,4,0,H,3.0,0.0,H,14.0,11.0,5.0,1.0,9.0,5.0,4.0,4.0,0.0,1.0,0.0,0.0,1.7,3.8,4.5,2021-2022,71.0,74.0,71.0,70.0,26.0,Long ball,,,,,,
B1,2021-11-07,12:30,Club Brugge,Standard,2,2,D,2.0,1.0,H,11.0,7.0,4.0,2.0,13.0,25.0,5.0,4.0,2.0,2.0,0.0,0.0,1.36,4.75,7.5,2021-2022,75.0,76.0,74.0,75.0,28.0,Balanced,,,,,,
B1,2021-11-07,15:00,Seraing,Gent,0,0,D,0.0,0.0,D,8.0,8.0,2.0,4.0,9.0,16.0,4.0,3.0,2.0,2.0,0.0,0.0,5.0,4.0,1.6,2021-2022,66.0,68.0,65.0,65.0,28.0,Balanced,72.0,72.0,71.0,72.0,27.0,Slow Build up
B1,2021-11-07,17:30,Antwerp,Anderlecht,2,0,H,0.0,0.0,D,12.0,9.0,4.0,3.0,7.0,9.0,2.0,8.0,0.0,3.0,0.0,0.0,3.6,3.6,1.95,2021-2022,72.0,73.0,73.0,72.0,28.0,Balanced,,,,,,
B1,2021-11-07,20:00,Genk,Cercle Brugge,1,1,D,0.0,1.0,A,8.0,17.0,4.0,7.0,18.0,13.0,5.0,6.0,1.0,0.0,0.0,0.0,1.5,4.33,5.25,2021-2022,72.0,75.0,73.0,72.0,25.0,Balanced,68.0,68.0,70.0,67.0,28.0,Fast build up
B1,2021-11-19,19:45,Mechelen,Club Brugge,2,1,H,0.0,0.0,D,11.0,17.0,4.0,5.0,18.0,11.0,11.0,3.0,3.0,1.0,0.0,0.0,4.5,4.0,1.7,2021-2022,69.0,69.0,70.0,69.0,27.0,Balanced,75.0,76.0,74.0,75.0,28.0,Balanced
B1,2021-11-20,15:15,Cercle Brugge,Charleroi,1,2,A,0.0,2.0,A,24.0,11.0,7.0,4.0,13.0,13.0,3.0,3.0,1.0,4.0,0.0,0.0,2.6,3.5,2.6,2021-2022,68.0,68.0,70.0,67.0,28.0,Fast build up,,,,,,
B1,2021-11-20,17:30,Oud-Heverlee Leuven,Seraing,1,3,A,0.0,1.0,A,10.0,12.0,5.0,3.0,13.0,11.0,6.0,1.0,3.0,3.0,0.0,0.0,1.75,4.0,3.8,2021-2022,69.0,70.0,70.0,68.0,27.0,Long ball,66.0,68.0,65.0,65.0,28.0,Balanced
B1,2021-11-20,17:30,Waregem,Gent,1,2,A,0.0,0.0,D,8.0,16.0,2.0,4.0,11.0,18.0,5.0,6.0,4.0,4.0,0.0,0.0,5.25,4.33,1.44,2021-2022,69.0,70.0,69.0,68.0,28.0,Balanced,72.0,72.0,71.0,72.0,27.0,Slow Build up
B1,2021-11-20,19:45,Standard,Eupen,1,0,H,1.0,0.0,H,17.0,13.0,6.0,2.0,6.0,13.0,6.0,8.0,1.0,2.0,0.0,0.0,1.85,3.6,4.0,2021-2022,,,,,,,68.0,71.0,68.0,66.0,28.0,Balanced
B1,2021-11-21,12:30,Anderlecht,Kortrijk,1,1,D,0.0,1.0,A,21.0,11.0,4.0,5.0,8.0,15.0,10.0,2.0,0.0,4.0,1.0,0.0,1.4,4.75,8.0,2021-2022,,,,,,,68.0,67.0,68.0,69.0,28.0,Balanced
B1,2021-11-21,15:00,St Truiden,Antwerp,2,1,H,2.0,0.0,H,12.0,12.0,7.0,4.0,17.0,12.0,5.0,5.0,2.0,0.0,0.0,0.0,2.62,3.6,2.4,2021-2022,68.0,67.0,68.0,67.0,27.0,Fast build up,72.0,73.0,73.0,72.0,28.0,Balanced
B1,2021-11-21,17:30,Oostende,St. Gilloise,1,7,A,1.0,4.0,A,6.0,15.0,1.0,8.0,11.0,6.0,5.0,5.0,1.0,0.0,0.0,0.0,5.5,4.2,1.5,2021-2022,69.0,69.0,69.0,68.0,26.0,Long ball,71.0,74.0,71.0,70.0,26.0,Long ball
B1,2021-11-21,20:00,Beerschot VA,Genk,2,0,H,1.0,0.0,H,10.0,19.0,3.0,4.0,10.0,5.0,4.0,7.0,1.0,1.0,0.0,0.0,4.5,4.0,1.65,2021-2022,67.0,67.0,68.0,67.0,25.0,Balanced,72.0,75.0,73.0,72.0,25.0,Balanced
B1,2021-11-26,19:45,St. Gilloise,Oud-Heverlee Leuven,1,3,A,0.0,2.0,A,14.0,6.0,2.0,5.0,13.0,13.0,5.0,2.0,3.0,3.0,0.0,0.0,1.25,6.0,9.5,2021-2022,71.0,74.0,71.0,70.0,26.0,Long ball,69.0,70.0,70.0,68.0,27.0,Long ball
B1,2021-11-27,15:15,Seraing,St Truiden,2,0,H,1.0,0.0,H,9.0,11.0,2.0,6.0,12.0,16.0,2.0,6.0,0.0,0.0,0.0,0.0,2.8,3.5,2.37,2021-2022,66.0,68.0,65.0,65.0,28.0,Balanced,68.0,67.0,68.0,67.0,27.0,Fast build up
B1,2021-11-27,17:30,Cercle Brugge,Mechelen,3,1,H,1.0,1.0,D,18.0,4.0,9.0,2.0,12.0,15.0,6.0,2.0,1.0,2.0,0.0,0.0,2.37,3.4,2.9,2021-2022,68.0,68.0,70.0,67.0,28.0,Fast build up,69.0,69.0,70.0,69.0,27.0,Balanced
B1,2021-11-27,17:30,Eupen,Kortrijk,2,2,D,2.0,1.0,H,13.0,17.0,5.0,8.0,15.0,8.0,7.0,11.0,2.0,1.0,0.0,0.0,2.2,3.4,3.2,2021-2022,68.0,71.0,68.0,66.0,28.0,Balanced,68.0,67.0,68.0,69.0,28.0,Balanced
B1,2021-11-27,19:45,Charleroi,Anderlecht,1,3,A,0.0,1.0,A,8.0,14.0,2.0,6.0,13.0,7.0,4.0,8.0,1.0,1.0,0.0,0.0,3.6,3.4,2.05,2021-2022,,,,,,,,,,,,
B1,2021-11-28,12:30,Genk,Club Brugge,2,3,A,0.0,1.0,A,13.0,8.0,5.0,4.0,17.0,11.0,5.0,6.0,1.0,3.0,0.0,1.0,3.2,3.5,2.15,2021-2022,72.0,75.0,73.0,72.0,25.0,Balanced,75.0,76.0,74.0,75.0,28.0,Balanced
B1,2021-11-28,15:00,Waregem,Beerschot VA,2,0,H,2.0,0.0,H,15.0,14.0,6.0,5.0,12.0,11.0,2.0,5.0,1.0,1.0,0.0,0.0,2.62,3.5,2.55,2021-2022,69.0,70.0,69.0,68.0,28.0,Balanced,67.0,67.0,68.0,67.0,25.0,Balanced
B1,2021-11-28,17:30,Gent,Standard,3,1,H,1.0,0.0,H,19.0,8.0,8.0,5.0,9.0,5.0,12.0,4.0,0.0,2.0,0.0,0.0,1.5,4.0,6.0,2021-2022,72.0,72.0,71.0,72.0,27.0,Slow Build up,,,,,,
B1,2021-11-28,20:00,Antwerp,Oostende,3,0,H,0.0,0.0,D,14.0,4.0,8.0,1.0,10.0,16.0,4.0,4.0,1.0,2.0,0.0,0.0,1.7,4.0,4.5,2021-2022,72.0,73.0,73.0,72.0,28.0,Balanced,69.0,69.0,69.0,68.0,26.0,Long ball
B1,2021-12-03,19:45,St Truiden,St. Gilloise,1,2,A,0.0,1.0,A,9.0,13.0,3.0,9.0,10.0,10.0,2.0,6.0,2.0,2.0,0.0,0.0,3.75,3.4,2.0,2021-2022,68.0,67.0,68.0,67.0,27.0,Fast build up,71.0,74.0,71.0,70.0,26.0,Long ball
B1,2021-12-04,15:15,Oud-Heverlee Leuven,Gent,0,1,A,0.0,1.0,A,14.0,16.0,2.0,8.0,5.0,17.0,5.0,11.0,2.0,5.0,0.0,0.0,4.0,3.8,1.8,2021-2022,69.0,70.0,70.0,68.0,27.0,Long ball,72.0,72.0,71.0,72.0,27.0,Slow Build up
B1,2021-12-04,17:30,Kortrijk,Cercle Brugge,0,2,A,0.0,1.0,A,13.0,17.0,1.0,5.0,17.0,25.0,7.0,4.0,2.0,4.0,0.0,0.0,2.5,3.5,2.62,2021-2022,68.0,67.0,68.0,69.0,28.0,Balanced,68.0,68.0,70.0,67.0,28.0,Fast build up
B1,2021-12-04,17:30,Oostende,Eupen,2,1,H,0.0,1.0,A,17.0,4.0,6.0,2.0,8.0,11.0,10.0,1.0,2.0,2.0,0.0,0.0,2.45,3.5,2.7,2021-2022,69.0,69.0,69.0,68.0,26.0,Long ball,68.0,71.0,68.0,66.0,28.0,Balanced
B1,2021-12-04,19:45,Club Brugge,Seraing,3,2,H,3.0,2.0,H,17.0,13.0,8.0,5.0,9.0,10.0,1.0,3.0,0.0,4.0,0.0,0.0,1.25,5.5,12.0,2021-2022,75.0,76.0,74.0,75.0,28.0,Balanced,66.0,68.0,65.0,65.0,28.0,Balanced
B1,2021-12-05,12:30,Beerschot VA,Antwerp,0,1,A,0.0,0.0,D,13.0,15.0,3.0,6.0,12.0,13.0,5.0,7.0,4.0,1.0,0.0,0.0,2.87,3.5,2.3,2021-2022,67.0,67.0,68.0,67.0,25.0,Balanced,72.0,73.0,73.0,72.0,28.0,Balanced
B1,2021-12-05,15:00,Anderlecht,Waregem,3,2,H,1.0,1.0,D,17.0,11.0,7.0,4.0,9.0,13.0,5.0,0.0,2.0,2.0,0.0,0.0,1.25,6.0,10.0,2021-2022,,,,,,,69.0,70.0,69.0,68.0,28.0,Balanced
B1,2021-12-05,17:30,Standard,Charleroi,0,3,A,0.0,2.0,A,16.0,8.0,3.0,5.0,15.0,9.0,4.0,1.0,7.0,2.0,0.0,0.0,2.2,3.5,3.1,2021-2022,,,,,,,,,,,,
B1,2021-12-05,20:00,Mechelen,Genk,1,1,D,0.0,1.0,A,11.0,11.0,3.0,5.0,10.0,5.0,5.0,10.0,1.0,0.0,1.0,0.0,3.0,3.5,2.25,2021-2022,69.0,69.0,70.0,69.0,27.0,Balanced,72.0,75.0,73.0,72.0,25.0,Balanced
B1,2021-12-10,19:45,Charleroi,Oostende,1,0,H,0.0,0.0,D,11.0,19.0,6.0,3.0,8.0,10.0,5.0,9.0,0.0,1.0,0.0,0.0,1.5,4.0,5.75,2021-2022,,,,,,,69.0,69.0,69.0,68.0,26.0,Long ball
B1,2021-12-11,15:15,Kortrijk,Oud-Heverlee Leuven,2,1,H,0.0,0.0,D,8.0,18.0,2.0,2.0,11.0,11.0,6.0,7.0,3.0,0.0,1.0,1.0,2.15,3.6,3.3,2021-2022,68.0,67.0,68.0,69.0,28.0,Balanced,69.0,70.0,70.0,68.0,27.0,Long ball
B1,2021-12-11,17:30,Eupen,Beerschot VA,1,0,H,1.0,0.0,H,15.0,21.0,7.0,4.0,8.0,10.0,5.0,7.0,1.0,1.0,0.0,0.0,2.05,3.75,3.4,2021-2022,68.0,71.0,68.0,66.0,28.0,Balanced,67.0,67.0,68.0,67.0,25.0,Balanced
B1,2021-12-11,17:30,St Truiden,Cercle Brugge,1,2,A,0.0,0.0,D,12.0,11.0,4.0,5.0,9.0,17.0,6.0,9.0,1.0,4.0,0.0,1.0,2.87,3.2,2.5,2021-2022,68.0,67.0,68.0,67.0,27.0,Fast build up,68.0,68.0,70.0,67.0,28.0,Fast build up
B1,2021-12-11,19:45,Seraing,Anderlecht,0,5,A,0.0,3.0,A,5.0,17.0,1.0,7.0,8.0,8.0,2.0,9.0,0.0,2.0,1.0,0.0,5.75,4.2,1.53,2021-2022,66.0,68.0,65.0,65.0,28.0,Balanced,,,,,,
B1,2021-12-12,12:30,Antwerp,Standard,2,3,A,0.0,0.0,D,10.0,10.0,4.0,8.0,9.0,15.0,4.0,6.0,4.0,6.0,2.0,1.0,1.9,3.6,4.0,2021-2022,72.0,73.0,73.0,72.0,28.0,Balanced,,,,,,
B1,2021-12-12,15:00,St. Gilloise,Mechelen,2,0,H,1.0,0.0,H,13.0,15.0,4.0,3.0,14.0,14.0,6.0,5.0,4.0,2.0,0.0,0.0,1.53,4.33,5.75,2021-2022,71.0,74.0,71.0,70.0,26.0,Long ball,69.0,69.0,70.0,69.0,27.0,Balanced
B1,2021-12-12,17:30,Gent,Genk,1,0,H,1.0,0.0,H,13.0,12.0,6.0,3.0,9.0,11.0,5.0,4.0,1.0,2.0,0.0,0.0,1.75,3.8,4.75,2021-2022,72.0,72.0,71.0,72.0,27.0,Slow Build up,72.0,75.0,73.0,72.0,25.0,Balanced
B1,2021-12-12,20:00,Club Brugge,Waregem,3,0,H,1.0,0.0,H,21.0,7.0,7.0,0.0,12.0,14.0,7.0,1.0,0.0,3.0,0.0,0.0,1.22,6.5,12.0,2021-2022,75.0,76.0,74.0,75.0,28.0,Balanced,69.0,70.0,69.0,68.0,28.0,Balanced
B1,2021-12-14,17:45,Cercle Brugge,Seraing,2,0,H,2.0,0.0,H,12.0,7.0,5.0,1.0,19.0,10.0,5.0,5.0,1.0,1.0,0.0,0.0,1.55,4.0,5.75,2021-2022,68.0,68.0,70.0,67.0,28.0,Fast build up,66.0,68.0,65.0,65.0,28.0,Balanced
B1,2021-12-14,20:00,Anderlecht,St Truiden,2,0,H,0.0,0.0,D,18.0,8.0,4.0,2.0,9.0,17.0,6.0,6.0,0.0,2.0,0.0,0.0,1.4,4.75,6.5,2021-2022,,,,,,,68.0,67.0,68.0,67.0,27.0,Fast build up
B1,2021-12-14,20:00,Oostende,Kortrijk,0,2,A,0.0,1.0,A,12.0,13.0,0.0,4.0,10.0,10.0,6.0,4.0,1.0,1.0,0.0,0.0,2.45,3.4,2.7,2021-2022,69.0,69.0,69.0,68.0,26.0,Long ball,68.0,67.0,68.0,69.0,28.0,Balanced
B1,2021-12-15,17:45,Mechelen,Gent,4,3,H,1.0,1.0,D,12.0,22.0,5.0,9.0,13.0,10.0,4.0,10.0,2.0,0.0,0.0,0.0,3.8,3.75,1.9,2021-2022,69.0,69.0,70.0,69.0,27.0,Balanced,72.0,72.0,71.0,72.0,27.0,Slow Build up
B1,2021-12-15,17:45,Waregem,St. Gilloise,0,2,A,0.0,2.0,A,12.0,14.0,4.0,9.0,9.0,14.0,6.0,9.0,0.0,4.0,0.0,0.0,6.5,4.75,1.44,2021-2022,69.0,70.0,69.0,68.0,28.0,Balanced,71.0,74.0,71.0,70.0,26.0,Long ball
B1,2021-12-15,20:00,Oud-Heverlee Leuven,Club Brugge,1,4,A,0.0,1.0,A,16.0,14.0,7.0,4.0,7.0,4.0,7.0,7.0,0.0,0.0,0.0,0.0,5.5,4.2,1.55,2021-2022,69.0,70.0,70.0,68.0,27.0,Long ball,75.0,76.0,74.0,75.0,28.0,Balanced
B1,2021-12-16,17:45,Antwerp,Eupen,4,2,H,2.0,1.0,H,16.0,13.0,6.0,8.0,3.0,8.0,3.0,5.0,0.0,1.0,0.0,0.0,1.57,4.33,5.25,2021-2022,72.0,73.0,73.0,72.0,28.0,Balanced,68.0,71.0,68.0,66.0,28.0,Balanced
B1,2021-12-16,20:00,Genk,Charleroi,4,2,H,2.0,2.0,D,17.0,11.0,6.0,2.0,12.0,8.0,9.0,4.0,2.0,3.0,0.0,0.0,1.9,3.8,3.6,2021-2022,72.0,75.0,73.0,72.0,25.0,Balanced,,,,,,
B1,2021-12-17,19:45,Seraing,Kortrijk,0,2,A,0.0,0.0,D,9.0,6.0,2.0,5.0,15.0,14.0,7.0,1.0,2.0,3.0,0.0,0.0,2.5,3.4,2.55,2021-2022,66.0,68.0,65.0,65.0,28.0,Balanced,68.0,67.0,68.0,69.0,28.0,Balanced
B1,2021-12-18,15:15,Beerschot VA,Oostende,0,2,A,0.0,2.0,A,13.0,14.0,3.0,6.0,9.0,19.0,8.0,5.0,0.0,5.0,1.0,1.0,2.2,3.5,3.0,2021-2022,67.0,67.0,68.0,67.0,25.0,Balanced,69.0,69.0,69.0,68.0,26.0,Long ball
B1,2021-12-18,17:30,St. Gilloise,Cercle Brugge,3,2,H,0.0,2.0,A,18.0,10.0,5.0,4.0,14.0,15.0,7.0,2.0,5.0,3.0,0.0,0.0,1.61,4.33,4.75,2021-2022,71.0,74.0,71.0,70.0,26.0,Long ball,68.0,68.0,70.0,67.0,28.0,Fast build up
B1,2021-12-18,17:30,Waregem,Mechelen,3,2,H,0.0,1.0,A,19.0,11.0,6.0,6.0,10.0,14.0,9.0,5.0,2.0,1.0,0.0,0.0,3.4,3.8,1.95,2021-2022,69.0,70.0,69.0,68.0,28.0,Balanced,69.0,69.0,70.0,69.0,27.0,Balanced
B1,2021-12-18,19:45,Gent,St Truiden,2,1,H,1.0,0.0,H,8.0,15.0,4.0,3.0,13.0,8.0,5.0,6.0,3.0,1.0,0.0,0.0,1.4,4.75,8.0,2021-2022,72.0,72.0,71.0,72.0,27.0,Slow Build up,68.0,67.0,68.0,67.0,27.0,Fast build up
B1,2021-12-19,12:30,Club Brugge,Anderlecht,2,2,D,1.0,0.0,H,16.0,12.0,5.0,6.0,16.0,8.0,9.0,8.0,1.0,2.0,0.0,0.0,1.85,3.75,3.8,2021-2022,75.0,76.0,74.0,75.0,28.0,Balanced,,,,,,
B1,2021-12-19,15:00,Eupen,Charleroi,0,4,A,0.0,3.0,A,24.0,10.0,8.0,4.0,16.0,7.0,4.0,1.0,4.0,0.0,0.0,0.0,2.87,3.5,2.3,2021-2022,68.0,71.0,68.0,66.0,28.0,Balanced,,,,,,
B1,2021-12-19,17:30,Genk,Antwerp,1,1,D,1.0,0.0,H,10.0,7.0,2.0,2.0,7.0,9.0,6.0,7.0,0.0,2.0,0.0,0.0,1.85,3.6,3.6,2021-2022,72.0,75.0,73.0,72.0,25.0,Balanced,72.0,73.0,73.0,72.0,28.0,Balanced
B1,2021-12-19,20:00,Oud-Heverlee Leuven,Standard,2,1,H,2.0,0.0,H,6.0,22.0,3.0,7.0,9.0,15.0,2.0,5.0,1.0,4.0,0.0,0.0,2.5,3.5,2.7,2021-2022,69.0,70.0,70.0,68.0,27.0,Long ball,,,,,,
B1,2021-12-26,12:30,Cercle Brugge,Club Brugge,2,0,H,0.0,0.0,D,12.0,11.0,5.0,5.0,16.0,11.0,4.0,7.0,3.0,2.0,0.0,0.0,4.0,3.8,1.75,2021-2022,68.0,68.0,70.0,67.0,28.0,Fast build up,75.0,76.0,74.0,75.0,28.0,Balanced
B1,2021-12-26,15:00,Standard,Waregem,0,1,A,0.0,0.0,D,19.0,8.0,2.0,2.0,16.0,10.0,8.0,1.0,2.0,1.0,1.0,0.0,1.57,4.33,4.75,2021-2022,,,,,,,69.0,70.0,69.0,68.0,28.0,Balanced
B1,2021-12-26,17:30,St. Gilloise,Gent,0,0,D,0.0,0.0,D,6.0,10.0,0.0,2.0,11.0,11.0,5.0,6.0,0.0,3.0,0.0,0.0,2.2,3.75,3.0,2021-2022,71.0,74.0,71.0,70.0,26.0,Long ball,72.0,72.0,71.0,72.0,27.0,Slow Build up
B1,2021-12-26,20:00,Oostende,Genk,0,4,A,0.0,3.0,A,7.0,15.0,2.0,11.0,15.0,8.0,1.0,9.0,1.0,1.0,0.0,1.0,3.5,3.8,1.9,2021-2022,69.0,69.0,69.0,68.0,26.0,Long ball,72.0,75.0,73.0,72.0,25.0,Balanced
B1,2021-12-27,17:45,Charleroi,Oud-Heverlee Leuven,0,3,A,0.0,1.0,A,19.0,12.0,7.0,6.0,8.0,4.0,4.0,4.0,1.0,0.0,0.0,0.0,1.65,4.0,4.33,2021-2022,,,,,,,69.0,70.0,70.0,68.0,27.0,Long ball
B1,2021-12-27,17:45,Mechelen,Seraing,2,0,H,0.0,0.0,D,18.0,19.0,6.0,4.0,12.0,5.0,6.0,10.0,4.0,3.0,0.0,0.0,1.65,4.0,4.5,2021-2022,69.0,69.0,70.0,69.0,27.0,Balanced,66.0,68.0,65.0,65.0,28.0,Balanced
B1,2021-12-27,20:00,Beerschot VA,Anderlecht,0,7,A,0.0,3.0,A,5.0,16.0,2.0,9.0,15.0,10.0,4.0,7.0,2.0,0.0,1.0,0.0,5.25,4.2,1.57,2021-2022,67.0,67.0,68.0,67.0,25.0,Balanced,,,,,,
B1,2021-12-27,20:00,St Truiden,Eupen,2,0,H,1.0,0.0,H,13.0,9.0,4.0,1.0,12.0,16.0,6.0,2.0,1.0,3.0,0.0,0.0,2.2,3.5,2.9,2021-2022,68.0,67.0,68.0,67.0,27.0,Fast build up,68.0,71.0,68.0,66.0,28.0,Balanced
B1,2022-01-14,19:45,Gent,Kortrijk,2,2,D,1.0,1.0,D,22.0,13.0,5.0,6.0,9.0,19.0,6.0,6.0,1.0,5.0,0.0,0.0,1.4,4.5,8.5,2021-2022,72.0,72.0,71.0,72.0,27.0,Slow Build up,68.0,67.0,68.0,69.0,28.0,Balanced
B1,2022-01-15,15:15,Oud-Heverlee Leuven,Mechelen,5,0,H,,,,,,,,,,,,,,,,2.1,3.6,3.4,2021-2022,69.0,70.0,70.0,68.0,27.0,Long ball,69.0,69.0,70.0,69.0,27.0,Balanced
B1,2022-01-15,19:45,Club Brugge,St Truiden,2,0,H,1.0,0.0,H,19.0,5.0,8.0,2.0,8.0,11.0,7.0,1.0,0.0,4.0,0.0,0.0,1.28,5.75,9.0,2021-2022,75.0,76.0,74.0,75.0,28.0,Balanced,68.0,67.0,68.0,67.0,27.0,Fast build up
B1,2022-01-16,12:30,Antwerp,Charleroi,3,0,H,2.0,0.0,H,16.0,13.0,4.0,3.0,12.0,10.0,3.0,4.0,2.0,2.0,0.0,0.0,1.9,3.6,3.75,2021-2022,72.0,73.0,73.0,72.0,28.0,Balanced,,,,,,
B1,2022-01-16,15:00,Eupen,Cercle Brugge,0,2,A,0.0,0.0,D,5.0,14.0,3.0,6.0,11.0,17.0,3.0,3.0,2.0,2.0,0.0,0.0,3.8,3.6,1.9,2021-2022,68.0,71.0,68.0,66.0,28.0,Balanced,68.0,68.0,70.0,67.0,28.0,Fast build up
B1,2022-01-16,17:30,Anderlecht,Standard,1,1,D,1.0,0.0,H,15.0,6.0,3.0,1.0,10.0,14.0,3.0,1.0,1.0,3.0,0.0,0.0,1.4,4.5,7.0,2021-2022,,,,,,,,,,,,
B1,2022-01-16,20:00,Genk,Beerschot VA,4,1,H,2.0,0.0,H,19.0,8.0,10.0,4.0,10.0,8.0,8.0,4.0,1.0,2.0,0.0,0.0,1.33,5.5,7.0,2021-2022,72.0,75.0,73.0,72.0,25.0,Balanced,67.0,67.0,68.0,67.0,25.0,Balanced
B1,2022-01-18,19:00,Seraing,St. Gilloise,0,4,A,0.0,2.0,A,14.0,9.0,3.0,6.0,10.0,15.0,7.0,0.0,2.0,1.0,0.0,1.0,8.0,4.5,1.4,2021-2022,66.0,68.0,65.0,65.0,28.0,Balanced,71.0,74.0,71.0,70.0,26.0,Long ball
B1,2022-01-21,19:45,Oostende,Antwerp,1,2,A,0.0,0.0,D,12.0,14.0,6.0,5.0,8.0,7.0,5.0,8.0,1.0,2.0,0.0,0.0,3.75,3.75,1.9,2021-2022,69.0,69.0,69.0,68.0,26.0,Long ball,72.0,73.0,73.0,72.0,28.0,Balanced
B1,2022-01-22,15:15,Kortrijk,Eupen,1,1,D,0.0,1.0,A,18.0,11.0,5.0,3.0,15.0,15.0,5.0,1.0,0.0,1.0,0.0,0.0,1.83,3.6,4.0,2021-2022,68.0,67.0,68.0,69.0,28.0,Balanced,68.0,71.0,68.0,66.0,28.0,Balanced
B1,2022-01-22,17:30,Beerschot VA,Oud-Heverlee Leuven,3,1,H,2.0,1.0,H,15.0,17.0,12.0,5.0,14.0,13.0,8.0,5.0,1.0,3.0,0.0,0.0,3.1,3.6,2.15,2021-2022,67.0,67.0,68.0,67.0,25.0,Balanced,69.0,70.0,70.0,68.0,27.0,Long ball
B1,2022-01-22,17:30,St Truiden,Seraing,3,1,H,1.0,1.0,D,13.0,9.0,6.0,1.0,14.0,6.0,6.0,1.0,2.0,2.0,0.0,0.0,1.83,3.5,4.5,2021-2022,68.0,67.0,68.0,67.0,27.0,Fast build up,66.0,68.0,65.0,65.0,28.0,Balanced
B1,2022-01-22,19:45,Charleroi,Gent,0,0,D,0.0,0.0,D,12.0,8.0,4.0,4.0,13.0,12.0,4.0,4.0,1.0,1.0,0.0,0.0,3.2,3.5,2.15,2021-2022,,,,,,,72.0,72.0,71.0,72.0,27.0,Slow Build up
B1,2022-01-23,12:30,Standard,Club Brugge,2,2,D,1.0,1.0,D,12.0,19.0,6.0,6.0,13.0,9.0,5.0,7.0,2.0,1.0,0.0,1.0,4.75,3.75,1.7,2021-2022,,,,,,,75.0,76.0,74.0,75.0,28.0,Balanced
B1,2022-01-23,15:00,St. Gilloise,Genk,2,1,H,1.0,0.0,H,8.0,8.0,5.0,2.0,15.0,11.0,5.0,6.0,3.0,0.0,0.0,0.0,1.9,3.75,3.6,2021-2022,71.0,74.0,71.0,70.0,26.0,Long ball,72.0,75.0,73.0,72.0,25.0,Balanced
B1,2022-01-23,17:30,Mechelen,Anderlecht,0,1,A,0.0,1.0,A,3.0,8.0,0.0,5.0,12.0,6.0,4.0,4.0,3.0,2.0,0.0,0.0,4.5,3.8,1.72,2021-2022,69.0,69.0,70.0,69.0,27.0,Balanced,,,,,,
B1,2022-01-23,20:00,Cercle Brugge,Waregem,3,1,H,2.0,0.0,H,12.0,10.0,5.0,4.0,15.0,10.0,3.0,5.0,3.0,4.0,0.0,0.0,1.53,4.2,6.0,2021-2022,68.0,68.0,70.0,67.0,28.0,Fast build up,69.0,70.0,69.0,68.0,28.0,Balanced
B1,2022-01-25,17:45,Antwerp,St Truiden,1,1,D,1.0,0.0,H,13.0,7.0,3.0,2.0,7.0,16.0,8.0,5.0,0.0,2.0,0.0,0.0,1.85,3.6,4.0,2021-2022,72.0,73.0,73.0,72.0,28.0,Balanced,68.0,67.0,68.0,67.0,27.0,Fast build up
B1,2022-01-25,20:00,Charleroi,Kortrijk,1,1,D,1.0,1.0,D,19.0,7.0,10.0,2.0,14.0,11.0,6.0,2.0,2.0,3.0,0.0,0.0,1.95,3.5,3.75,2021-2022,,,,,,,68.0,67.0,68.0,69.0,28.0,Balanced
B1,2022-01-25,20:00,Gent,Oostende,1,1,D,0.0,1.0,A,17.0,4.0,6.0,2.0,9.0,15.0,5.0,3.0,1.0,3.0,0.0,0.0,1.44,4.5,7.0,2021-2022,72.0,72.0,71.0,72.0,27.0,Slow Build up,69.0,69.0,69.0,68.0,26.0,Long ball
B1,2022-01-26,17:45,Eupen,Standard,0,2,A,0.0,1.0,A,16.0,14.0,3.0,4.0,7.0,9.0,11.0,2.0,1.0,2.0,0.0,0.0,3.0,3.4,2.3,2021-2022,68.0,71.0,68.0,66.0,28.0,Balanced,,,,,,
B1,2022-01-26,17:45,Waregem,Oud-Heverlee Leuven,1,1,D,1.0,1.0,D,10.0,10.0,4.0,3.0,6.0,10.0,6.0,2.0,2.0,2.0,0.0,0.0,2.7,3.5,2.45,2021-2022,69.0,70.0,69.0,68.0,28.0,Balanced,69.0,70.0,70.0,68.0,27.0,Long ball
B1,2022-01-26,20:00,Anderlecht,Cercle Brugge,0,2,A,0.0,0.0,D,3.0,17.0,0.0,9.0,10.0,17.0,4.0,1.0,1.0,2.0,1.0,0.0,1.65,3.8,5.0,2021-2022,,,,,,,68.0,68.0,70.0,67.0,28.0,Fast build up
B1,2022-01-26,20:00,Seraing,Beerschot VA,2,1,H,1.0,0.0,H,14.0,14.0,4.0,4.0,10.0,8.0,5.0,9.0,2.0,1.0,0.0,0.0,1.95,3.6,3.6,2021-2022,66.0,68.0,65.0,65.0,28.0,Balanced,67.0,67.0,68.0,67.0,25.0,Balanced
B1,2022-01-27,19:45,Club Brugge,St. Gilloise,0,0,D,0.0,0.0,D,10.0,17.0,1.0,6.0,14.0,14.0,4.0,9.0,1.0,4.0,0.0,0.0,2.05,3.6,3.4,2021-2022,75.0,76.0,74.0,75.0,28.0,Balanced,71.0,74.0,71.0,70.0,26.0,Long ball
B1,2022-01-28,19:45,St Truiden,Charleroi,0,1,A,0.0,1.0,A,18.0,13.0,3.0,2.0,12.0,9.0,10.0,4.0,1.0,1.0,0.0,0.0,2.6,3.4,2.7,2021-2022,68.0,67.0,68.0,67.0,27.0,Fast build up,,,,,,
B1,2022-01-29,15:15,Beerschot VA,Waregem,3,3,D,1.0,3.0,A,18.0,8.0,7.0,3.0,12.0,16.0,13.0,1.0,1.0,3.0,0.0,0.0,2.3,3.4,3.0,2021-2022,67.0,67.0,68.0,67.0,25.0,Balanced,69.0,70.0,69.0,68.0,28.0,Balanced
B1,2022-01-29,17:30,Seraing,Eupen,0,0,D,0.0,0.0,D,14.0,10.0,5.0,2.0,8.0,16.0,6.0,1.0,2.0,3.0,0.0,0.0,2.4,3.4,2.8,2021-2022,66.0,68.0,65.0,65.0,28.0,Balanced,68.0,71.0,68.0,66.0,28.0,Balanced
B1,2022-01-29,19:45,Cercle Brugge,Oostende,0,1,A,0.0,0.0,D,10.0,11.0,2.0,3.0,14.0,14.0,5.0,4.0,1.0,2.0,0.0,0.0,1.5,4.0,6.5,2021-2022,68.0,68.0,70.0,67.0,28.0,Fast build up,69.0,69.0,69.0,68.0,26.0,Long ball
B1,2022-01-30,12:30,St. Gilloise,Anderlecht,1,0,H,1.0,0.0,H,6.0,9.0,5.0,3.0,15.0,14.0,5.0,2.0,3.0,1.0,0.0,0.0,2.3,3.5,2.9,2021-2022,71.0,74.0,71.0,70.0,26.0,Long ball,,,,,,
B1,2022-01-30,15:00,Gent,Antwerp,0,1,A,0.0,1.0,A,16.0,3.0,4.0,2.0,11.0,14.0,8.0,7.0,3.0,3.0,0.0,0.0,1.8,3.5,4.33,2021-2022,72.0,72.0,71.0,72.0,27.0,Slow Build up,72.0,73.0,73.0,72.0,28.0,Balanced
B1,2022-01-30,17:30,Standard,Mechelen,1,2,A,1.0,0.0,H,17.0,8.0,8.0,4.0,11.0,16.0,6.0,5.0,1.0,4.0,0.0,0.0,2.1,3.5,3.25,2021-2022,,,,,,,69.0,69.0,70.0,69.0,27.0,Balanced
B1,2022-01-30,20:00,Kortrijk,Club Brugge,0,1,A,0.0,0.0,D,8.0,17.0,1.0,6.0,10.0,13.0,3.0,4.0,2.0,1.0,0.0,0.0,5.25,3.75,1.65,2021-2022,68.0,67.0,68.0,69.0,28.0,Balanced,75.0,76.0,74.0,75.0,28.0,Balanced
B1,2022-02-02,17:45,Kortrijk,Antwerp,0,2,A,0.0,1.0,A,28.0,5.0,5.0,2.0,9.0,3.0,8.0,1.0,2.0,1.0,1.0,1.0,2.75,4.0,2.2,2021-2022,68.0,67.0,68.0,69.0,28.0,Balanced,72.0,73.0,73.0,72.0,28.0,Balanced
B1,2022-02-04,19:45,Charleroi,Seraing,2,0,H,1.0,0.0,H,10.0,7.0,3.0,1.0,11.0,6.0,6.0,8.0,1.0,3.0,0.0,1.0,1.6,4.2,5.25,2021-2022,,,,,,,66.0,68.0,65.0,65.0,28.0,Balanced
B1,2022-02-05,15:15,Kortrijk,St Truiden,1,3,A,0.0,2.0,A,12.0,11.0,3.0,4.0,18.0,18.0,6.0,2.0,3.0,4.0,0.0,0.0,2.25,3.5,3.0,2021-2022,68.0,67.0,68.0,69.0,28.0,Balanced,68.0,67.0,68.0,67.0,27.0,Fast build up
B1,2022-02-05,17:30,Oostende,Oud-Heverlee Leuven,1,3,A,0.0,1.0,A,12.0,8.0,3.0,4.0,11.0,13.0,6.0,2.0,2.0,1.0,0.0,0.0,2.45,3.4,2.75,2021-2022,69.0,69.0,69.0,68.0,26.0,Long ball,69.0,70.0,70.0,68.0,27.0,Long ball
B1,2022-02-05,17:30,Standard,Cercle Brugge,1,1,D,0.0,1.0,A,9.0,17.0,5.0,6.0,18.0,19.0,4.0,8.0,6.0,3.0,0.0,1.0,2.7,3.4,2.5,2021-2022,,,,,,,68.0,68.0,70.0,67.0,28.0,Fast build up
B1,2022-02-05,19:45,Antwerp,St. Gilloise,0,2,A,0.0,0.0,D,14.0,16.0,2.0,6.0,8.0,13.0,6.0,4.0,3.0,3.0,0.0,0.0,3.1,3.6,2.1,2021-2022,72.0,73.0,73.0,72.0,28.0,Balanced,71.0,74.0,71.0,70.0,26.0,Long ball
B1,2022-02-06,12:30,Club Brugge,Gent,1,2,A,0.0,1.0,A,13.0,10.0,3.0,3.0,9.0,15.0,9.0,5.0,4.0,5.0,2.0,0.0,2.25,3.5,3.0,2021-2022,75.0,76.0,74.0,75.0,28.0,Balanced,72.0,72.0,71.0,72.0,27.0,Slow Build up
B1,2022-02-06,15:00,Mechelen,Beerschot VA,3,2,H,3.0,0.0,H,11.0,11.0,4.0,2.0,12.0,15.0,6.0,8.0,0.0,3.0,1.0,0.0,1.85,3.75,3.8,2021-2022,69.0,69.0,70.0,69.0,27.0,Balanced,67.0,67.0,68.0,67.0,25.0,Balanced
B1,2022-02-06,17:30,Anderlecht,Eupen,4,1,H,3.0,1.0,H,19.0,8.0,5.0,5.0,12.0,8.0,9.0,3.0,0.0,1.0,0.0,0.0,1.36,5.0,7.5,2021-2022,,,,,,,68.0,71.0,68.0,66.0,28.0,Balanced
B1,2022-02-06,20:00,Genk,Waregem,2,0,H,1.0,0.0,H,13.0,10.0,5.0,1.0,12.0,7.0,5.0,4.0,2.0,2.0,0.0,0.0,1.33,5.0,9.0,2021-2022,72.0,75.0,73.0,72.0,25.0,Balanced,69.0,70.0,69.0,68.0,28.0,Balanced
B1,2022-02-09,17:45,Waregem,Oostende,0,0,D,0.0,0.0,D,12.0,18.0,6.0,3.0,10.0,14.0,6.0,8.0,0.0,1.0,0.0,0.0,2.15,3.5,3.2,2021-2022,69.0,70.0,69.0,68.0,28.0,Balanced,69.0,69.0,69.0,68.0,26.0,Long ball
B1,2022-02-09,20:00,Oud-Heverlee Leuven,Genk,2,1,H,1.0,1.0,D,22.0,12.0,6.0,7.0,18.0,8.0,4.0,3.0,2.0,3.0,0.0,1.0,4.0,3.75,1.83,2021-2022,69.0,70.0,70.0,68.0,27.0,Long ball,72.0,75.0,73.0,72.0,25.0,Balanced
B1,2022-02-11,19:45,Seraing,Antwerp,0,1,A,0.0,0.0,D,8.0,19.0,3.0,5.0,14.0,11.0,1.0,9.0,1.0,2.0,0.0,1.0,3.6,3.5,2.0,2021-2022,66.0,68.0,65.0,65.0,28.0,Balanced,72.0,73.0,73.0,72.0,28.0,Balanced
B1,2022-02-12,15:15,Eupen,Gent,0,1,A,0.0,1.0,A,9.0,11.0,3.0,7.0,10.0,8.0,8.0,3.0,2.0,2.0,0.0,1.0,4.75,3.6,1.66,2021-2022,68.0,71.0,68.0,66.0,28.0,Balanced,72.0,72.0,71.0,72.0,27.0,Slow Build up
B1,2022-02-12,17:30,Mechelen,Oostende,3,0,H,1.0,0.0,H,11.0,4.0,4.0,1.0,1.0,13.0,7.0,3.0,0.0,1.0,0.0,0.0,1.8,4.0,4.0,2021-2022,69.0,69.0,70.0,69.0,27.0,Balanced,69.0,69.0,69.0,68.0,26.0,Long ball
B1,2022-02-12,17:30,Oud-Heverlee Leuven,Cercle Brugge,3,2,H,1.0,2.0,A,11.0,16.0,5.0,5.0,13.0,13.0,5.0,5.0,2.0,4.0,0.0,0.0,3.0,3.4,2.25,2021-2022,69.0,70.0,70.0,68.0,27.0,Long ball,68.0,68.0,70.0,67.0,28.0,Fast build up
B1,2022-02-12,19:45,Waregem,Anderlecht,1,2,A,0.0,2.0,A,13.0,11.0,4.0,5.0,8.0,6.0,6.0,5.0,2.0,1.0,0.0,0.0,6.5,4.5,1.45,2021-2022,69.0,70.0,69.0,68.0,28.0,Balanced,,,,,,
B1,2022-02-13,12:30,Genk,Standard,2,0,H,1.0,0.0,H,15.0,11.0,6.0,4.0,14.0,24.0,4.0,0.0,4.0,3.0,0.0,0.0,1.61,3.8,4.5,2021-2022,72.0,75.0,73.0,72.0,25.0,Balanced,,,,,,
B1,2022-02-13,15:00,St. Gilloise,St Truiden,0,1,A,0.0,0.0,D,11.0,13.0,1.0,5.0,17.0,13.0,5.0,4.0,5.0,2.0,0.0,0.0,1.33,5.0,8.0,2021-2022,71.0,74.0,71.0,70.0,26.0,Long ball,68.0,67.0,68.0,67.0,27.0,Fast build up
B1,2022-02-13,17:30,Club Brugge,Charleroi,2,0,H,1.0,0.0,H,10.0,15.0,5.0,3.0,7.0,9.0,5.0,5.0,1.0,1.0,0.0,0.0,1.66,4.0,4.75,2021-2022,75.0,76.0,74.0,75.0,28.0,Balanced,,,,,,
B1,2022-02-13,20:00,Beerschot VA,Kortrijk,2,1,H,2.0,1.0,H,10.0,14.0,3.0,4.0,15.0,10.0,3.0,7.0,2.0,3.0,0.0,0.0,3.1,3.5,2.15,2021-2022,67.0,67.0,68.0,67.0,25.0,Balanced,68.0,67.0,68.0,69.0,28.0,Balanced
B1,2022-02-16,17:45,Genk,Mechelen,4,1,H,1.0,0.0,H,25.0,6.0,9.0,2.0,5.0,6.0,12.0,5.0,0.0,0.0,0.0,1.0,1.57,3.8,5.0,2021-2022,72.0,75.0,73.0,72.0,25.0,Balanced,69.0,69.0,70.0,69.0,27.0,Balanced
B1,2022-02-19,15:15,Cercle Brugge,Beerschot VA,2,0,H,2.0,0.0,H,26.0,7.0,10.0,2.0,14.0,11.0,10.0,2.0,1.0,2.0,0.0,1.0,1.4,4.33,7.0,2021-2022,68.0,68.0,70.0,67.0,28.0,Fast build up,67.0,67.0,68.0,67.0,25.0,Balanced
B1,2022-02-19,17:30,Kortrijk,Waregem,5,0,H,2.0,0.0,H,17.0,16.0,10.0,3.0,8.0,11.0,1.0,5.0,1.0,4.0,0.0,1.0,1.9,3.5,3.6,2021-2022,68.0,67.0,68.0,69.0,28.0,Balanced,69.0,70.0,69.0,68.0,28.0,Balanced
B1,2022-02-19,17:30,Oostende,Standard,1,0,H,1.0,0.0,H,15.0,4.0,5.0,0.0,14.0,16.0,2.0,0.0,1.0,5.0,0.0,0.0,2.7,3.2,2.37,2021-2022,69.0,69.0,69.0,68.0,26.0,Long ball,,,,,,
B1,2022-02-19,19:45,Charleroi,St. Gilloise,0,3,A,0.0,2.0,A,13.0,17.0,5.0,7.0,11.0,9.0,1.0,2.0,3.0,4.0,0.0,1.0,3.5,3.5,1.85,2021-2022,,,,,,,71.0,74.0,71.0,70.0,26.0,Long ball
B1,2022-02-20,12:30,Antwerp,Mechelen,1,2,A,0.0,2.0,A,24.0,12.0,5.0,8.0,7.0,14.0,10.0,3.0,0.0,2.0,0.0,0.0,1.75,3.6,3.75,2021-2022,72.0,73.0,73.0,72.0,28.0,Balanced,69.0,69.0,70.0,69.0,27.0,Balanced
B1,2022-02-20,15:00,Eupen,Club Brugge,1,3,A,0.0,1.0,A,11.0,15.0,5.0,6.0,9.0,7.0,8.0,3.0,1.0,0.0,0.0,0.0,5.75,4.2,1.5,2021-2022,68.0,71.0,68.0,66.0,28.0,Balanced,75.0,76.0,74.0,75.0,28.0,Balanced
B1,2022-02-20,17:30,Anderlecht,Genk,2,0,H,2.0,0.0,H,14.0,10.0,5.0,1.0,10.0,11.0,4.0,3.0,4.0,2.0,0.0,1.0,1.8,3.6,3.6,2021-2022,,,,,,,72.0,75.0,73.0,72.0,25.0,Balanced
B1,2022-02-20,20:00,St Truiden,Oud-Heverlee Leuven,2,0,H,1.0,0.0,H,10.0,8.0,4.0,3.0,11.0,7.0,6.0,8.0,3.0,3.0,0.0,1.0,2.3,3.25,2.87,2021-2022,68.0,67.0,68.0,67.0,27.0,Fast build up,69.0,70.0,70.0,68.0,27.0,Long ball
B1,2022-02-23,17:45,Gent,Seraing,4,0,H,3.0,0.0,H,13.0,7.0,5.0,1.0,8.0,5.0,3.0,8.0,1.0,2.0,0.0,0.0,1.25,5.5,10.0,2021-2022,72.0,72.0,71.0,72.0,27.0,Slow Build up,66.0,68.0,65.0,65.0,28.0,Balanced
B1,2022-02-25,19:45,Beerschot VA,Charleroi,2,3,A,1.0,1.0,D,11.0,17.0,6.0,7.0,9.0,8.0,4.0,3.0,1.0,2.0,0.0,0.0,3.5,3.5,1.83,2021-2022,67.0,67.0,68.0,67.0,25.0,Balanced,,,,,,
B1,2022-02-26,15:15,St. Gilloise,Eupen,0,0,D,0.0,0.0,D,13.0,2.0,2.0,0.0,16.0,10.0,9.0,3.0,0.0,4.0,0.0,0.0,1.36,4.75,6.0,2021-2022,71.0,74.0,71.0,70.0,26.0,Long ball,68.0,71.0,68.0,66.0,28.0,Balanced
B1,2022-02-26,17:30,Mechelen,Cercle Brugge,2,2,D,2.0,2.0,D,21.0,14.0,5.0,5.0,10.0,16.0,7.0,5.0,3.0,4.0,1.0,1.0,2.2,3.4,2.8,2021-2022,69.0,69.0,70.0,69.0,27.0,Balanced,68.0,68.0,70.0,67.0,28.0,Fast build up
B1,2022-02-26,17:30,Oostende,St Truiden,0,0,D,0.0,0.0,D,11.0,7.0,2.0,1.0,9.0,14.0,4.0,4.0,1.0,2.0,0.0,0.0,2.3,3.5,2.5,2021-2022,69.0,69.0,69.0,68.0,26.0,Long ball,68.0,67.0,68.0,67.0,27.0,Fast build up
B1,2022-02-26,19:45,Oud-Heverlee Leuven,Anderlecht,0,0,D,0.0,0.0,D,14.0,18.0,4.0,5.0,2.0,12.0,5.0,4.0,1.0,4.0,0.0,1.0,4.5,3.75,1.65,2021-2022,69.0,70.0,70.0,68.0,27.0,Long ball,,,,,,
B1,2022-02-27,12:30,Club Brugge,Antwerp,4,1,H,2.0,1.0,H,17.0,8.0,9.0,3.0,18.0,11.0,7.0,3.0,3.0,2.0,0.0,0.0,1.65,3.75,4.5,2021-2022,75.0,76.0,74.0,75.0,28.0,Balanced,72.0,73.0,73.0,72.0,28.0,Balanced
B1,2022-02-27,15:00,Genk,Kortrijk,2,0,H,2.0,0.0,H,29.0,12.0,9.0,4.0,9.0,15.0,13.0,0.0,0.0,3.0,0.0,0.0,1.53,4.0,5.0,2021-2022,72.0,75.0,73.0,72.0,25.0,Balanced,68.0,67.0,68.0,69.0,28.0,Balanced
B1,2022-02-27,17:30,Standard,Gent,0,1,A,0.0,0.0,D,12.0,10.0,4.0,4.0,19.0,14.0,2.0,5.0,5.0,2.0,0.0,1.0,4.5,3.6,1.7,2021-2022,,,,,,,72.0,72.0,71.0,72.0,27.0,Slow Build up
B1,2022-02-27,20:00,Waregem,Seraing,1,0,H,1.0,0.0,H,11.0,13.0,6.0,2.0,8.0,7.0,4.0,7.0,1.0,1.0,0.0,0.0,2.15,3.5,2.9,2021-2022,69.0,70.0,69.0,68.0,28.0,Balanced,66.0,68.0,65.0,65.0,28.0,Balanced
B1,2022-03-02,17:45,Standard,Beerschot VA,1,0,H,1.0,0.0,H,8.0,12.0,3.0,5.0,15.0,14.0,1.0,3.0,2.0,5.0,1.0,0.0,1.65,3.8,4.5,2021-2022,,,,,,,67.0,67.0,68.0,67.0,25.0,Balanced
B1,2022-03-04,19:45,St Truiden,Mechelen,1,1,D,0.0,1.0,A,13.0,11.0,5.0,5.0,7.0,16.0,3.0,4.0,1.0,3.0,0.0,0.0,2.15,3.3,2.9,2021-2022,68.0,67.0,68.0,67.0,27.0,Fast build up,69.0,69.0,70.0,69.0,27.0,Balanced
B1,2022-03-05,15:15,Cercle Brugge,Genk,2,2,D,1.0,0.0,H,17.0,17.0,6.0,6.0,10.0,10.0,11.0,2.0,0.0,0.0,0.0,0.0,2.87,3.3,2.3,2021-2022,68.0,68.0,70.0,67.0,28.0,Fast build up,72.0,75.0,73.0,72.0,25.0,Balanced
B1,2022-03-05,17:30,Kortrijk,St. Gilloise,2,3,A,1.0,1.0,D,10.0,17.0,3.0,7.0,10.0,9.0,3.0,13.0,2.0,3.0,0.0,0.0,4.5,3.75,1.66,2021-2022,68.0,67.0,68.0,69.0,28.0,Balanced,71.0,74.0,71.0,70.0,26.0,Long ball
B1,2022-03-05,19:45,Seraing,Club Brugge,0,5,A,0.0,3.0,A,6.0,15.0,2.0,7.0,8.0,8.0,6.0,5.0,1.0,1.0,1.0,0.0,6.5,4.33,1.4,2021-2022,66.0,68.0,65.0,65.0,28.0,Balanced,75.0,76.0,74.0,75.0,28.0,Balanced
B1,2022-03-06,12:30,Antwerp,Beerschot VA,2,1,H,0.0,1.0,A,13.0,6.0,5.0,1.0,13.0,13.0,7.0,3.0,2.0,7.0,0.0,1.0,,,,2021-2022,72.0,73.0,73.0,72.0,28.0,Balanced,67.0,67.0,68.0,67.0,25.0,Balanced
B1,2022-03-06,15:00,Anderlecht,Oostende,3,0,H,0.0,0.0,D,13.0,10.0,7.0,1.0,7.0,10.0,2.0,5.0,1.0,2.0,0.0,0.0,1.25,5.25,9.5,2021-2022,,,,,,,69.0,69.0,69.0,68.0,26.0,Long ball
B1,2022-03-06,17:30,Charleroi,Standard,0,0,D,0.0,0.0,D,8.0,10.0,3.0,2.0,8.0,18.0,8.0,4.0,2.0,3.0,0.0,0.0,1.95,3.5,3.3,2021-2022,,,,,,,,,,,,
B1,2022-03-06,20:00,Eupen,Oud-Heverlee Leuven,3,1,H,1.0,1.0,D,12.0,12.0,5.0,4.0,7.0,10.0,3.0,7.0,1.0,3.0,0.0,0.0,2.6,3.3,2.37,2021-2022,68.0,71.0,68.0,66.0,28.0,Balanced,69.0,70.0,70.0,68.0,27.0,Long ball
B1,2022-03-06,20:00,Gent,Waregem,2,1,H,1.0,0.0,H,25.0,11.0,8.0,5.0,5.0,8.0,10.0,0.0,0.0,3.0,0.0,0.0,1.22,5.5,10.0,2021-2022,72.0,72.0,71.0,72.0,27.0,Slow Build up,69.0,70.0,69.0,68.0,28.0,Balanced
B1,2022-03-11,19:45,Oud-Heverlee Leuven,St. Gilloise,1,4,A,1.0,1.0,D,9.0,21.0,2.0,8.0,11.0,11.0,5.0,7.0,2.0,0.0,0.0,0.0,4.5,4.0,1.7,2021-2022,69.0,70.0,70.0,68.0,27.0,Long ball,71.0,74.0,71.0,70.0,26.0,Long ball
B1,2022-03-12,15:15,Mechelen,Charleroi,2,2,D,2.0,0.0,H,10.0,14.0,3.0,5.0,12.0,6.0,4.0,3.0,2.0,4.0,0.0,0.0,2.25,3.5,2.9,2021-2022,69.0,69.0,70.0,69.0,27.0,Balanced,,,,,,
B1,2022-03-12,17:30,Cercle Brugge,Kortrijk,2,0,H,0.0,0.0,D,22.0,6.0,4.0,0.0,19.0,11.0,6.0,5.0,1.0,1.0,0.0,0.0,1.65,3.8,5.25,2021-2022,68.0,68.0,70.0,67.0,28.0,Fast build up,68.0,67.0,68.0,69.0,28.0,Balanced
B1,2022-03-12,17:30,Waregem,Eupen,3,0,H,1.0,0.0,H,9.0,16.0,5.0,6.0,12.0,6.0,1.0,9.0,2.0,1.0,0.0,0.0,2.3,3.5,2.8,2021-2022,69.0,70.0,69.0,68.0,28.0,Balanced,68.0,71.0,68.0,66.0,28.0,Balanced
B1,2022-03-12,19:45,Oostende,Club Brugge,1,3,A,1.0,2.0,A,17.0,9.0,4.0,4.0,11.0,8.0,6.0,4.0,1.0,2.0,0.0,0.0,7.5,4.75,1.4,2021-2022,69.0,69.0,69.0,68.0,26.0,Long ball,75.0,76.0,74.0,75.0,28.0,Balanced
B1,2022-03-13,12:30,Anderlecht,Antwerp,2,1,H,1.0,1.0,D,15.0,12.0,10.0,5.0,12.0,13.0,6.0,3.0,3.0,4.0,0.0,0.0,1.61,4.0,5.0,2021-2022,,,,,,,72.0,73.0,73.0,72.0,28.0,Balanced
B1,2022-03-13,15:00,Genk,St Truiden,0,1,A,0.0,1.0,A,14.0,8.0,4.0,4.0,10.0,18.0,5.0,1.0,1.0,5.0,0.0,0.0,1.44,4.33,7.0,2021-2022,72.0,75.0,73.0,72.0,25.0,Balanced,68.0,67.0,68.0,67.0,27.0,Fast build up
B1,2022-03-13,17:30,Beerschot VA,Gent,0,2,A,0.0,1.0,A,10.0,14.0,2.0,6.0,13.0,14.0,6.0,2.0,4.0,2.0,0.0,0.0,6.5,4.2,1.5,2021-2022,67.0,67.0,68.0,67.0,25.0,Balanced,72.0,72.0,71.0,72.0,27.0,Slow Build up
B1,2022-03-13,20:00,Standard,Seraing,0,1,A,0.0,0.0,D,9.0,12.0,3.0,5.0,13.0,13.0,3.0,4.0,3.0,1.0,0.0,0.0,1.75,3.75,4.33,2021-2022,,,,,,,66.0,68.0,65.0,65.0,28.0,Balanced
B1,2022-03-18,19:45,St. Gilloise,Oostende,1,1,D,0.0,1.0,A,18.0,7.0,7.0,4.0,16.0,13.0,9.0,1.0,1.0,5.0,0.0,0.0,1.28,5.0,10.0,2021-2022,71.0,74.0,71.0,70.0,26.0,Long ball,69.0,69.0,69.0,68.0,26.0,Long ball
B1,2022-03-19,15:15,Eupen,Mechelen,1,1,D,1.0,1.0,D,12.0,22.0,5.0,6.0,3.0,7.0,6.0,12.0,3.0,0.0,1.0,0.0,2.9,3.5,2.3,2021-2022,68.0,71.0,68.0,66.0,28.0,Balanced,69.0,69.0,70.0,69.0,27.0,Balanced
B1,2022-03-19,17:30,Charleroi,Cercle Brugge,5,0,H,4.0,0.0,H,12.0,9.0,11.0,4.0,18.0,4.0,2.0,3.0,2.0,0.0,0.0,1.0,2.5,3.5,2.7,2021-2022,,,,,,,68.0,68.0,70.0,67.0,28.0,Fast build up
B1,2022-03-19,17:30,Seraing,Oud-Heverlee Leuven,1,1,D,0.0,0.0,D,12.0,12.0,3.0,5.0,11.0,13.0,3.0,3.0,2.0,1.0,0.0,0.0,2.9,3.4,2.37,2021-2022,66.0,68.0,65.0,65.0,28.0,Balanced,69.0,70.0,70.0,68.0,27.0,Long ball
B1,2022-03-19,19:45,Antwerp,Waregem,1,0,H,0.0,0.0,D,19.0,5.0,7.0,2.0,6.0,4.0,4.0,0.0,1.0,2.0,0.0,0.0,1.4,4.75,6.0,2021-2022,72.0,73.0,73.0,72.0,28.0,Balanced,69.0,70.0,69.0,68.0,28.0,Balanced
B1,2022-03-20,12:30,Club Brugge,Genk,3,1,H,1.0,1.0,D,14.0,10.0,5.0,2.0,9.0,15.0,10.0,6.0,1.0,4.0,0.0,1.0,1.7,3.8,4.5,2021-2022,75.0,76.0,74.0,75.0,28.0,Balanced,72.0,75.0,73.0,72.0,25.0,Balanced
B1,2022-03-20,15:00,Kortrijk,Standard,0,1,A,0.0,0.0,D,12.0,10.0,1.0,3.0,16.0,19.0,2.0,6.0,0.0,3.0,0.0,0.0,2.5,3.25,2.87,2021-2022,68.0,67.0,68.0,69.0,28.0,Balanced,,,,,,
B1,2022-03-20,17:30,Gent,Anderlecht,1,0,H,0.0,0.0,D,5.0,19.0,2.0,7.0,2.0,6.0,4.0,5.0,0.0,2.0,0.0,0.0,2.3,3.4,3.0,2021-2022,72.0,72.0,71.0,72.0,27.0,Slow Build up,,,,,,
B1,2022-03-20,20:00,St Truiden,Beerschot VA,3,2,H,2.0,1.0,H,18.0,10.0,4.0,5.0,10.0,8.0,7.0,6.0,1.0,2.0,0.0,0.0,1.53,4.0,6.0,2021-2022,68.0,67.0,68.0,67.0,27.0,Fast build up,67.0,67.0,68.0,67.0,25.0,Balanced
B1,2022-04-01,19:45,Beerschot VA,Club Brugge,1,3,A,0.0,1.0,A,4.0,22.0,1.0,10.0,10.0,8.0,2.0,5.0,1.0,0.0,0.0,0.0,10.0,5.75,1.22,2021-2022,67.0,67.0,68.0,67.0,25.0,Balanced,75.0,76.0,74.0,75.0,28.0,Balanced
B1,2022-04-02,15:15,Waregem,St Truiden,0,2,A,0.0,0.0,D,9.0,15.0,0.0,7.0,12.0,13.0,1.0,4.0,4.0,2.0,0.0,1.0,2.87,3.3,2.5,2021-2022,69.0,70.0,69.0,68.0,28.0,Balanced,68.0,67.0,68.0,67.0,27.0,Fast build up
B1,2022-04-02,17:30,Mechelen,Kortrijk,3,2,H,1.0,1.0,D,15.0,15.0,7.0,5.0,7.0,11.0,11.0,6.0,0.0,2.0,0.0,0.0,1.66,4.0,4.33,2021-2022,69.0,69.0,70.0,69.0,27.0,Balanced,68.0,67.0,68.0,69.0,28.0,Balanced
B1,2022-04-02,17:30,Oostende,Seraing,2,2,D,1.0,1.0,D,13.0,7.0,2.0,4.0,9.0,6.0,6.0,4.0,2.0,1.0,0.0,0.0,2.2,3.6,3.1,2021-2022,69.0,69.0,69.0,68.0,26.0,Long ball,66.0,68.0,65.0,65.0,28.0,Balanced
B1,2022-04-02,19:45,Oud-Heverlee Leuven,Antwerp,0,1,A,0.0,1.0,A,16.0,9.0,5.0,3.0,11.0,11.0,6.0,3.0,1.0,3.0,0.0,0.0,3.4,3.75,2.0,2021-2022,69.0,70.0,70.0,68.0,27.0,Long ball,72.0,73.0,73.0,72.0,28.0,Balanced
B1,2022-04-03,12:30,Standard,St. Gilloise,1,3,A,1.0,1.0,D,5.0,13.0,1.0,5.0,18.0,12.0,4.0,7.0,4.0,2.0,0.0,0.0,4.33,4.0,1.66,2021-2022,,,,,,,71.0,74.0,71.0,70.0,26.0,Long ball
B1,2022-04-03,15:00,Cercle Brugge,Gent,2,2,D,1.0,2.0,A,15.0,10.0,3.0,6.0,14.0,8.0,7.0,4.0,4.0,1.0,0.0,1.0,3.2,3.4,2.15,2021-2022,68.0,68.0,70.0,67.0,28.0,Fast build up,72.0,72.0,71.0,72.0,27.0,Slow Build up
B1,2022-04-03,17:30,Anderlecht,Charleroi,4,0,H,1.0,0.0,H,20.0,1.0,11.0,0.0,8.0,14.0,5.0,2.0,1.0,2.0,0.0,0.0,1.5,4.75,5.75,2021-2022,,,,,,,,,,,,
B1,2022-04-03,20:00,Genk,Eupen,5,0,H,2.0,0.0,H,14.0,5.0,9.0,2.0,11.0,10.0,4.0,2.0,2.0,1.0,0.0,0.0,1.4,4.75,7.0,2021-2022,72.0,75.0,73.0,72.0,25.0,Balanced,68.0,71.0,68.0,66.0,28.0,Balanced
B1,2022-04-09,17:30,Eupen,Oostende,0,2,A,0.0,1.0,A,9.0,16.0,1.0,8.0,14.0,9.0,5.0,3.0,4.0,3.0,0.0,1.0,2.45,3.4,2.55,2021-2022,68.0,71.0,68.0,66.0,28.0,Balanced,69.0,69.0,69.0,68.0,26.0,Long ball
B1,2022-04-09,19:45,Antwerp,Cercle Brugge,1,1,D,0.0,0.0,D,24.0,5.0,7.0,1.0,6.0,11.0,9.0,2.0,0.0,1.0,0.0,0.0,1.95,3.3,3.6,2021-2022,72.0,73.0,73.0,72.0,28.0,Balanced,68.0,68.0,70.0,67.0,28.0,Fast build up
B1,2022-04-10,17:30,Charleroi,Waregem,3,0,H,3.0,0.0,H,15.0,9.0,7.0,3.0,9.0,11.0,7.0,3.0,0.0,2.0,0.0,0.0,1.45,4.0,6.0,2021-2022,,,,,,,69.0,70.0,69.0,68.0,28.0,Balanced
B1,2022-04-10,17:30,Club Brugge,Mechelen,2,0,H,1.0,0.0,H,22.0,8.0,8.0,0.0,8.0,6.0,7.0,4.0,2.0,1.0,0.0,0.0,1.3,5.0,8.0,2021-2022,75.0,76.0,74.0,75.0,28.0,Balanced,69.0,69.0,70.0,69.0,27.0,Balanced
B1,2022-04-10,17:30,Gent,Oud-Heverlee Leuven,5,0,H,1.0,0.0,H,26.0,7.0,12.0,3.0,7.0,13.0,6.0,3.0,0.0,4.0,0.0,0.0,1.22,6.0,9.5,2021-2022,72.0,72.0,71.0,72.0,27.0,Slow Build up,69.0,70.0,70.0,68.0,27.0,Long ball
B1,2022-04-10,17:30,Kortrijk,Anderlecht,2,3,A,1.0,1.0,D,15.0,15.0,5.0,9.0,10.0,6.0,7.0,3.0,1.0,1.0,0.0,0.0,7.0,4.75,1.33,2021-2022,68.0,67.0,68.0,69.0,28.0,Balanced,,,,,,
B1,2022-04-10,17:30,Seraing,Genk,0,2,A,0.0,1.0,A,4.0,13.0,2.0,6.0,3.0,13.0,4.0,7.0,0.0,2.0,1.0,0.0,5.75,4.2,1.5,2021-2022,66.0,68.0,65.0,65.0,28.0,Balanced,72.0,75.0,73.0,72.0,25.0,Balanced
B1,2022-04-10,17:30,St. Gilloise,Beerschot VA,5,0,H,,,,,,,,,,,,,,,,1.14,7.5,12.0,2021-2022,71.0,74.0,71.0,70.0,26.0,Long ball,67.0,67.0,68.0,67.0,25.0,Balanced
B1,2022-04-10,17:30,St Truiden,Standard,3,0,H,2.0,0.0,H,15.0,11.0,5.0,2.0,12.0,15.0,5.0,2.0,2.0,3.0,0.0,0.0,1.83,3.4,4.0,2021-2022,68.0,67.0,68.0,67.0,27.0,Fast build up,,,,,,
B1,2022-07-22,19:45,Standard,Gent,2,2,D,1.0,0.0,H,7.0,25.0,3.0,9.0,14.0,13.0,2.0,12.0,5.0,2.0,1.0,0.0,4.2,3.6,1.85,2022-2023,,,,,,,,71.0,71.0,73.0,27.0,Slow Build up
B1,2022-07-23,15:00,Charleroi,Eupen,3,1,H,1.0,0.0,H,12.0,8.0,5.0,7.0,10.0,12.0,2.0,1.0,2.0,1.0,0.0,0.0,1.61,3.6,4.75,2022-2023,69.0,70.0,70.0,68.0,27.0,Fast build up,67.0,70.0,68.0,64.0,28.0,Balanced
B1,2022-07-23,17:15,Kortrijk,Oud-Heverlee Leuven,0,2,A,0.0,0.0,D,15.0,19.0,2.0,6.0,14.0,13.0,6.0,4.0,3.0,0.0,0.0,0.0,2.37,3.2,2.87,2022-2023,68.0,66.0,68.0,65.0,28.0,Balanced,69.0,74.0,70.0,68.0,23.0,Long ball
B1,2022-07-23,17:15,Waregem,Seraing,2,0,H,0.0,0.0,D,18.0,2.0,8.0,0.0,14.0,17.0,7.0,0.0,1.0,1.0,0.0,0.0,2.15,3.5,2.9,2022-2023,68.0,70.0,68.0,66.0,28.0,Balanced,65.0,66.0,65.0,64.0,28.0,Long ball
B1,2022-07-23,19:45,St Truiden,St. Gilloise,1,1,D,1.0,0.0,H,11.0,14.0,3.0,3.0,9.0,11.0,0.0,5.0,1.0,4.0,0.0,0.0,4.33,3.2,1.85,2022-2023,68.0,68.0,68.0,66.0,24.0,Fast build up,72.0,71.0,73.0,71.0,25.0,Long ball
B1,2022-07-24,12:30,Club Brugge,Genk,3,2,H,1.0,1.0,D,15.0,16.0,5.0,10.0,7.0,17.0,4.0,3.0,1.0,2.0,0.0,0.0,1.72,3.75,4.2,2022-2023,75.0,74.0,76.0,72.0,28.0,Balanced,73.0,72.0,74.0,72.0,28.0,Balanced
B1,2022-07-24,15:00,Mechelen,Antwerp,0,2,A,0.0,2.0,A,13.0,9.0,2.0,3.0,10.0,9.0,6.0,2.0,1.0,1.0,0.0,0.0,2.55,3.25,2.5,2022-2023,69.0,70.0,71.0,67.0,28.0,Balanced,73.0,76.0,72.0,73.0,27.0,Balanced
B1,2022-07-24,17:30,Anderlecht,Oostende,2,0,H,1.0,0.0,H,13.0,8.0,3.0,1.0,9.0,8.0,7.0,5.0,0.0,4.0,0.0,1.0,1.25,5.5,9.0,2022-2023,72.0,72.0,72.0,71.0,28.0,Balanced,68.0,68.0,68.0,66.0,28.0,Long ball
B1,2022-07-24,20:00,Westerlo,Cercle Brugge,2,0,H,1.0,0.0,H,18.0,4.0,8.0,0.0,12.0,20.0,3.0,4.0,1.0,5.0,0.0,1.0,2.5,3.2,2.7,2022-2023,,,,,,,69.0,70.0,69.0,66.0,25.0,Fast build up
B1,2022-07-29,19:45,St. Gilloise,Charleroi,1,0,H,0.0,0.0,D,16.0,5.0,6.0,4.0,11.0,5.0,8.0,4.0,2.0,1.0,0.0,0.0,1.65,4.0,5.0,2022-2023,72.0,71.0,73.0,71.0,25.0,Long ball,69.0,70.0,70.0,68.0,27.0,Fast build up
B1,2022-07-30,15:00,Cercle Brugge,Anderlecht,1,0,H,0.0,0.0,D,13.0,5.0,5.0,0.0,11.0,15.0,8.0,1.0,0.0,5.0,0.0,1.0,3.6,3.4,1.9,2022-2023,69.0,70.0,69.0,66.0,25.0,Fast build up,72.0,72.0,72.0,71.0,28.0,Balanced
B1,2022-07-30,17:15,Oostende,Mechelen,2,1,H,2.0,0.0,H,9.0,19.0,7.0,7.0,5.0,14.0,6.0,9.0,0.0,2.0,1.0,0.0,2.62,3.4,2.4,2022-2023,68.0,68.0,68.0,66.0,28.0,Long ball,69.0,70.0,71.0,67.0,28.0,Balanced
B1,2022-07-30,17:15,Oud-Heverlee Leuven,Westerlo,2,0,H,1.0,0.0,H,11.0,14.0,5.0,0.0,11.0,15.0,5.0,6.0,2.0,3.0,0.0,1.0,2.5,3.4,2.62,2022-2023,69.0,74.0,70.0,68.0,23.0,Long ball,,,,,,
B1,2022-07-30,19:45,Gent,St Truiden,1,1,D,1.0,0.0,H,13.0,11.0,4.0,7.0,14.0,12.0,3.0,6.0,2.0,2.0,0.0,0.0,1.5,4.2,5.5,2022-2023,,71.0,71.0,73.0,27.0,Slow Build up,68.0,68.0,68.0,66.0,24.0,Fast build up
B1,2022-07-31,12:30,Genk,Standard,3,1,H,3.0,1.0,H,16.0,10.0,5.0,2.0,15.0,11.0,7.0,4.0,3.0,4.0,0.0,0.0,1.5,4.2,5.25,2022-2023,73.0,72.0,74.0,72.0,28.0,Balanced,,,,,,
B1,2022-07-31,15:00,Eupen,Club Brugge,2,1,H,2.0,1.0,H,13.0,13.0,6.0,5.0,18.0,13.0,5.0,7.0,4.0,2.0,1.0,0.0,5.25,4.75,1.5,2022-2023,67.0,70.0,68.0,64.0,28.0,Balanced,75.0,74.0,76.0,72.0,28.0,Balanced
B1,2022-07-31,17:30,Seraing,Kortrijk,0,1,A,0.0,0.0,D,18.0,7.0,4.0,3.0,17.0,9.0,3.0,4.0,2.0,2.0,1.0,1.0,2.87,3.4,2.25,2022-2023,65.0,66.0,65.0,64.0,28.0,Long ball,68.0,66.0,68.0,65.0,28.0,Balanced
B1,2022-07-31,20:00,Antwerp,Waregem,1,0,H,0.0,0.0,D,17.0,12.0,7.0,4.0,6.0,14.0,3.0,6.0,2.0,3.0,0.0,1.0,1.36,4.5,7.0,2022-2023,73.0,76.0,72.0,73.0,27.0,Balanced,68.0,70.0,68.0,66.0,28.0,Balanced
B1,2022-08-05,19:45,Club Brugge,Waregem,1,1,D,0.0,0.0,D,23.0,7.0,7.0,4.0,7.0,17.0,7.0,4.0,2.0,3.0,0.0,0.0,1.22,6.0,9.0,2022-2023,75.0,74.0,76.0,72.0,28.0,Balanced,68.0,70.0,68.0,66.0,28.0,Balanced
B1,2022-08-06,15:00,Genk,Eupen,4,2,H,3.0,1.0,H,24.0,9.0,14.0,5.0,9.0,15.0,8.0,2.0,0.0,3.0,0.0,1.0,1.36,5.0,6.5,2022-2023,73.0,72.0,74.0,72.0,28.0,Balanced,67.0,70.0,68.0,64.0,28.0,Balanced
B1,2022-08-06,17:15,Charleroi,Oostende,1,3,A,0.0,1.0,A,15.0,9.0,3.0,6.0,11.0,7.0,9.0,5.0,2.0,1.0,0.0,0.0,1.6,3.8,5.0,2022-2023,69.0,70.0,70.0,68.0,27.0,Fast build up,68.0,68.0,68.0,66.0,28.0,Long ball
B1,2022-08-06,17:15,Kortrijk,St Truiden,0,0,D,0.0,0.0,D,10.0,18.0,4.0,2.0,12.0,16.0,4.0,6.0,0.0,1.0,0.0,0.0,3.0,3.2,2.3,2022-2023,68.0,66.0,68.0,65.0,28.0,Balanced,68.0,68.0,68.0,66.0,24.0,Fast build up
B1,2022-08-06,19:45,Mechelen,St. Gilloise,3,0,H,1.0,0.0,H,6.0,6.0,4.0,2.0,14.0,12.0,3.0,5.0,2.0,5.0,0.0,0.0,3.0,3.5,2.1,2022-2023,69.0,70.0,71.0,67.0,28.0,Balanced,72.0,71.0,73.0,71.0,25.0,Long ball
B1,2022-08-07,12:30,Standard,Cercle Brugge,2,0,H,2.0,0.0,H,10.0,6.0,7.0,3.0,15.0,17.0,6.0,6.0,1.0,2.0,0.0,0.0,2.55,3.2,2.55,2022-2023,,,,,,,69.0,70.0,69.0,66.0,25.0,Fast build up
B1,2022-08-07,15:00,Gent,Westerlo,2,1,H,2.0,1.0,H,15.0,9.0,5.0,3.0,11.0,10.0,10.0,7.0,2.0,0.0,0.0,0.0,1.61,4.0,4.75,2022-2023,,71.0,71.0,73.0,27.0,Slow Build up,,,,,,
B1,2022-08-07,17:30,Anderlecht,Seraing,3,1,H,3.0,0.0,H,12.0,5.0,6.0,2.0,14.0,8.0,2.0,1.0,1.0,1.0,0.0,0.0,1.25,5.5,11.0,2022-2023,72.0,72.0,72.0,71.0,28.0,Balanced,65.0,66.0,65.0,64.0,28.0,Long ball
B1,2022-08-07,20:00,Antwerp,Oud-Heverlee Leuven,4,2,H,2.0,1.0,H,17.0,8.0,4.0,4.0,7.0,11.0,8.0,7.0,2.0,1.0,0.0,0.0,1.61,4.0,4.75,2022-2023,73.0,76.0,72.0,73.0,27.0,Balanced,69.0,74.0,70.0,68.0,23.0,Long ball
B1,2022-08-12,19:45,Oostende,Gent,1,3,A,1.0,2.0,A,8.0,13.0,2.0,7.0,9.0,7.0,2.0,6.0,3.0,1.0,0.0,0.0,4.75,3.75,1.7,2022-2023,68.0,68.0,68.0,66.0,28.0,Long ball,,71.0,71.0,73.0,27.0,Slow Build up
B1,2022-08-13,15:00,Westerlo,Standard,4,2,H,1.0,0.0,H,14.0,12.0,5.0,6.0,3.0,11.0,4.0,6.0,2.0,6.0,0.0,1.0,2.05,3.4,3.5,2022-2023,,,,,,,,,,,,
B1,2022-08-13,17:15,Cercle Brugge,Mechelen,0,0,D,0.0,0.0,D,12.0,10.0,2.0,4.0,9.0,13.0,8.0,8.0,1.0,3.0,0.0,0.0,2.1,3.6,3.3,2022-2023,69.0,70.0,69.0,66.0,25.0,Fast build up,69.0,70.0,71.0,67.0,28.0,Balanced
B1,2022-08-13,17:15,Seraing,Charleroi,0,1,A,0.0,0.0,D,11.0,13.0,3.0,5.0,8.0,13.0,4.0,6.0,2.0,2.0,0.0,0.0,4.33,3.5,1.8,2022-2023,65.0,66.0,65.0,64.0,28.0,Long ball,69.0,70.0,70.0,68.0,27.0,Fast build up
B1,2022-08-13,19:45,St. Gilloise,Kortrijk,2,1,H,1.0,0.0,H,17.0,6.0,9.0,2.0,22.0,11.0,5.0,1.0,0.0,3.0,0.0,0.0,1.4,4.75,7.0,2022-2023,72.0,71.0,73.0,71.0,25.0,Long ball,68.0,66.0,68.0,65.0,28.0,Balanced
B1,2022-08-14,12:30,St Truiden,Anderlecht,0,3,A,0.0,2.0,A,12.0,10.0,6.0,7.0,13.0,11.0,6.0,5.0,4.0,3.0,0.0,0.0,3.6,3.5,2.0,2022-2023,68.0,68.0,68.0,66.0,24.0,Fast build up,72.0,72.0,72.0,71.0,28.0,Balanced
B1,2022-08-14,15:00,Eupen,Antwerp,0,1,A,0.0,0.0,D,16.0,9.0,5.0,3.0,12.0,9.0,6.0,3.0,4.0,0.0,0.0,0.0,4.0,3.6,1.85,2022-2023,67.0,70.0,68.0,64.0,28.0,Balanced,73.0,76.0,72.0,73.0,27.0,Balanced
B1,2022-08-14,17:30,Oud-Heverlee Leuven,Club Brugge,0,3,A,0.0,2.0,A,13.0,12.0,2.0,6.0,6.0,12.0,7.0,5.0,3.0,2.0,0.0,0.0,5.25,3.75,1.65,2022-2023,69.0,74.0,70.0,68.0,23.0,Long ball,75.0,74.0,76.0,72.0,28.0,Balanced
B1,2022-08-14,20:00,Waregem,Genk,1,4,A,1.0,3.0,A,15.0,15.0,6.0,6.0,14.0,16.0,4.0,8.0,4.0,2.0,0.0,0.0,4.33,3.8,1.72,2022-2023,68.0,70.0,68.0,66.0,28.0,Balanced,73.0,72.0,74.0,72.0,28.0,Balanced
B1,2022-08-19,19:45,Eupen,Seraing,1,3,A,0.0,3.0,A,12.0,16.0,5.0,7.0,17.0,10.0,7.0,6.0,5.0,3.0,0.0,0.0,1.7,3.8,4.75,2022-2023,67.0,70.0,68.0,64.0,28.0,Balanced,65.0,66.0,65.0,64.0,28.0,Long ball
B1,2022-08-20,15:00,Oostende,St Truiden,0,1,A,0.0,1.0,A,12.0,9.0,6.0,3.0,12.0,16.0,5.0,5.0,2.0,4.0,0.0,0.0,3.2,3.25,2.25,2022-2023,68.0,68.0,68.0,66.0,28.0,Long ball,68.0,68.0,68.0,66.0,24.0,Fast build up
B1,2022-08-20,17:15,Genk,Cercle Brugge,2,1,H,1.0,0.0,H,15.0,9.0,5.0,2.0,7.0,19.0,7.0,5.0,1.0,1.0,0.0,0.0,1.61,4.33,4.5,2022-2023,73.0,72.0,74.0,72.0,28.0,Balanced,69.0,70.0,69.0,66.0,25.0,Fast build up
B1,2022-08-21,12:30,Club Brugge,Kortrijk,2,1,H,2.0,1.0,H,29.0,9.0,12.0,2.0,16.0,12.0,15.0,2.0,3.0,3.0,0.0,1.0,1.33,5.0,9.5,2022-2023,75.0,74.0,76.0,72.0,28.0,Balanced,68.0,66.0,68.0,65.0,28.0,Balanced
B1,2022-08-21,15:00,Waregem,Charleroi,1,3,A,1.0,1.0,D,9.0,15.0,4.0,6.0,5.0,7.0,2.0,5.0,2.0,0.0,0.0,0.0,3.1,3.75,2.15,2022-2023,68.0,70.0,68.0,66.0,28.0,Balanced,69.0,70.0,70.0,68.0,27.0,Fast build up
B1,2022-08-21,17:30,Standard,Oud-Heverlee Leuven,1,3,A,0.0,2.0,A,25.0,7.0,8.0,5.0,11.0,15.0,10.0,3.0,3.0,4.0,0.0,1.0,1.95,3.75,3.4,2022-2023,,,,,,,69.0,74.0,70.0,68.0,23.0,Long ball
B1,2022-08-21,20:00,Mechelen,Westerlo,5,4,H,1.0,1.0,D,14.0,14.0,7.0,8.0,11.0,7.0,4.0,5.0,1.0,2.0,0.0,0.0,2.62,3.25,2.7,2022-2023,69.0,70.0,71.0,67.0,28.0,Balanced,,,,,,
B1,2022-08-26,19:45,Charleroi,Club Brugge,1,3,A,1.0,2.0,A,21.0,16.0,6.0,6.0,9.0,6.0,2.0,5.0,1.0,0.0,0.0,0.0,3.6,3.8,1.95,2022-2023,69.0,70.0,70.0,68.0,27.0,Fast build up,75.0,74.0,76.0,72.0,28.0,Balanced
B1,2022-08-27,15:00,Seraing,Genk,0,4,A,0.0,1.0,A,10.0,11.0,3.0,4.0,10.0,13.0,5.0,2.0,2.0,3.0,0.0,0.0,5.75,4.5,1.5,2022-2023,65.0,66.0,65.0,64.0,28.0,Long ball,73.0,72.0,74.0,72.0,28.0,Balanced
B1,2022-08-27,17:15,Cercle Brugge,Waregem,1,1,D,1.0,1.0,D,23.0,8.0,6.0,4.0,10.0,16.0,6.0,4.0,1.0,2.0,0.0,0.0,1.75,3.75,4.5,2022-2023,69.0,70.0,69.0,66.0,25.0,Fast build up,68.0,70.0,68.0,66.0,28.0,Balanced
B1,2022-08-27,17:15,Oud-Heverlee Leuven,Oostende,2,1,H,0.0,1.0,A,11.0,15.0,6.0,5.0,9.0,15.0,2.0,7.0,1.0,3.0,0.0,0.0,1.95,3.5,3.6,2022-2023,69.0,74.0,70.0,68.0,23.0,Long ball,68.0,68.0,68.0,66.0,28.0,Long ball
B1,2022-08-27,19:45,St Truiden,Mechelen,3,1,H,0.0,0.0,D,10.0,2.0,4.0,2.0,10.0,15.0,4.0,3.0,1.0,3.0,0.0,0.0,2.1,3.3,3.4,2022-2023,68.0,68.0,68.0,66.0,24.0,Fast build up,69.0,70.0,71.0,67.0,28.0,Balanced
B1,2022-08-28,12:30,Gent,Antwerp,1,2,A,1.0,2.0,A,15.0,6.0,4.0,4.0,12.0,11.0,6.0,2.0,2.0,3.0,0.0,0.0,1.9,3.6,3.75,2022-2023,,71.0,71.0,73.0,27.0,Slow Build up,73.0,76.0,72.0,73.0,27.0,Balanced
B1,2022-08-28,15:00,Kortrijk,Standard,0,1,A,0.0,0.0,D,6.0,16.0,2.0,5.0,10.0,19.0,4.0,9.0,4.0,3.0,1.0,0.0,2.7,3.25,2.62,2022-2023,68.0,66.0,68.0,65.0,28.0,Balanced,,,,,,
B1,2022-08-28,17:30,St. Gilloise,Anderlecht,2,1,H,2.0,1.0,H,11.0,9.0,6.0,5.0,11.0,8.0,7.0,7.0,3.0,1.0,0.0,0.0,2.25,3.3,3.2,2022-2023,72.0,71.0,73.0,71.0,25.0,Long ball,72.0,72.0,72.0,71.0,28.0,Balanced
B1,2022-08-28,20:00,Westerlo,Eupen,0,1,A,0.0,0.0,D,7.0,15.0,5.0,2.0,10.0,15.0,5.0,10.0,2.0,1.0,0.0,0.0,1.85,3.5,4.2,2022-2023,,,,,,,67.0,70.0,68.0,64.0,28.0,Balanced
B1,2022-08-31,19:30,Antwerp,St. Gilloise,4,2,H,4.0,1.0,H,10.0,8.0,4.0,3.0,11.0,10.0,4.0,3.0,2.0,0.0,0.0,2.0,2.75,3.25,2.55,2022-2023,73.0,76.0,72.0,73.0,27.0,Balanced,72.0,71.0,73.0,71.0,25.0,Long ball
B1,2022-09-01,19:30,Anderlecht,Gent,0,1,A,0.0,0.0,D,10.0,10.0,1.0,5.0,10.0,13.0,5.0,3.0,2.0,2.0,0.0,0.0,2.2,3.4,3.3,2022-2023,72.0,72.0,72.0,71.0,28.0,Balanced,,71.0,71.0,73.0,27.0,Slow Build up
B1,2022-09-02,19:45,Club Brugge,Cercle Brugge,4,0,H,1.0,0.0,H,8.0,13.0,4.0,2.0,10.0,18.0,7.0,4.0,1.0,2.0,0.0,0.0,1.6,4.33,4.5,2022-2023,75.0,74.0,76.0,72.0,28.0,Balanced,69.0,70.0,69.0,66.0,25.0,Fast build up
B1,2022-09-03,15:00,Genk,St Truiden,0,0,D,0.0,0.0,D,17.0,8.0,4.0,3.0,13.0,12.0,8.0,6.0,1.0,3.0,0.0,0.0,1.65,4.0,5.0,2022-2023,73.0,72.0,74.0,72.0,28.0,Balanced,68.0,68.0,68.0,66.0,24.0,Fast build up
B1,2022-09-03,17:15,Eupen,Kortrijk,0,1,A,0.0,0.0,D,21.0,14.0,5.0,3.0,16.0,7.0,8.0,4.0,5.0,3.0,0.0,0.0,2.25,3.4,3.1,2022-2023,67.0,70.0,68.0,64.0,28.0,Balanced,68.0,66.0,68.0,65.0,28.0,Balanced
B1,2022-09-03,17:15,Mechelen,Seraing,2,3,A,2.0,1.0,H,8.0,6.0,5.0,2.0,14.0,17.0,9.0,3.0,2.0,2.0,0.0,0.0,1.57,4.33,5.25,2022-2023,69.0,70.0,71.0,67.0,28.0,Balanced,65.0,66.0,65.0,64.0,28.0,Long ball
B1,2022-09-03,19:45,Standard,Oostende,1,0,H,0.0,0.0,D,15.0,14.0,5.0,5.0,10.0,7.0,5.0,4.0,2.0,2.0,0.0,0.0,2.0,3.5,3.75,2022-2023,,,,,,,68.0,68.0,68.0,66.0,28.0,Long ball
B1,2022-09-04,12:30,Anderlecht,Oud-Heverlee Leuven,2,2,D,0.0,1.0,A,21.0,12.0,6.0,4.0,11.0,13.0,12.0,2.0,3.0,1.0,0.0,0.0,1.4,5.0,8.5,2022-2023,72.0,72.0,72.0,71.0,28.0,Balanced,69.0,74.0,70.0,68.0,23.0,Long ball
B1,2022-09-04,15:00,Antwerp,Westerlo,3,0,H,1.0,0.0,H,12.0,11.0,3.0,3.0,10.0,8.0,3.0,6.0,0.0,2.0,0.0,0.0,1.9,4.0,3.6,2022-2023,73.0,76.0,72.0,73.0,27.0,Balanced,,,,,,
B1,2022-09-04,17:30,Charleroi,Gent,2,1,H,1.0,1.0,D,14.0,9.0,7.0,1.0,6.0,6.0,4.0,4.0,2.0,0.0,0.0,1.0,3.4,3.4,2.1,2022-2023,69.0,70.0,70.0,68.0,27.0,Fast build up,,71.0,71.0,73.0,27.0,Slow Build up
B1,2022-09-04,20:00,Waregem,St. Gilloise,1,3,A,0.0,1.0,A,9.0,12.0,1.0,4.0,14.0,16.0,7.0,3.0,3.0,3.0,0.0,1.0,5.25,3.75,1.65,2022-2023,68.0,70.0,68.0,66.0,28.0,Balanced,72.0,71.0,73.0,71.0,25.0,Long ball
B1,2022-09-09,19:45,St Truiden,Standard,1,2,A,0.0,2.0,A,22.0,11.0,5.0,2.0,12.0,14.0,7.0,0.0,0.0,3.0,0.0,0.0,2.15,3.3,3.3,2022-2023,68.0,68.0,68.0,66.0,24.0,Fast build up,,,,,,
B1,2022-09-10,15:00,Kortrijk,Mechelen,1,4,A,0.0,2.0,A,12.0,10.0,3.0,5.0,7.0,13.0,10.0,3.0,3.0,5.0,0.0,0.0,2.6,3.4,2.6,2022-2023,68.0,66.0,68.0,65.0,28.0,Balanced,69.0,70.0,71.0,67.0,28.0,Balanced
B1,2022-09-10,17:15,Oostende,Eupen,1,0,H,0.0,0.0,D,10.0,13.0,5.0,3.0,14.0,19.0,3.0,6.0,5.0,3.0,1.0,0.0,2.1,3.6,3.3,2022-2023,68.0,68.0,68.0,66.0,28.0,Long ball,67.0,70.0,68.0,64.0,28.0,Balanced
B1,2022-09-10,17:15,Seraing,Club Brugge,0,2,A,0.0,0.0,D,4.0,11.0,1.0,4.0,20.0,9.0,2.0,1.0,4.0,2.0,0.0,0.0,7.5,4.75,1.4,2022-2023,65.0,66.0,65.0,64.0,28.0,Long ball,75.0,74.0,76.0,72.0,28.0,Balanced
B1,2022-09-10,19:45,Oud-Heverlee Leuven,Charleroi,3,2,H,1.0,1.0,D,10.0,7.0,4.0,5.0,10.0,14.0,2.0,1.0,1.0,4.0,0.0,0.0,2.75,3.5,2.37,2022-2023,69.0,74.0,70.0,68.0,23.0,Long ball,69.0,70.0,70.0,68.0,27.0,Fast build up
B1,2022-09-11,12:30,Westerlo,Anderlecht,2,1,H,1.0,0.0,H,13.0,12.0,6.0,3.0,9.0,15.0,1.0,6.0,2.0,3.0,0.0,0.0,2.8,3.3,2.45,2022-2023,,,,,,,72.0,72.0,72.0,71.0,28.0,Balanced
B1,2022-09-11,15:00,Cercle Brugge,Antwerp,0,2,A,0.0,1.0,A,13.0,11.0,6.0,4.0,9.0,13.0,3.0,3.0,1.0,3.0,0.0,0.0,2.8,3.4,2.4,2022-2023,69.0,70.0,69.0,66.0,25.0,Fast build up,73.0,76.0,72.0,73.0,27.0,Balanced
B1,2022-09-11,17:30,St. Gilloise,Genk,1,2,A,0.0,1.0,A,10.0,14.0,3.0,4.0,14.0,12.0,4.0,5.0,4.0,3.0,0.0,0.0,2.05,3.5,3.4,2022-2023,72.0,71.0,73.0,71.0,25.0,Long ball,73.0,72.0,74.0,72.0,28.0,Balanced
B1,2022-09-11,20:00,Gent,Waregem,2,0,H,0.0,0.0,D,23.0,5.0,6.0,1.0,7.0,10.0,4.0,4.0,0.0,2.0,0.0,0.0,1.33,5.0,8.0,2022-2023,,71.0,71.0,73.0,27.0,Slow Build up,68.0,70.0,68.0,66.0,28.0,Balanced
B1,2022-09-16,19:45,Antwerp,Seraing,2,1,H,2.0,1.0,H,12.0,10.0,4.0,2.0,12.0,12.0,5.0,3.0,3.0,2.0,0.0,0.0,1.33,5.25,8.0,2022-2023,73.0,76.0,72.0,73.0,27.0,Balanced,65.0,66.0,65.0,64.0,28.0,Long ball
B1,2022-09-17,15:00,Mechelen,Oud-Heverlee Leuven,0,0,D,0.0,0.0,D,12.0,10.0,2.0,1.0,8.0,8.0,10.0,1.0,2.0,2.0,1.0,0.0,1.85,3.8,3.8,2022-2023,69.0,70.0,71.0,67.0,28.0,Balanced,69.0,74.0,70.0,68.0,23.0,Long ball
B1,2022-09-17,17:15,Cercle Brugge,Oostende,2,2,D,2.0,0.0,H,18.0,16.0,6.0,7.0,11.0,10.0,10.0,7.0,1.0,3.0,0.0,0.0,1.8,3.5,4.5,2022-2023,69.0,70.0,69.0,66.0,25.0,Fast build up,68.0,68.0,68.0,66.0,28.0,Long ball
B1,2022-09-17,17:15,Waregem,St Truiden,0,3,A,0.0,1.0,A,4.0,18.0,2.0,8.0,13.0,15.0,0.0,4.0,1.0,3.0,1.0,0.0,2.87,3.25,2.45,2022-2023,68.0,70.0,68.0,66.0,28.0,Balanced,68.0,68.0,68.0,66.0,24.0,Fast build up
B1,2022-09-17,19:45,Charleroi,Westerlo,2,3,A,1.0,2.0,A,14.0,7.0,4.0,3.0,9.0,4.0,1.0,0.0,0.0,0.0,0.0,0.0,2.1,3.5,3.4,2022-2023,69.0,70.0,70.0,68.0,27.0,Fast build up,,,,,,
B1,2022-09-18,12:30,Genk,Gent,1,0,H,0.0,0.0,D,10.0,9.0,6.0,0.0,13.0,11.0,5.0,5.0,2.0,2.0,0.0,0.0,2.2,3.4,3.1,2022-2023,73.0,72.0,74.0,72.0,28.0,Balanced,,71.0,71.0,73.0,27.0,Slow Build up
B1,2022-09-18,15:00,Eupen,St. Gilloise,1,2,A,1.0,1.0,D,9.0,12.0,4.0,3.0,8.0,19.0,5.0,5.0,3.0,2.0,1.0,0.0,4.0,3.5,1.9,2022-2023,67.0,70.0,68.0,64.0,28.0,Balanced,72.0,71.0,73.0,71.0,25.0,Long ball
B1,2022-09-18,17:30,Standard,Club Brugge,3,0,H,1.0,0.0,H,9.0,10.0,6.0,1.0,10.0,14.0,1.0,8.0,4.0,2.0,1.0,0.0,3.8,3.6,1.9,2022-2023,,,,,,,75.0,74.0,76.0,72.0,28.0,Balanced
B1,2022-09-18,20:00,Anderlecht,Kortrijk,4,1,H,1.0,0.0,H,12.0,8.0,5.0,3.0,17.0,8.0,9.0,6.0,1.0,2.0,0.0,0.0,1.33,5.5,7.5,2022-2023,72.0,72.0,72.0,71.0,28.0,Balanced,68.0,66.0,68.0,65.0,28.0,Balanced
B1,2022-09-30,19:45,Standard,Seraing,0,2,A,0.0,1.0,A,13.0,10.0,3.0,3.0,9.0,14.0,9.0,4.0,1.0,4.0,0.0,0.0,1.65,4.0,5.25,2022-2023,,,,,,,65.0,66.0,65.0,64.0,28.0,Long ball
B1,2022-10-01,15:00,Oud-Heverlee Leuven,St. Gilloise,0,3,A,0.0,2.0,A,8.0,11.0,2.0,6.0,7.0,15.0,6.0,8.0,2.0,3.0,0.0,0.0,4.5,3.75,1.72,2022-2023,69.0,74.0,70.0,68.0,23.0,Long ball,72.0,71.0,73.0,71.0,25.0,Long ball
B1,2022-10-01,17:15,Oostende,Genk,1,2,A,1.0,1.0,D,12.0,10.0,7.0,5.0,17.0,10.0,2.0,6.0,1.0,1.0,1.0,0.0,4.2,3.8,1.75,2022-2023,68.0,68.0,68.0,66.0,28.0,Long ball,73.0,72.0,74.0,72.0,28.0,Balanced
B1,2022-10-01,17:15,Westerlo,Waregem,2,0,H,1.0,0.0,H,9.0,12.0,4.0,3.0,12.0,11.0,5.0,12.0,3.0,3.0,0.0,0.0,1.57,4.0,5.25,2022-2023,,,,,,,68.0,70.0,68.0,66.0,28.0,Balanced
B1,2022-10-01,19:45,Club Brugge,Mechelen,3,0,H,1.0,0.0,H,21.0,6.0,10.0,2.0,2.0,10.0,5.0,3.0,0.0,0.0,0.0,0.0,1.45,4.5,5.75,2022-2023,75.0,74.0,76.0,72.0,28.0,Balanced,69.0,70.0,71.0,67.0,28.0,Balanced
B1,2022-10-02,12:30,Anderlecht,Charleroi,0,1,A,0.0,0.0,D,21.0,5.0,8.0,2.0,9.0,14.0,14.0,5.0,2.0,3.0,0.0,0.0,1.6,4.0,5.0,2022-2023,72.0,72.0,72.0,71.0,28.0,Balanced,69.0,70.0,70.0,68.0,27.0,Fast build up
B1,2022-10-02,15:00,Gent,Cercle Brugge,3,4,A,0.0,1.0,A,12.0,14.0,7.0,5.0,15.0,15.0,6.0,4.0,3.0,5.0,0.0,0.0,1.6,4.0,5.0,2022-2023,,71.0,71.0,73.0,27.0,Slow Build up,69.0,70.0,69.0,66.0,25.0,Fast build up
B1,2022-10-02,17:30,Kortrijk,Antwerp,2,1,H,2.0,0.0,H,13.0,21.0,4.0,5.0,8.0,13.0,0.0,7.0,4.0,1.0,0.0,0.0,4.5,3.75,1.72,2022-2023,68.0,66.0,68.0,65.0,28.0,Balanced,73.0,76.0,72.0,73.0,27.0,Balanced
B1,2022-10-02,20:00,St Truiden,Eupen,0,1,A,0.0,0.0,D,22.0,8.0,6.0,4.0,8.0,13.0,10.0,1.0,1.0,2.0,0.0,0.0,1.72,3.75,4.33,2022-2023,68.0,68.0,68.0,66.0,24.0,Fast build up,67.0,70.0,68.0,64.0,28.0,Balanced
B1,2022-10-07,19:45,Antwerp,St Truiden,2,0,H,1.0,0.0,H,11.0,4.0,4.0,3.0,15.0,9.0,6.0,2.0,1.0,3.0,0.0,1.0,1.9,3.6,3.8,2022-2023,73.0,76.0,72.0,73.0,27.0,Balanced,68.0,68.0,68.0,66.0,24.0,Fast build up
B1,2022-10-08,15:00,Genk,Kortrijk,2,1,H,1.0,0.0,H,28.0,6.0,7.0,2.0,12.0,13.0,10.0,3.0,4.0,0.0,0.0,0.0,1.3,5.5,8.5,2022-2023,73.0,72.0,74.0,72.0,28.0,Balanced,68.0,66.0,68.0,65.0,28.0,Balanced
B1,2022-10-08,17:15,Seraing,Oostende,1,1,D,0.0,0.0,D,13.0,13.0,2.0,2.0,11.0,10.0,3.0,9.0,1.0,1.0,1.0,0.0,2.75,3.4,2.4,2022-2023,65.0,66.0,65.0,64.0,28.0,Long ball,68.0,68.0,68.0,66.0,28.0,Long ball
B1,2022-10-08,17:15,Waregem,Oud-Heverlee Leuven,2,5,A,1.0,0.0,H,11.0,14.0,2.0,7.0,15.0,9.0,4.0,6.0,6.0,2.0,0.0,0.0,2.62,3.6,2.45,2022-2023,68.0,70.0,68.0,66.0,28.0,Balanced,69.0,74.0,70.0,68.0,23.0,Long ball
B1,2022-10-08,19:45,Club Brugge,Westerlo,0,2,A,0.0,0.0,D,29.0,10.0,12.0,5.0,4.0,9.0,11.0,3.0,0.0,1.0,0.0,0.0,1.53,4.33,5.25,2022-2023,75.0,74.0,76.0,72.0,28.0,Balanced,,,,,,
B1,2022-10-09,12:30,Mechelen,Anderlecht,1,3,A,1.0,0.0,H,19.0,13.0,3.0,7.0,11.0,13.0,5.0,7.0,1.0,4.0,0.0,0.0,3.75,3.75,1.85,2022-2023,69.0,70.0,71.0,67.0,28.0,Balanced,72.0,72.0,72.0,71.0,28.0,Balanced
B1,2022-10-09,15:00,Eupen,Gent,0,4,A,0.0,2.0,A,10.0,13.0,1.0,6.0,15.0,15.0,6.0,9.0,2.0,2.0,0.0,0.0,4.2,3.6,1.75,2022-2023,67.0,70.0,68.0,64.0,28.0,Balanced,,71.0,71.0,73.0,27.0,Slow Build up
B1,2022-10-09,17:30,Charleroi,Standard,0,1,A,0.0,1.0,A,10.0,4.0,3.0,1.0,19.0,14.0,3.0,1.0,3.0,4.0,1.0,2.0,2.1,3.5,3.2,2022-2023,69.0,70.0,70.0,68.0,27.0,Fast build up,,,,,,
B1,2022-10-09,20:00,St. Gilloise,Cercle Brugge,2,1,H,1.0,0.0,H,17.0,13.0,7.0,5.0,10.0,7.0,3.0,4.0,0.0,1.0,0.0,0.0,1.53,4.2,5.25,2022-2023,72.0,71.0,73.0,71.0,25.0,Long ball,69.0,70.0,69.0,66.0,25.0,Fast build up
B1,2022-10-14,19:45,Westerlo,Seraing,2,2,D,2.0,1.0,H,10.0,2.0,3.0,2.0,10.0,10.0,5.0,2.0,0.0,1.0,0.0,0.0,1.57,3.8,5.75,2022-2023,,,,,,,65.0,66.0,65.0,64.0,28.0,Long ball
B1,2022-10-15,15:00,Kortrijk,Waregem,1,3,A,1.0,0.0,H,8.0,15.0,5.0,8.0,14.0,16.0,3.0,5.0,4.0,4.0,0.0,0.0,1.95,3.75,3.5,2022-2023,68.0,66.0,68.0,65.0,28.0,Balanced,68.0,70.0,68.0,66.0,28.0,Balanced
B1,2022-10-15,17:15,Cercle Brugge,Eupen,5,1,H,3.0,1.0,H,18.0,2.0,10.0,2.0,20.0,9.0,2.0,2.0,2.0,2.0,0.0,0.0,1.8,3.6,4.2,2022-2023,69.0,70.0,69.0,66.0,25.0,Fast build up,67.0,70.0,68.0,64.0,28.0,Balanced
B1,2022-10-15,17:15,St Truiden,Charleroi,2,1,H,1.0,0.0,H,10.0,7.0,3.0,2.0,11.0,14.0,4.0,4.0,1.0,2.0,0.0,0.0,2.1,3.3,3.5,2022-2023,68.0,68.0,68.0,66.0,24.0,Fast build up,69.0,70.0,70.0,68.0,27.0,Fast build up
B1,2022-10-15,19:45,Oud-Heverlee Leuven,Genk,0,1,A,0.0,1.0,A,19.0,13.0,7.0,1.0,9.0,15.0,11.0,9.0,3.0,2.0,0.0,1.0,4.33,4.2,1.66,2022-2023,69.0,74.0,70.0,68.0,23.0,Long ball,73.0,72.0,74.0,72.0,28.0,Balanced
B1,2022-10-16,12:30,Standard,Antwerp,3,0,H,3.0,0.0,H,6.0,13.0,4.0,2.0,14.0,14.0,2.0,6.0,2.0,3.0,0.0,0.0,2.87,3.5,2.3,2022-2023,,,,,,,73.0,76.0,72.0,73.0,27.0,Balanced
B1,2022-10-16,15:00,Gent,Mechelen,3,0,H,1.0,0.0,H,19.0,8.0,9.0,1.0,12.0,14.0,5.0,2.0,1.0,3.0,0.0,1.0,1.45,4.5,6.0,2022-2023,,71.0,71.0,73.0,27.0,Slow Build up,69.0,70.0,71.0,67.0,28.0,Balanced
B1,2022-10-16,17:30,Anderlecht,Club Brugge,0,1,A,0.0,0.0,D,12.0,11.0,4.0,4.0,15.0,15.0,6.0,7.0,1.0,3.0,0.0,1.0,2.5,3.5,2.7,2022-2023,72.0,72.0,72.0,71.0,28.0,Balanced,75.0,74.0,76.0,72.0,28.0,Balanced
B1,2022-10-16,20:00,Oostende,St. Gilloise,1,6,A,0.0,2.0,A,11.0,17.0,3.0,8.0,10.0,9.0,6.0,4.0,2.0,2.0,0.0,0.0,4.33,3.75,1.75,2022-2023,68.0,68.0,68.0,66.0,28.0,Long ball,72.0,71.0,73.0,71.0,25.0,Long ball
B1,2022-10-18,17:30,Charleroi,Kortrijk,2,2,D,2.0,0.0,H,11.0,12.0,5.0,6.0,22.0,7.0,4.0,9.0,3.0,1.0,0.0,0.0,1.66,4.0,4.5,2022-2023,69.0,70.0,70.0,68.0,27.0,Fast build up,68.0,66.0,68.0,65.0,28.0,Balanced
B1,2022-10-18,17:30,Eupen,Oud-Heverlee Leuven,4,2,H,2.0,2.0,D,22.0,8.0,9.0,4.0,10.0,11.0,6.0,3.0,3.0,2.0,0.0,0.0,2.62,3.5,2.45,2022-2023,67.0,70.0,68.0,64.0,28.0,Balanced,69.0,74.0,70.0,68.0,23.0,Long ball
B1,2022-10-18,19:45,Genk,Westerlo,6,1,H,5.0,1.0,H,23.0,6.0,10.0,5.0,8.0,7.0,7.0,1.0,1.0,0.0,0.0,1.0,1.57,4.2,5.0,2022-2023,73.0,72.0,74.0,72.0,28.0,Balanced,,,,,,
B1,2022-10-18,19:45,Seraing,Cercle Brugge,0,1,A,0.0,1.0,A,5.0,13.0,3.0,2.0,13.0,20.0,1.0,1.0,5.0,3.0,1.0,0.0,3.8,3.6,1.9,2022-2023,65.0,66.0,65.0,64.0,28.0,Long ball,69.0,70.0,69.0,66.0,25.0,Fast build up
B1,2022-10-19,17:30,St. Gilloise,Gent,2,0,H,1.0,0.0,H,17.0,2.0,3.0,2.0,7.0,13.0,3.0,4.0,1.0,2.0,0.0,1.0,2.05,3.4,3.4,2022-2023,72.0,71.0,73.0,71.0,25.0,Long ball,,71.0,71.0,73.0,27.0,Slow Build up
B1,2022-10-19,19:45,Club Brugge,St Truiden,3,0,H,1.0,0.0,H,12.0,7.0,7.0,2.0,14.0,14.0,8.0,1.0,2.0,2.0,0.0,1.0,1.5,4.5,5.75,2022-2023,75.0,74.0,76.0,72.0,28.0,Balanced,68.0,68.0,68.0,66.0,24.0,Fast build up
B1,2022-10-19,19:45,Mechelen,Standard,2,0,H,0.0,0.0,D,14.0,8.0,7.0,1.0,9.0,9.0,8.0,5.0,1.0,2.0,0.0,0.0,2.55,3.4,2.62,2022-2023,69.0,70.0,71.0,67.0,28.0,Balanced,,,,,,
B1,2022-10-20,17:30,Antwerp,Oostende,3,0,H,1.0,0.0,H,17.0,6.0,4.0,2.0,15.0,17.0,7.0,3.0,1.0,2.0,0.0,0.0,1.57,4.2,5.0,2022-2023,73.0,76.0,72.0,73.0,27.0,Balanced,68.0,68.0,68.0,66.0,28.0,Long ball
B1,2022-10-20,19:45,Waregem,Anderlecht,3,2,H,1.0,1.0,D,12.0,11.0,5.0,4.0,19.0,14.0,5.0,5.0,8.0,1.0,0.0,1.0,5.25,4.2,1.57,2022-2023,68.0,70.0,68.0,66.0,28.0,Balanced,72.0,72.0,72.0,71.0,28.0,Balanced
B1,2022-10-21,19:45,Cercle Brugge,Charleroi,4,1,H,1.0,0.0,H,20.0,11.0,8.0,3.0,9.0,9.0,6.0,6.0,3.0,1.0,0.0,0.0,2.0,3.4,3.8,2022-2023,69.0,70.0,69.0,66.0,25.0,Fast build up,69.0,70.0,70.0,68.0,27.0,Fast build up
B1,2022-10-22,15:00,Kortrijk,Westerlo,0,2,A,0.0,0.0,D,6.0,18.0,3.0,5.0,11.0,14.0,6.0,6.0,0.0,2.0,1.0,0.0,2.87,3.5,2.3,2022-2023,68.0,66.0,68.0,65.0,28.0,Balanced,,,,,,
B1,2022-10-22,17:15,Mechelen,Eupen,2,1,H,1.0,1.0,D,20.0,9.0,10.0,2.0,7.0,10.0,7.0,8.0,3.0,4.0,1.0,0.0,1.85,3.8,3.75,2022-2023,69.0,70.0,71.0,67.0,28.0,Balanced,67.0,70.0,68.0,64.0,28.0,Balanced
B1,2022-10-22,17:15,St Truiden,Oud-Heverlee Leuven,0,0,D,0.0,0.0,D,13.0,14.0,3.0,2.0,10.0,12.0,3.0,5.0,2.0,2.0,1.0,0.0,2.0,3.4,3.6,2022-2023,68.0,68.0,68.0,66.0,24.0,Fast build up,69.0,74.0,70.0,68.0,23.0,Long ball
B1,2022-10-22,19:45,St. Gilloise,Club Brugge,2,2,D,1.0,2.0,A,6.0,13.0,4.0,2.0,8.0,9.0,4.0,4.0,4.0,2.0,1.0,0.0,2.6,3.4,2.6,2022-2023,72.0,71.0,73.0,71.0,25.0,Long ball,75.0,74.0,76.0,72.0,28.0,Balanced
B1,2022-10-23,12:30,Antwerp,Genk,1,3,A,1.0,2.0,A,20.0,8.0,4.0,5.0,10.0,19.0,8.0,4.0,1.0,1.0,0.0,0.0,2.62,3.4,2.45,2022-2023,73.0,76.0,72.0,73.0,27.0,Balanced,73.0,72.0,74.0,72.0,28.0,Balanced
B1,2022-10-23,15:00,Gent,Seraing,2,1,H,1.0,1.0,D,14.0,5.0,4.0,3.0,5.0,11.0,9.0,3.0,1.0,1.0,0.0,0.0,1.36,5.0,7.0,2022-2023,,71.0,71.0,73.0,27.0,Slow Build up,65.0,66.0,65.0,64.0,28.0,Long ball
B1,2022-10-23,17:30,Standard,Anderlecht,5,0,H,,,,,,,,,,,,,,,,3.0,3.5,2.2,2022-2023,,,,,,,72.0,72.0,72.0,71.0,28.0,Balanced
B1,2022-10-23,20:00,Oostende,Waregem,2,1,H,1.0,0.0,H,8.0,7.0,5.0,4.0,15.0,20.0,5.0,5.0,2.0,3.0,0.0,0.0,2.05,3.5,3.4,2022-2023,68.0,68.0,68.0,66.0,28.0,Long ball,68.0,70.0,68.0,66.0,28.0,Balanced
B1,2022-10-28,19:45,Genk,Mechelen,3,1,H,1.0,1.0,D,14.0,10.0,6.0,5.0,9.0,15.0,8.0,7.0,2.0,2.0,1.0,0.0,1.36,5.25,7.0,2022-2023,73.0,72.0,74.0,72.0,28.0,Balanced,69.0,70.0,71.0,67.0,28.0,Balanced
B1,2022-10-29,15:00,Waregem,Standard,0,3,A,0.0,0.0,D,6.0,18.0,3.0,7.0,13.0,11.0,4.0,10.0,1.0,1.0,1.0,0.0,3.0,3.6,2.2,2022-2023,68.0,70.0,68.0,66.0,28.0,Balanced,,,,,,
B1,2022-10-29,17:15,Kortrijk,Cercle Brugge,1,1,D,0.0,1.0,A,14.0,16.0,5.0,3.0,17.0,16.0,3.0,6.0,4.0,2.0,0.0,0.0,3.6,3.6,1.95,2022-2023,68.0,66.0,68.0,65.0,28.0,Balanced,69.0,70.0,69.0,66.0,25.0,Fast build up
B1,2022-10-29,17:15,Westerlo,St Truiden,2,3,A,0.0,2.0,A,11.0,13.0,3.0,4.0,5.0,9.0,4.0,2.0,4.0,3.0,0.0,0.0,2.2,3.25,3.4,2022-2023,,,,,,,68.0,68.0,68.0,66.0,24.0,Fast build up
B1,2022-10-29,19:45,Club Brugge,Oostende,4,2,H,2.0,0.0,H,16.0,6.0,6.0,3.0,5.0,13.0,4.0,2.0,2.0,2.0,0.0,0.0,1.25,6.0,10.0,2022-2023,75.0,74.0,76.0,72.0,28.0,Balanced,68.0,68.0,68.0,66.0,28.0,Long ball
B1,2022-10-30,12:30,Anderlecht,Eupen,4,2,H,2.0,1.0,H,19.0,12.0,8.0,2.0,15.0,6.0,10.0,4.0,2.0,2.0,0.0,0.0,1.44,4.75,6.0,2022-2023,72.0,72.0,72.0,71.0,28.0,Balanced,67.0,70.0,68.0,64.0,28.0,Balanced
B1,2022-10-30,15:00,Seraing,St. Gilloise,1,2,A,0.0,0.0,D,12.0,13.0,2.0,3.0,16.0,11.0,6.0,7.0,3.0,2.0,0.0,0.0,6.0,4.2,1.53,2022-2023,65.0,66.0,65.0,64.0,28.0,Long ball,72.0,71.0,73.0,71.0,25.0,Long ball
B1,2022-10-30,17:30,Oud-Heverlee Leuven,Gent,1,1,D,0.0,1.0,A,12.0,10.0,5.0,4.0,14.0,17.0,1.0,6.0,5.0,4.0,0.0,0.0,3.75,3.6,1.95,2022-2023,69.0,74.0,70.0,68.0,23.0,Long ball,,71.0,71.0,73.0,27.0,Slow Build up
B1,2022-10-30,20:00,Charleroi,Antwerp,1,0,H,1.0,0.0,H,8.0,14.0,3.0,6.0,13.0,4.0,4.0,8.0,3.0,3.0,0.0,0.0,3.4,3.5,2.05,2022-2023,69.0,70.0,70.0,68.0,27.0,Fast build up,73.0,76.0,72.0,73.0,27.0,Balanced
B1,2022-11-04,19:45,Genk,Charleroi,4,1,H,2.0,0.0,H,13.0,6.0,8.0,2.0,3.0,7.0,5.0,4.0,1.0,1.0,0.0,0.0,1.4,4.75,7.5,2022-2023,73.0,72.0,74.0,72.0,28.0,Balanced,69.0,70.0,70.0,68.0,27.0,Fast build up
B1,2022-11-05,15:00,Mechelen,Waregem,2,2,D,2.0,0.0,H,22.0,14.0,6.0,7.0,11.0,10.0,11.0,5.0,1.0,4.0,0.0,1.0,1.72,3.75,4.5,2022-2023,69.0,70.0,71.0,67.0,28.0,Balanced,68.0,70.0,68.0,66.0,28.0,Balanced
B1,2022-11-05,17:15,Cercle Brugge,Oud-Heverlee Leuven,2,1,H,1.0,1.0,D,8.0,9.0,4.0,4.0,8.0,14.0,6.0,6.0,2.0,2.0,0.0,0.0,1.83,3.8,3.8,2022-2023,69.0,70.0,69.0,66.0,25.0,Fast build up,69.0,74.0,70.0,68.0,23.0,Long ball
B1,2022-11-05,17:15,Seraing,St Truiden,1,2,A,1.0,0.0,H,6.0,15.0,2.0,5.0,14.0,19.0,5.0,7.0,5.0,1.0,1.0,0.0,3.6,3.2,2.1,2022-2023,65.0,66.0,65.0,64.0,28.0,Long ball,68.0,68.0,68.0,66.0,24.0,Fast build up
B1,2022-11-05,19:45,Eupen,Standard,2,0,H,0.0,0.0,D,13.0,8.0,5.0,4.0,13.0,10.0,7.0,2.0,0.0,3.0,1.0,1.0,3.1,3.4,2.25,2022-2023,67.0,70.0,68.0,64.0,28.0,Balanced,,,,,,
B1,2022-11-06,12:30,Gent,Club Brugge,2,0,H,2.0,0.0,H,11.0,8.0,2.0,4.0,11.0,12.0,4.0,3.0,1.0,5.0,0.0,0.0,2.7,3.5,2.5,2022-2023,,71.0,71.0,73.0,27.0,Slow Build up,75.0,74.0,76.0,72.0,28.0,Balanced
B1,2022-11-06,15:00,St. Gilloise,Westerlo,1,1,D,0.0,1.0,A,25.0,13.0,1.0,5.0,12.0,14.0,10.0,4.0,4.0,3.0,0.0,0.0,1.57,4.0,5.5,2022-2023,72.0,71.0,73.0,71.0,25.0,Long ball,,,,,,
B1,2022-11-06,17:30,Antwerp,Anderlecht,0,0,D,0.0,0.0,D,14.0,4.0,3.0,1.0,13.0,13.0,4.0,1.0,2.0,3.0,0.0,0.0,2.15,3.4,3.3,2022-2023,73.0,76.0,72.0,73.0,27.0,Balanced,72.0,72.0,72.0,71.0,28.0,Balanced
B1,2022-11-06,20:00,Oostende,Kortrijk,3,1,H,1.0,1.0,D,22.0,8.0,9.0,4.0,13.0,15.0,8.0,6.0,3.0,3.0,0.0,1.0,2.1,3.4,3.3,2022-2023,68.0,68.0,68.0,66.0,28.0,Long ball,68.0,66.0,68.0,65.0,28.0,Balanced
B1,2022-11-11,19:45,Oud-Heverlee Leuven,Seraing,5,0,H,4.0,0.0,H,25.0,4.0,14.0,1.0,11.0,8.0,14.0,3.0,1.0,6.0,0.0,1.0,1.55,4.0,5.75,2022-2023,69.0,74.0,70.0,68.0,23.0,Long ball,65.0,66.0,65.0,64.0,28.0,Long ball
B1,2022-11-12,15:00,Westerlo,Oostende,6,0,H,3.0,0.0,H,16.0,7.0,8.0,0.0,8.0,14.0,5.0,3.0,1.0,2.0,0.0,0.0,1.75,4.0,4.2,2022-2023,,,,,,,68.0,68.0,68.0,66.0,28.0,Long ball
B1,2022-11-12,17:15,St Truiden,Cercle Brugge,0,1,A,0.0,0.0,D,12.0,6.0,1.0,1.0,13.0,11.0,10.0,2.0,0.0,4.0,1.0,1.0,2.4,3.4,2.8,2022-2023,68.0,68.0,68.0,66.0,24.0,Fast build up,69.0,70.0,69.0,66.0,25.0,Fast build up
B1,2022-11-12,17:15,Waregem,Eupen,5,5,D,2.0,3.0,A,19.0,16.0,9.0,8.0,12.0,8.0,11.0,2.0,2.0,2.0,0.0,0.0,2.3,3.75,2.8,2022-2023,68.0,70.0,68.0,66.0,28.0,Balanced,67.0,70.0,68.0,64.0,28.0,Balanced
B1,2022-11-12,19:45,Charleroi,Mechelen,0,5,A,,,,,,,,,,,,,,,,2.2,3.5,3.0,2022-2023,69.0,70.0,70.0,68.0,27.0,Fast build up,69.0,70.0,71.0,67.0,28.0,Balanced
B1,2022-11-13,12:30,Club Brugge,Antwerp,2,2,D,1.0,0.0,H,9.0,11.0,5.0,6.0,11.0,11.0,3.0,4.0,4.0,2.0,0.0,0.0,1.83,3.75,4.0,2022-2023,75.0,74.0,76.0,72.0,28.0,Balanced,73.0,76.0,72.0,73.0,27.0,Balanced
B1,2022-11-13,15:00,Standard,St. Gilloise,2,3,A,0.0,1.0,A,10.0,13.0,5.0,7.0,10.0,17.0,8.0,4.0,3.0,4.0,0.0,0.0,3.4,3.5,2.0,2022-2023,,,,,,,72.0,71.0,73.0,71.0,25.0,Long ball
B1,2022-11-13,17:30,Anderlecht,Genk,0,2,A,0.0,1.0,A,12.0,13.0,5.0,4.0,10.0,14.0,5.0,6.0,2.0,3.0,0.0,1.0,2.62,3.5,2.5,2022-2023,72.0,72.0,72.0,71.0,28.0,Balanced,73.0,72.0,74.0,72.0,28.0,Balanced
B1,2022-11-13,20:00,Kortrijk,Gent,0,4,A,0.0,2.0,A,8.0,19.0,3.0,10.0,8.0,15.0,8.0,6.0,2.0,0.0,1.0,1.0,5.0,3.8,1.66,2022-2023,68.0,66.0,68.0,65.0,28.0,Balanced,,71.0,71.0,73.0,27.0,Slow Build up
B1,2022-12-23,17:30,Seraing,Eupen,0,1,A,0.0,0.0,D,8.0,15.0,1.0,5.0,9.0,16.0,4.0,9.0,3.0,1.0,0.0,0.0,2.7,3.25,2.45,2022-2023,65.0,66.0,65.0,64.0,28.0,Long ball,67.0,70.0,68.0,64.0,28.0,Balanced
B1,2022-12-23,19:30,Gent,Standard,0,0,D,0.0,0.0,D,21.0,1.0,5.0,0.0,12.0,12.0,13.0,1.0,0.0,5.0,0.0,0.0,1.53,4.0,5.25,2022-2023,,71.0,71.0,73.0,27.0,Slow Build up,,,,,,
B1,2022-12-23,19:30,Mechelen,Cercle Brugge,1,1,D,0.0,1.0,A,20.0,12.0,9.0,4.0,8.0,8.0,9.0,8.0,2.0,4.0,0.0,1.0,2.55,3.4,2.55,2022-2023,69.0,70.0,71.0,67.0,28.0,Balanced,69.0,70.0,69.0,66.0,25.0,Fast build up
B1,2022-12-26,12:30,Club Brugge,Oud-Heverlee Leuven,1,1,D,1.0,0.0,H,20.0,12.0,7.0,5.0,10.0,17.0,3.0,3.0,3.0,2.0,0.0,0.0,1.44,4.75,5.75,2022-2023,75.0,74.0,76.0,72.0,28.0,Balanced,69.0,74.0,70.0,68.0,23.0,Long ball
B1,2022-12-26,15:00,St. Gilloise,Oostende,3,0,H,0.0,0.0,D,12.0,4.0,5.0,1.0,9.0,13.0,10.0,2.0,3.0,4.0,0.0,0.0,1.33,5.0,7.0,2022-2023,72.0,71.0,73.0,71.0,25.0,Long ball,68.0,68.0,68.0,66.0,28.0,Long ball
B1,2022-12-26,17:15,Kortrijk,Genk,1,0,H,0.0,0.0,D,18.0,14.0,8.0,6.0,13.0,11.0,5.0,6.0,4.0,1.0,0.0,0.0,6.5,4.33,1.4,2022-2023,68.0,66.0,68.0,65.0,28.0,Balanced,73.0,72.0,74.0,72.0,28.0,Balanced
B1,2022-12-26,19:45,Charleroi,Anderlecht,0,1,A,0.0,0.0,D,9.0,9.0,2.0,2.0,13.0,8.0,3.0,0.0,2.0,1.0,0.0,0.0,2.9,3.4,2.15,2022-2023,69.0,70.0,70.0,68.0,27.0,Fast build up,72.0,72.0,72.0,71.0,28.0,Balanced
B1,2022-12-27,19:00,St Truiden,Waregem,2,0,H,1.0,0.0,H,12.0,6.0,6.0,1.0,10.0,10.0,6.0,3.0,0.0,1.0,0.0,1.0,1.67,3.6,4.5,2022-2023,68.0,68.0,68.0,66.0,24.0,Fast build up,68.0,70.0,68.0,66.0,28.0,Balanced
B1,2022-12-27,19:00,Westerlo,Antwerp,3,3,D,1.0,0.0,H,10.0,15.0,4.0,7.0,10.0,8.0,3.0,6.0,1.0,1.0,0.0,0.0,3.1,3.5,2.05,2022-2023,,,,,,,73.0,76.0,72.0,73.0,27.0,Balanced
B1,2023-01-06,19:45,Standard,St Truiden,1,1,D,0.0,0.0,D,6.0,9.0,1.0,3.0,11.0,13.0,9.0,2.0,0.0,2.0,0.0,0.0,2.2,3.25,3.0,2022-2023,,,,,,,68.0,68.0,68.0,66.0,24.0,Fast build up
B1,2023-01-07,15:00,Eupen,Charleroi,1,2,A,1.0,0.0,H,10.0,20.0,3.0,4.0,11.0,12.0,5.0,7.0,1.0,2.0,0.0,0.0,2.55,3.4,2.45,2022-2023,67.0,70.0,68.0,64.0,28.0,Balanced,69.0,70.0,70.0,68.0,27.0,Fast build up
B1,2023-01-07,17:15,Cercle Brugge,Westerlo,0,1,A,0.0,1.0,A,11.0,4.0,5.0,2.0,8.0,9.0,6.0,4.0,1.0,3.0,0.0,0.0,2.05,3.5,3.1,2022-2023,69.0,70.0,69.0,66.0,25.0,Fast build up,,,,,,
B1,2023-01-07,17:15,Oostende,Seraing,1,2,A,1.0,1.0,D,17.0,4.0,3.0,2.0,21.0,20.0,5.0,2.0,6.0,5.0,2.0,0.0,1.75,3.75,4.2,2022-2023,68.0,68.0,68.0,66.0,28.0,Long ball,65.0,66.0,65.0,64.0,28.0,Long ball
B1,2023-01-07,19:45,Antwerp,Gent,2,0,H,1.0,0.0,H,11.0,9.0,5.0,1.0,10.0,10.0,3.0,6.0,2.0,1.0,0.0,0.0,2.45,3.25,2.63,2022-2023,73.0,76.0,72.0,73.0,27.0,Balanced,,71.0,71.0,73.0,27.0,Slow Build up
B1,2023-01-08,12:30,Genk,Club Brugge,3,1,H,1.0,1.0,D,12.0,7.0,6.0,4.0,13.0,10.0,5.0,4.0,2.0,4.0,0.0,1.0,2.1,3.5,3.0,2022-2023,73.0,72.0,74.0,72.0,28.0,Balanced,75.0,74.0,76.0,72.0,28.0,Balanced
B1,2023-01-08,15:00,Waregem,Mechelen,2,0,H,1.0,0.0,H,16.0,7.0,4.0,4.0,21.0,16.0,3.0,3.0,2.0,6.0,0.0,0.0,2.75,3.5,2.2,2022-2023,68.0,70.0,68.0,66.0,28.0,Balanced,69.0,70.0,71.0,67.0,28.0,Balanced
B1,2023-01-08,17:30,Anderlecht,St. Gilloise,1,3,A,0.0,0.0,D,6.0,21.0,2.0,10.0,12.0,12.0,0.0,6.0,5.0,3.0,1.0,0.0,2.6,3.3,2.45,2022-2023,72.0,72.0,72.0,71.0,28.0,Balanced,72.0,71.0,73.0,71.0,25.0,Long ball
B1,2023-01-08,20:00,Oud-Heverlee Leuven,Kortrijk,2,3,A,1.0,1.0,D,16.0,15.0,4.0,6.0,10.0,16.0,5.0,6.0,1.0,3.0,0.0,0.0,1.65,4.0,4.2,2022-2023,69.0,74.0,70.0,68.0,23.0,Long ball,68.0,66.0,68.0,65.0,28.0,Balanced
B1,2023-01-13,19:45,Westerlo,Oud-Heverlee Leuven,1,2,A,0.0,0.0,D,14.0,10.0,4.0,4.0,10.0,7.0,9.0,3.0,3.0,2.0,0.0,1.0,1.95,3.75,3.5,2022-2023,,,,,,,69.0,74.0,70.0,68.0,23.0,Long ball
B1,2023-01-14,15:00,Seraing,Standard,1,1,D,1.0,1.0,D,8.0,16.0,2.0,1.0,9.0,15.0,3.0,11.0,5.0,1.0,0.0,0.0,3.8,3.6,1.91,2022-2023,65.0,66.0,65.0,64.0,28.0,Long ball,,,,,,
B1,2023-01-14,17:15,Eupen,St Truiden,0,2,A,0.0,1.0,A,7.0,10.0,3.0,4.0,9.0,9.0,3.0,3.0,1.0,1.0,0.0,0.0,2.9,3.4,2.3,2022-2023,67.0,70.0,68.0,64.0,28.0,Balanced,68.0,68.0,68.0,66.0,24.0,Fast build up
B1,2023-01-14,17:15,Mechelen,Oostende,2,1,H,1.0,0.0,H,16.0,14.0,6.0,4.0,6.0,17.0,10.0,1.0,1.0,1.0,0.0,1.0,1.73,3.8,4.33,2022-2023,69.0,70.0,71.0,67.0,28.0,Balanced,68.0,68.0,68.0,66.0,28.0,Long ball
B1,2023-01-14,19:45,Genk,Waregem,1,0,H,1.0,0.0,H,9.0,7.0,3.0,1.0,17.0,16.0,1.0,5.0,2.0,2.0,0.0,0.0,1.25,6.5,8.0,2022-2023,73.0,72.0,74.0,72.0,28.0,Balanced,68.0,70.0,68.0,66.0,28.0,Balanced
B1,2023-01-15,12:30,Club Brugge,Anderlecht,1,1,D,0.0,0.0,D,17.0,4.0,6.0,0.0,13.0,15.0,3.0,4.0,2.0,3.0,0.0,0.0,1.91,3.75,3.6,2022-2023,75.0,74.0,76.0,72.0,28.0,Balanced,72.0,72.0,72.0,71.0,28.0,Balanced
B1,2023-01-15,15:00,Gent,Kortrijk,2,1,H,1.0,0.0,H,15.0,12.0,6.0,5.0,14.0,12.0,7.0,5.0,3.0,1.0,0.0,0.0,1.36,5.0,8.5,2022-2023,,71.0,71.0,73.0,27.0,Slow Build up,68.0,66.0,68.0,65.0,28.0,Balanced
B1,2023-01-15,17:30,St. Gilloise,Antwerp,2,0,H,1.0,0.0,H,17.0,7.0,6.0,5.0,13.0,11.0,8.0,9.0,5.0,4.0,0.0,0.0,2.15,3.4,3.25,2022-2023,72.0,71.0,73.0,71.0,25.0,Long ball,73.0,76.0,72.0,73.0,27.0,Balanced
B1,2023-01-15,20:00,Charleroi,Cercle Brugge,2,1,H,1.0,1.0,D,10.0,12.0,6.0,3.0,9.0,12.0,9.0,7.0,1.0,1.0,0.0,0.0,2.63,3.3,2.63,2022-2023,69.0,70.0,70.0,68.0,27.0,Fast build up,69.0,70.0,69.0,66.0,25.0,Fast build up
B1,2023-01-17,17:30,Oud-Heverlee Leuven,Eupen,1,1,D,1.0,0.0,H,17.0,7.0,7.0,3.0,9.0,10.0,8.0,7.0,2.0,2.0,0.0,0.0,1.62,4.0,4.75,2022-2023,69.0,74.0,70.0,68.0,23.0,Long ball,67.0,70.0,68.0,64.0,28.0,Balanced
B1,2023-01-17,19:45,Standard,Mechelen,2,0,H,1.0,0.0,H,12.0,10.0,5.0,1.0,12.0,13.0,7.0,7.0,2.0,0.0,0.0,0.0,1.85,3.6,3.8,2022-2023,,,,,,,69.0,70.0,71.0,67.0,28.0,Balanced
B1,2023-01-17,19:45,Westerlo,Genk,2,3,A,0.0,2.0,A,14.0,8.0,5.0,3.0,7.0,9.0,11.0,4.0,3.0,0.0,0.0,0.0,3.3,3.75,2.0,2022-2023,,,,,,,73.0,72.0,74.0,72.0,28.0,Balanced
B1,2023-01-18,17:30,Cercle Brugge,St. Gilloise,1,1,D,0.0,0.0,D,6.0,15.0,1.0,7.0,15.0,10.0,3.0,6.0,2.0,0.0,0.0,0.0,3.3,3.5,2.05,2022-2023,69.0,70.0,69.0,66.0,25.0,Fast build up,72.0,71.0,73.0,71.0,25.0,Long ball
B1,2023-01-18,17:30,Oostende,Antwerp,0,3,A,0.0,2.0,A,16.0,12.0,3.0,6.0,13.0,17.0,6.0,5.0,1.0,0.0,0.0,0.0,4.2,3.8,1.75,2022-2023,68.0,68.0,68.0,66.0,28.0,Long ball,73.0,76.0,72.0,73.0,27.0,Balanced
B1,2023-01-18,19:45,Anderlecht,Waregem,2,3,A,2.0,1.0,H,19.0,11.0,9.0,5.0,9.0,16.0,5.0,2.0,1.0,2.0,0.0,0.0,1.5,4.5,5.25,2022-2023,72.0,72.0,72.0,71.0,28.0,Balanced,68.0,70.0,68.0,66.0,28.0,Balanced
B1,2023-01-18,19:45,Kortrijk,Seraing,3,2,H,2.0,1.0,H,21.0,12.0,7.0,7.0,11.0,12.0,6.0,8.0,1.0,2.0,0.0,1.0,1.85,3.75,3.8,2022-2023,68.0,66.0,68.0,65.0,28.0,Balanced,65.0,66.0,65.0,64.0,28.0,Long ball
B1,2023-01-19,17:30,Gent,Charleroi,0,0,D,0.0,0.0,D,11.0,9.0,6.0,3.0,7.0,11.0,9.0,5.0,2.0,4.0,0.0,0.0,1.55,4.2,5.25,2022-2023,,71.0,71.0,73.0,27.0,Slow Build up,69.0,70.0,70.0,68.0,27.0,Fast build up
B1,2023-01-19,19:45,St Truiden,Club Brugge,1,1,D,0.0,1.0,A,8.0,13.0,4.0,4.0,14.0,6.0,1.0,8.0,1.0,1.0,0.0,0.0,3.5,3.5,2.0,2022-2023,68.0,68.0,68.0,66.0,24.0,Fast build up,75.0,74.0,76.0,72.0,28.0,Balanced
B1,2023-01-21,15:00,Waregem,Westerlo,1,1,D,0.0,1.0,A,11.0,13.0,3.0,5.0,15.0,10.0,5.0,5.0,1.0,1.0,0.0,0.0,2.88,3.4,2.2,2022-2023,68.0,70.0,68.0,66.0,28.0,Balanced,,,,,,
B1,2023-01-21,17:15,Mechelen,Kortrijk,3,2,H,2.0,1.0,H,15.0,8.0,8.0,3.0,14.0,15.0,9.0,0.0,2.0,4.0,0.0,0.0,1.75,3.5,4.2,2022-2023,69.0,70.0,71.0,67.0,28.0,Balanced,68.0,66.0,68.0,65.0,28.0,Balanced
B1,2023-01-21,17:15,Oostende,Cercle Brugge,1,2,A,0.0,1.0,A,9.0,10.0,4.0,6.0,11.0,15.0,4.0,6.0,3.0,1.0,0.0,0.0,3.0,3.4,2.1,2022-2023,68.0,68.0,68.0,66.0,28.0,Long ball,69.0,70.0,69.0,66.0,25.0,Fast build up
B1,2023-01-21,19:45,St. Gilloise,Oud-Heverlee Leuven,1,0,H,0.0,0.0,D,18.0,11.0,7.0,4.0,7.0,15.0,12.0,5.0,1.0,3.0,0.0,0.0,1.5,4.5,5.25,2022-2023,72.0,71.0,73.0,71.0,25.0,Long ball,69.0,74.0,70.0,68.0,23.0,Long ball
B1,2023-01-22,12:30,Antwerp,Standard,4,1,H,3.0,1.0,H,8.0,10.0,6.0,3.0,20.0,9.0,2.0,2.0,3.0,2.0,0.0,1.0,1.67,3.6,4.75,2022-2023,73.0,76.0,72.0,73.0,27.0,Balanced,,,,,,
B1,2023-01-22,15:00,Seraing,Anderlecht,0,1,A,0.0,0.0,D,9.0,14.0,4.0,4.0,17.0,11.0,4.0,6.0,3.0,1.0,0.0,0.0,5.25,4.0,1.55,2022-2023,65.0,66.0,65.0,64.0,28.0,Long ball,72.0,72.0,72.0,71.0,28.0,Balanced
B1,2023-01-22,17:30,Club Brugge,Charleroi,2,2,D,1.0,2.0,A,12.0,9.0,6.0,3.0,7.0,18.0,2.0,3.0,2.0,4.0,0.0,1.0,1.4,4.5,6.5,2022-2023,75.0,74.0,76.0,72.0,28.0,Balanced,69.0,70.0,70.0,68.0,27.0,Fast build up
B1,2023-01-22,20:00,St Truiden,Gent,0,3,A,0.0,2.0,A,5.0,13.0,1.0,4.0,12.0,10.0,1.0,5.0,2.0,0.0,1.0,0.0,3.4,3.2,2.1,2022-2023,68.0,68.0,68.0,66.0,24.0,Fast build up,,71.0,71.0,73.0,27.0,Slow Build up
B1,2023-01-27,19:45,Standard,Eupen,3,1,H,2.0,1.0,H,13.0,8.0,7.0,3.0,15.0,11.0,8.0,2.0,1.0,2.0,0.0,0.0,1.65,3.75,4.5,2022-2023,,,,,,,67.0,70.0,68.0,64.0,28.0,Balanced
B1,2023-01-28,15:00,Westerlo,Mechelen,2,0,H,1.0,0.0,H,26.0,8.0,8.0,2.0,4.0,10.0,11.0,5.0,1.0,3.0,0.0,1.0,1.85,3.6,3.6,2022-2023,,,,,,,69.0,70.0,71.0,67.0,28.0,Balanced
B1,2023-01-28,17:15,Kortrijk,Oostende,2,2,D,1.0,1.0,D,14.0,22.0,3.0,7.0,12.0,8.0,2.0,5.0,1.0,0.0,0.0,0.0,2.0,3.4,3.3,2022-2023,68.0,66.0,68.0,65.0,28.0,Balanced,68.0,68.0,68.0,66.0,28.0,Long ball
B1,2023-01-28,17:15,Oud-Heverlee Leuven,St Truiden,1,1,D,0.0,1.0,A,13.0,8.0,5.0,4.0,7.0,18.0,6.0,3.0,0.0,3.0,0.0,0.0,2.25,3.3,2.9,2022-2023,69.0,74.0,70.0,68.0,23.0,Long ball,68.0,68.0,68.0,66.0,24.0,Fast build up
B1,2023-01-28,19:45,Charleroi,St. Gilloise,0,1,A,0.0,1.0,A,5.0,9.0,1.0,3.0,17.0,8.0,2.0,8.0,3.0,3.0,0.0,0.0,3.3,3.4,2.0,2022-2023,69.0,70.0,70.0,68.0,27.0,Fast build up,72.0,71.0,73.0,71.0,25.0,Long ball
B1,2023-01-29,12:30,Anderlecht,Antwerp,0,0,D,0.0,0.0,D,7.0,12.0,0.0,4.0,12.0,10.0,6.0,2.0,4.0,3.0,1.0,1.0,2.63,3.25,2.45,2022-2023,72.0,72.0,72.0,71.0,28.0,Balanced,73.0,76.0,72.0,73.0,27.0,Balanced
B1,2023-01-29,15:00,Cercle Brugge,Gent,3,2,H,0.0,0.0,D,10.0,9.0,6.0,5.0,18.0,7.0,4.0,2.0,1.0,1.0,0.0,0.0,3.1,3.25,2.15,2022-2023,69.0,70.0,69.0,66.0,25.0,Fast build up,,71.0,71.0,73.0,27.0,Slow Build up
B1,2023-01-29,17:30,Waregem,Club Brugge,1,2,A,1.0,2.0,A,11.0,12.0,4.0,2.0,8.0,17.0,4.0,8.0,2.0,4.0,1.0,0.0,4.5,3.75,1.65,2022-2023,68.0,70.0,68.0,66.0,28.0,Balanced,75.0,74.0,76.0,72.0,28.0,Balanced
B1,2023-01-29,20:00,Genk,Seraing,4,0,H,2.0,0.0,H,12.0,6.0,9.0,0.0,7.0,15.0,3.0,4.0,0.0,2.0,0.0,0.0,1.22,5.75,10.0,2022-2023,73.0,72.0,74.0,72.0,28.0,Balanced,65.0,66.0,65.0,64.0,28.0,Long ball
B1,2023-02-01,17:45,Eupen,Genk,1,1,D,1.0,1.0,D,10.0,14.0,4.0,5.0,15.0,13.0,3.0,7.0,5.0,4.0,0.0,0.0,5.5,3.8,1.53,2022-2023,67.0,70.0,68.0,64.0,28.0,Balanced,73.0,72.0,74.0,72.0,28.0,Balanced
B1,2023-02-03,19:45,Oostende,Anderlecht,0,2,A,0.0,1.0,A,11.0,12.0,4.0,3.0,18.0,13.0,3.0,2.0,3.0,1.0,0.0,0.0,3.4,3.6,1.91,2022-2023,68.0,68.0,68.0,66.0,28.0,Long ball,72.0,72.0,72.0,71.0,28.0,Balanced
B1,2023-02-04,15:00,Cercle Brugge,Standard,1,1,D,0.0,0.0,D,13.0,8.0,3.0,2.0,21.0,14.0,4.0,1.0,3.0,3.0,0.0,0.0,2.05,3.5,3.1,2022-2023,69.0,70.0,69.0,66.0,25.0,Fast build up,,,,,,
B1,2023-02-04,17:15,Eupen,Westerlo,1,1,D,0.0,1.0,A,7.0,15.0,3.0,6.0,18.0,7.0,4.0,7.0,1.0,0.0,0.0,0.0,2.9,3.5,2.15,2022-2023,67.0,70.0,68.0,64.0,28.0,Balanced,,,,,,
B1,2023-02-04,17:15,Seraing,Oud-Heverlee Leuven,2,1,H,1.0,1.0,D,14.0,19.0,4.0,5.0,10.0,10.0,7.0,11.0,1.0,0.0,0.0,0.0,4.0,3.6,1.85,2022-2023,65.0,66.0,65.0,64.0,28.0,Long ball,69.0,74.0,70.0,68.0,23.0,Long ball
B1,2023-02-04,19:45,St Truiden,Kortrijk,1,0,H,1.0,0.0,H,7.0,9.0,2.0,4.0,11.0,9.0,2.0,2.0,1.0,3.0,0.0,0.0,1.73,3.6,4.33,2022-2023,68.0,68.0,68.0,66.0,24.0,Fast build up,68.0,66.0,68.0,65.0,28.0,Balanced
B1,2023-02-05,12:30,Antwerp,Club Brugge,0,0,D,0.0,0.0,D,7.0,4.0,2.0,1.0,12.0,22.0,2.0,5.0,1.0,5.0,0.0,0.0,2.5,3.3,2.63,2022-2023,73.0,76.0,72.0,73.0,27.0,Balanced,75.0,74.0,76.0,72.0,28.0,Balanced
B1,2023-02-05,15:00,Mechelen,Charleroi,2,2,D,2.0,0.0,H,10.0,17.0,7.0,8.0,12.0,11.0,4.0,7.0,0.0,3.0,1.0,0.0,2.15,3.4,3.1,2022-2023,69.0,70.0,71.0,67.0,28.0,Balanced,69.0,70.0,70.0,68.0,27.0,Fast build up
B1,2023-02-05,17:30,Gent,Genk,2,3,A,1.0,1.0,D,20.0,11.0,6.0,5.0,12.0,12.0,4.0,3.0,1.0,1.0,0.0,0.0,2.25,3.4,2.8,2022-2023,,71.0,71.0,73.0,27.0,Slow Build up,73.0,72.0,74.0,72.0,28.0,Balanced
B1,2023-02-05,18:15,St. Gilloise,Waregem,4,0,H,1.0,0.0,H,14.0,7.0,8.0,1.0,8.0,9.0,2.0,3.0,0.0,1.0,0.0,0.0,1.36,4.75,7.0,2022-2023,72.0,71.0,73.0,71.0,25.0,Long ball,68.0,70.0,68.0,66.0,28.0,Balanced
B1,2023-02-10,19:00,Oud-Heverlee Leuven,Cercle Brugge,0,0,D,0.0,0.0,D,7.0,11.0,1.0,5.0,12.0,10.0,6.0,7.0,1.0,0.0,0.0,0.0,2.25,3.25,2.8,2022-2023,69.0,74.0,70.0,68.0,23.0,Long ball,69.0,70.0,69.0,66.0,25.0,Fast build up
B1,2023-02-10,19:45,Club Brugge,St. Gilloise,1,1,D,1.0,1.0,D,10.0,19.0,4.0,2.0,13.0,10.0,5.0,3.0,1.0,4.0,0.0,0.0,2.3,3.3,2.9,2022-2023,75.0,74.0,76.0,72.0,28.0,Balanced,72.0,71.0,73.0,71.0,25.0,Long ball
B1,2023-02-10,19:45,Eupen,Mechelen,2,1,H,0.0,1.0,A,11.0,14.0,3.0,4.0,16.0,16.0,4.0,2.0,0.0,4.0,0.0,0.0,2.55,3.4,2.5,2022-2023,67.0,70.0,68.0,64.0,28.0,Balanced,69.0,70.0,71.0,67.0,28.0,Balanced
B1,2023-02-11,15:00,Westerlo,Gent,3,3,D,2.0,2.0,D,8.0,16.0,5.0,9.0,7.0,6.0,3.0,6.0,1.0,1.0,0.0,0.0,2.8,3.3,2.38,2022-2023,,,,,,,,71.0,71.0,73.0,27.0,Slow Build up
B1,2023-02-11,17:15,Charleroi,Seraing,3,0,H,1.0,0.0,H,11.0,2.0,4.0,1.0,8.0,13.0,10.0,2.0,1.0,0.0,0.0,0.0,1.5,4.0,5.75,2022-2023,69.0,70.0,70.0,68.0,27.0,Fast build up,65.0,66.0,65.0,64.0,28.0,Long ball
B1,2023-02-12,12:30,Genk,Antwerp,0,1,A,0.0,0.0,D,16.0,8.0,3.0,3.0,17.0,14.0,9.0,3.0,2.0,3.0,0.0,0.0,1.91,3.5,3.75,2022-2023,73.0,72.0,74.0,72.0,28.0,Balanced,73.0,76.0,72.0,73.0,27.0,Balanced
B1,2023-02-12,15:00,Anderlecht,St Truiden,3,1,H,0.0,0.0,D,24.0,3.0,9.0,2.0,3.0,11.0,4.0,2.0,1.0,1.0,0.0,0.0,1.83,3.4,4.0,2022-2023,72.0,72.0,72.0,71.0,28.0,Balanced,68.0,68.0,68.0,66.0,24.0,Fast build up
B1,2023-02-12,17:30,Standard,Kortrijk,0,2,A,0.0,0.0,D,9.0,11.0,1.0,4.0,10.0,20.0,7.0,3.0,0.0,2.0,1.0,0.0,1.62,4.0,4.75,2022-2023,,,,,,,68.0,66.0,68.0,65.0,28.0,Balanced
B1,2023-02-12,18:15,Waregem,Oostende,1,1,D,1.0,0.0,H,8.0,5.0,2.0,3.0,11.0,17.0,3.0,4.0,0.0,1.0,0.0,0.0,1.95,3.6,3.5,2022-2023,68.0,70.0,68.0,66.0,28.0,Balanced,68.0,68.0,68.0,66.0,28.0,Long ball
B1,2023-02-17,19:45,Mechelen,Genk,2,2,D,1.0,1.0,D,11.0,13.0,5.0,3.0,8.0,6.0,4.0,4.0,1.0,0.0,0.0,0.0,4.2,3.6,1.8,2022-2023,69.0,70.0,71.0,67.0,28.0,Balanced,73.0,72.0,74.0,72.0,28.0,Balanced
B1,2023-02-18,15:00,Antwerp,Eupen,2,0,H,2.0,0.0,H,17.0,4.0,2.0,0.0,11.0,11.0,7.0,4.0,3.0,3.0,0.0,1.0,1.36,5.0,8.0,2022-2023,73.0,76.0,72.0,73.0,27.0,Balanced,67.0,70.0,68.0,64.0,28.0,Balanced
B1,2023-02-18,17:15,Oostende,Charleroi,0,0,D,0.0,0.0,D,17.0,8.0,6.0,3.0,7.0,10.0,11.0,3.0,0.0,0.0,0.0,0.0,3.1,3.5,2.25,2022-2023,68.0,68.0,68.0,66.0,28.0,Long ball,69.0,70.0,70.0,68.0,27.0,Fast build up
B1,2023-02-18,17:15,Seraing,Waregem,1,1,D,0.0,1.0,A,6.0,12.0,2.0,3.0,18.0,16.0,4.0,7.0,3.0,3.0,1.0,1.0,3.1,3.4,2.2,2022-2023,65.0,66.0,65.0,64.0,28.0,Long ball,68.0,70.0,68.0,66.0,28.0,Balanced
B1,2023-02-18,19:45,St. Gilloise,Standard,2,4,A,1.0,2.0,A,15.0,9.0,6.0,6.0,12.0,11.0,3.0,0.0,2.0,5.0,0.0,0.0,1.53,4.2,6.0,2022-2023,72.0,71.0,73.0,71.0,25.0,Long ball,,,,,,
B1,2023-02-19,12:30,Cercle Brugge,Club Brugge,2,2,D,0.0,1.0,A,28.0,7.0,10.0,5.0,10.0,12.0,17.0,4.0,2.0,2.0,0.0,0.0,3.5,3.4,2.05,2022-2023,69.0,70.0,69.0,66.0,25.0,Fast build up,75.0,74.0,76.0,72.0,28.0,Balanced
B1,2023-02-19,15:00,Gent,Oud-Heverlee Leuven,2,0,H,0.0,0.0,D,12.0,14.0,6.0,4.0,15.0,12.0,5.0,9.0,2.0,1.0,0.0,0.0,1.57,4.0,5.25,2022-2023,,71.0,71.0,73.0,27.0,Slow Build up,69.0,74.0,70.0,68.0,23.0,Long ball
B1,2023-02-19,17:30,Kortrijk,Anderlecht,2,2,D,0.0,1.0,A,13.0,12.0,7.0,5.0,14.0,8.0,6.0,4.0,2.0,0.0,0.0,0.0,4.0,3.6,1.85,2022-2023,68.0,66.0,68.0,65.0,28.0,Balanced,72.0,72.0,72.0,71.0,28.0,Balanced
B1,2023-02-19,18:15,St Truiden,Westerlo,0,1,A,0.0,1.0,A,6.0,13.0,1.0,3.0,8.0,6.0,1.0,6.0,1.0,0.0,1.0,0.0,2.63,3.3,2.63,2022-2023,68.0,68.0,68.0,66.0,24.0,Fast build up,,,,,,
B1,2023-02-24,19:45,Waregem,Kortrijk,3,3,D,1.0,2.0,A,15.0,9.0,4.0,5.0,19.0,18.0,8.0,5.0,3.0,4.0,0.0,0.0,2.2,3.5,3.1,2022-2023,68.0,70.0,68.0,66.0,28.0,Balanced,68.0,66.0,68.0,65.0,28.0,Balanced
B1,2023-02-25,15:00,Seraing,Mechelen,0,2,A,0.0,1.0,A,7.0,9.0,0.0,4.0,11.0,14.0,4.0,3.0,2.0,1.0,0.0,0.0,3.75,3.6,1.95,2022-2023,65.0,66.0,65.0,64.0,28.0,Long ball,69.0,70.0,71.0,67.0,28.0,Balanced
B1,2023-02-25,17:15,Eupen,Cercle Brugge,2,2,D,2.0,2.0,D,7.0,14.0,3.0,4.0,10.0,13.0,4.0,6.0,1.0,1.0,1.0,0.0,3.4,3.5,2.05,2022-2023,67.0,70.0,68.0,64.0,28.0,Balanced,69.0,70.0,69.0,66.0,25.0,Fast build up
B1,2023-02-25,17:15,Genk,Oostende,3,0,H,2.0,0.0,H,10.0,12.0,5.0,4.0,13.0,15.0,4.0,4.0,2.0,3.0,0.0,0.0,1.33,5.5,7.0,2022-2023,73.0,72.0,74.0,72.0,28.0,Balanced,68.0,68.0,68.0,66.0,28.0,Long ball
B1,2023-02-25,19:45,Westerlo,St. Gilloise,4,2,H,2.0,1.0,H,9.0,20.0,6.0,8.0,9.0,9.0,4.0,6.0,2.0,2.0,0.0,0.0,3.5,3.6,1.95,2022-2023,,,,,,,72.0,71.0,73.0,71.0,25.0,Long ball
B1,2023-02-26,12:30,Club Brugge,Gent,2,0,H,0.0,0.0,D,16.0,6.0,6.0,2.0,9.0,10.0,9.0,3.0,2.0,0.0,0.0,0.0,2.15,3.75,3.1,2022-2023,75.0,74.0,76.0,72.0,28.0,Balanced,,71.0,71.0,73.0,27.0,Slow Build up
B1,2023-02-26,15:00,Oud-Heverlee Leuven,Antwerp,1,1,D,1.0,0.0,H,9.0,17.0,4.0,4.0,9.0,13.0,3.0,7.0,1.0,0.0,0.0,0.0,3.5,3.5,2.0,2022-2023,69.0,74.0,70.0,68.0,23.0,Long ball,73.0,76.0,72.0,73.0,27.0,Balanced
B1,2023-02-26,17:30,Anderlecht,Standard,2,2,D,2.0,1.0,H,14.0,8.0,7.0,4.0,5.0,8.0,7.0,3.0,2.0,2.0,0.0,0.0,1.83,3.75,4.0,2022-2023,72.0,72.0,72.0,71.0,28.0,Balanced,,,,,,
B1,2023-02-26,18:15,Charleroi,St Truiden,1,0,H,0.0,0.0,D,17.0,11.0,7.0,2.0,15.0,13.0,3.0,2.0,0.0,2.0,0.0,0.0,2.05,3.5,3.6,2022-2023,69.0,70.0,70.0,68.0,27.0,Fast build up,68.0,68.0,68.0,66.0,24.0,Fast build up
B1,2023-03-03,19:45,Oostende,Club Brugge,3,0,H,1.0,0.0,H,13.0,11.0,6.0,3.0,12.0,16.0,0.0,5.0,2.0,2.0,0.0,0.0,4.5,4.0,1.67,2022-2023,68.0,68.0,68.0,66.0,28.0,Long ball,75.0,74.0,76.0,72.0,28.0,Balanced
B1,2023-03-04,15:00,Kortrijk,Charleroi,0,1,A,0.0,0.0,D,18.0,11.0,3.0,6.0,7.0,12.0,4.0,2.0,0.0,4.0,0.0,0.0,3.1,3.4,2.25,2022-2023,68.0,66.0,68.0,65.0,28.0,Balanced,69.0,70.0,70.0,68.0,27.0,Fast build up
B1,2023-03-04,17:15,Cercle Brugge,Seraing,3,1,H,2.0,1.0,H,19.0,3.0,7.0,2.0,14.0,11.0,11.0,3.0,1.0,1.0,0.0,0.0,1.4,4.75,8.0,2022-2023,69.0,70.0,69.0,66.0,25.0,Fast build up,65.0,66.0,65.0,64.0,28.0,Long ball
B1,2023-03-04,17:15,Oud-Heverlee Leuven,Waregem,4,2,H,3.0,0.0,H,13.0,12.0,8.0,4.0,11.0,10.0,3.0,5.0,2.0,1.0,0.0,0.0,1.83,3.6,4.2,2022-2023,69.0,74.0,70.0,68.0,23.0,Long ball,68.0,70.0,68.0,66.0,28.0,Balanced
B1,2023-03-04,19:45,Standard,Westerlo,2,0,H,1.0,0.0,H,23.0,7.0,5.0,0.0,12.0,11.0,7.0,1.0,0.0,2.0,1.0,0.0,2.55,3.3,2.7,2022-2023,,,,,,,,,,,,
B1,2023-03-05,12:30,St Truiden,Genk,2,2,D,1.0,1.0,D,10.0,9.0,4.0,5.0,17.0,11.0,2.0,2.0,3.0,1.0,0.0,0.0,4.0,3.4,1.91,2022-2023,68.0,68.0,68.0,66.0,24.0,Fast build up,73.0,72.0,74.0,72.0,28.0,Balanced
B1,2023-03-05,15:00,Antwerp,Mechelen,5,0,H,3.0,0.0,H,16.0,11.0,10.0,5.0,9.0,11.0,6.0,3.0,1.0,2.0,0.0,0.0,1.53,4.2,5.75,2022-2023,73.0,76.0,72.0,73.0,27.0,Balanced,69.0,70.0,71.0,67.0,28.0,Balanced
B1,2023-03-05,17:30,Gent,Anderlecht,1,0,H,0.0,0.0,D,14.0,10.0,5.0,3.0,8.0,9.0,4.0,2.0,1.0,4.0,0.0,1.0,2.05,3.4,3.5,2022-2023,,71.0,71.0,73.0,27.0,Slow Build up,72.0,72.0,72.0,71.0,28.0,Balanced
B1,2023-03-05,18:15,St. Gilloise,Eupen,2,1,H,1.0,0.0,H,12.0,8.0,6.0,3.0,11.0,16.0,5.0,2.0,1.0,1.0,0.0,0.0,1.25,5.5,12.0,2022-2023,72.0,71.0,73.0,71.0,25.0,Long ball,67.0,70.0,68.0,64.0,28.0,Balanced
B1,2023-03-10,19:45,Charleroi,Oud-Heverlee Leuven,0,1,A,0.0,1.0,A,25.0,9.0,5.0,2.0,8.0,11.0,7.0,4.0,1.0,4.0,0.0,0.0,1.85,3.6,3.6,2022-2023,69.0,70.0,70.0,68.0,27.0,Fast build up,69.0,74.0,70.0,68.0,23.0,Long ball
B1,2023-03-11,15:00,Mechelen,St Truiden,1,0,H,0.0,0.0,D,8.0,7.0,4.0,1.0,10.0,16.0,8.0,4.0,1.0,2.0,0.0,0.0,2.15,3.25,3.1,2022-2023,69.0,70.0,71.0,67.0,28.0,Balanced,68.0,68.0,68.0,66.0,24.0,Fast build up
B1,2023-03-11,17:15,Eupen,Oostende,4,4,D,1.0,1.0,D,29.0,14.0,10.0,9.0,9.0,10.0,9.0,2.0,0.0,3.0,0.0,1.0,2.5,3.4,2.6,2022-2023,67.0,70.0,68.0,64.0,28.0,Balanced,68.0,68.0,68.0,66.0,28.0,Long ball
B1,2023-03-11,17:15,Westerlo,Kortrijk,3,1,H,1.0,0.0,H,9.0,19.0,7.0,6.0,9.0,10.0,7.0,7.0,3.0,2.0,0.0,0.0,1.67,4.0,4.33,2022-2023,,,,,,,68.0,66.0,68.0,65.0,28.0,Balanced
B1,2023-03-11,19:45,Seraing,Antwerp,0,2,A,0.0,2.0,A,8.0,18.0,1.0,5.0,15.0,12.0,4.0,5.0,3.0,1.0,1.0,0.0,7.5,4.33,1.4,2022-2023,65.0,66.0,65.0,64.0,28.0,Long ball,73.0,76.0,72.0,73.0,27.0,Balanced
B1,2023-03-12,12:30,Club Brugge,Standard,2,0,H,0.0,0.0,D,13.0,17.0,4.0,4.0,11.0,10.0,6.0,6.0,1.0,1.0,0.0,0.0,1.7,3.8,4.33,2022-2023,75.0,74.0,76.0,72.0,28.0,Balanced,,,,,,
B1,2023-03-12,15:00,Waregem,Gent,2,6,A,0.0,2.0,A,11.0,12.0,4.0,8.0,14.0,11.0,4.0,1.0,1.0,1.0,0.0,0.0,3.2,3.6,1.95,2022-2023,68.0,70.0,68.0,66.0,28.0,Balanced,,71.0,71.0,73.0,27.0,Slow Build up
B1,2023-03-12,17:30,Genk,St. Gilloise,1,2,A,1.0,2.0,A,12.0,13.0,6.0,5.0,13.0,15.0,14.0,5.0,3.0,3.0,0.0,0.0,2.2,3.4,3.0,2022-2023,73.0,72.0,74.0,72.0,28.0,Balanced,72.0,71.0,73.0,71.0,25.0,Long ball
B1,2023-03-12,18:15,Anderlecht,Cercle Brugge,2,0,H,1.0,0.0,H,18.0,7.0,9.0,2.0,8.0,17.0,5.0,4.0,0.0,2.0,0.0,1.0,2.05,3.5,3.3,2022-2023,72.0,72.0,72.0,71.0,28.0,Balanced,69.0,70.0,69.0,66.0,25.0,Fast build up
B1,2023-03-17,19:45,Cercle Brugge,Genk,1,1,D,1.0,0.0,H,18.0,10.0,4.0,2.0,5.0,9.0,6.0,9.0,2.0,1.0,0.0,0.0,2.7,3.4,2.38,2022-2023,69.0,70.0,69.0,66.0,25.0,Fast build up,73.0,72.0,74.0,72.0,28.0,Balanced
B1,2023-03-18,15:00,Kortrijk,Club Brugge,1,0,H,1.0,0.0,H,10.0,13.0,6.0,3.0,11.0,11.0,1.0,6.0,2.0,2.0,0.0,0.0,4.2,3.8,1.65,2022-2023,68.0,66.0,68.0,65.0,28.0,Balanced,75.0,74.0,76.0,72.0,28.0,Balanced
B1,2023-03-18,17:15,Oostende,Westerlo,1,2,A,0.0,1.0,A,22.0,7.0,12.0,2.0,9.0,9.0,7.0,5.0,1.0,2.0,0.0,0.0,2.88,3.3,2.25,2022-2023,68.0,68.0,68.0,66.0,28.0,Long ball,,,,,,
B1,2023-03-18,17:15,St Truiden,Seraing,2,1,H,1.0,0.0,H,12.0,9.0,7.0,1.0,14.0,8.0,4.0,2.0,2.0,2.0,0.0,0.0,1.53,3.75,5.75,2022-2023,68.0,68.0,68.0,66.0,24.0,Fast build up,65.0,66.0,65.0,64.0,28.0,Long ball
B1,2023-03-18,19:45,Standard,Waregem,2,2,D,2.0,0.0,H,21.0,9.0,8.0,5.0,14.0,12.0,6.0,5.0,3.0,2.0,0.0,0.0,1.67,3.75,4.5,2022-2023,,,,,,,68.0,70.0,68.0,66.0,28.0,Balanced
B1,2023-03-19,12:30,Antwerp,Charleroi,0,1,A,0.0,1.0,A,28.0,5.0,8.0,2.0,8.0,9.0,8.0,0.0,0.0,4.0,0.0,1.0,1.67,3.75,4.5,2022-2023,73.0,76.0,72.0,73.0,27.0,Balanced,69.0,70.0,70.0,68.0,27.0,Fast build up
B1,2023-03-19,15:00,Oud-Heverlee Leuven,Anderlecht,0,2,A,0.0,1.0,A,9.0,12.0,5.0,5.0,11.0,13.0,4.0,7.0,3.0,2.0,0.0,0.0,3.0,3.4,2.15,2022-2023,69.0,74.0,70.0,68.0,23.0,Long ball,72.0,72.0,72.0,71.0,28.0,Balanced
B1,2023-03-19,17:30,St. Gilloise,Mechelen,2,1,H,1.0,1.0,D,15.0,5.0,6.0,1.0,11.0,11.0,3.0,5.0,1.0,2.0,0.0,0.0,1.36,4.75,7.0,2022-2023,72.0,71.0,73.0,71.0,25.0,Long ball,69.0,70.0,71.0,67.0,28.0,Balanced
B1,2023-03-19,18:15,Gent,Eupen,3,0,H,1.0,0.0,H,25.0,11.0,5.0,3.0,6.0,9.0,16.0,5.0,2.0,0.0,0.0,0.0,1.36,4.75,8.0,2022-2023,,71.0,71.0,73.0,27.0,Slow Build up,67.0,70.0,68.0,64.0,28.0,Balanced
B1,2023-03-31,19:45,Waregem,Antwerp,0,2,A,0.0,0.0,D,7.0,13.0,3.0,5.0,11.0,15.0,6.0,5.0,4.0,1.0,0.0,0.0,4.2,4.0,1.65,2022-2023,68.0,70.0,68.0,66.0,28.0,Balanced,73.0,76.0,72.0,73.0,27.0,Balanced
B1,2023-04-01,15:00,Cercle Brugge,Kortrijk,2,0,H,2.0,0.0,H,19.0,6.0,6.0,4.0,17.0,13.0,6.0,2.0,2.0,2.0,0.0,0.0,1.57,4.0,4.75,2022-2023,69.0,70.0,69.0,66.0,25.0,Fast build up,68.0,66.0,68.0,65.0,28.0,Balanced
B1,2023-04-01,17:15,Seraing,Gent,0,5,A,0.0,1.0,A,6.0,18.0,0.0,10.0,5.0,6.0,3.0,13.0,0.0,1.0,0.0,0.0,8.0,4.33,1.33,2022-2023,65.0,66.0,65.0,64.0,28.0,Long ball,,71.0,71.0,73.0,27.0,Slow Build up
B1,2023-04-01,17:15,Westerlo,Charleroi,2,3,A,1.0,2.0,A,17.0,12.0,7.0,5.0,5.0,16.0,7.0,4.0,2.0,5.0,0.0,0.0,2.1,3.5,3.1,2022-2023,,,,,,,69.0,70.0,70.0,68.0,27.0,Fast build up
B1,2023-04-01,19:45,Oostende,Standard,1,3,A,1.0,3.0,A,15.0,13.0,4.0,7.0,11.0,6.0,6.0,7.0,3.0,1.0,1.0,0.0,3.1,3.4,2.1,2022-2023,68.0,68.0,68.0,66.0,28.0,Long ball,,,,,,
B1,2023-04-02,12:30,Genk,Oud-Heverlee Leuven,2,1,H,1.0,0.0,H,22.0,11.0,8.0,5.0,10.0,9.0,11.0,5.0,4.0,2.0,0.0,0.0,1.5,4.0,6.0,2022-2023,73.0,72.0,74.0,72.0,28.0,Balanced,69.0,74.0,70.0,68.0,23.0,Long ball
B1,2023-04-02,15:00,Eupen,Anderlecht,0,1,A,0.0,0.0,D,9.0,13.0,1.0,4.0,16.0,8.0,2.0,6.0,1.0,0.0,0.0,0.0,3.8,3.6,1.8,2022-2023,67.0,70.0,68.0,64.0,28.0,Balanced,72.0,72.0,72.0,71.0,28.0,Balanced
B1,2023-04-02,17:30,Mechelen,Club Brugge,0,3,A,0.0,2.0,A,4.0,18.0,1.0,5.0,9.0,6.0,1.0,8.0,1.0,1.0,0.0,0.0,3.5,3.5,1.91,2022-2023,69.0,70.0,71.0,67.0,28.0,Balanced,75.0,74.0,76.0,72.0,28.0,Balanced
B1,2023-04-02,18:15,St. Gilloise,St Truiden,2,1,H,0.0,0.0,D,11.0,6.0,7.0,1.0,14.0,8.0,13.0,1.0,2.0,3.0,0.0,1.0,1.44,4.5,6.5,2022-2023,72.0,71.0,73.0,71.0,25.0,Long ball,68.0,68.0,68.0,66.0,24.0,Fast build up
B1,2023-04-07,19:45,Club Brugge,Seraing,2,0,H,0.0,0.0,D,26.0,5.0,11.0,0.0,10.0,8.0,21.0,1.0,0.0,0.0,0.0,0.0,1.11,9.5,21.0,2022-2023,75.0,74.0,76.0,72.0,28.0,Balanced,65.0,66.0,65.0,64.0,28.0,Long ball
B1,2023-04-08,15:00,Kortrijk,Eupen,0,0,D,0.0,0.0,D,14.0,13.0,1.0,3.0,17.0,9.0,7.0,6.0,3.0,2.0,0.0,0.0,2.0,3.5,3.6,2022-2023,68.0,66.0,68.0,65.0,28.0,Balanced,67.0,70.0,68.0,64.0,28.0,Balanced
B1,2023-04-08,15:00,Oud-Heverlee Leuven,Mechelen,4,1,H,2.0,0.0,H,17.0,16.0,11.0,6.0,8.0,13.0,2.0,8.0,1.0,3.0,0.0,0.0,2.1,3.5,3.3,2022-2023,69.0,74.0,70.0,68.0,23.0,Long ball,69.0,70.0,71.0,67.0,28.0,Balanced
B1,2023-04-08,17:15,Charleroi,Waregem,3,2,H,0.0,1.0,A,18.0,8.0,8.0,5.0,11.0,15.0,3.0,5.0,3.0,1.0,0.0,0.0,1.73,3.8,4.75,2022-2023,69.0,70.0,70.0,68.0,27.0,Fast build up,68.0,70.0,68.0,66.0,28.0,Balanced
B1,2023-04-08,19:45,Gent,St. Gilloise,1,1,D,0.0,1.0,A,10.0,5.0,3.0,3.0,4.0,11.0,4.0,3.0,0.0,2.0,0.0,0.0,2.55,3.3,2.7,2022-2023,,71.0,71.0,73.0,27.0,Slow Build up,72.0,71.0,73.0,71.0,25.0,Long ball
B1,2023-04-09,12:30,Anderlecht,Westerlo,0,0,D,0.0,0.0,D,16.0,13.0,2.0,6.0,11.0,18.0,10.0,1.0,2.0,2.0,0.0,0.0,1.67,3.75,5.0,2022-2023,72.0,72.0,72.0,71.0,28.0,Balanced,,,,,,
B1,2023-04-09,15:00,Antwerp,Cercle Brugge,2,1,H,0.0,1.0,A,11.0,10.0,4.0,4.0,10.0,19.0,6.0,1.0,1.0,3.0,0.0,0.0,1.7,3.6,4.75,2022-2023,73.0,76.0,72.0,73.0,27.0,Balanced,69.0,70.0,69.0,66.0,25.0,Fast build up
B1,2023-04-09,17:30,Standard,Genk,2,0,H,2.0,0.0,H,11.0,19.0,4.0,7.0,17.0,13.0,4.0,7.0,3.0,3.0,0.0,0.0,2.63,3.4,2.55,2022-2023,,,,,,,73.0,72.0,74.0,72.0,28.0,Balanced
B1,2023-04-09,18:15,St Truiden,Oostende,5,0,H,2.0,0.0,H,18.0,11.0,11.0,4.0,14.0,12.0,6.0,2.0,1.0,1.0,0.0,0.0,2.25,3.25,3.25,2022-2023,68.0,68.0,68.0,66.0,24.0,Fast build up,68.0,68.0,68.0,66.0,28.0,Long ball
B1,2023-04-14,19:45,Standard,Charleroi,3,1,H,1.0,0.0,H,10.0,17.0,6.0,5.0,15.0,11.0,5.0,5.0,4.0,1.0,1.0,0.0,2.05,3.5,3.5,2022-2023,,,,,,,69.0,70.0,70.0,68.0,27.0,Fast build up
B1,2023-04-15,15:00,Eupen,Waregem,1,5,A,0.0,4.0,A,11.0,16.0,3.0,9.0,15.0,13.0,4.0,3.0,3.0,1.0,0.0,0.0,2.38,3.4,2.9,2022-2023,67.0,70.0,68.0,64.0,28.0,Balanced,68.0,70.0,68.0,66.0,28.0,Balanced
B1,2023-04-15,17:15,Cercle Brugge,St Truiden,3,1,H,2.0,0.0,H,10.0,5.0,5.0,1.0,11.0,15.0,4.0,1.0,3.0,0.0,0.0,0.0,1.67,3.75,5.0,2022-2023,69.0,70.0,69.0,66.0,25.0,Fast build up,68.0,68.0,68.0,66.0,24.0,Fast build up
B1,2023-04-15,17:15,Oostende,Oud-Heverlee Leuven,0,4,A,0.0,2.0,A,13.0,19.0,3.0,8.0,10.0,8.0,7.0,6.0,1.0,0.0,0.0,0.0,2.4,3.5,2.75,2022-2023,68.0,68.0,68.0,66.0,28.0,Long ball,69.0,74.0,70.0,68.0,23.0,Long ball
B1,2023-04-15,19:45,Westerlo,Club Brugge,0,0,D,0.0,0.0,D,7.0,22.0,1.0,10.0,13.0,8.0,4.0,13.0,4.0,3.0,0.0,0.0,3.3,3.4,2.15,2022-2023,,,,,,,75.0,74.0,76.0,72.0,28.0,Balanced
B1,2023-04-16,12:30,Genk,Anderlecht,5,2,H,2.0,1.0,H,14.0,13.0,9.0,6.0,16.0,17.0,7.0,2.0,2.0,3.0,0.0,0.0,1.85,3.6,4.0,2022-2023,73.0,72.0,74.0,72.0,28.0,Balanced,72.0,72.0,72.0,71.0,28.0,Balanced
B1,2023-04-16,15:00,Mechelen,Gent,1,1,D,1.0,1.0,D,2.0,14.0,1.0,5.0,10.0,7.0,3.0,6.0,1.0,1.0,0.0,0.0,4.75,3.8,1.67,2022-2023,69.0,70.0,71.0,67.0,28.0,Balanced,,71.0,71.0,73.0,27.0,Slow Build up
B1,2023-04-16,17:30,Antwerp,Kortrijk,1,0,H,0.0,0.0,D,14.0,5.0,3.0,2.0,13.0,13.0,12.0,2.0,0.0,1.0,0.0,0.0,1.29,5.75,9.0,2022-2023,73.0,76.0,72.0,73.0,27.0,Balanced,68.0,66.0,68.0,65.0,28.0,Balanced
B1,2023-04-16,18:15,St. Gilloise,Seraing,2,1,H,2.0,0.0,H,19.0,6.0,8.0,2.0,9.0,13.0,11.0,2.0,1.0,1.0,0.0,0.0,1.08,10.0,23.0,2022-2023,72.0,71.0,73.0,71.0,25.0,Long ball,65.0,66.0,65.0,64.0,28.0,Long ball
B1,2023-04-22,17:15,Seraing,Westerlo,1,1,D,1.0,1.0,D,10.0,12.0,4.0,1.0,14.0,12.0,6.0,4.0,4.0,1.0,0.0,0.0,5.5,4.0,1.55,2022-2023,65.0,66.0,65.0,64.0,28.0,Long ball,,,,,,
B1,2023-04-23,12:30,St Truiden,Antwerp,0,1,A,0.0,0.0,D,10.0,10.0,0.0,4.0,11.0,6.0,6.0,2.0,2.0,0.0,0.0,0.0,4.33,3.5,1.8,2022-2023,68.0,68.0,68.0,66.0,24.0,Fast build up,73.0,76.0,72.0,73.0,27.0,Balanced
B1,2023-04-23,17:30,Anderlecht,Mechelen,2,3,A,1.0,2.0,A,19.0,15.0,9.0,7.0,11.0,12.0,6.0,3.0,0.0,0.0,0.0,0.0,1.36,5.0,7.0,2022-2023,72.0,72.0,72.0,71.0,28.0,Balanced,69.0,70.0,71.0,67.0,28.0,Balanced
B1,2023-04-23,17:30,Charleroi,Genk,2,2,D,1.0,2.0,A,13.0,4.0,6.0,2.0,15.0,13.0,6.0,4.0,3.0,1.0,0.0,0.0,3.6,3.6,1.91,2022-2023,69.0,70.0,70.0,68.0,27.0,Fast build up,73.0,72.0,74.0,72.0,28.0,Balanced
B1,2023-04-23,17:30,Club Brugge,Eupen,7,0,H,4.0,0.0,H,33.0,6.0,13.0,0.0,8.0,15.0,4.0,4.0,0.0,3.0,0.0,0.0,1.3,5.0,9.5,2022-2023,75.0,74.0,76.0,72.0,28.0,Balanced,67.0,70.0,68.0,64.0,28.0,Balanced
B1,2023-04-23,17:30,Gent,Oostende,1,2,A,0.0,0.0,D,19.0,13.0,4.0,6.0,4.0,10.0,3.0,5.0,2.0,3.0,0.0,0.0,1.2,6.0,12.0,2022-2023,,71.0,71.0,73.0,27.0,Slow Build up,68.0,68.0,68.0,66.0,28.0,Long ball
B1,2023-04-23,17:30,Kortrijk,St. Gilloise,2,4,A,2.0,1.0,H,9.0,16.0,5.0,8.0,9.0,14.0,0.0,3.0,1.0,3.0,0.0,0.0,5.25,4.2,1.53,2022-2023,68.0,66.0,68.0,65.0,28.0,Balanced,72.0,71.0,73.0,71.0,25.0,Long ball
B1,2023-04-23,17:30,Oud-Heverlee Leuven,Standard,3,2,H,1.0,0.0,H,12.0,14.0,5.0,5.0,9.0,9.0,6.0,7.0,0.0,2.0,0.0,0.0,2.5,3.6,2.5,2022-2023,69.0,74.0,70.0,68.0,23.0,Long ball,,,,,,
B1,2023-04-23,17:30,Waregem,Cercle Brugge,2,3,A,0.0,2.0,A,11.0,22.0,3.0,8.0,16.0,21.0,3.0,3.0,2.0,4.0,0.0,0.0,3.0,3.6,2.15,2022-2023,68.0,70.0,68.0,66.0,28.0,Balanced,69.0,70.0,69.0,66.0,25.0,Fast build up
B1,2023-07-28,19:45,St. Gilloise,Anderlecht,2,0,H,1.0,0.0,H,10.0,5.0,3.0,2.0,16.0,13.0,3.0,3.0,5.0,3.0,0.0,0.0,2.1,3.3,3.2,2023-2024,72.0,72.0,70.0,72.0,27.0,Balanced,74.0,74.0,73.0,74.0,28.0,Balanced
B1,2023-07-29,15:00,Eupen,Westerlo,2,2,D,1.0,0.0,H,13.0,22.0,6.0,5.0,14.0,7.0,1.0,4.0,1.0,0.0,0.0,0.0,3.4,3.3,2.05,2023-2024,67.0,67.0,67.0,66.0,28.0,Long ball,68.0,67.0,67.0,68.0,28.0,Balanced
B1,2023-07-29,17:15,Charleroi,Oud-Heverlee Leuven,1,1,D,1.0,0.0,H,4.0,19.0,2.0,5.0,7.0,12.0,2.0,6.0,3.0,1.0,1.0,0.0,1.95,3.5,3.5,2023-2024,69.0,72.0,70.0,68.0,28.0,Balanced,68.0,69.0,68.0,69.0,28.0,Balanced
B1,2023-07-29,19:45,RWD Molenbeek,Genk,0,4,A,0.0,3.0,A,10.0,28.0,4.0,10.0,11.0,11.0,2.0,6.0,1.0,0.0,0.0,0.0,3.5,3.6,1.85,2023-2024,67.0,70.0,68.0,65.0,28.0,Balanced,72.0,71.0,72.0,72.0,26.0,Long ball
B1,2023-07-30,12:30,Antwerp,Cercle Brugge,1,0,H,1.0,0.0,H,15.0,8.0,4.0,1.0,15.0,13.0,7.0,7.0,0.0,2.0,0.0,0.0,1.75,3.5,4.2,2023-2024,73.0,74.0,73.0,73.0,27.0,Fast build up,69.0,70.0,70.0,67.0,28.0,Balanced
B1,2023-07-30,15:00,Gent,Kortrijk,3,2,H,2.0,1.0,H,17.0,10.0,4.0,3.0,5.0,9.0,7.0,5.0,1.0,4.0,0.0,0.0,1.33,4.75,8.0,2023-2024,72.0,71.0,72.0,72.0,28.0,Fast build up,67.0,67.0,68.0,66.0,28.0,Balanced
B1,2023-07-30,17:30,Club Brugge,Mechelen,1,1,D,0.0,1.0,A,21.0,9.0,5.0,2.0,8.0,9.0,4.0,3.0,2.0,2.0,1.0,0.0,1.45,4.5,5.25,2023-2024,74.0,73.0,75.0,71.0,27.0,Long ball,69.0,71.0,68.0,68.0,28.0,Balanced
B1,2023-07-30,18:15,St Truiden,Standard,1,0,H,0.0,0.0,D,11.0,7.0,3.0,3.0,13.0,11.0,3.0,2.0,1.0,1.0,0.0,0.0,2.63,3.2,2.63,2023-2024,68.0,70.0,68.0,68.0,27.0,Fast build up,,,,,,
B1,2023-08-04,19:45,Standard,St. Gilloise,0,1,A,0.0,1.0,A,8.0,24.0,3.0,8.0,9.0,12.0,2.0,13.0,4.0,1.0,1.0,0.0,3.75,3.6,1.91,2023-2024,,,,,,,72.0,72.0,70.0,72.0,27.0,Balanced
B1,2023-08-05,15:00,Genk,Eupen,0,1,A,0.0,1.0,A,28.0,5.0,3.0,2.0,11.0,11.0,7.0,2.0,1.0,2.0,0.0,0.0,1.33,5.25,8.5,2023-2024,72.0,71.0,72.0,72.0,26.0,Long ball,67.0,67.0,67.0,66.0,28.0,Long ball
B1,2023-08-05,17:15,Cercle Brugge,Charleroi,2,0,H,2.0,0.0,H,19.0,8.0,3.0,3.0,11.0,13.0,4.0,5.0,0.0,3.0,0.0,0.0,1.85,3.8,4.0,2023-2024,69.0,70.0,70.0,67.0,28.0,Balanced,69.0,72.0,70.0,68.0,28.0,Balanced
B1,2023-08-05,19:45,Oud-Heverlee Leuven,RWD Molenbeek,1,2,A,1.0,1.0,D,18.0,15.0,5.0,4.0,14.0,18.0,15.0,6.0,4.0,1.0,0.0,0.0,1.75,4.0,4.2,2023-2024,68.0,69.0,68.0,69.0,28.0,Balanced,67.0,70.0,68.0,65.0,28.0,Balanced
B1,2023-08-06,12:30,Anderlecht,Antwerp,1,0,H,1.0,0.0,H,9.0,5.0,2.0,3.0,9.0,19.0,3.0,6.0,1.0,1.0,0.0,0.0,2.55,3.4,2.63,2023-2024,74.0,74.0,73.0,74.0,28.0,Balanced,73.0,74.0,73.0,73.0,27.0,Fast build up
B1,2023-08-06,15:00,Mechelen,Gent,0,1,A,0.0,0.0,D,14.0,12.0,2.0,3.0,14.0,14.0,7.0,3.0,2.0,3.0,0.0,0.0,3.8,4.0,1.8,2023-2024,69.0,71.0,68.0,68.0,28.0,Balanced,72.0,71.0,72.0,72.0,28.0,Fast build up
B1,2023-08-06,17:30,Westerlo,Club Brugge,0,1,A,0.0,1.0,A,11.0,20.0,3.0,8.0,7.0,9.0,4.0,5.0,1.0,0.0,0.0,0.0,3.6,3.75,1.95,2023-2024,68.0,67.0,67.0,68.0,28.0,Balanced,74.0,73.0,75.0,71.0,27.0,Long ball
B1,2023-08-06,18:15,Kortrijk,St Truiden,0,1,A,0.0,0.0,D,8.0,14.0,1.0,4.0,10.0,12.0,0.0,14.0,1.0,2.0,0.0,0.0,2.8,3.4,2.45,2023-2024,67.0,67.0,68.0,66.0,28.0,Balanced,68.0,70.0,68.0,68.0,27.0,Fast build up
B1,2023-08-11,19:45,Antwerp,Kortrijk,6,0,H,4.0,0.0,H,25.0,4.0,9.0,1.0,8.0,11.0,4.0,1.0,0.0,2.0,0.0,0.0,1.25,5.25,9.5,2023-2024,73.0,74.0,73.0,73.0,27.0,Fast build up,67.0,67.0,68.0,66.0,28.0,Balanced
B1,2023-08-12,15:00,RWD Molenbeek,Mechelen,1,0,H,0.0,0.0,D,18.0,9.0,8.0,4.0,12.0,11.0,7.0,4.0,3.0,1.0,0.0,0.0,2.15,3.5,2.9,2023-2024,67.0,70.0,68.0,65.0,28.0,Balanced,69.0,71.0,68.0,68.0,28.0,Balanced
B1,2023-08-12,17:15,St. Gilloise,Oud-Heverlee Leuven,5,1,H,2.0,1.0,H,16.0,4.0,9.0,1.0,10.0,15.0,0.0,3.0,1.0,4.0,0.0,0.0,1.5,4.0,5.75,2023-2024,72.0,72.0,70.0,72.0,27.0,Balanced,68.0,69.0,68.0,69.0,28.0,Balanced
B1,2023-08-13,12:30,St Truiden,Anderlecht,0,1,A,0.0,0.0,D,14.0,9.0,5.0,3.0,13.0,15.0,6.0,1.0,4.0,5.0,0.0,1.0,3.2,3.4,2.05,2023-2024,68.0,70.0,68.0,68.0,27.0,Fast build up,74.0,74.0,73.0,74.0,28.0,Balanced
B1,2023-08-13,15:00,Cercle Brugge,Genk,0,1,A,0.0,0.0,D,13.0,10.0,2.0,3.0,8.0,20.0,5.0,3.0,2.0,3.0,0.0,0.0,2.75,3.5,2.25,2023-2024,69.0,70.0,70.0,67.0,28.0,Balanced,72.0,71.0,72.0,72.0,26.0,Long ball
B1,2023-08-13,15:00,Eupen,Club Brugge,0,5,A,0.0,3.0,A,9.0,13.0,1.0,7.0,9.0,13.0,4.0,6.0,0.0,2.0,0.0,0.0,5.25,4.0,1.5,2023-2024,67.0,67.0,67.0,66.0,28.0,Long ball,74.0,73.0,75.0,71.0,27.0,Long ball
B1,2023-08-13,17:30,Charleroi,Standard,1,1,D,0.0,1.0,A,18.0,7.0,3.0,2.0,11.0,12.0,13.0,2.0,3.0,2.0,1.0,1.0,1.95,3.5,3.4,2023-2024,69.0,72.0,70.0,68.0,28.0,Balanced,,,,,,
B1,2023-08-13,18:15,Westerlo,Gent,1,3,A,1.0,1.0,D,14.0,18.0,4.0,9.0,10.0,14.0,4.0,10.0,1.0,1.0,0.0,0.0,3.3,3.4,2.0,2023-2024,68.0,67.0,67.0,68.0,28.0,Balanced,72.0,71.0,72.0,72.0,28.0,Fast build up
B1,2023-08-18,19:45,Oud-Heverlee Leuven,Antwerp,1,1,D,0.0,1.0,A,10.0,13.0,2.0,4.0,16.0,10.0,7.0,7.0,4.0,2.0,1.0,0.0,5.25,4.0,1.62,2023-2024,68.0,69.0,68.0,69.0,28.0,Balanced,73.0,74.0,73.0,73.0,27.0,Fast build up
B1,2023-08-19,15:00,Standard,Cercle Brugge,0,1,A,0.0,0.0,D,7.0,16.0,3.0,4.0,10.0,11.0,3.0,2.0,2.0,2.0,0.0,0.0,2.9,3.4,2.38,2023-2024,,,,,,,69.0,70.0,70.0,67.0,28.0,Balanced
B1,2023-08-19,19:45,Mechelen,St. Gilloise,4,0,H,1.0,0.0,H,10.0,14.0,7.0,1.0,9.0,10.0,4.0,6.0,0.0,2.0,0.0,0.0,4.33,3.75,1.75,2023-2024,69.0,71.0,68.0,68.0,28.0,Balanced,72.0,72.0,70.0,72.0,27.0,Balanced
B1,2023-08-20,12:30,Anderlecht,Westerlo,2,1,H,1.0,0.0,H,24.0,18.0,7.0,3.0,7.0,13.0,6.0,2.0,1.0,3.0,0.0,0.0,1.83,3.75,4.0,2023-2024,74.0,74.0,73.0,74.0,28.0,Balanced,68.0,67.0,67.0,68.0,28.0,Balanced
B1,2023-08-20,15:00,Genk,Charleroi,0,0,D,0.0,0.0,D,23.0,7.0,7.0,3.0,11.0,13.0,11.0,4.0,0.0,0.0,0.0,0.0,1.53,4.2,5.5,2023-2024,72.0,71.0,72.0,72.0,26.0,Long ball,69.0,72.0,70.0,68.0,28.0,Balanced
B1,2023-08-20,15:00,Gent,St Truiden,2,2,D,1.0,2.0,A,19.0,14.0,5.0,3.0,11.0,9.0,7.0,2.0,2.0,2.0,0.0,0.0,1.4,4.75,7.5,2023-2024,72.0,71.0,72.0,72.0,28.0,Fast build up,68.0,70.0,68.0,68.0,27.0,Fast build up
B1,2023-08-20,17:30,Club Brugge,RWD Molenbeek,7,1,H,2.0,1.0,H,23.0,9.0,9.0,3.0,10.0,12.0,8.0,3.0,0.0,1.0,0.0,0.0,1.29,5.75,9.5,2023-2024,74.0,73.0,75.0,71.0,27.0,Long ball,67.0,70.0,68.0,65.0,28.0,Balanced
B1,2023-08-20,18:15,Kortrijk,Eupen,1,3,A,0.0,0.0,D,13.0,15.0,4.0,8.0,15.0,15.0,5.0,9.0,5.0,4.0,1.0,0.0,2.25,3.5,3.0,2023-2024,67.0,67.0,68.0,66.0,28.0,Balanced,67.0,67.0,67.0,66.0,28.0,Long ball
B1,2023-08-26,15:00,Westerlo,Mechelen,2,3,A,2.0,0.0,H,11.0,17.0,4.0,5.0,8.0,9.0,5.0,4.0,0.0,3.0,0.0,0.0,2.2,3.5,3.1,2023-2024,68.0,67.0,67.0,68.0,28.0,Balanced,69.0,71.0,68.0,68.0,28.0,Balanced
B1,2023-08-26,17:15,Eupen,Oud-Heverlee Leuven,3,1,H,1.0,0.0,H,17.0,22.0,4.0,5.0,15.0,9.0,3.0,5.0,1.0,2.0,0.0,0.0,3.0,3.6,2.2,2023-2024,67.0,67.0,67.0,66.0,28.0,Long ball,68.0,69.0,68.0,69.0,28.0,Balanced
B1,2023-08-26,19:45,Kortrijk,Standard,1,1,D,1.0,0.0,H,19.0,23.0,6.0,6.0,7.0,12.0,7.0,10.0,0.0,2.0,0.0,0.0,3.0,3.4,2.3,2023-2024,67.0,67.0,68.0,66.0,28.0,Balanced,,,,,,
B1,2023-08-27,15:00,St Truiden,Cercle Brugge,0,2,A,0.0,0.0,D,20.0,25.0,4.0,8.0,8.0,18.0,8.0,8.0,1.0,1.0,0.0,0.0,3.25,3.3,2.2,2023-2024,68.0,70.0,68.0,68.0,27.0,Fast build up,69.0,70.0,70.0,67.0,28.0,Balanced
B1,2023-08-27,17:30,Anderlecht,Charleroi,2,1,H,1.0,0.0,H,15.0,18.0,8.0,5.0,12.0,16.0,4.0,7.0,0.0,2.0,0.0,0.0,1.75,3.75,4.5,2023-2024,74.0,74.0,73.0,74.0,28.0,Balanced,69.0,72.0,70.0,68.0,28.0,Balanced
B1,2023-09-01,19:45,Oud-Heverlee Leuven,Kortrijk,3,0,H,1.0,0.0,H,20.0,13.0,9.0,7.0,10.0,14.0,4.0,1.0,1.0,3.0,0.0,0.0,1.6,4.5,4.5,2023-2024,68.0,69.0,68.0,69.0,28.0,Balanced,67.0,67.0,68.0,66.0,28.0,Balanced
B1,2023-09-02,15:00,Cercle Brugge,Westerlo,2,1,H,1.0,0.0,H,21.0,7.0,6.0,1.0,16.0,16.0,14.0,1.0,0.0,1.0,0.0,0.0,1.55,4.2,5.5,2023-2024,69.0,70.0,70.0,67.0,28.0,Balanced,68.0,67.0,67.0,68.0,28.0,Balanced
B1,2023-09-02,17:15,Mechelen,Eupen,1,0,H,0.0,0.0,D,22.0,9.0,6.0,1.0,10.0,13.0,6.0,4.0,0.0,1.0,0.0,0.0,1.8,3.8,4.0,2023-2024,69.0,71.0,68.0,68.0,28.0,Balanced,67.0,67.0,67.0,66.0,28.0,Long ball
B1,2023-09-02,19:45,Standard,RWD Molenbeek,1,1,D,1.0,1.0,D,11.0,8.0,4.0,3.0,9.0,22.0,5.0,0.0,1.0,3.0,0.0,0.0,1.95,3.6,3.6,2023-2024,,,,,,,67.0,70.0,68.0,65.0,28.0,Balanced
B1,2023-09-03,12:30,Gent,Club Brugge,2,1,H,1.0,1.0,D,14.0,14.0,4.0,7.0,14.0,12.0,5.0,6.0,2.0,0.0,1.0,0.0,2.4,3.5,2.75,2023-2024,72.0,71.0,72.0,72.0,28.0,Fast build up,74.0,73.0,75.0,71.0,27.0,Long ball
B1,2023-09-03,15:00,St. Gilloise,Antwerp,2,2,D,1.0,2.0,A,24.0,8.0,7.0,5.0,9.0,12.0,8.0,4.0,1.0,2.0,0.0,0.0,2.3,3.4,3.0,2023-2024,72.0,72.0,70.0,72.0,27.0,Balanced,73.0,74.0,73.0,73.0,27.0,Fast build up
B1,2023-09-03,17:30,Genk,Anderlecht,1,1,D,0.0,0.0,D,12.0,8.0,4.0,4.0,6.0,15.0,7.0,7.0,5.0,6.0,1.0,0.0,1.91,3.6,3.8,2023-2024,72.0,71.0,72.0,72.0,26.0,Long ball,74.0,74.0,73.0,74.0,28.0,Balanced
B1,2023-09-03,18:15,Charleroi,St Truiden,1,1,D,0.0,0.0,D,18.0,8.0,5.0,5.0,12.0,6.0,3.0,5.0,2.0,0.0,0.0,1.0,2.25,3.3,3.2,2023-2024,69.0,72.0,70.0,68.0,28.0,Balanced,68.0,70.0,68.0,68.0,27.0,Fast build up
B1,2023-09-15,19:45,Westerlo,Antwerp,0,3,A,0.0,1.0,A,9.0,15.0,2.0,4.0,13.0,9.0,4.0,5.0,3.0,0.0,0.0,0.0,5.5,4.0,1.57,2023-2024,68.0,67.0,67.0,68.0,28.0,Balanced,73.0,74.0,73.0,73.0,27.0,Fast build up
B1,2023-09-16,15:00,RWD Molenbeek,Cercle Brugge,2,1,H,1.0,1.0,D,10.0,15.0,5.0,4.0,18.0,12.0,5.0,4.0,3.0,3.0,0.0,0.0,4.2,3.75,1.8,2023-2024,67.0,70.0,68.0,65.0,28.0,Balanced,69.0,70.0,70.0,67.0,28.0,Balanced
B1,2023-09-16,17:15,St. Gilloise,Genk,0,2,A,0.0,1.0,A,25.0,7.0,4.0,2.0,15.0,15.0,7.0,3.0,1.0,6.0,0.0,0.0,1.91,3.6,3.75,2023-2024,72.0,72.0,70.0,72.0,27.0,Balanced,72.0,71.0,72.0,72.0,26.0,Long ball
B1,2023-09-16,19:45,Club Brugge,Charleroi,4,2,H,2.0,2.0,D,25.0,14.0,10.0,8.0,8.0,6.0,5.0,5.0,2.0,3.0,0.0,0.0,1.4,4.75,6.5,2023-2024,74.0,73.0,75.0,71.0,27.0,Long ball,69.0,72.0,70.0,68.0,28.0,Balanced
B1,2023-09-17,12:30,Eupen,Standard,1,3,A,0.0,2.0,A,13.0,16.0,3.0,6.0,5.0,12.0,6.0,6.0,1.0,4.0,0.0,1.0,3.0,3.4,2.3,2023-2024,67.0,67.0,67.0,66.0,28.0,Long ball,,,,,,
B1,2023-09-17,15:00,Kortrijk,Anderlecht,2,2,D,1.0,1.0,D,9.0,18.0,4.0,6.0,13.0,6.0,3.0,11.0,5.0,1.0,1.0,1.0,4.5,4.0,1.7,2023-2024,67.0,67.0,68.0,66.0,28.0,Balanced,74.0,74.0,73.0,74.0,28.0,Balanced
B1,2023-09-17,17:30,Oud-Heverlee Leuven,Gent,1,1,D,1.0,1.0,D,9.0,22.0,2.0,4.0,7.0,11.0,3.0,16.0,4.0,3.0,0.0,0.0,4.33,3.75,1.75,2023-2024,68.0,69.0,68.0,69.0,28.0,Balanced,72.0,71.0,72.0,72.0,28.0,Fast build up
B1,2023-09-17,18:15,St Truiden,Mechelen,2,0,H,1.0,0.0,H,16.0,13.0,4.0,7.0,8.0,12.0,1.0,7.0,1.0,2.0,0.0,0.0,2.4,3.4,2.88,2023-2024,68.0,70.0,68.0,68.0,27.0,Fast build up,69.0,71.0,68.0,68.0,28.0,Balanced
B1,2023-09-22,19:45,Standard,Westerlo,0,0,D,0.0,0.0,D,14.0,3.0,5.0,2.0,6.0,23.0,5.0,2.0,0.0,3.0,0.0,0.0,1.8,4.0,3.8,2023-2024,,,,,,,68.0,67.0,67.0,68.0,28.0,Balanced
B1,2023-09-23,15:00,Charleroi,Kortrijk,1,0,H,1.0,0.0,H,14.0,13.0,5.0,3.0,16.0,13.0,8.0,7.0,2.0,1.0,0.0,0.0,1.62,4.33,4.75,2023-2024,69.0,72.0,70.0,68.0,28.0,Balanced,67.0,67.0,68.0,66.0,28.0,Balanced
B1,2023-09-23,17:15,Mechelen,Oud-Heverlee Leuven,1,2,A,0.0,2.0,A,16.0,15.0,4.0,8.0,12.0,7.0,6.0,6.0,5.0,3.0,0.0,0.0,1.91,3.75,3.6,2023-2024,69.0,71.0,68.0,68.0,28.0,Balanced,68.0,69.0,68.0,69.0,28.0,Balanced
B1,2023-09-23,19:45,Antwerp,RWD Molenbeek,0,0,D,0.0,0.0,D,14.0,5.0,3.0,1.0,4.0,14.0,9.0,1.0,0.0,1.0,0.0,0.0,1.3,5.0,9.0,2023-2024,73.0,74.0,73.0,73.0,27.0,Fast build up,67.0,70.0,68.0,65.0,28.0,Balanced
B1,2023-09-24,12:30,Genk,St Truiden,3,3,D,0.0,3.0,A,20.0,16.0,7.0,6.0,17.0,11.0,5.0,1.0,2.0,4.0,0.0,0.0,1.55,4.33,5.25,2023-2024,72.0,71.0,72.0,72.0,26.0,Long ball,68.0,70.0,68.0,68.0,27.0,Fast build up
B1,2023-09-24,15:00,Cercle Brugge,St. Gilloise,0,2,A,0.0,1.0,A,6.0,15.0,1.0,7.0,8.0,17.0,3.0,2.0,3.0,3.0,1.0,0.0,2.63,3.6,2.45,2023-2024,69.0,70.0,70.0,67.0,28.0,Balanced,72.0,72.0,70.0,72.0,27.0,Balanced
B1,2023-09-24,17:30,Anderlecht,Club Brugge,1,1,D,1.0,0.0,H,8.0,9.0,1.0,3.0,12.0,11.0,3.0,3.0,1.0,1.0,0.0,0.0,3.1,3.6,2.15,2023-2024,74.0,74.0,73.0,74.0,28.0,Balanced,74.0,73.0,75.0,71.0,27.0,Long ball
B1,2023-09-24,18:15,Gent,Eupen,2,1,H,0.0,1.0,A,13.0,14.0,6.0,3.0,9.0,16.0,3.0,7.0,1.0,4.0,1.0,0.0,1.29,5.5,11.0,2023-2024,72.0,71.0,72.0,72.0,28.0,Fast build up,67.0,67.0,67.0,66.0,28.0,Long ball
B1,2023-09-27,19:45,Antwerp,Gent,0,0,D,0.0,0.0,D,14.0,6.0,4.0,2.0,10.0,4.0,6.0,0.0,3.0,1.0,0.0,0.0,2.1,3.6,3.2,2023-2024,73.0,74.0,73.0,73.0,27.0,Fast build up,72.0,71.0,72.0,72.0,28.0,Fast build up
B1,2023-09-28,17:30,RWD Molenbeek,St. Gilloise,2,3,A,2.0,2.0,D,10.0,16.0,7.0,8.0,8.0,14.0,3.0,8.0,2.0,3.0,0.0,0.0,4.75,3.8,1.7,2023-2024,67.0,70.0,68.0,65.0,28.0,Balanced,72.0,72.0,70.0,72.0,27.0,Balanced
B1,2023-09-28,19:45,Club Brugge,Genk,1,1,D,0.0,1.0,A,18.0,15.0,3.0,5.0,16.0,7.0,10.0,3.0,4.0,1.0,0.0,0.0,1.85,3.6,4.2,2023-2024,74.0,73.0,75.0,71.0,27.0,Long ball,72.0,71.0,72.0,72.0,26.0,Long ball
B1,2023-09-29,19:45,Kortrijk,Cercle Brugge,2,1,H,0.0,0.0,D,10.0,10.0,4.0,2.0,13.0,19.0,3.0,7.0,3.0,1.0,0.0,0.0,5.0,4.0,1.62,2023-2024,67.0,67.0,68.0,66.0,28.0,Balanced,69.0,70.0,70.0,67.0,28.0,Balanced
B1,2023-09-30,15:00,Eupen,Anderlecht,1,3,A,1.0,1.0,D,9.0,20.0,3.0,6.0,11.0,15.0,2.0,4.0,1.0,0.0,0.0,0.0,4.2,4.0,1.73,2023-2024,67.0,67.0,67.0,66.0,28.0,Long ball,74.0,74.0,73.0,74.0,28.0,Balanced
B1,2023-09-30,17:15,Oud-Heverlee Leuven,Standard,1,2,A,0.0,1.0,A,11.0,14.0,5.0,3.0,10.0,11.0,6.0,3.0,2.0,1.0,0.0,0.0,2.3,3.6,2.88,2023-2024,68.0,69.0,68.0,69.0,28.0,Balanced,,,,,,
B1,2023-09-30,19:45,Mechelen,Antwerp,0,0,D,0.0,0.0,D,14.0,22.0,3.0,4.0,3.0,5.0,5.0,13.0,0.0,1.0,0.0,0.0,3.6,4.0,1.85,2023-2024,69.0,71.0,68.0,68.0,28.0,Balanced,73.0,74.0,73.0,73.0,27.0,Fast build up
B1,2023-10-01,12:30,St. Gilloise,Charleroi,3,1,H,3.0,1.0,H,17.0,4.0,7.0,3.0,13.0,13.0,8.0,7.0,1.0,2.0,0.0,0.0,1.55,4.2,5.5,2023-2024,72.0,72.0,70.0,72.0,27.0,Balanced,69.0,72.0,70.0,68.0,28.0,Balanced
B1,2023-10-01,15:00,Genk,Westerlo,3,3,D,2.0,1.0,H,18.0,10.0,6.0,7.0,7.0,12.0,4.0,7.0,2.0,2.0,1.0,0.0,1.44,4.5,7.0,2023-2024,72.0,71.0,72.0,72.0,26.0,Long ball,68.0,67.0,67.0,68.0,28.0,Balanced
B1,2023-10-01,17:30,Club Brugge,St Truiden,1,1,D,0.0,0.0,D,20.0,12.0,7.0,3.0,12.0,8.0,11.0,4.0,3.0,1.0,0.0,0.0,1.36,4.75,8.5,2023-2024,74.0,73.0,75.0,71.0,27.0,Long ball,68.0,70.0,68.0,68.0,27.0,Fast build up
B1,2023-10-01,18:15,RWD Molenbeek,Gent,1,1,D,1.0,1.0,D,9.0,19.0,3.0,9.0,9.0,10.0,4.0,4.0,3.0,1.0,0.0,0.0,4.5,4.0,1.7,2023-2024,67.0,70.0,68.0,65.0,28.0,Balanced,72.0,71.0,72.0,72.0,28.0,Fast build up
B1,2023-10-06,19:45,Charleroi,RWD Molenbeek,2,1,H,0.0,0.0,D,22.0,6.0,7.0,3.0,9.0,7.0,14.0,2.0,1.0,3.0,0.0,1.0,1.91,3.75,3.75,2023-2024,69.0,72.0,70.0,68.0,28.0,Balanced,67.0,70.0,68.0,65.0,28.0,Balanced
B1,2023-10-07,15:00,Cercle Brugge,Oud-Heverlee Leuven,3,2,H,2.0,2.0,D,18.0,13.0,7.0,5.0,9.0,9.0,6.0,6.0,2.0,3.0,0.0,0.0,1.57,4.33,5.0,2023-2024,69.0,70.0,70.0,67.0,28.0,Balanced,68.0,69.0,68.0,69.0,28.0,Balanced
B1,2023-10-07,17:15,Westerlo,Kortrijk,1,0,H,1.0,0.0,H,13.0,13.0,4.0,3.0,15.0,10.0,1.0,10.0,2.0,4.0,0.0,0.0,1.8,4.0,3.8,2023-2024,68.0,67.0,67.0,68.0,28.0,Balanced,67.0,67.0,68.0,66.0,28.0,Balanced
B1,2023-10-07,19:45,Anderlecht,Mechelen,3,1,H,1.0,0.0,H,19.0,13.0,9.0,3.0,14.0,10.0,8.0,1.0,2.0,3.0,0.0,0.0,1.73,4.0,4.2,2023-2024,74.0,74.0,73.0,74.0,28.0,Balanced,69.0,71.0,68.0,68.0,28.0,Balanced
B1,2023-10-08,12:30,Standard,Club Brugge,2,1,H,1.0,0.0,H,7.0,16.0,5.0,7.0,13.0,14.0,1.0,6.0,4.0,1.0,0.0,0.0,4.75,4.0,1.65,2023-2024,,,,,,,74.0,73.0,75.0,71.0,27.0,Long ball
B1,2023-10-08,15:00,Antwerp,Eupen,4,1,H,2.0,1.0,H,27.0,5.0,12.0,2.0,8.0,10.0,8.0,2.0,0.0,2.0,0.0,0.0,1.25,6.5,9.5,2023-2024,73.0,74.0,73.0,73.0,27.0,Fast build up,67.0,67.0,67.0,66.0,28.0,Long ball
B1,2023-10-08,17:30,Gent,Genk,1,1,D,0.0,0.0,D,18.0,20.0,9.0,6.0,9.0,14.0,4.0,9.0,1.0,3.0,0.0,0.0,1.95,3.75,3.5,2023-2024,72.0,71.0,72.0,72.0,28.0,Fast build up,72.0,71.0,72.0,72.0,26.0,Long ball
B1,2023-10-08,18:15,St Truiden,St. Gilloise,0,4,A,0.0,2.0,A,9.0,12.0,1.0,7.0,3.0,15.0,3.0,5.0,1.0,4.0,0.0,0.0,4.0,3.75,1.83,2023-2024,68.0,70.0,68.0,68.0,27.0,Fast build up,72.0,72.0,70.0,72.0,27.0,Balanced
B1,2023-10-20,19:45,St. Gilloise,Eupen,4,1,H,2.0,0.0,H,21.0,6.0,11.0,1.0,14.0,14.0,3.0,1.0,0.0,3.0,0.0,1.0,1.18,6.5,13.0,2023-2024,72.0,72.0,70.0,72.0,27.0,Balanced,67.0,67.0,67.0,66.0,28.0,Long ball
B1,2023-10-21,15:00,Kortrijk,Club Brugge,1,0,H,1.0,0.0,H,6.0,18.0,2.0,4.0,14.0,9.0,1.0,9.0,4.0,2.0,0.0,0.0,7.0,5.0,1.4,2023-2024,67.0,67.0,68.0,66.0,28.0,Balanced,74.0,73.0,75.0,71.0,27.0,Long ball
B1,2023-10-21,17:15,RWD Molenbeek,Westerlo,1,1,D,0.0,0.0,D,12.0,9.0,6.0,5.0,10.0,8.0,7.0,4.0,2.0,2.0,0.0,0.0,2.25,3.5,2.9,2023-2024,67.0,70.0,68.0,65.0,28.0,Balanced,68.0,67.0,67.0,68.0,28.0,Balanced
B1,2023-10-21,19:45,Charleroi,Antwerp,3,2,H,0.0,0.0,D,10.0,11.0,5.0,5.0,6.0,12.0,5.0,2.0,2.0,2.0,0.0,0.0,3.2,3.4,2.15,2023-2024,69.0,72.0,70.0,68.0,28.0,Balanced,73.0,74.0,73.0,73.0,27.0,Fast build up
B1,2023-10-22,12:30,Genk,Mechelen,4,0,H,2.0,0.0,H,19.0,10.0,9.0,3.0,6.0,10.0,4.0,3.0,1.0,2.0,0.0,0.0,1.53,4.2,5.75,2023-2024,72.0,71.0,72.0,72.0,26.0,Long ball,69.0,71.0,68.0,68.0,28.0,Balanced
B1,2023-10-22,15:00,Cercle Brugge,Gent,2,0,H,0.0,0.0,D,16.0,10.0,5.0,4.0,17.0,15.0,6.0,7.0,3.0,2.0,0.0,1.0,2.6,3.5,2.5,2023-2024,69.0,70.0,70.0,67.0,28.0,Balanced,72.0,71.0,72.0,72.0,28.0,Fast build up
B1,2023-10-22,17:30,Standard,Anderlecht,3,2,H,0.0,2.0,A,15.0,13.0,8.0,7.0,12.0,14.0,3.0,8.0,2.0,3.0,0.0,0.0,3.0,3.4,2.25,2023-2024,,,,,,,74.0,74.0,73.0,74.0,28.0,Balanced
B1,2023-10-22,18:15,Oud-Heverlee Leuven,St Truiden,4,0,H,2.0,0.0,H,11.0,18.0,4.0,3.0,9.0,12.0,3.0,7.0,1.0,3.0,0.0,0.0,2.3,3.5,2.88,2023-2024,68.0,69.0,68.0,69.0,28.0,Balanced,68.0,70.0,68.0,68.0,27.0,Fast build up
B1,2023-10-27,19:45,St Truiden,RWD Molenbeek,2,1,H,0.0,0.0,D,9.0,10.0,5.0,3.0,9.0,7.0,4.0,0.0,0.0,0.0,0.0,0.0,1.85,3.6,4.0,2023-2024,68.0,70.0,68.0,68.0,27.0,Fast build up,67.0,70.0,68.0,65.0,28.0,Balanced
B1,2023-10-28,15:00,Mechelen,Cercle Brugge,0,2,A,0.0,0.0,D,11.0,22.0,7.0,4.0,13.0,15.0,8.0,3.0,1.0,3.0,0.0,0.0,3.3,3.6,2.1,2023-2024,69.0,71.0,68.0,68.0,28.0,Balanced,69.0,70.0,70.0,67.0,28.0,Balanced
B1,2023-10-28,17:15,Eupen,Charleroi,2,0,H,1.0,0.0,H,8.0,17.0,5.0,5.0,11.0,13.0,4.0,8.0,3.0,2.0,0.0,0.0,3.3,3.75,2.0,2023-2024,67.0,67.0,67.0,66.0,28.0,Long ball,69.0,72.0,70.0,68.0,28.0,Balanced
B1,2023-10-28,19:45,Anderlecht,Oud-Heverlee Leuven,5,1,H,2.0,1.0,H,18.0,13.0,9.0,7.0,13.0,13.0,5.0,1.0,1.0,1.0,0.0,0.0,1.53,4.33,5.5,2023-2024,74.0,74.0,73.0,74.0,28.0,Balanced,68.0,69.0,68.0,69.0,28.0,Balanced
B1,2023-10-29,12:30,Club Brugge,Antwerp,2,1,H,1.0,0.0,H,11.0,8.0,5.0,2.0,11.0,9.0,3.0,3.0,4.0,1.0,0.0,0.0,1.91,3.6,3.8,2023-2024,74.0,73.0,75.0,71.0,27.0,Long ball,73.0,74.0,73.0,73.0,27.0,Fast build up
B1,2023-10-29,15:00,Westerlo,St. Gilloise,1,3,A,1.0,1.0,D,12.0,22.0,4.0,7.0,11.0,10.0,5.0,8.0,1.0,1.0,0.0,0.0,5.0,4.0,1.62,2023-2024,68.0,67.0,67.0,68.0,28.0,Balanced,72.0,72.0,70.0,72.0,27.0,Balanced
B1,2023-10-29,17:30,Gent,Standard,3,1,H,3.0,0.0,H,18.0,12.0,9.0,7.0,16.0,15.0,4.0,4.0,2.0,2.0,0.0,0.0,1.62,4.33,4.5,2023-2024,72.0,71.0,72.0,72.0,28.0,Fast build up,,,,,,
B1,2023-10-29,18:15,Kortrijk,Genk,0,3,A,0.0,0.0,D,12.0,15.0,3.0,9.0,10.0,16.0,8.0,5.0,3.0,2.0,0.0,0.0,6.0,4.33,1.5,2023-2024,67.0,67.0,68.0,66.0,28.0,Balanced,72.0,71.0,72.0,72.0,26.0,Long ball
B1,2023-11-03,19:45,St Truiden,Eupen,1,1,D,1.0,0.0,H,16.0,5.0,4.0,1.0,10.0,13.0,5.0,1.0,1.0,1.0,0.0,0.0,1.62,4.2,5.0,2023-2024,68.0,70.0,68.0,68.0,27.0,Fast build up,67.0,67.0,67.0,66.0,28.0,Long ball
B1,2023-11-04,15:00,RWD Molenbeek,Kortrijk,1,1,D,1.0,1.0,D,9.0,5.0,5.0,2.0,14.0,7.0,4.0,2.0,3.0,1.0,0.0,0.0,1.91,3.8,3.6,2023-2024,67.0,70.0,68.0,65.0,28.0,Balanced,67.0,67.0,68.0,66.0,28.0,Balanced
B1,2023-11-04,17:15,Oud-Heverlee Leuven,Westerlo,0,2,A,0.0,0.0,D,10.0,10.0,2.0,6.0,11.0,13.0,7.0,7.0,3.0,7.0,0.0,0.0,2.1,3.6,3.25,2023-2024,68.0,69.0,68.0,69.0,28.0,Balanced,68.0,67.0,67.0,68.0,28.0,Balanced
B1,2023-11-04,19:45,Antwerp,Genk,3,2,H,3.0,1.0,H,14.0,17.0,5.0,8.0,13.0,12.0,5.0,5.0,3.0,4.0,0.0,0.0,2.15,3.5,3.2,2023-2024,73.0,74.0,73.0,73.0,27.0,Fast build up,72.0,71.0,72.0,72.0,26.0,Long ball
B1,2023-11-05,12:30,Cercle Brugge,Anderlecht,0,3,A,0.0,2.0,A,16.0,7.0,2.0,5.0,14.0,13.0,7.0,1.0,2.0,3.0,0.0,0.0,2.4,3.5,2.75,2023-2024,69.0,70.0,70.0,67.0,28.0,Balanced,74.0,74.0,73.0,74.0,28.0,Balanced
B1,2023-11-05,15:00,Standard,Mechelen,1,1,D,1.0,0.0,H,10.0,11.0,4.0,4.0,10.0,19.0,10.0,1.0,1.0,4.0,0.0,0.0,1.7,3.8,4.5,2023-2024,,,,,,,69.0,71.0,68.0,68.0,28.0,Balanced
B1,2023-11-05,17:30,St. Gilloise,Club Brugge,2,1,H,1.0,0.0,H,19.0,5.0,6.0,2.0,11.0,6.0,9.0,4.0,3.0,4.0,0.0,0.0,2.25,3.6,3.0,2023-2024,72.0,72.0,70.0,72.0,27.0,Balanced,74.0,73.0,75.0,71.0,27.0,Long ball
B1,2023-11-05,18:15,Charleroi,Gent,1,3,A,0.0,1.0,A,11.0,17.0,3.0,9.0,5.0,4.0,0.0,6.0,3.0,0.0,0.0,0.0,3.4,3.5,2.05,2023-2024,69.0,72.0,70.0,68.0,28.0,Balanced,72.0,71.0,72.0,72.0,28.0,Fast build up
B1,2023-11-10,19:45,Westerlo,St Truiden,3,3,D,2.0,1.0,H,17.0,10.0,4.0,7.0,11.0,13.0,9.0,3.0,3.0,2.0,0.0,0.0,2.6,3.4,2.6,2023-2024,68.0,67.0,67.0,68.0,28.0,Balanced,68.0,70.0,68.0,68.0,27.0,Fast build up
B1,2023-11-11,15:00,Antwerp,Standard,6,0,H,4.0,0.0,H,15.0,2.0,9.0,0.0,13.0,10.0,6.0,2.0,2.0,2.0,0.0,0.0,1.6,4.0,5.0,2023-2024,73.0,74.0,73.0,73.0,27.0,Fast build up,,,,,,
B1,2023-11-11,17:15,Eupen,RWD Molenbeek,1,3,A,1.0,1.0,D,11.0,20.0,4.0,10.0,12.0,14.0,8.0,5.0,1.0,4.0,0.0,0.0,2.63,3.4,2.55,2023-2024,67.0,67.0,67.0,66.0,28.0,Long ball,67.0,70.0,68.0,65.0,28.0,Balanced
B1,2023-11-11,19:45,Mechelen,Charleroi,1,0,H,0.0,0.0,D,19.0,6.0,7.0,3.0,11.0,10.0,8.0,2.0,2.0,1.0,0.0,1.0,2.63,3.4,2.6,2023-2024,69.0,71.0,68.0,68.0,28.0,Balanced,69.0,72.0,70.0,68.0,28.0,Balanced
B1,2023-11-12,12:30,Club Brugge,Cercle Brugge,0,0,D,0.0,0.0,D,14.0,20.0,7.0,3.0,11.0,12.0,10.0,3.0,2.0,5.0,0.0,0.0,1.73,4.0,4.33,2023-2024,74.0,73.0,75.0,71.0,27.0,Long ball,69.0,70.0,70.0,67.0,28.0,Balanced
B1,2023-11-12,15:00,Genk,Oud-Heverlee Leuven,3,1,H,1.0,0.0,H,18.0,6.0,6.0,3.0,14.0,19.0,3.0,2.0,2.0,4.0,0.0,0.0,1.4,4.75,7.0,2023-2024,72.0,71.0,72.0,72.0,26.0,Long ball,68.0,69.0,68.0,69.0,28.0,Balanced
B1,2023-11-12,17:30,Gent,Anderlecht,1,1,D,1.0,1.0,D,10.0,7.0,5.0,2.0,12.0,10.0,8.0,3.0,1.0,2.0,0.0,0.0,2.15,3.6,3.2,2023-2024,72.0,71.0,72.0,72.0,28.0,Fast build up,74.0,74.0,73.0,74.0,28.0,Balanced
B1,2023-11-12,18:15,St. Gilloise,Kortrijk,3,0,H,2.0,0.0,H,18.0,11.0,8.0,1.0,10.0,9.0,6.0,6.0,2.0,1.0,0.0,0.0,1.2,7.0,11.0,2023-2024,72.0,72.0,70.0,72.0,27.0,Balanced,67.0,67.0,68.0,66.0,28.0,Balanced
B1,2023-11-24,19:45,St Truiden,Antwerp,1,1,D,1.0,0.0,H,11.0,12.0,5.0,1.0,8.0,11.0,4.0,7.0,2.0,2.0,0.0,0.0,4.0,3.5,1.85,2023-2024,68.0,70.0,68.0,68.0,27.0,Fast build up,73.0,74.0,73.0,73.0,27.0,Fast build up
B1,2023-11-25,15:00,Cercle Brugge,Eupen,2,0,H,0.0,0.0,D,30.0,6.0,10.0,4.0,12.0,13.0,5.0,3.0,4.0,3.0,0.0,0.0,1.36,5.0,7.0,2023-2024,69.0,70.0,70.0,67.0,28.0,Balanced,67.0,67.0,67.0,66.0,28.0,Long ball
B1,2023-11-25,17:15,Charleroi,Westerlo,3,2,H,0.0,1.0,A,14.0,11.0,4.0,4.0,15.0,11.0,5.0,4.0,3.0,2.0,0.0,0.0,1.8,3.75,4.0,2023-2024,69.0,72.0,70.0,68.0,28.0,Balanced,68.0,67.0,67.0,68.0,28.0,Balanced
B1,2023-11-25,19:45,Standard,Genk,1,0,H,0.0,0.0,D,13.0,11.0,4.0,2.0,20.0,12.0,5.0,5.0,2.0,2.0,0.0,0.0,3.6,3.75,1.91,2023-2024,,,,,,,72.0,71.0,72.0,72.0,26.0,Long ball
B1,2023-11-26,12:30,Gent,St. Gilloise,1,1,D,1.0,0.0,H,11.0,12.0,3.0,4.0,8.0,14.0,5.0,8.0,2.0,3.0,0.0,0.0,2.55,3.4,2.63,2023-2024,72.0,71.0,72.0,72.0,28.0,Fast build up,72.0,72.0,70.0,72.0,27.0,Balanced
B1,2023-11-26,15:00,Oud-Heverlee Leuven,Club Brugge,0,1,A,0.0,1.0,A,10.0,14.0,3.0,6.0,19.0,13.0,7.0,6.0,4.0,2.0,0.0,0.0,4.5,4.0,1.67,2023-2024,68.0,69.0,68.0,69.0,28.0,Balanced,74.0,73.0,75.0,71.0,27.0,Long ball
B1,2023-11-26,17:30,Anderlecht,RWD Molenbeek,2,1,H,0.0,1.0,A,25.0,7.0,8.0,2.0,6.0,12.0,10.0,1.0,1.0,4.0,0.0,1.0,1.4,5.0,7.0,2023-2024,74.0,74.0,73.0,74.0,28.0,Balanced,67.0,70.0,68.0,65.0,28.0,Balanced
B1,2023-11-26,18:15,Kortrijk,Mechelen,0,3,A,0.0,2.0,A,15.0,10.0,3.0,5.0,12.0,12.0,4.0,3.0,2.0,2.0,0.0,0.0,2.9,3.5,2.3,2023-2024,67.0,67.0,68.0,66.0,28.0,Balanced,69.0,71.0,68.0,68.0,28.0,Balanced
B1,2023-12-01,19:45,Westerlo,Anderlecht,1,3,A,0.0,1.0,A,23.0,26.0,7.0,10.0,3.0,11.0,7.0,2.0,0.0,0.0,0.0,0.0,4.75,4.0,1.7,2023-2024,68.0,67.0,67.0,68.0,28.0,Balanced,74.0,74.0,73.0,74.0,28.0,Balanced
B1,2023-12-02,15:00,RWD Molenbeek,Charleroi,0,0,D,0.0,0.0,D,10.0,18.0,4.0,8.0,4.0,8.0,3.0,10.0,0.0,2.0,0.0,0.0,2.75,3.4,2.5,2023-2024,67.0,70.0,68.0,65.0,28.0,Balanced,69.0,72.0,70.0,68.0,28.0,Balanced
B1,2023-12-02,17:15,Eupen,Kortrijk,1,1,D,0.0,0.0,D,14.0,14.0,3.0,3.0,14.0,10.0,7.0,11.0,1.0,1.0,0.0,0.0,2.25,3.3,3.2,2023-2024,67.0,67.0,67.0,66.0,28.0,Long ball,67.0,67.0,68.0,66.0,28.0,Balanced
B1,2023-12-02,19:45,Antwerp,Oud-Heverlee Leuven,1,0,H,1.0,0.0,H,18.0,10.0,5.0,4.0,6.0,9.0,7.0,6.0,0.0,3.0,0.0,0.0,1.36,5.0,8.5,2023-2024,73.0,74.0,73.0,73.0,27.0,Fast build up,68.0,69.0,68.0,69.0,28.0,Balanced
B1,2023-12-03,12:30,Genk,Gent,2,2,D,1.0,1.0,D,13.0,17.0,6.0,6.0,15.0,12.0,1.0,9.0,2.0,2.0,0.0,0.0,2.15,3.5,3.2,2023-2024,72.0,71.0,72.0,72.0,26.0,Long ball,72.0,71.0,72.0,72.0,28.0,Fast build up
B1,2023-12-03,15:00,Mechelen,St Truiden,0,2,A,0.0,2.0,A,6.0,13.0,5.0,5.0,10.0,8.0,1.0,5.0,1.0,2.0,0.0,0.0,2.15,3.3,3.4,2023-2024,69.0,71.0,68.0,68.0,28.0,Balanced,68.0,70.0,68.0,68.0,27.0,Fast build up
B1,2023-12-03,17:30,Club Brugge,Standard,2,0,H,1.0,0.0,H,13.0,7.0,5.0,2.0,13.0,10.0,4.0,3.0,2.0,2.0,0.0,0.0,1.44,4.75,6.5,2023-2024,74.0,73.0,75.0,71.0,27.0,Long ball,,,,,,
B1,2023-12-03,18:15,St. Gilloise,Cercle Brugge,2,1,H,2.0,1.0,H,12.0,13.0,6.0,6.0,13.0,15.0,5.0,4.0,1.0,3.0,0.0,0.0,1.62,4.0,5.0,2023-2024,72.0,72.0,70.0,72.0,27.0,Balanced,69.0,70.0,70.0,67.0,28.0,Balanced
B1,2023-12-08,19:45,Kortrijk,Westerlo,1,2,A,0.0,1.0,A,16.0,8.0,6.0,3.0,8.0,13.0,5.0,1.0,1.0,3.0,0.0,0.0,2.8,3.25,2.5,2023-2024,67.0,67.0,68.0,66.0,28.0,Balanced,68.0,67.0,67.0,68.0,28.0,Balanced
B1,2023-12-09,15:00,Cercle Brugge,Antwerp,1,3,A,0.0,1.0,A,15.0,14.0,2.0,8.0,13.0,6.0,6.0,2.0,4.0,1.0,0.0,0.0,2.7,3.4,2.5,2023-2024,69.0,70.0,70.0,67.0,28.0,Balanced,73.0,74.0,73.0,73.0,27.0,Fast build up
B1,2023-12-09,17:15,St Truiden,Oud-Heverlee Leuven,1,1,D,1.0,1.0,D,26.0,4.0,13.0,3.0,5.0,10.0,15.0,2.0,0.0,2.0,0.0,1.0,1.85,3.75,4.0,2023-2024,68.0,70.0,68.0,68.0,27.0,Fast build up,68.0,69.0,68.0,69.0,28.0,Balanced
B1,2023-12-09,19:45,Gent,RWD Molenbeek,4,0,H,2.0,0.0,H,22.0,3.0,10.0,1.0,11.0,14.0,9.0,1.0,0.0,5.0,0.0,0.0,1.33,5.5,7.0,2023-2024,72.0,71.0,72.0,72.0,28.0,Fast build up,67.0,70.0,68.0,65.0,28.0,Balanced
B1,2023-12-10,12:30,Mechelen,Club Brugge,0,0,D,0.0,0.0,D,9.0,13.0,4.0,2.0,11.0,9.0,2.0,9.0,3.0,5.0,0.0,0.0,4.75,4.33,1.62,2023-2024,69.0,71.0,68.0,68.0,28.0,Balanced,74.0,73.0,75.0,71.0,27.0,Long ball
B1,2023-12-10,15:00,Eupen,Genk,1,3,A,0.0,1.0,A,11.0,18.0,4.0,10.0,12.0,8.0,8.0,8.0,0.0,2.0,0.0,0.0,6.5,5.25,1.4,2023-2024,67.0,67.0,67.0,66.0,28.0,Long ball,72.0,71.0,72.0,72.0,26.0,Long ball
B1,2023-12-10,17:30,Anderlecht,Standard,2,2,D,1.0,1.0,D,12.0,13.0,4.0,4.0,8.0,14.0,1.0,1.0,2.0,3.0,0.0,0.0,1.57,4.0,5.5,2023-2024,74.0,74.0,73.0,74.0,28.0,Balanced,,,,,,
B1,2023-12-10,18:15,Charleroi,St. Gilloise,1,3,A,0.0,1.0,A,9.0,17.0,3.0,9.0,7.0,12.0,6.0,7.0,3.0,2.0,0.0,0.0,5.0,4.0,1.62,2023-2024,69.0,72.0,70.0,68.0,28.0,Balanced,72.0,72.0,70.0,72.0,27.0,Balanced
B1,2023-12-15,19:45,Westerlo,Eupen,2,0,H,0.0,0.0,D,20.0,15.0,4.0,7.0,15.0,8.0,4.0,4.0,3.0,1.0,0.0,0.0,1.73,3.8,4.33,2023-2024,68.0,67.0,67.0,68.0,28.0,Balanced,67.0,67.0,67.0,66.0,28.0,Long ball
B1,2023-12-16,15:00,Oud-Heverlee Leuven,Cercle Brugge,1,2,A,1.0,0.0,H,9.0,12.0,3.0,5.0,12.0,14.0,4.0,6.0,4.0,3.0,0.0,0.0,4.0,4.0,1.8,2023-2024,68.0,69.0,68.0,69.0,28.0,Balanced,69.0,70.0,70.0,67.0,28.0,Balanced
B1,2023-12-16,17:15,RWD Molenbeek,St Truiden,3,0,H,1.0,0.0,H,7.0,12.0,6.0,1.0,14.0,8.0,4.0,4.0,3.0,2.0,0.0,0.0,3.4,3.4,2.15,2023-2024,67.0,70.0,68.0,65.0,28.0,Balanced,68.0,70.0,68.0,68.0,27.0,Fast build up
B1,2023-12-16,19:45,Standard,Charleroi,0,0,D,0.0,0.0,D,6.0,7.0,1.0,2.0,11.0,21.0,4.0,2.0,1.0,1.0,0.0,0.0,2.1,3.4,3.5,2023-2024,,,,,,,69.0,72.0,70.0,68.0,28.0,Balanced
B1,2023-12-17,12:30,Club Brugge,Gent,2,0,H,2.0,0.0,H,13.0,8.0,4.0,2.0,10.0,11.0,4.0,5.0,0.0,0.0,0.0,1.0,1.67,4.0,4.75,2023-2024,74.0,73.0,75.0,71.0,27.0,Long ball,72.0,71.0,72.0,72.0,28.0,Fast build up
B1,2023-12-17,15:00,St. Gilloise,Mechelen,1,0,H,0.0,0.0,D,24.0,15.0,8.0,8.0,14.0,10.0,8.0,5.0,2.0,1.0,0.0,0.0,1.33,5.0,9.0,2023-2024,72.0,72.0,70.0,72.0,27.0,Balanced,69.0,71.0,68.0,68.0,28.0,Balanced
B1,2023-12-17,17:30,Antwerp,Anderlecht,1,1,D,0.0,1.0,A,19.0,10.0,5.0,4.0,9.0,13.0,7.0,2.0,2.0,4.0,0.0,0.0,1.91,3.5,3.8,2023-2024,73.0,74.0,73.0,73.0,27.0,Fast build up,74.0,74.0,73.0,74.0,28.0,Balanced
B1,2023-12-17,18:15,Genk,Kortrijk,4,0,H,1.0,0.0,H,27.0,5.0,9.0,1.0,7.0,12.0,7.0,2.0,0.0,2.0,0.0,0.0,1.22,6.5,10.0,2023-2024,72.0,71.0,72.0,72.0,26.0,Long ball,67.0,67.0,68.0,66.0,28.0,Balanced
B1,2023-12-20,17:30,Cercle Brugge,Kortrijk,3,0,H,1.0,0.0,H,24.0,6.0,13.0,1.0,8.0,14.0,7.0,5.0,2.0,3.0,0.0,0.0,1.36,5.0,8.0,2023-2024,69.0,70.0,70.0,67.0,28.0,Balanced,67.0,67.0,68.0,66.0,28.0,Balanced
B1,2023-12-20,19:45,Mechelen,Standard,3,0,H,1.0,0.0,H,28.0,14.0,8.0,3.0,8.0,8.0,5.0,3.0,2.0,0.0,0.0,1.0,2.45,3.3,2.8,2023-2024,69.0,71.0,68.0,68.0,28.0,Balanced,,,,,,
B1,2023-12-21,19:45,Gent,Oud-Heverlee Leuven,4,0,H,1.0,0.0,H,21.0,9.0,6.0,2.0,6.0,12.0,8.0,3.0,0.0,1.0,0.0,0.0,1.3,5.5,9.0,2023-2024,72.0,71.0,72.0,72.0,28.0,Fast build up,68.0,69.0,68.0,69.0,28.0,Balanced
B1,2023-12-22,19:45,RWD Molenbeek,Club Brugge,1,6,A,0.0,3.0,A,10.0,15.0,3.0,10.0,9.0,8.0,2.0,8.0,1.0,2.0,0.0,0.0,7.5,5.0,1.36,2023-2024,67.0,70.0,68.0,65.0,28.0,Balanced,74.0,73.0,75.0,71.0,27.0,Long ball
B1,2023-12-23,15:00,Eupen,St. Gilloise,1,2,A,0.0,2.0,A,1.0,20.0,1.0,8.0,15.0,8.0,3.0,14.0,5.0,1.0,0.0,0.0,11.0,5.75,1.25,2023-2024,67.0,67.0,67.0,66.0,28.0,Long ball,72.0,72.0,70.0,72.0,27.0,Balanced
B1,2023-12-23,17:15,Antwerp,Westerlo,2,2,D,1.0,0.0,H,15.0,12.0,6.0,6.0,5.0,7.0,8.0,2.0,2.0,1.0,0.0,0.0,1.33,5.25,8.0,2023-2024,73.0,74.0,73.0,73.0,27.0,Fast build up,68.0,67.0,67.0,68.0,28.0,Balanced
B1,2023-12-23,17:15,St Truiden,Charleroi,1,0,H,0.0,0.0,D,16.0,4.0,7.0,0.0,4.0,17.0,6.0,3.0,0.0,0.0,0.0,0.0,2.15,3.4,3.3,2023-2024,68.0,70.0,68.0,68.0,27.0,Fast build up,69.0,72.0,70.0,68.0,28.0,Balanced
B1,2023-12-23,19:45,Anderlecht,Genk,2,1,H,0.0,0.0,D,9.0,20.0,3.0,7.0,7.0,15.0,1.0,8.0,1.0,2.0,0.0,0.0,2.25,3.5,3.1,2023-2024,74.0,74.0,73.0,74.0,28.0,Balanced,72.0,71.0,72.0,72.0,26.0,Long ball
B1,2023-12-26,12:30,Genk,Antwerp,3,0,H,1.0,0.0,H,16.0,3.0,8.0,1.0,8.0,9.0,3.0,3.0,1.0,3.0,0.0,0.0,2.1,3.5,3.4,2023-2024,72.0,71.0,72.0,72.0,26.0,Long ball,73.0,74.0,73.0,73.0,27.0,Fast build up
B1,2023-12-26,15:00,Kortrijk,Gent,0,2,A,0.0,1.0,A,7.0,20.0,3.0,9.0,9.0,10.0,4.0,5.0,1.0,1.0,0.0,0.0,7.5,5.0,1.36,2023-2024,67.0,67.0,68.0,66.0,28.0,Balanced,72.0,71.0,72.0,72.0,28.0,Fast build up
B1,2023-12-26,15:00,Oud-Heverlee Leuven,Eupen,3,0,H,2.0,0.0,H,18.0,14.0,7.0,6.0,6.0,15.0,7.0,3.0,2.0,2.0,0.0,0.0,1.8,4.0,3.8,2023-2024,68.0,69.0,68.0,69.0,28.0,Balanced,67.0,67.0,67.0,66.0,28.0,Long ball
B1,2023-12-26,17:30,Westerlo,RWD Molenbeek,3,0,H,1.0,0.0,H,13.0,11.0,3.0,4.0,7.0,12.0,6.0,0.0,0.0,0.0,0.0,1.0,1.85,3.6,4.0,2023-2024,68.0,67.0,67.0,68.0,28.0,Balanced,67.0,70.0,68.0,65.0,28.0,Balanced
B1,2023-12-26,19:45,Club Brugge,St. Gilloise,1,1,D,0.0,1.0,A,9.0,7.0,2.0,3.0,15.0,14.0,6.0,0.0,1.0,5.0,0.0,1.0,2.3,3.25,3.2,2023-2024,74.0,73.0,75.0,71.0,27.0,Long ball,72.0,72.0,70.0,72.0,27.0,Balanced
B1,2023-12-27,17:30,Standard,St Truiden,1,1,D,0.0,0.0,D,11.0,18.0,2.0,8.0,14.0,14.0,4.0,4.0,1.0,3.0,0.0,0.0,2.38,3.1,3.2,2023-2024,,,,,,,68.0,70.0,68.0,68.0,27.0,Fast build up
B1,2023-12-27,19:45,Anderlecht,Cercle Brugge,2,0,H,1.0,0.0,H,7.0,19.0,4.0,7.0,9.0,13.0,2.0,12.0,1.0,1.0,0.0,0.0,1.8,3.8,4.0,2023-2024,74.0,74.0,73.0,74.0,28.0,Balanced,69.0,70.0,70.0,67.0,28.0,Balanced
B1,2023-12-27,19:45,Charleroi,Mechelen,3,1,H,2.0,0.0,H,16.0,11.0,6.0,5.0,10.0,9.0,5.0,7.0,2.0,1.0,0.0,0.0,2.1,3.3,3.5,2023-2024,69.0,72.0,70.0,68.0,28.0,Balanced,69.0,71.0,68.0,68.0,28.0,Balanced
B1,2024-01-19,19:45,Gent,Mechelen,1,2,A,0.0,1.0,A,23.0,9.0,7.0,2.0,4.0,15.0,8.0,4.0,2.0,4.0,0.0,0.0,1.55,4.0,5.75,2023-2024,72.0,71.0,72.0,72.0,28.0,Fast build up,69.0,71.0,68.0,68.0,28.0,Balanced
B1,2024-01-20,15:00,Genk,Cercle Brugge,1,1,D,0.0,1.0,A,12.0,19.0,3.0,6.0,15.0,15.0,4.0,5.0,2.0,2.0,0.0,0.0,1.8,3.75,4.33,2023-2024,72.0,71.0,72.0,72.0,26.0,Long ball,69.0,70.0,70.0,67.0,28.0,Balanced
B1,2024-01-20,17:15,Standard,Kortrijk,0,1,A,0.0,1.0,A,20.0,5.0,4.0,2.0,7.0,13.0,7.0,4.0,0.0,1.0,0.0,0.0,1.57,3.8,6.0,2023-2024,,,,,,,67.0,67.0,68.0,66.0,28.0,Balanced
B1,2024-01-20,19:45,Club Brugge,Westerlo,3,0,H,1.0,0.0,H,14.0,2.0,9.0,0.0,4.0,12.0,3.0,0.0,0.0,3.0,0.0,1.0,1.29,5.25,10.0,2023-2024,74.0,73.0,75.0,71.0,27.0,Long ball,68.0,67.0,67.0,68.0,28.0,Balanced
B1,2024-01-21,12:30,Antwerp,Charleroi,4,1,H,2.0,0.0,H,20.0,8.0,8.0,5.0,7.0,12.0,5.0,6.0,1.0,2.0,0.0,0.0,1.73,3.75,4.75,2023-2024,73.0,74.0,73.0,73.0,27.0,Fast build up,69.0,72.0,70.0,68.0,28.0,Balanced
B1,2024-01-21,15:00,St. Gilloise,St Truiden,2,1,H,1.0,1.0,D,16.0,5.0,5.0,2.0,5.0,9.0,7.0,1.0,2.0,5.0,0.0,0.0,1.33,5.25,8.5,2023-2024,72.0,72.0,70.0,72.0,27.0,Balanced,68.0,70.0,68.0,68.0,27.0,Fast build up
B1,2024-01-21,17:30,Oud-Heverlee Leuven,Anderlecht,1,1,D,1.0,0.0,H,8.0,12.0,4.0,4.0,8.0,10.0,5.0,3.0,2.0,2.0,0.0,0.0,4.75,3.6,1.7,2023-2024,68.0,69.0,68.0,69.0,28.0,Balanced,74.0,74.0,73.0,74.0,28.0,Balanced
B1,2024-01-24,14:00,RWD Molenbeek,Eupen,0,1,A,0.0,0.0,D,8.0,11.0,3.0,6.0,13.0,14.0,1.0,4.0,2.0,3.0,0.0,0.0,1.91,3.5,4.0,2023-2024,67.0,70.0,68.0,65.0,28.0,Balanced,67.0,67.0,67.0,66.0,28.0,Long ball
B1,2024-01-26,19:45,Cercle Brugge,Standard,1,1,D,0.0,0.0,D,26.0,11.0,7.0,2.0,8.0,13.0,5.0,4.0,2.0,1.0,0.0,0.0,1.53,4.2,5.75,2023-2024,69.0,70.0,70.0,67.0,28.0,Balanced,,,,,,
B1,2024-01-27,15:00,Kortrijk,Oud-Heverlee Leuven,0,0,D,0.0,0.0,D,13.0,8.0,3.0,2.0,7.0,16.0,6.0,5.0,3.0,1.0,0.0,0.0,2.75,3.5,2.38,2023-2024,67.0,67.0,68.0,66.0,28.0,Balanced,68.0,69.0,68.0,69.0,28.0,Balanced
B1,2024-01-27,19:45,Charleroi,Club Brugge,1,4,A,0.0,3.0,A,14.0,17.0,6.0,7.0,10.0,11.0,3.0,5.0,0.0,1.0,0.0,0.0,5.5,4.2,1.5,2023-2024,69.0,72.0,70.0,68.0,28.0,Balanced,74.0,73.0,75.0,71.0,27.0,Long ball
B1,2024-01-27,19:45,Gent,Westerlo,2,2,D,1.0,1.0,D,14.0,11.0,5.0,6.0,16.0,19.0,5.0,3.0,3.0,7.0,0.0,0.0,1.36,5.0,6.5,2023-2024,72.0,71.0,72.0,72.0,28.0,Fast build up,68.0,67.0,67.0,68.0,28.0,Balanced
B1,2024-01-28,12:30,St Truiden,Genk,1,1,D,0.0,1.0,A,12.0,10.0,4.0,3.0,13.0,14.0,5.0,7.0,2.0,4.0,0.0,2.0,3.75,3.5,1.95,2023-2024,68.0,70.0,68.0,68.0,27.0,Fast build up,72.0,71.0,72.0,72.0,26.0,Long ball
B1,2024-01-28,15:00,Eupen,Antwerp,1,0,H,1.0,0.0,H,9.0,15.0,3.0,2.0,16.0,8.0,3.0,6.0,4.0,2.0,0.0,0.0,7.5,4.75,1.36,2023-2024,67.0,67.0,67.0,66.0,28.0,Long ball,73.0,74.0,73.0,73.0,27.0,Fast build up
B1,2024-01-28,17:30,Anderlecht,St. Gilloise,2,2,D,1.0,2.0,A,11.0,14.0,2.0,8.0,15.0,13.0,7.0,6.0,3.0,2.0,0.0,0.0,3.1,3.5,2.1,2023-2024,74.0,74.0,73.0,74.0,28.0,Balanced,72.0,72.0,70.0,72.0,27.0,Balanced
B1,2024-01-28,18:15,Mechelen,RWD Molenbeek,3,1,H,0.0,0.0,D,24.0,6.0,8.0,3.0,9.0,12.0,14.0,0.0,0.0,2.0,0.0,1.0,1.67,3.75,5.0,2023-2024,69.0,71.0,68.0,68.0,28.0,Balanced,67.0,70.0,68.0,65.0,28.0,Balanced
B1,2024-01-30,19:30,Club Brugge,Kortrijk,3,3,D,1.0,0.0,H,31.0,7.0,10.0,5.0,7.0,10.0,11.0,0.0,1.0,2.0,0.0,0.0,1.13,8.5,17.0,2023-2024,74.0,73.0,75.0,71.0,27.0,Long ball,67.0,67.0,68.0,66.0,28.0,Balanced
B1,2024-01-30,19:30,Westerlo,Cercle Brugge,4,2,H,4.0,1.0,H,9.0,14.0,5.0,3.0,10.0,25.0,2.0,6.0,3.0,5.0,1.0,0.0,4.0,3.75,1.8,2023-2024,68.0,67.0,67.0,68.0,28.0,Balanced,69.0,70.0,70.0,67.0,28.0,Balanced
B1,2024-01-31,17:45,Charleroi,Eupen,1,0,H,0.0,0.0,D,12.0,7.0,3.0,2.0,12.0,12.0,2.0,10.0,1.0,0.0,0.0,0.0,1.62,4.0,5.0,2023-2024,69.0,72.0,70.0,68.0,28.0,Balanced,67.0,67.0,67.0,66.0,28.0,Long ball
B1,2024-01-31,17:45,Oud-Heverlee Leuven,Genk,2,1,H,0.0,0.0,D,12.0,15.0,4.0,2.0,15.0,21.0,2.0,4.0,2.0,5.0,0.0,0.0,4.5,4.0,1.67,2023-2024,68.0,69.0,68.0,69.0,28.0,Balanced,72.0,71.0,72.0,72.0,26.0,Long ball
B1,2024-01-31,20:00,St. Gilloise,RWD Molenbeek,3,2,H,2.0,0.0,H,11.0,8.0,5.0,2.0,11.0,15.0,3.0,2.0,2.0,2.0,0.0,0.0,1.2,7.0,12.0,2023-2024,72.0,72.0,70.0,72.0,27.0,Balanced,67.0,70.0,68.0,65.0,28.0,Balanced
B1,2024-01-31,20:00,Standard,Antwerp,0,1,A,0.0,0.0,D,15.0,4.0,4.0,2.0,11.0,14.0,4.0,2.0,1.0,3.0,0.0,1.0,4.0,3.6,1.85,2023-2024,,,,,,,73.0,74.0,73.0,73.0,27.0,Fast build up
B1,2024-02-01,19:30,Mechelen,Anderlecht,2,2,D,0.0,1.0,A,14.0,16.0,7.0,4.0,10.0,9.0,5.0,4.0,2.0,1.0,0.0,0.0,3.25,3.5,2.15,2023-2024,69.0,71.0,68.0,68.0,28.0,Balanced,74.0,74.0,73.0,74.0,28.0,Balanced
B1,2024-02-01,19:30,St Truiden,Gent,4,1,H,0.0,1.0,A,23.0,4.0,12.0,1.0,6.0,6.0,9.0,1.0,2.0,0.0,0.0,1.0,3.6,3.6,1.95,2023-2024,68.0,70.0,68.0,68.0,27.0,Fast build up,72.0,71.0,72.0,72.0,28.0,Fast build up
B1,2024-02-03,15:00,RWD Molenbeek,Standard,2,2,D,1.0,1.0,D,12.0,13.0,4.0,4.0,15.0,12.0,4.0,3.0,1.0,4.0,0.0,0.0,3.0,3.3,2.3,2023-2024,67.0,70.0,68.0,65.0,28.0,Balanced,,,,,,
B1,2024-02-03,17:15,Kortrijk,Charleroi,1,0,H,1.0,0.0,H,11.0,7.0,4.0,1.0,10.0,20.0,5.0,4.0,1.0,1.0,0.0,0.0,3.2,3.5,2.1,2023-2024,67.0,67.0,68.0,66.0,28.0,Balanced,69.0,72.0,70.0,68.0,28.0,Balanced
B1,2024-02-03,17:15,Westerlo,Oud-Heverlee Leuven,0,3,A,0.0,2.0,A,11.0,9.0,7.0,6.0,8.0,12.0,15.0,5.0,0.0,2.0,0.0,0.0,2.0,3.6,3.4,2023-2024,68.0,67.0,67.0,68.0,28.0,Balanced,68.0,69.0,68.0,69.0,28.0,Balanced
B1,2024-02-03,19:45,Genk,St. Gilloise,0,1,A,0.0,0.0,D,10.0,12.0,3.0,4.0,18.0,13.0,8.0,3.0,1.0,4.0,0.0,0.0,2.8,3.4,2.38,2023-2024,72.0,71.0,72.0,72.0,26.0,Long ball,72.0,72.0,70.0,72.0,27.0,Balanced
B1,2024-02-04,12:30,Antwerp,Club Brugge,2,1,H,0.0,0.0,D,11.0,13.0,3.0,4.0,9.0,18.0,5.0,9.0,2.0,4.0,0.0,1.0,3.6,3.5,1.91,2023-2024,73.0,74.0,73.0,73.0,27.0,Fast build up,74.0,73.0,75.0,71.0,27.0,Long ball
B1,2024-02-04,15:00,Eupen,Mechelen,0,1,A,0.0,0.0,D,18.0,4.0,5.0,1.0,17.0,8.0,8.0,4.0,1.0,0.0,1.0,0.0,3.0,3.4,2.25,2023-2024,67.0,67.0,67.0,66.0,28.0,Long ball,69.0,71.0,68.0,68.0,28.0,Balanced
B1,2024-02-04,17:30,Anderlecht,Gent,1,0,H,1.0,0.0,H,11.0,13.0,3.0,4.0,6.0,12.0,5.0,5.0,1.0,4.0,0.0,0.0,2.2,3.5,3.0,2023-2024,74.0,74.0,73.0,74.0,28.0,Balanced,72.0,71.0,72.0,72.0,28.0,Fast build up
B1,2024-02-04,18:15,Cercle Brugge,St Truiden,4,1,H,2.0,0.0,H,17.0,6.0,6.0,3.0,17.0,8.0,6.0,8.0,2.0,2.0,0.0,0.0,1.85,3.6,3.8,2023-2024,69.0,70.0,70.0,67.0,28.0,Balanced,68.0,70.0,68.0,68.0,27.0,Fast build up
B1,2024-02-09,19:45,St Truiden,Kortrijk,1,0,H,1.0,0.0,H,15.0,10.0,3.0,2.0,8.0,11.0,5.0,3.0,0.0,2.0,0.0,0.0,1.5,4.33,6.0,2023-2024,68.0,70.0,68.0,68.0,27.0,Fast build up,67.0,67.0,68.0,66.0,28.0,Balanced
B1,2024-02-10,15:00,Standard,Oud-Heverlee Leuven,1,0,H,1.0,0.0,H,11.0,8.0,5.0,2.0,10.0,18.0,7.0,9.0,3.0,3.0,0.0,0.0,1.91,3.6,3.75,2023-2024,,,,,,,68.0,69.0,68.0,69.0,28.0,Balanced
B1,2024-02-10,17:15,St. Gilloise,Westerlo,2,2,D,1.0,1.0,D,17.0,9.0,3.0,4.0,14.0,8.0,4.0,4.0,4.0,2.0,0.0,0.0,1.29,6.0,9.0,2023-2024,72.0,72.0,70.0,72.0,27.0,Balanced,68.0,67.0,67.0,68.0,28.0,Balanced
B1,2024-02-10,19:45,Club Brugge,Eupen,4,0,H,2.0,0.0,H,21.0,4.0,6.0,1.0,8.0,11.0,7.0,4.0,0.0,2.0,0.0,0.0,1.22,7.0,9.5,2023-2024,74.0,73.0,75.0,71.0,27.0,Long ball,67.0,67.0,67.0,66.0,28.0,Long ball
B1,2024-02-11,12:30,RWD Molenbeek,Antwerp,0,4,A,0.0,3.0,A,2.0,13.0,1.0,9.0,15.0,11.0,5.0,3.0,3.0,0.0,1.0,0.0,5.0,4.2,1.62,2023-2024,67.0,70.0,68.0,65.0,28.0,Balanced,73.0,74.0,73.0,73.0,27.0,Fast build up
B1,2024-02-11,15:00,Mechelen,Genk,1,1,D,1.0,1.0,D,11.0,14.0,2.0,1.0,10.0,12.0,5.0,3.0,1.0,2.0,0.0,0.0,3.75,3.6,1.91,2023-2024,69.0,71.0,68.0,68.0,28.0,Balanced,72.0,71.0,72.0,72.0,26.0,Long ball
B1,2024-02-11,17:30,Charleroi,Anderlecht,1,3,A,1.0,2.0,A,16.0,8.0,6.0,4.0,11.0,7.0,5.0,2.0,0.0,0.0,0.0,0.0,3.75,3.4,2.0,2023-2024,69.0,72.0,70.0,68.0,28.0,Balanced,74.0,74.0,73.0,74.0,28.0,Balanced
B1,2024-02-11,18:15,Gent,Cercle Brugge,1,2,A,0.0,1.0,A,20.0,11.0,10.0,2.0,11.0,11.0,12.0,3.0,1.0,3.0,0.0,1.0,2.05,3.75,3.25,2023-2024,72.0,71.0,72.0,72.0,28.0,Fast build up,69.0,70.0,70.0,67.0,28.0,Balanced
B1,2024-02-16,19:45,Westerlo,Standard,2,1,H,1.0,1.0,D,13.0,12.0,5.0,2.0,14.0,10.0,3.0,5.0,1.0,1.0,0.0,0.0,2.38,3.3,3.0,2023-2024,68.0,67.0,67.0,68.0,28.0,Balanced,,,,,,
B1,2024-02-17,15:00,Genk,RWD Molenbeek,3,1,H,2.0,1.0,H,21.0,11.0,9.0,5.0,9.0,12.0,6.0,8.0,1.0,2.0,0.0,0.0,1.29,6.0,9.5,2023-2024,72.0,71.0,72.0,72.0,26.0,Long ball,67.0,70.0,68.0,65.0,28.0,Balanced
B1,2024-02-17,17:15,Oud-Heverlee Leuven,Charleroi,0,0,D,0.0,0.0,D,17.0,6.0,0.0,0.0,17.0,15.0,13.0,1.0,2.0,5.0,0.0,1.0,2.4,3.4,2.88,2023-2024,68.0,69.0,68.0,69.0,28.0,Balanced,69.0,72.0,70.0,68.0,28.0,Balanced
B1,2024-02-17,19:45,Antwerp,Mechelen,0,1,A,0.0,0.0,D,15.0,6.0,3.0,4.0,9.0,12.0,6.0,2.0,2.0,2.0,0.0,0.0,1.57,4.0,5.75,2023-2024,73.0,74.0,73.0,73.0,27.0,Fast build up,69.0,71.0,68.0,68.0,28.0,Balanced
B1,2024-02-18,12:30,Cercle Brugge,Club Brugge,1,1,D,0.0,0.0,D,7.0,13.0,4.0,3.0,14.0,11.0,0.0,4.0,0.0,4.0,0.0,1.0,3.4,3.75,2.05,2023-2024,69.0,70.0,70.0,67.0,28.0,Balanced,74.0,73.0,75.0,71.0,27.0,Long ball
B1,2024-02-18,15:00,Kortrijk,St. Gilloise,1,3,A,0.0,2.0,A,6.0,18.0,2.0,9.0,11.0,15.0,5.0,6.0,4.0,1.0,0.0,0.0,7.5,5.25,1.36,2023-2024,67.0,67.0,68.0,66.0,28.0,Balanced,72.0,72.0,70.0,72.0,27.0,Balanced
B1,2024-02-18,17:30,Anderlecht,St Truiden,4,1,H,0.0,1.0,A,17.0,12.0,8.0,4.0,9.0,11.0,2.0,2.0,1.0,1.0,0.0,0.0,1.62,3.75,5.75,2023-2024,74.0,74.0,73.0,74.0,28.0,Balanced,68.0,70.0,68.0,68.0,27.0,Fast build up
B1,2024-02-18,18:15,Eupen,Gent,0,2,A,0.0,1.0,A,4.0,8.0,3.0,4.0,18.0,14.0,4.0,3.0,3.0,1.0,0.0,0.0,5.0,4.0,1.67,2023-2024,67.0,67.0,67.0,66.0,28.0,Long ball,72.0,71.0,72.0,72.0,28.0,Fast build up
B1,2024-02-23,19:45,Charleroi,Genk,0,1,A,0.0,0.0,D,6.0,19.0,4.0,7.0,14.0,13.0,3.0,6.0,2.0,2.0,0.0,0.0,3.6,3.5,2.05,2023-2024,69.0,72.0,70.0,68.0,28.0,Balanced,72.0,71.0,72.0,72.0,26.0,Long ball
B1,2024-02-24,15:00,RWD Molenbeek,Oud-Heverlee Leuven,1,1,D,1.0,1.0,D,10.0,9.0,3.0,3.0,10.0,9.0,5.0,6.0,0.0,3.0,0.0,0.0,2.75,3.4,2.45,2023-2024,67.0,70.0,68.0,65.0,28.0,Balanced,68.0,69.0,68.0,69.0,28.0,Balanced
B1,2024-02-24,17:15,St Truiden,Westerlo,1,0,H,1.0,0.0,H,15.0,12.0,3.0,3.0,9.0,11.0,8.0,2.0,1.0,1.0,0.0,0.0,2.05,3.3,3.75,2023-2024,68.0,70.0,68.0,68.0,27.0,Fast build up,68.0,67.0,67.0,68.0,28.0,Balanced
B1,2024-02-24,19:45,Mechelen,Kortrijk,3,0,H,1.0,0.0,H,9.0,11.0,4.0,1.0,2.0,8.0,4.0,4.0,0.0,0.0,0.0,0.0,1.65,3.8,5.0,2023-2024,69.0,71.0,68.0,68.0,28.0,Balanced,67.0,67.0,68.0,66.0,28.0,Balanced
B1,2024-02-25,12:30,Club Brugge,Anderlecht,1,2,A,1.0,0.0,H,16.0,11.0,6.0,6.0,14.0,16.0,5.0,3.0,0.0,4.0,0.0,0.0,1.67,3.75,5.0,2023-2024,74.0,73.0,75.0,71.0,27.0,Long ball,74.0,74.0,73.0,74.0,28.0,Balanced
B1,2024-02-25,15:00,Gent,Antwerp,2,2,D,2.0,1.0,H,13.0,8.0,5.0,5.0,13.0,8.0,7.0,4.0,1.0,2.0,0.0,0.0,2.45,3.25,2.88,2023-2024,72.0,71.0,72.0,72.0,28.0,Fast build up,73.0,74.0,73.0,73.0,27.0,Fast build up
B1,2024-02-25,17:30,St. Gilloise,Standard,2,1,H,2.0,0.0,H,12.0,8.0,7.0,4.0,9.0,17.0,5.0,4.0,1.0,3.0,0.0,0.0,1.36,4.75,8.0,2023-2024,72.0,72.0,70.0,72.0,27.0,Balanced,,,,,,
B1,2024-02-25,18:15,Eupen,Cercle Brugge,0,2,A,0.0,0.0,D,12.0,17.0,1.0,8.0,10.0,12.0,5.0,4.0,2.0,3.0,0.0,0.0,4.75,3.75,1.7,2023-2024,67.0,67.0,67.0,66.0,28.0,Long ball,69.0,70.0,70.0,67.0,28.0,Balanced
B1,2024-03-01,19:45,Westerlo,Charleroi,0,1,A,0.0,0.0,D,15.0,7.0,3.0,1.0,11.0,12.0,5.0,1.0,1.0,4.0,0.0,0.0,1.85,3.4,4.2,2023-2024,68.0,67.0,67.0,68.0,28.0,Balanced,69.0,72.0,70.0,68.0,28.0,Balanced
B1,2024-03-02,15:00,Cercle Brugge,Mechelen,2,3,A,2.0,2.0,D,12.0,15.0,5.0,6.0,9.0,9.0,7.0,6.0,1.0,2.0,0.0,0.0,1.91,3.6,4.0,2023-2024,69.0,70.0,70.0,67.0,28.0,Balanced,69.0,71.0,68.0,68.0,28.0,Balanced
B1,2024-03-02,17:15,Oud-Heverlee Leuven,St. Gilloise,0,2,A,0.0,1.0,A,9.0,9.0,2.0,2.0,10.0,11.0,4.0,6.0,3.0,3.0,0.0,0.0,6.5,4.33,1.5,2023-2024,68.0,69.0,68.0,69.0,28.0,Balanced,72.0,72.0,70.0,72.0,27.0,Balanced
B1,2024-03-02,19:45,Standard,Gent,4,2,H,1.0,1.0,D,19.0,11.0,7.0,7.0,13.0,10.0,9.0,5.0,3.0,1.0,0.0,1.0,3.1,3.4,2.2,2023-2024,,,,,,,72.0,71.0,72.0,72.0,28.0,Fast build up
B1,2024-03-03,12:30,Genk,Club Brugge,0,3,A,0.0,1.0,A,10.0,12.0,5.0,5.0,13.0,8.0,4.0,6.0,2.0,2.0,0.0,0.0,3.0,3.6,2.2,2023-2024,72.0,71.0,72.0,72.0,26.0,Long ball,74.0,73.0,75.0,71.0,27.0,Long ball
B1,2024-03-03,15:00,Antwerp,St Truiden,3,0,H,0.0,0.0,D,19.0,4.0,11.0,0.0,13.0,15.0,11.0,3.0,0.0,0.0,0.0,0.0,1.62,4.0,4.75,2023-2024,73.0,74.0,73.0,73.0,27.0,Fast build up,68.0,70.0,68.0,68.0,27.0,Fast build up
B1,2024-03-03,17:30,Anderlecht,Eupen,1,0,H,1.0,0.0,H,14.0,15.0,5.0,3.0,12.0,20.0,8.0,4.0,2.0,1.0,0.0,0.0,1.3,5.25,8.5,2023-2024,74.0,74.0,73.0,74.0,28.0,Balanced,67.0,67.0,67.0,66.0,28.0,Long ball
B1,2024-03-03,18:15,Kortrijk,RWD Molenbeek,3,2,H,1.0,1.0,D,17.0,12.0,7.0,4.0,10.0,14.0,8.0,5.0,1.0,3.0,0.0,0.0,2.4,3.5,2.75,2023-2024,67.0,67.0,68.0,66.0,28.0,Balanced,67.0,70.0,68.0,65.0,28.0,Balanced
B1,2024-03-08,19:45,Mechelen,Westerlo,3,1,H,2.0,0.0,H,10.0,21.0,4.0,4.0,7.0,8.0,3.0,3.0,0.0,1.0,0.0,0.0,1.91,3.6,4.0,2023-2024,69.0,71.0,68.0,68.0,28.0,Balanced,68.0,67.0,67.0,68.0,28.0,Balanced
B1,2024-03-09,15:00,Kortrijk,Antwerp,0,1,A,0.0,1.0,A,3.0,15.0,1.0,5.0,9.0,10.0,3.0,10.0,0.0,1.0,0.0,0.0,7.0,4.33,1.5,2023-2024,67.0,67.0,68.0,66.0,28.0,Balanced,73.0,74.0,73.0,73.0,27.0,Fast build up
B1,2024-03-09,17:15,Charleroi,Cercle Brugge,0,0,D,0.0,0.0,D,6.0,11.0,2.0,2.0,15.0,17.0,2.0,8.0,1.0,1.0,0.0,1.0,3.6,3.6,1.95,2023-2024,69.0,72.0,70.0,68.0,28.0,Balanced,69.0,70.0,70.0,67.0,28.0,Balanced
B1,2024-03-09,19:45,RWD Molenbeek,Anderlecht,0,3,A,0.0,3.0,A,10.0,11.0,2.0,5.0,11.0,9.0,4.0,3.0,3.0,1.0,0.0,0.0,5.75,4.2,1.53,2023-2024,67.0,70.0,68.0,65.0,28.0,Balanced,74.0,74.0,73.0,74.0,28.0,Balanced
B1,2024-03-10,12:30,Genk,Standard,1,0,H,0.0,0.0,D,19.0,6.0,5.0,4.0,6.0,11.0,7.0,5.0,0.0,2.0,0.0,0.0,1.65,4.0,5.25,2023-2024,72.0,71.0,72.0,72.0,26.0,Long ball,,,,,,
B1,2024-03-10,15:00,Club Brugge,Oud-Heverlee Leuven,3,1,H,1.0,1.0,D,20.0,7.0,8.0,2.0,13.0,10.0,10.0,5.0,0.0,2.0,0.0,0.0,1.33,5.5,7.5,2023-2024,74.0,73.0,75.0,71.0,27.0,Long ball,68.0,69.0,68.0,69.0,28.0,Balanced
B1,2024-03-10,17:30,St. Gilloise,Gent,1,1,D,0.0,0.0,D,18.0,11.0,5.0,6.0,4.0,11.0,8.0,3.0,3.0,1.0,0.0,0.0,1.62,4.2,4.75,2023-2024,72.0,72.0,70.0,72.0,27.0,Balanced,72.0,71.0,72.0,72.0,28.0,Fast build up
B1,2024-03-10,18:15,Eupen,St Truiden,1,0,H,1.0,0.0,H,7.0,17.0,2.0,5.0,12.0,15.0,4.0,3.0,3.0,1.0,0.0,0.0,3.5,3.3,2.1,2023-2024,67.0,67.0,67.0,66.0,28.0,Long ball,68.0,70.0,68.0,68.0,27.0,Fast build up
B1,2024-03-16,17:15,Standard,Eupen,4,0,H,2.0,0.0,H,13.0,9.0,5.0,5.0,2.0,17.0,5.0,5.0,0.0,0.0,0.0,0.0,1.73,3.8,4.5,2023-2024,,,,,,,67.0,67.0,67.0,66.0,28.0,Long ball
B1,2024-03-16,19:45,Anderlecht,Kortrijk,0,1,A,0.0,0.0,D,17.0,11.0,5.0,4.0,7.0,13.0,5.0,6.0,1.0,2.0,0.0,0.0,1.25,5.5,10.0,2023-2024,74.0,74.0,73.0,74.0,28.0,Balanced,67.0,67.0,68.0,66.0,28.0,Balanced
B1,2024-03-17,12:30,St Truiden,Club Brugge,2,1,H,0.0,1.0,A,13.0,19.0,5.0,8.0,5.0,10.0,4.0,8.0,0.0,1.0,0.0,0.0,5.5,4.0,1.6,2023-2024,68.0,70.0,68.0,68.0,27.0,Fast build up,74.0,73.0,75.0,71.0,27.0,Long ball
B1,2024-03-17,15:00,Antwerp,St. Gilloise,1,1,D,0.0,0.0,D,9.0,13.0,3.0,4.0,12.0,12.0,4.0,3.0,3.0,5.0,0.0,1.0,2.6,3.5,2.55,2023-2024,73.0,74.0,73.0,73.0,27.0,Fast build up,72.0,72.0,70.0,72.0,27.0,Balanced
B1,2024-03-17,17:30,Cercle Brugge,RWD Molenbeek,4,0,H,2.0,0.0,H,20.0,4.0,8.0,1.0,6.0,11.0,11.0,4.0,1.0,4.0,0.0,1.0,1.36,5.25,7.5,2023-2024,69.0,70.0,70.0,67.0,28.0,Balanced,67.0,70.0,68.0,65.0,28.0,Balanced
B1,2024-03-17,17:30,Gent,Charleroi,5,0,H,2.0,0.0,H,13.0,12.0,9.0,5.0,8.0,10.0,1.0,6.0,0.0,2.0,0.0,0.0,1.57,4.0,5.75,2023-2024,72.0,71.0,72.0,72.0,28.0,Fast build up,69.0,72.0,70.0,68.0,28.0,Balanced
B1,2024-03-17,17:30,Oud-Heverlee Leuven,Mechelen,1,0,H,0.0,0.0,D,14.0,16.0,4.0,5.0,14.0,9.0,3.0,6.0,4.0,1.0,0.0,0.0,2.75,3.4,2.45,2023-2024,68.0,69.0,68.0,69.0,28.0,Balanced,69.0,71.0,68.0,68.0,28.0,Balanced
B1,2024-03-17,17:30,Westerlo,Genk,1,1,D,0.0,0.0,D,12.0,9.0,4.0,2.0,10.0,13.0,5.0,6.0,4.0,1.0,0.0,1.0,3.5,3.75,1.95,2023-2024,68.0,67.0,67.0,68.0,28.0,Balanced,72.0,71.0,72.0,72.0,26.0,Long ball
B1,2024-03-29,19:45,Gent,Standard,5,1,H,1.0,1.0,D,15.0,11.0,8.0,4.0,12.0,5.0,4.0,2.0,2.0,1.0,0.0,0.0,1.62,4.0,5.0,2023-2024,72.0,71.0,72.0,72.0,28.0,Fast build up,,,,,,
B1,2024-03-30,17:15,Oud-Heverlee Leuven,Mechelen,2,3,A,0.0,1.0,A,18.0,11.0,5.0,8.0,8.0,16.0,7.0,7.0,1.0,5.0,0.0,1.0,2.75,3.2,2.63,2023-2024,68.0,69.0,68.0,69.0,28.0,Balanced,69.0,71.0,68.0,68.0,28.0,Balanced
B1,2024-03-30,19:45,Anderlecht,Antwerp,1,0,H,0.0,0.0,D,20.0,8.0,8.0,2.0,8.0,7.0,4.0,3.0,2.0,4.0,0.0,1.0,2.3,3.4,3.0,2023-2024,74.0,74.0,73.0,74.0,28.0,Balanced,73.0,74.0,73.0,73.0,27.0,Fast build up
B1,2024-03-31,17:30,St Truiden,Westerlo,2,0,H,1.0,0.0,H,14.0,13.0,6.0,5.0,11.0,10.0,7.0,3.0,0.0,1.0,0.0,0.0,2.2,3.5,3.2,2023-2024,68.0,70.0,68.0,68.0,27.0,Fast build up,68.0,67.0,67.0,68.0,28.0,Balanced
B1,2024-04-01,12:30,Cercle Brugge,Club Brugge,1,1,D,1.0,0.0,H,10.0,28.0,4.0,7.0,11.0,7.0,0.0,8.0,0.0,1.0,0.0,0.0,3.6,3.6,2.0,2023-2024,69.0,70.0,70.0,67.0,28.0,Balanced,74.0,73.0,75.0,71.0,27.0,Long ball
B1,2024-04-01,17:30,Genk,St. Gilloise,1,0,H,1.0,0.0,H,7.0,12.0,3.0,4.0,11.0,18.0,2.0,9.0,1.0,1.0,0.0,1.0,2.75,3.4,2.5,2023-2024,72.0,71.0,72.0,72.0,26.0,Long ball,72.0,72.0,70.0,72.0,27.0,Balanced
B1,2024-04-05,19:45,Mechelen,St Truiden,2,3,A,1.0,0.0,H,17.0,16.0,6.0,7.0,9.0,13.0,5.0,4.0,2.0,2.0,0.0,0.0,2.05,3.5,3.4,2023-2024,69.0,71.0,68.0,68.0,28.0,Balanced,68.0,70.0,68.0,68.0,27.0,Fast build up
B1,2024-04-06,15:00,Charleroi,RWD Molenbeek,0,0,D,0.0,0.0,D,14.0,10.0,3.0,3.0,14.0,12.0,11.0,6.0,1.0,4.0,0.0,0.0,1.67,3.75,5.0,2023-2024,69.0,72.0,70.0,68.0,28.0,Balanced,67.0,70.0,68.0,65.0,28.0,Balanced
B1,2024-04-06,17:15,Standard,Oud-Heverlee Leuven,0,0,D,0.0,0.0,D,13.0,8.0,6.0,2.0,12.0,13.0,6.0,2.0,2.0,2.0,0.0,0.0,1.67,3.6,5.0,2023-2024,,,,,,,68.0,69.0,68.0,69.0,28.0,Balanced
B1,2024-04-06,19:45,Antwerp,Genk,0,1,A,0.0,1.0,A,11.0,18.0,2.0,6.0,14.0,12.0,6.0,5.0,3.0,1.0,0.0,0.0,2.25,3.4,3.1,2023-2024,73.0,74.0,73.0,73.0,27.0,Fast build up,72.0,71.0,72.0,72.0,26.0,Long ball
B1,2024-04-07,12:30,St. Gilloise,Cercle Brugge,2,3,A,1.0,2.0,A,14.0,8.0,9.0,4.0,10.0,20.0,4.0,3.0,2.0,5.0,0.0,0.0,1.73,3.8,4.75,2023-2024,72.0,72.0,70.0,72.0,27.0,Balanced,69.0,70.0,70.0,67.0,28.0,Balanced
B1,2024-04-07,15:00,Eupen,Kortrijk,1,1,D,0.0,0.0,D,7.0,12.0,2.0,4.0,9.0,10.0,2.0,4.0,1.0,2.0,0.0,0.0,2.3,3.2,3.1,2023-2024,67.0,67.0,67.0,66.0,28.0,Long ball,67.0,67.0,68.0,66.0,28.0,Balanced
B1,2024-04-07,17:30,Club Brugge,Anderlecht,3,1,H,1.0,0.0,H,20.0,13.0,8.0,7.0,8.0,12.0,3.0,2.0,1.0,5.0,0.0,0.0,1.91,3.6,4.0,2023-2024,74.0,73.0,75.0,71.0,27.0,Long ball,74.0,74.0,73.0,74.0,28.0,Balanced
B1,2024-04-07,18:15,Westerlo,Gent,0,3,A,0.0,2.0,A,3.0,21.0,3.0,7.0,16.0,13.0,1.0,8.0,5.0,2.0,2.0,0.0,4.0,3.75,1.85,2023-2024,68.0,67.0,67.0,68.0,28.0,Balanced,72.0,71.0,72.0,72.0,28.0,Fast build up
B1,2024-04-12,19:45,St Truiden,Standard,3,3,D,1.0,1.0,D,16.0,17.0,8.0,10.0,10.0,11.0,4.0,3.0,4.0,4.0,0.0,0.0,2.15,3.4,3.3,2023-2024,68.0,70.0,68.0,68.0,27.0,Fast build up,,,,,,
B1,2024-04-13,15:00,RWD Molenbeek,Eupen,3,1,H,1.0,1.0,D,11.0,8.0,5.0,3.0,16.0,13.0,7.0,4.0,1.0,3.0,0.0,0.0,2.38,3.3,3.0,2023-2024,67.0,70.0,68.0,65.0,28.0,Balanced,67.0,67.0,67.0,66.0,28.0,Long ball
B1,2024-04-13,17:15,Mechelen,Westerlo,3,2,H,0.0,2.0,A,23.0,14.0,6.0,7.0,13.0,7.0,13.0,6.0,1.0,4.0,0.0,1.0,1.73,3.6,4.75,2023-2024,69.0,71.0,68.0,68.0,28.0,Balanced,68.0,67.0,67.0,68.0,28.0,Balanced
B1,2024-04-13,19:45,Genk,Cercle Brugge,1,1,D,1.0,0.0,H,13.0,10.0,5.0,2.0,7.0,16.0,6.0,5.0,0.0,4.0,0.0,1.0,1.85,3.6,4.0,2023-2024,72.0,71.0,72.0,72.0,26.0,Long ball,69.0,70.0,70.0,67.0,28.0,Balanced
B1,2024-04-14,12:30,Club Brugge,Antwerp,3,0,H,1.0,0.0,H,13.0,8.0,6.0,3.0,10.0,14.0,5.0,3.0,2.0,2.0,0.0,0.0,1.8,3.75,4.2,2023-2024,74.0,73.0,75.0,71.0,27.0,Long ball,73.0,74.0,73.0,73.0,27.0,Fast build up
B1,2024-04-14,15:00,Kortrijk,Charleroi,1,2,A,1.0,0.0,H,9.0,12.0,2.0,5.0,11.0,12.0,4.0,3.0,0.0,1.0,0.0,0.0,2.9,3.2,2.5,2023-2024,67.0,67.0,68.0,66.0,28.0,Balanced,69.0,72.0,70.0,68.0,28.0,Balanced
B1,2024-04-14,17:30,Anderlecht,St. Gilloise,2,1,H,1.0,0.0,H,7.0,15.0,5.0,5.0,10.0,16.0,6.0,6.0,4.0,3.0,1.0,0.0,2.75,3.3,2.5,2023-2024,74.0,74.0,73.0,74.0,28.0,Balanced,72.0,72.0,70.0,72.0,27.0,Balanced
B1,2024-04-14,18:15,Oud-Heverlee Leuven,Gent,2,1,H,2.0,1.0,H,12.0,16.0,3.0,6.0,8.0,6.0,0.0,6.0,2.0,2.0,0.0,0.0,4.0,3.75,1.85,2023-2024,68.0,69.0,68.0,69.0,28.0,Balanced,72.0,71.0,72.0,72.0,28.0,Fast build up
B1,2024-04-20,15:00,Oud-Heverlee Leuven,St Truiden,1,0,H,0.0,0.0,D,20.0,3.0,11.0,0.0,11.0,11.0,6.0,3.0,1.0,2.0,0.0,0.0,2.63,3.3,2.63,2023-2024,68.0,69.0,68.0,69.0,28.0,Balanced,68.0,70.0,68.0,68.0,27.0,Fast build up
B1,2024-04-20,17:15,Westerlo,Standard,3,3,D,1.0,1.0,D,19.0,17.0,6.0,8.0,8.0,12.0,6.0,7.0,1.0,1.0,0.0,0.0,2.6,3.4,2.6,2023-2024,68.0,67.0,67.0,68.0,28.0,Balanced,,,,,,
B1,2024-04-20,19:00,Gent,Mechelen,3,1,H,1.0,0.0,H,15.0,7.0,5.0,3.0,8.0,4.0,6.0,5.0,1.0,1.0,0.0,0.0,1.55,4.0,6.0,2023-2024,72.0,71.0,72.0,72.0,28.0,Fast build up,69.0,71.0,68.0,68.0,28.0,Balanced
B1,2024-04-20,19:45,Genk,Anderlecht,2,1,H,1.0,0.0,H,22.0,9.0,10.0,2.0,10.0,10.0,4.0,3.0,1.0,1.0,0.0,0.0,2.15,3.6,3.2,2023-2024,72.0,71.0,72.0,72.0,26.0,Long ball,74.0,74.0,73.0,74.0,28.0,Balanced
B1,2024-04-21,12:30,Cercle Brugge,Antwerp,0,1,A,0.0,0.0,D,16.0,12.0,4.0,8.0,12.0,5.0,7.0,2.0,4.0,1.0,0.0,0.0,2.63,3.3,2.63,2023-2024,69.0,70.0,70.0,67.0,28.0,Balanced,73.0,74.0,73.0,73.0,27.0,Fast build up
B1,2024-04-21,15:00,Kortrijk,RWD Molenbeek,2,4,A,1.0,3.0,A,16.0,14.0,8.0,8.0,11.0,10.0,11.0,4.0,2.0,4.0,0.0,0.0,2.1,3.4,3.4,2023-2024,67.0,67.0,68.0,66.0,28.0,Balanced,67.0,70.0,68.0,65.0,28.0,Balanced
B1,2024-04-21,17:30,St. Gilloise,Club Brugge,1,2,A,0.0,0.0,D,18.0,9.0,6.0,2.0,14.0,11.0,10.0,8.0,3.0,3.0,0.0,1.0,2.3,3.4,3.0,2023-2024,72.0,72.0,70.0,72.0,27.0,Balanced,74.0,73.0,75.0,71.0,27.0,Long ball
B1,2024-04-21,18:15,Charleroi,Eupen,1,0,H,1.0,0.0,H,19.0,9.0,7.0,3.0,12.0,8.0,7.0,4.0,1.0,1.0,0.0,0.0,1.67,3.75,5.0,2023-2024,69.0,72.0,70.0,68.0,28.0,Balanced,67.0,67.0,67.0,66.0,28.0,Long ball
B1,2024-04-23,19:30,St Truiden,Gent,0,2,A,0.0,1.0,A,17.0,15.0,5.0,5.0,12.0,8.0,5.0,4.0,2.0,1.0,0.0,0.0,3.75,3.75,1.91,2023-2024,68.0,70.0,68.0,68.0,27.0,Fast build up,72.0,71.0,72.0,72.0,28.0,Fast build up
B1,2024-04-23,19:30,Standard,Mechelen,0,0,D,0.0,0.0,D,21.0,6.0,6.0,1.0,9.0,6.0,8.0,4.0,0.0,2.0,0.0,0.0,2.4,3.5,2.75,2023-2024,,,,,,,69.0,71.0,68.0,68.0,28.0,Balanced
B1,2024-04-23,19:30,Westerlo,Oud-Heverlee Leuven,1,1,D,1.0,0.0,H,15.0,20.0,3.0,7.0,7.0,14.0,9.0,4.0,2.0,3.0,0.0,0.0,2.45,3.6,2.7,2023-2024,68.0,67.0,67.0,68.0,28.0,Balanced,68.0,69.0,68.0,69.0,28.0,Balanced
B1,2024-04-24,19:30,Anderlecht,Cercle Brugge,3,0,H,2.0,0.0,H,12.0,7.0,5.0,4.0,6.0,12.0,4.0,2.0,1.0,4.0,0.0,0.0,1.91,3.6,3.8,2023-2024,74.0,74.0,73.0,74.0,28.0,Balanced,69.0,70.0,70.0,67.0,28.0,Balanced
B1,2024-04-24,19:30,Club Brugge,Genk,4,0,H,1.0,0.0,H,15.0,12.0,7.0,4.0,12.0,16.0,0.0,4.0,0.0,1.0,0.0,0.0,1.75,3.8,4.33,2023-2024,74.0,73.0,75.0,71.0,27.0,Long ball,72.0,71.0,72.0,72.0,26.0,Long ball
B1,2024-04-25,19:30,Antwerp,St. Gilloise,0,3,A,0.0,0.0,D,6.0,13.0,1.0,7.0,9.0,19.0,5.0,5.0,3.0,4.0,0.0,0.0,2.8,3.5,2.38,2023-2024,73.0,74.0,73.0,73.0,27.0,Fast build up,72.0,72.0,70.0,72.0,27.0,Balanced
B1,2024-04-26,19:45,Eupen,Charleroi,1,2,A,0.0,2.0,A,12.0,12.0,2.0,4.0,13.0,15.0,4.0,5.0,2.0,1.0,0.0,0.0,3.4,3.2,2.2,2023-2024,67.0,67.0,67.0,66.0,28.0,Long ball,69.0,72.0,70.0,68.0,28.0,Balanced
B1,2024-04-27,15:00,Mechelen,Oud-Heverlee Leuven,3,0,H,0.0,0.0,D,17.0,17.0,7.0,4.0,10.0,12.0,4.0,3.0,1.0,1.0,0.0,0.0,1.95,3.75,3.6,2023-2024,69.0,71.0,68.0,68.0,28.0,Balanced,68.0,69.0,68.0,69.0,28.0,Balanced
B1,2024-04-27,17:15,Standard,St Truiden,1,1,D,0.0,1.0,A,19.0,11.0,6.0,6.0,6.0,10.0,5.0,4.0,0.0,2.0,0.0,0.0,2.25,3.4,3.1,2023-2024,,,,,,,68.0,70.0,68.0,68.0,27.0,Fast build up
B1,2024-04-27,19:45,Gent,Westerlo,3,2,H,2.0,2.0,D,15.0,23.0,6.0,7.0,9.0,12.0,3.0,10.0,2.0,3.0,0.0,0.0,1.36,5.25,7.0,2023-2024,72.0,71.0,72.0,72.0,28.0,Fast build up,68.0,67.0,67.0,68.0,28.0,Balanced
B1,2024-04-28,12:30,Genk,Club Brugge,0,3,A,0.0,1.0,A,14.0,11.0,3.0,4.0,8.0,10.0,6.0,3.0,1.0,2.0,0.0,0.0,2.9,3.6,2.25,2023-2024,72.0,71.0,72.0,72.0,26.0,Long ball,74.0,73.0,75.0,71.0,27.0,Long ball
B1,2024-04-28,15:00,Cercle Brugge,Anderlecht,1,1,D,0.0,1.0,A,18.0,9.0,4.0,5.0,9.0,9.0,4.0,3.0,1.0,1.0,0.0,0.0,2.8,3.5,2.38,2023-2024,69.0,70.0,70.0,67.0,28.0,Balanced,74.0,74.0,73.0,74.0,28.0,Balanced
B1,2024-04-28,17:30,St. Gilloise,Antwerp,4,1,H,2.0,1.0,H,14.0,3.0,10.0,2.0,14.0,9.0,3.0,2.0,2.0,4.0,0.0,0.0,1.67,4.0,4.75,2023-2024,72.0,72.0,70.0,72.0,27.0,Balanced,73.0,74.0,73.0,73.0,27.0,Fast build up
B1,2024-04-28,18:15,RWD Molenbeek,Kortrijk,0,1,A,0.0,1.0,A,15.0,10.0,4.0,3.0,13.0,10.0,6.0,5.0,2.0,2.0,0.0,0.0,2.38,3.4,2.9,2023-2024,67.0,70.0,68.0,65.0,28.0,Balanced,67.0,67.0,68.0,66.0,28.0,Balanced
B1,2024-05-03,19:45,Westerlo,St Truiden,2,2,D,1.0,1.0,D,19.0,8.0,6.0,4.0,4.0,11.0,6.0,4.0,2.0,2.0,0.0,0.0,2.38,3.75,2.63,2023-2024,68.0,67.0,67.0,68.0,28.0,Balanced,68.0,70.0,68.0,68.0,27.0,Fast build up
B1,2024-05-04,15:00,RWD Molenbeek,Charleroi,1,3,A,0.0,3.0,A,14.0,12.0,6.0,5.0,8.0,9.0,4.0,5.0,0.0,1.0,0.0,0.0,2.5,3.4,2.7,2023-2024,67.0,70.0,68.0,65.0,28.0,Balanced,69.0,72.0,70.0,68.0,28.0,Balanced
B1,2024-05-04,17:15,Mechelen,Gent,2,4,A,2.0,3.0,A,15.0,13.0,8.0,5.0,11.0,10.0,6.0,2.0,2.0,0.0,0.0,0.0,3.3,3.6,2.05,2023-2024,69.0,71.0,68.0,68.0,28.0,Balanced,72.0,71.0,72.0,72.0,28.0,Fast build up
B1,2024-05-04,19:45,Cercle Brugge,Genk,4,1,H,3.0,1.0,H,16.0,13.0,6.0,6.0,16.0,16.0,4.0,1.0,1.0,3.0,0.0,0.0,2.5,3.6,2.6,2023-2024,69.0,70.0,70.0,67.0,28.0,Balanced,72.0,71.0,72.0,72.0,26.0,Long ball
B1,2024-05-05,12:30,Antwerp,Club Brugge,1,2,A,0.0,0.0,D,10.0,10.0,5.0,4.0,10.0,11.0,2.0,3.0,3.0,1.0,0.0,0.0,3.8,3.6,1.91,2023-2024,73.0,74.0,73.0,73.0,27.0,Fast build up,74.0,73.0,75.0,71.0,27.0,Long ball
B1,2024-05-05,15:00,Oud-Heverlee Leuven,Standard,3,1,H,0.0,1.0,A,16.0,8.0,7.0,1.0,10.0,14.0,4.0,1.0,1.0,1.0,0.0,0.0,2.3,3.5,2.88,2023-2024,68.0,69.0,68.0,69.0,28.0,Balanced,,,,,,
B1,2024-05-05,17:30,St. Gilloise,Anderlecht,0,0,D,0.0,0.0,D,19.0,12.0,8.0,9.0,12.0,8.0,8.0,3.0,4.0,1.0,0.0,0.0,1.7,3.8,4.5,2023-2024,72.0,72.0,70.0,72.0,27.0,Balanced,74.0,74.0,73.0,74.0,28.0,Balanced
B1,2024-05-05,18:15,Kortrijk,Eupen,1,0,H,1.0,0.0,H,18.0,10.0,4.0,2.0,15.0,12.0,7.0,3.0,4.0,3.0,0.0,1.0,2.05,3.4,3.6,2023-2024,67.0,67.0,68.0,66.0,28.0,Balanced,67.0,67.0,67.0,66.0,28.0,Long ball
B1,2024-05-11,17:15,Charleroi,Kortrijk,3,1,H,2.0,0.0,H,12.0,9.0,8.0,4.0,11.0,8.0,5.0,5.0,0.0,1.0,0.0,0.0,2.25,3.4,3.1,2023-2024,69.0,72.0,70.0,68.0,28.0,Balanced,67.0,67.0,68.0,66.0,28.0,Balanced
B1,2024-05-11,17:15,Eupen,RWD Molenbeek,2,0,H,0.0,0.0,D,12.0,18.0,4.0,7.0,11.0,13.0,2.0,7.0,0.0,1.0,0.0,0.0,3.3,3.8,1.95,2023-2024,67.0,67.0,67.0,66.0,28.0,Long ball,67.0,70.0,68.0,65.0,28.0,Balanced
B1,2024-05-11,19:45,Anderlecht,Genk,2,1,H,1.0,0.0,H,17.0,19.0,4.0,3.0,5.0,14.0,4.0,3.0,1.0,2.0,0.0,0.0,1.95,3.5,3.6,2023-2024,74.0,74.0,73.0,74.0,28.0,Balanced,72.0,71.0,72.0,72.0,26.0,Long ball
B1,2024-05-12,12:30,Gent,Oud-Heverlee Leuven,0,1,A,0.0,1.0,A,12.0,8.0,2.0,4.0,10.0,12.0,10.0,1.0,2.0,3.0,0.0,0.0,1.4,5.0,6.5,2023-2024,72.0,71.0,72.0,72.0,28.0,Fast build up,68.0,69.0,68.0,69.0,28.0,Balanced
B1,2024-05-12,15:00,St Truiden,Mechelen,2,1,H,2.0,1.0,H,11.0,7.0,5.0,3.0,9.0,12.0,2.0,1.0,1.0,0.0,0.0,0.0,2.3,3.5,2.88,2023-2024,68.0,70.0,68.0,68.0,27.0,Fast build up,69.0,71.0,68.0,68.0,28.0,Balanced
B1,2024-05-12,17:30,Antwerp,Cercle Brugge,1,2,A,0.0,2.0,A,16.0,13.0,4.0,5.0,9.0,13.0,6.0,2.0,1.0,2.0,0.0,0.0,2.25,3.5,3.0,2023-2024,73.0,74.0,73.0,73.0,27.0,Fast build up,69.0,70.0,70.0,67.0,28.0,Balanced
B1,2024-05-13,19:30,Club Brugge,St. Gilloise,2,2,D,0.0,0.0,D,24.0,17.0,4.0,6.0,7.0,14.0,8.0,3.0,1.0,2.0,0.0,0.0,2.1,3.5,3.3,2023-2024,74.0,73.0,75.0,71.0,27.0,Long ball,72.0,72.0,70.0,72.0,27.0,Balanced
B1,2024-05-17,19:45,St Truiden,Oud-Heverlee Leuven,1,1,D,0.0,0.0,D,9.0,9.0,3.0,3.0,10.0,12.0,2.0,1.0,2.0,0.0,0.0,0.0,2.1,3.6,3.1,2023-2024,68.0,70.0,68.0,68.0,27.0,Fast build up,68.0,69.0,68.0,69.0,28.0,Balanced
B1,2024-05-18,17:15,Westerlo,Mechelen,0,2,A,0.0,1.0,A,10.0,17.0,2.0,7.0,8.0,10.0,10.0,5.0,0.0,1.0,0.0,0.0,2.6,3.6,2.45,2023-2024,68.0,67.0,67.0,68.0,28.0,Balanced,69.0,71.0,68.0,68.0,28.0,Balanced
B1,2024-05-18,19:45,Standard,Gent,1,4,A,1.0,1.0,D,9.0,18.0,2.0,6.0,11.0,6.0,5.0,11.0,1.0,0.0,0.0,0.0,3.5,4.0,1.85,2023-2024,,,,,,,72.0,71.0,72.0,72.0,28.0,Fast build up
B1,2024-05-19,12:30,Cercle Brugge,St. Gilloise,1,2,A,1.0,1.0,D,9.0,14.0,3.0,5.0,17.0,18.0,5.0,5.0,3.0,3.0,0.0,0.0,3.3,3.5,2.05,2023-2024,69.0,70.0,70.0,67.0,28.0,Balanced,72.0,72.0,70.0,72.0,27.0,Balanced
B1,2024-05-19,17:30,Anderlecht,Club Brugge,0,1,A,0.0,1.0,A,13.0,14.0,4.0,2.0,10.0,10.0,4.0,4.0,1.0,3.0,0.0,0.0,2.88,3.5,2.3,2023-2024,74.0,74.0,73.0,74.0,28.0,Balanced,74.0,73.0,75.0,71.0,27.0,Long ball
B1,2024-05-20,17:30,Genk,Antwerp,1,0,H,1.0,0.0,H,9.0,16.0,3.0,6.0,10.0,13.0,2.0,8.0,3.0,1.0,0.0,0.0,1.8,3.9,3.9,2023-2024,72.0,71.0,72.0,72.0,26.0,Long ball,73.0,74.0,73.0,73.0,27.0,Fast build up
B1,2024-05-25,19:30,Gent,St Truiden,2,0,H,0.0,0.0,D,7.0,15.0,4.0,2.0,9.0,12.0,4.0,4.0,0.0,0.0,0.0,0.0,1.5,4.5,5.25,2023-2024,72.0,71.0,72.0,72.0,28.0,Fast build up,68.0,70.0,68.0,68.0,27.0,Fast build up
B1,2024-05-25,19:30,Mechelen,Standard,3,2,H,2.0,0.0,H,20.0,7.0,9.0,4.0,8.0,6.0,9.0,4.0,2.0,0.0,0.0,0.0,1.85,3.7,3.8,2023-2024,69.0,71.0,68.0,68.0,28.0,Balanced,,,,,,
B1,2024-05-25,19:30,Oud-Heverlee Leuven,Westerlo,1,2,A,0.0,2.0,A,10.0,21.0,3.0,7.0,11.0,11.0,1.0,6.0,4.0,5.0,2.0,0.0,2.05,3.7,3.2,2023-2024,68.0,69.0,68.0,69.0,28.0,Balanced,68.0,67.0,67.0,68.0,28.0,Balanced
B1,2024-05-26,17:30,Antwerp,Anderlecht,3,1,H,0.0,1.0,A,21.0,15.0,5.0,5.0,8.0,9.0,4.0,2.0,3.0,0.0,0.0,0.0,3.75,3.5,1.75,2023-2024,73.0,74.0,73.0,73.0,27.0,Fast build up,74.0,74.0,73.0,74.0,28.0,Balanced
B1,2024-05-26,17:30,Club Brugge,Cercle Brugge,0,0,D,0.0,0.0,D,10.0,7.0,3.0,1.0,9.0,11.0,5.0,2.0,1.0,0.0,0.0,0.0,1.5,4.33,5.0,2023-2024,74.0,73.0,75.0,71.0,27.0,Long ball,69.0,70.0,70.0,67.0,28.0,Balanced
B1,2024-05-26,17:30,St. Gilloise,Genk,2,0,H,1.0,0.0,H,21.0,9.0,8.0,2.0,18.0,10.0,10.0,4.0,3.0,1.0,0.0,1.0,1.65,3.8,4.5,2023-2024,72.0,72.0,70.0,72.0,27.0,Balanced,72.0,71.0,72.0,72.0,26.0,Long ball
B1,2024-06-02,12:30,Genk,Gent,0,1,A,0.0,0.0,D,10.0,13.0,4.0,5.0,20.0,12.0,4.0,2.0,5.0,2.0,0.0,0.0,2.25,3.5,2.75,2023-2024,72.0,71.0,72.0,72.0,26.0,Long ball,72.0,71.0,72.0,72.0,28.0,Fast build up
