Div,Date,HomeTeam,AwayTeam,FTHG,FTAG,FTR,HS,AS,HST,AST,HF,AF,HC,AC,HY,AY,HR,AR,B365H,B365D,B365A,BWH,BWD,BWA,IWH,IWD,IWA,PSH,PSD,PSA,WHH,WHD,WHA,VCH,VCD,VCA,MaxH,MaxD,MaxA,AvgH,AvgD,AvgA,Hour,FTR_numeric,Year,Month,Day,HomeTeam_enc,AwayTeam_enc,DayOfWeek_Num,Result,Season
B1,2019-07-26,Genk,Kortrijk,2,1,H,10.0,8.0,2.0,4.0,7.0,22.0,6.0,2.0,0.0,1.0,0.0,0.0,1.36,4.75,8.5,1.4,5.0,8.0,1.37,4.8,6.9,1.4,5.22,7.44,1.36,4.8,8.0,1.36,5.0,8.0,1.41,5.25,8.5,1.38,4.94,7.42,19,1,2019,7,26,7,9,6,Home Win,2019-2020
B1,2019-07-27,Cercle Brugge,Standard,0,2,A,13.0,14.0,5.0,9.0,16.0,15.0,3.0,7.0,2.0,2.0,1.0,0.0,3.75,3.75,1.85,3.8,3.75,1.95,3.7,3.6,1.87,3.91,3.63,1.99,3.7,3.6,1.91,3.75,3.7,1.93,4.1,3.8,1.99,3.72,3.59,1.93,17,2,2019,7,27,3,18,7,Away Win,2019-2020
B1,2019-07-27,St Truiden,Mouscron,0,1,A,10.0,10.0,4.0,6.0,10.0,21.0,5.0,5.0,2.0,4.0,0.0,0.0,1.9,3.75,3.75,1.95,3.5,4.1,1.93,3.45,3.65,1.99,3.52,4.04,1.91,3.6,3.75,1.93,3.6,3.8,2.01,3.75,4.1,1.95,3.49,3.77,19,2,2019,7,27,16,11,7,Away Win,2019-2020
B1,2019-07-27,Waregem,Mechelen,0,2,A,7.0,10.0,2.0,5.0,14.0,21.0,4.0,2.0,3.0,1.0,0.0,0.0,2.15,3.6,3.1,2.2,3.75,3.1,2.15,3.5,3.0,2.23,3.76,3.12,2.2,3.5,3.0,2.2,3.6,3.1,2.37,3.76,3.15,2.2,3.58,3.03,19,2,2019,7,27,20,10,7,Away Win,2019-2020
B1,2019-07-27,Waasland-Beveren,Club Brugge,1,3,A,7.0,25.0,2.0,22.0,18.0,12.0,1.0,14.0,3.0,1.0,0.0,0.0,6.5,4.0,1.5,6.0,4.5,1.53,5.3,4.3,1.5,5.52,4.59,1.56,5.5,4.33,1.52,5.75,4.5,1.5,6.5,4.6,1.59,5.53,4.36,1.53,19,2,2019,7,27,19,5,7,Away Win,2019-2020
B1,2019-07-28,Anderlecht,Oostende,1,2,A,15.0,8.0,6.0,6.0,12.0,17.0,5.0,2.0,1.0,3.0,0.0,0.0,1.36,4.5,9.0,1.36,5.0,9.25,1.37,4.75,7.2,1.36,5.09,8.96,1.35,4.75,8.5,1.36,5.0,8.0,1.4,5.1,9.25,1.36,4.82,8.02,13,2,2019,7,28,0,12,1,Away Win,2019-2020
B1,2019-07-28,Charleroi,Gent,1,1,D,7.0,5.0,4.0,4.0,20.0,21.0,5.0,6.0,0.0,2.0,0.0,0.0,3.1,3.25,2.3,3.0,3.5,2.35,2.95,3.35,2.25,3.03,3.55,2.36,2.9,3.4,2.3,2.9,3.5,2.3,3.1,3.55,2.4,2.94,3.38,2.31,17,0,2019,7,28,4,8,1,Draw,2019-2020
B1,2019-07-28,Eupen,Antwerp,1,4,A,12.0,14.0,3.0,8.0,18.0,10.0,3.0,10.0,1.0,2.0,0.0,0.0,3.8,3.3,1.95,3.8,3.6,2.0,3.5,3.45,1.97,3.74,3.69,2.02,3.5,3.5,2.0,3.6,3.6,2.0,3.8,3.69,2.13,3.55,3.51,2.01,19,2,2019,7,28,6,1,1,Away Win,2019-2020
B1,2019-08-02,Club Brugge,St Truiden,6,0,H,16.0,4.0,10.0,2.0,19.0,12.0,6.0,2.0,1.0,3.0,1.0,0.0,1.25,5.5,12.0,1.26,6.25,11.0,1.25,5.6,9.9,1.25,6.39,11.45,1.22,5.8,12.0,1.22,6.0,12.0,1.26,6.5,12.0,1.24,6.04,10.99,19,1,2019,8,2,5,16,6,Home Win,2019-2020
B1,2019-08-03,Standard,Waregem,4,0,H,16.0,3.0,7.0,1.0,19.0,18.0,4.0,2.0,0.0,2.0,0.0,1.0,1.53,4.33,5.5,1.5,4.6,6.25,1.47,4.45,5.6,1.49,4.89,6.07,1.47,4.6,5.8,1.45,4.6,6.25,1.54,4.89,6.25,1.49,4.53,5.8,17,1,2019,8,3,18,20,7,Home Win,2019-2020
B1,2019-08-03,Kortrijk,Charleroi,1,1,D,7.0,11.0,4.0,6.0,21.0,18.0,10.0,3.0,1.0,2.0,0.0,0.0,2.3,3.4,3.0,2.4,3.5,2.95,2.3,3.35,2.9,2.33,3.61,3.04,2.25,3.5,3.0,2.3,3.4,3.0,2.44,3.61,3.05,2.3,3.43,2.95,19,0,2019,8,3,9,4,7,Draw,2019-2020
B1,2019-08-03,Oostende,Cercle Brugge,3,1,H,11.0,9.0,7.0,4.0,9.0,18.0,3.0,2.0,0.0,2.0,0.0,1.0,2.15,3.5,3.2,2.2,3.6,3.2,2.2,3.5,2.95,2.3,3.75,3.0,2.2,3.5,3.0,2.2,3.6,3.1,2.3,3.75,3.27,2.21,3.56,3.01,19,1,2019,8,3,12,3,7,Home Win,2019-2020
B1,2019-08-03,Mechelen,Genk,3,1,H,11.0,9.0,5.0,5.0,14.0,13.0,5.0,4.0,1.0,0.0,0.0,0.0,4.33,3.4,1.85,4.33,3.8,1.83,4.05,3.65,1.8,4.25,3.82,1.86,4.0,3.7,1.8,4.1,3.75,1.83,4.33,3.85,1.88,4.06,3.68,1.83,19,1,2019,8,3,10,7,7,Home Win,2019-2020
B1,2019-08-04,Gent,Eupen,6,1,H,18.0,8.0,11.0,5.0,13.0,13.0,6.0,2.0,0.0,2.0,0.0,0.0,1.4,4.75,7.0,1.45,4.6,7.25,1.37,4.8,7.0,1.39,5.2,7.84,1.36,5.0,7.5,1.36,5.0,8.0,1.46,5.2,8.0,1.38,4.84,7.32,13,1,2019,8,4,8,6,1,Home Win,2019-2020
B1,2019-08-04,Mouscron,Anderlecht,0,0,D,7.0,9.0,2.0,3.0,15.0,18.0,4.0,4.0,2.0,4.0,0.0,0.0,3.4,3.5,2.05,3.6,3.5,2.1,3.3,3.45,2.05,3.53,3.44,2.17,3.4,3.5,2.05,3.4,3.5,2.1,3.7,3.64,2.18,3.35,3.44,2.1,17,0,2019,8,4,11,0,1,Draw,2019-2020
B1,2019-08-04,Antwerp,Waasland-Beveren,4,1,H,15.0,10.0,11.0,6.0,20.0,11.0,6.0,4.0,0.0,2.0,0.0,0.0,1.33,5.0,9.0,1.4,5.0,8.25,1.33,4.9,8.0,1.35,5.5,8.35,1.32,5.25,8.5,1.33,5.0,9.0,1.4,5.5,9.0,1.34,5.02,8.17,19,1,2019,8,4,1,19,1,Home Win,2019-2020
B1,2019-08-09,Anderlecht,Mechelen,0,0,D,12.0,1.0,4.0,0.0,12.0,11.0,8.0,1.0,0.0,2.0,0.0,1.0,1.75,4.2,4.0,1.83,3.75,3.9,1.77,3.8,3.95,1.82,3.88,4.36,1.75,3.8,4.2,1.75,4.0,4.2,1.86,4.2,4.36,1.79,3.81,4.07,19,0,2019,8,9,0,10,6,Draw,2019-2020
B1,2019-08-10,Oostende,Club Brugge,0,2,A,8.0,10.0,4.0,8.0,11.0,17.0,3.0,6.0,0.0,0.0,0.0,0.0,7.0,4.2,1.45,6.0,4.6,1.45,5.9,4.6,1.45,6.47,5.01,1.46,6.0,4.75,1.44,6.25,4.75,1.45,7.0,5.01,1.51,6.11,4.65,1.45,17,2,2019,8,10,12,5,7,Away Win,2019-2020
B1,2019-08-10,Cercle Brugge,Kortrijk,1,3,A,13.0,11.0,6.0,9.0,17.0,18.0,2.0,3.0,1.0,1.0,0.0,0.0,2.5,3.5,2.62,2.5,3.5,2.6,2.45,3.5,2.55,2.59,3.74,2.62,2.5,3.6,2.55,2.55,3.6,2.55,2.63,3.74,2.7,2.52,3.52,2.59,19,2,2019,8,10,3,9,7,Away Win,2019-2020
B1,2019-08-10,Eupen,Waasland-Beveren,1,1,D,4.0,7.0,1.0,4.0,17.0,20.0,4.0,7.0,2.0,1.0,0.0,0.0,1.83,3.6,4.2,1.8,3.8,4.0,1.85,3.7,3.7,1.9,3.77,4.11,1.85,3.6,3.9,1.9,3.8,3.75,1.92,3.86,4.2,1.87,3.69,3.85,19,0,2019,8,10,6,19,7,Draw,2019-2020
B1,2019-08-10,Genk,Waregem,0,2,A,10.0,8.0,3.0,7.0,16.0,20.0,3.0,2.0,1.0,2.0,0.0,0.0,1.22,6.0,13.0,1.22,6.25,11.5,1.23,6.1,9.8,1.25,6.69,11.03,1.24,6.0,11.0,1.22,6.25,12.0,1.26,7.0,13.0,1.23,6.29,10.57,19,2,2019,8,10,7,20,7,Away Win,2019-2020
B1,2019-08-11,St Truiden,Standard,2,1,H,6.0,25.0,5.0,9.0,16.0,16.0,0.0,5.0,4.0,4.0,0.0,1.0,4.33,3.8,1.72,4.33,3.9,1.72,4.15,3.85,1.73,4.41,4.12,1.76,4.33,3.9,1.73,4.5,3.9,1.73,4.5,4.12,1.78,4.25,3.88,1.74,13,1,2019,8,11,16,18,1,Home Win,2019-2020
B1,2019-08-11,Charleroi,Antwerp,2,1,H,10.0,6.0,4.0,2.0,8.0,20.0,5.0,4.0,0.0,1.0,0.0,0.0,2.55,3.4,2.62,2.5,3.3,2.7,2.55,3.25,2.65,2.64,3.42,2.75,2.55,3.3,2.7,2.55,3.4,2.7,2.65,3.42,2.75,2.56,3.3,2.66,17,1,2019,8,11,4,1,1,Home Win,2019-2020
B1,2019-08-11,Mouscron,Gent,2,1,H,6.0,11.0,2.0,4.0,15.0,15.0,2.0,7.0,0.0,1.0,0.0,0.0,3.5,3.75,2.0,3.4,3.75,1.95,3.4,3.6,1.97,3.58,3.71,2.06,3.4,3.6,2.0,3.5,3.7,2.0,3.6,3.8,2.06,3.41,3.62,2.0,19,1,2019,8,11,11,8,1,Home Win,2019-2020
B1,2019-08-16,Club Brugge,Eupen,0,0,D,11.0,7.0,1.0,3.0,12.0,19.0,7.0,3.0,3.0,4.0,0.0,0.0,1.14,8.0,11.0,1.2,7.5,13.5,1.21,6.5,10.5,1.19,7.73,13.81,1.18,7.0,12.0,1.18,7.5,12.0,1.23,8.0,14.0,1.19,7.14,12.24,19,0,2019,8,16,5,6,6,Draw,2019-2020
B1,2019-08-17,Kortrijk,Anderlecht,4,2,H,8.0,9.0,5.0,5.0,15.0,21.0,1.0,3.0,1.0,1.0,0.0,0.0,3.0,3.5,2.1,3.0,3.7,2.3,2.8,3.45,2.3,2.89,3.74,2.37,2.8,3.5,2.35,2.8,3.5,2.4,3.0,3.74,2.42,2.87,3.51,2.32,17,1,2019,8,17,9,0,7,Home Win,2019-2020
B1,2019-08-17,Mechelen,Cercle Brugge,3,1,H,7.0,3.0,4.0,2.0,8.0,22.0,5.0,3.0,0.0,4.0,0.0,0.0,1.4,4.33,9.0,1.42,5.0,7.25,1.41,4.5,6.7,1.41,4.94,7.58,1.4,4.6,7.5,1.4,4.6,8.0,1.45,5.0,9.0,1.41,4.65,7.08,19,1,2019,8,17,10,3,7,Home Win,2019-2020
B1,2019-08-17,Waasland-Beveren,Genk,0,4,A,7.0,16.0,2.0,5.0,14.0,4.0,3.0,3.0,2.0,0.0,0.0,0.0,6.5,4.75,1.36,6.5,5.25,1.44,6.3,4.8,1.4,6.26,5.33,1.44,6.5,5.0,1.4,7.0,5.0,1.4,7.5,5.33,1.44,6.55,4.95,1.4,19,2,2019,8,17,19,7,7,Away Win,2019-2020
B1,2019-08-18,Standard,Mouscron,4,1,H,10.0,2.0,6.0,0.0,8.0,16.0,3.0,4.0,0.0,1.0,0.0,0.0,1.45,4.5,5.25,1.53,4.33,6.25,1.5,4.25,5.6,1.52,4.45,6.46,1.5,4.2,6.0,1.5,4.4,6.0,1.58,4.75,6.46,1.51,4.33,5.83,13,1,2019,8,18,18,11,1,Home Win,2019-2020
B1,2019-08-18,Antwerp,St Truiden,2,0,H,15.0,6.0,4.0,3.0,14.0,13.0,5.0,4.0,0.0,4.0,0.0,1.0,1.45,4.33,5.5,1.55,4.33,6.0,1.5,4.15,5.6,1.54,4.24,6.43,1.5,4.2,6.0,1.5,4.3,6.25,1.58,4.47,6.43,1.52,4.18,5.84,17,1,2019,8,18,1,16,1,Home Win,2019-2020
B1,2019-08-18,Gent,Oostende,2,0,H,11.0,5.0,4.0,2.0,6.0,15.0,5.0,4.0,0.0,1.0,0.0,0.0,1.33,5.5,7.5,1.4,5.25,7.5,1.35,4.95,7.3,1.36,5.33,8.56,1.35,5.0,8.0,1.36,5.0,8.0,1.4,5.5,8.56,1.36,5.1,7.54,19,1,2019,8,18,8,12,1,Home Win,2019-2020
B1,2019-08-19,Waregem,Charleroi,3,1,H,5.0,4.0,3.0,2.0,13.0,15.0,3.0,5.0,2.0,1.0,0.0,0.0,2.8,3.3,2.3,2.9,3.7,2.35,2.75,3.5,2.3,2.88,3.88,2.32,2.8,3.5,2.35,2.8,3.5,2.38,2.9,3.88,2.5,2.79,3.56,2.34,19,1,2019,8,19,20,4,2,Home Win,2019-2020
B1,2019-08-23,Genk,Anderlecht,1,0,H,6.0,8.0,4.0,2.0,8.0,16.0,5.0,10.0,0.0,1.0,0.0,0.0,1.72,3.8,4.5,1.78,3.75,4.2,1.75,3.8,4.1,1.78,4.09,4.32,1.75,3.9,4.2,1.75,3.9,4.3,1.82,4.1,4.5,1.77,3.84,4.16,19,1,2019,8,23,7,0,6,Home Win,2019-2020
B1,2019-08-24,Cercle Brugge,Waasland-Beveren,1,0,H,7.0,10.0,2.0,2.0,13.0,8.0,3.0,7.0,2.0,1.0,0.0,0.0,2.0,3.6,3.5,2.0,3.8,3.3,1.97,3.75,3.25,2.0,3.91,3.58,1.95,3.75,3.4,2.0,3.8,3.4,2.03,3.92,3.58,1.99,3.73,3.38,19,1,2019,8,24,3,19,7,Home Win,2019-2020
B1,2019-08-24,St Truiden,Waregem,0,0,D,13.0,8.0,2.0,2.0,15.0,15.0,5.0,4.0,2.0,1.0,0.0,0.0,2.25,3.5,3.0,2.2,3.5,3.0,2.25,3.65,2.8,2.31,3.8,2.95,2.2,3.75,2.88,2.3,3.7,2.88,2.33,3.92,3.0,2.26,3.64,2.86,19,0,2019,8,24,16,20,7,Draw,2019-2020
B1,2019-08-24,Oostende,Mechelen,2,1,H,13.0,11.0,8.0,6.0,18.0,12.0,6.0,9.0,2.0,3.0,0.0,0.0,3.1,3.5,2.2,2.9,3.6,2.25,3.0,3.5,2.15,3.11,3.71,2.25,3.0,3.5,2.25,3.1,3.6,2.2,3.11,3.75,2.3,3.01,3.54,2.21,19,1,2019,8,24,12,10,7,Home Win,2019-2020
B1,2019-08-25,Standard,Kortrijk,2,1,H,8.0,6.0,5.0,2.0,9.0,18.0,7.0,3.0,2.0,3.0,1.0,0.0,1.5,4.5,5.75,1.55,4.25,5.25,1.5,4.25,5.5,1.51,4.58,6.34,1.5,4.33,6.0,1.5,4.4,6.0,1.55,4.58,6.34,1.51,4.35,5.74,17,1,2019,8,25,18,9,1,Home Win,2019-2020
B1,2019-08-25,Mouscron,Eupen,2,0,H,5.0,6.0,4.0,2.0,17.0,11.0,6.0,6.0,3.0,3.0,0.0,0.0,1.72,3.75,4.5,1.75,3.7,4.4,1.7,3.75,4.4,1.72,3.96,4.88,1.7,3.75,4.6,1.7,3.8,4.8,1.8,3.96,4.88,1.72,3.77,4.52,19,1,2019,8,25,11,6,1,Home Win,2019-2020
B1,2019-08-30,Mechelen,Mouscron,2,2,D,8.0,10.0,4.0,5.0,13.0,16.0,5.0,7.0,1.0,1.0,0.0,0.0,1.95,3.75,3.5,2.0,3.6,3.8,1.95,3.45,3.6,2.05,3.5,3.83,1.78,3.7,4.2,2.0,3.5,3.6,2.06,3.75,4.03,2.0,3.47,3.68,19,0,2019,8,30,10,11,6,Draw,2019-2020
B1,2019-08-31,Eupen,St Truiden,0,2,A,16.0,10.0,6.0,3.0,14.0,7.0,7.0,1.0,2.0,1.0,0.0,0.0,2.3,3.6,2.8,2.3,3.7,2.9,2.25,3.55,2.85,2.26,3.82,3.02,2.25,3.6,2.88,2.25,3.7,2.9,2.32,3.82,3.02,2.25,3.62,2.91,17,2,2019,8,31,6,16,7,Away Win,2019-2020
B1,2019-08-31,Kortrijk,Oostende,2,2,D,6.0,12.0,3.0,3.0,16.0,15.0,7.0,1.0,1.0,1.0,0.0,0.0,2.05,3.6,3.4,2.0,3.8,3.5,1.97,3.65,3.35,2.02,3.98,3.47,2.0,3.75,3.3,2.0,3.75,3.5,2.13,3.98,3.5,1.99,3.71,3.39,19,0,2019,8,31,9,12,7,Draw,2019-2020
B1,2019-08-31,Waasland-Beveren,Charleroi,0,4,A,5.0,7.0,1.0,6.0,18.0,11.0,7.0,4.0,1.0,0.0,0.0,0.0,4.0,3.75,1.83,4.0,3.9,1.85,3.8,3.7,1.83,3.91,4.18,1.85,3.7,3.9,1.83,3.9,3.8,1.85,4.01,4.18,1.9,3.85,3.84,1.84,19,2,2019,8,31,19,4,7,Away Win,2019-2020
B1,2019-09-01,Club Brugge,Genk,1,1,D,10.0,13.0,5.0,3.0,16.0,13.0,6.0,5.0,2.0,4.0,0.0,0.0,1.75,3.75,4.33,1.8,4.0,4.1,1.75,3.8,4.1,1.79,4.08,4.26,1.75,3.8,4.2,1.75,3.9,4.2,1.83,4.08,4.35,1.77,3.86,4.15,13,0,2019,9,1,5,7,1,Draw,2019-2020
B1,2019-09-01,Anderlecht,Standard,1,0,H,10.0,11.0,4.0,5.0,15.0,12.0,1.0,3.0,2.0,2.0,0.0,0.0,2.05,3.6,3.4,2.15,3.5,3.3,2.1,3.55,3.15,2.2,3.6,3.31,2.1,3.5,3.2,2.15,3.6,3.2,2.25,3.72,3.4,2.15,3.52,3.18,17,1,2019,9,1,0,18,1,Home Win,2019-2020
B1,2019-09-01,Gent,Cercle Brugge,3,2,H,17.0,7.0,8.0,3.0,12.0,16.0,4.0,2.0,1.0,4.0,0.0,0.0,1.28,6.0,8.5,1.3,6.0,8.5,1.28,5.6,8.2,1.31,5.8,9.44,1.27,5.5,9.5,1.29,6.0,9.5,1.32,6.0,9.5,1.29,5.75,8.77,19,1,2019,9,1,8,3,1,Home Win,2019-2020
B1,2019-09-01,Waregem,Antwerp,2,0,H,10.0,3.0,4.0,2.0,7.0,16.0,5.0,6.0,0.0,2.0,0.0,0.0,2.7,3.8,2.3,2.75,3.75,2.4,2.65,3.55,2.4,2.75,3.82,2.44,2.7,3.6,2.35,2.7,3.7,2.4,2.85,3.82,2.51,2.68,3.61,2.41,19,1,2019,9,1,20,1,1,Home Win,2019-2020
B1,2019-09-13,Charleroi,Genk,2,1,H,3.0,11.0,3.0,4.0,14.0,8.0,1.0,3.0,6.0,1.0,0.0,0.0,2.7,3.6,2.37,2.9,3.6,2.4,2.7,3.5,2.35,2.8,3.67,2.47,2.75,3.5,2.35,2.75,3.6,2.38,2.9,3.74,2.47,2.77,3.54,2.39,19,1,2019,9,13,4,7,6,Home Win,2019-2020
B1,2019-09-14,Oostende,Standard,1,4,A,4.0,10.0,3.0,8.0,11.0,10.0,2.0,9.0,0.0,2.0,0.0,0.0,4.33,4.2,1.66,4.33,4.33,1.7,4.35,4.0,1.67,4.36,4.4,1.72,4.4,4.0,1.67,4.6,4.1,1.67,4.62,4.4,1.75,4.34,4.11,1.69,17,2,2019,9,14,12,18,7,Away Win,2019-2020
B1,2019-09-14,Eupen,Waregem,1,1,D,9.0,4.0,2.0,2.0,18.0,20.0,5.0,2.0,3.0,2.0,0.0,1.0,2.75,3.75,2.3,2.8,3.7,2.35,2.7,3.6,2.3,2.71,3.83,2.47,2.75,3.7,2.3,2.8,3.75,2.3,3.0,3.9,2.47,2.75,3.66,2.33,19,0,2019,9,14,6,20,7,Draw,2019-2020
B1,2019-09-14,St Truiden,Waasland-Beveren,1,1,D,4.0,12.0,2.0,4.0,12.0,11.0,6.0,9.0,2.0,1.0,0.0,0.0,1.6,4.2,5.0,1.65,4.33,4.75,1.63,4.15,4.5,1.65,4.33,4.99,1.63,4.2,4.5,1.65,4.2,4.6,1.7,4.33,5.0,1.64,4.18,4.64,19,0,2019,9,14,16,19,7,Draw,2019-2020
B1,2019-09-14,Cercle Brugge,Club Brugge,0,2,A,11.0,8.0,4.0,4.0,13.0,6.0,3.0,9.0,1.0,2.0,0.0,0.0,8.5,6.0,1.28,9.0,6.0,1.3,8.6,5.7,1.27,9.03,6.23,1.3,10.0,5.8,1.25,10.5,6.0,1.25,10.5,6.23,1.31,8.96,5.85,1.28,19,2,2019,9,14,3,5,7,Away Win,2019-2020
B1,2019-09-15,Anderlecht,Antwerp,1,2,A,10.0,13.0,2.0,8.0,13.0,13.0,11.0,4.0,4.0,4.0,1.0,0.0,2.0,3.6,3.5,2.0,3.7,3.6,1.97,3.5,3.5,2.03,3.8,3.6,1.95,3.7,3.5,2.0,3.6,3.6,2.11,3.8,3.6,2.0,3.6,3.47,13,2,2019,9,15,0,1,1,Away Win,2019-2020
B1,2019-09-15,Gent,Mechelen,3,0,H,13.0,4.0,9.0,0.0,10.0,9.0,7.0,4.0,1.0,3.0,0.0,0.0,1.5,4.33,6.0,1.5,4.6,6.0,1.5,4.35,5.4,1.51,4.72,6.09,1.47,4.5,6.0,1.5,4.5,5.75,1.54,4.72,6.09,1.5,4.47,5.72,17,1,2019,9,15,8,10,1,Home Win,2019-2020
B1,2019-09-15,Mouscron,Kortrijk,2,0,H,8.0,7.0,4.0,2.0,14.0,16.0,6.0,5.0,3.0,3.0,0.0,1.0,2.1,3.5,3.3,2.15,3.5,3.3,2.1,3.4,3.25,2.21,3.59,3.3,2.15,3.4,3.2,2.1,3.5,3.3,2.22,3.6,3.4,2.13,3.45,3.25,19,1,2019,9,15,11,9,1,Home Win,2019-2020
B1,2019-09-20,Kortrijk,Mechelen,2,3,A,11.0,9.0,7.0,6.0,19.0,18.0,6.0,2.0,0.0,3.0,0.0,0.0,2.4,3.3,2.87,2.3,3.5,3.0,2.3,3.35,2.85,2.33,3.72,2.97,2.3,3.5,2.88,2.3,3.5,2.9,2.4,3.72,3.05,2.31,3.49,2.92,19,2,2019,9,20,9,10,6,Away Win,2019-2020
B1,2019-09-21,Charleroi,St Truiden,0,3,A,12.0,5.0,2.0,5.0,13.0,13.0,12.0,2.0,2.0,3.0,0.0,0.0,1.57,4.0,5.75,1.62,4.0,5.5,1.6,4.0,4.75,1.65,4.18,5.16,1.6,4.0,5.25,1.62,4.1,5.0,1.65,4.28,5.75,1.62,4.02,5.03,17,2,2019,9,21,4,16,7,Away Win,2019-2020
B1,2019-09-21,Antwerp,Cercle Brugge,3,1,H,13.0,5.0,8.0,1.0,14.0,13.0,5.0,2.0,1.0,2.0,0.0,0.0,1.36,4.75,8.0,1.4,5.1,7.0,1.37,4.8,6.9,1.42,5.18,6.98,1.38,4.75,7.5,1.36,4.8,8.0,1.44,5.18,8.35,1.38,4.9,7.2,19,1,2019,9,21,1,3,7,Home Win,2019-2020
B1,2019-09-21,Waasland-Beveren,Mouscron,1,1,D,7.0,6.0,2.0,4.0,11.0,11.0,2.0,4.0,1.0,2.0,0.0,0.0,3.4,3.5,2.05,3.5,3.5,2.1,3.3,3.6,2.0,3.46,3.66,2.11,3.3,3.6,2.05,3.4,3.6,2.05,3.5,3.7,2.16,3.36,3.56,2.06,19,0,2019,9,21,19,11,7,Draw,2019-2020
B1,2019-09-21,Genk,Oostende,3,1,H,14.0,14.0,3.0,5.0,11.0,11.0,8.0,4.0,2.0,2.0,0.0,0.0,1.33,4.75,10.0,1.35,5.25,8.25,1.35,5.1,7.2,1.33,5.53,9.12,1.32,5.25,8.5,1.33,5.25,8.5,1.38,5.53,10.0,1.34,5.17,8.02,19,1,2019,9,21,7,12,7,Home Win,2019-2020
B1,2019-09-22,Standard,Eupen,3,0,H,15.0,4.0,8.0,1.0,9.0,14.0,6.0,3.0,0.0,2.0,0.0,1.0,1.28,5.75,9.0,1.26,6.25,10.5,1.3,5.3,8.6,1.27,5.84,11.94,1.25,5.5,11.0,1.29,5.75,10.0,1.31,6.25,12.0,1.27,5.6,9.98,13,1,2019,9,22,18,6,1,Home Win,2019-2020
B1,2019-09-22,Club Brugge,Anderlecht,2,1,H,17.0,5.0,8.0,4.0,11.0,14.0,8.0,3.0,1.0,2.0,0.0,0.0,1.5,4.33,6.0,1.55,4.4,5.5,1.53,4.35,5.2,1.54,4.69,5.7,1.5,4.5,5.5,1.5,4.5,5.75,1.57,4.75,6.0,1.52,4.46,5.44,17,1,2019,9,22,5,0,1,Home Win,2019-2020
B1,2019-09-22,Waregem,Gent,2,2,D,6.0,13.0,2.0,5.0,11.0,17.0,3.0,2.0,1.0,1.0,0.0,1.0,3.4,3.75,2.0,3.5,3.9,1.95,3.2,3.8,1.97,3.38,4.15,2.01,3.25,4.0,1.95,3.3,3.9,2.0,3.5,4.15,2.08,3.28,3.85,2.0,19,0,2019,9,22,20,8,1,Draw,2019-2020
B1,2019-09-28,Mechelen,Club Brugge,0,5,A,2.0,22.0,0.0,12.0,6.0,19.0,1.0,12.0,2.0,1.0,1.0,0.0,6.0,4.33,1.5,6.0,4.2,1.55,5.8,4.4,1.47,5.9,4.9,1.5,4.8,4.0,1.6,6.25,4.5,1.5,6.3,4.9,1.55,5.88,4.53,1.48,17,2,2019,9,28,10,5,7,Away Win,2019-2020
B1,2019-09-28,Cercle Brugge,Eupen,1,2,A,7.0,7.0,3.0,4.0,22.0,19.0,1.0,2.0,4.0,4.0,1.0,0.0,2.0,3.6,3.25,2.1,3.7,3.3,2.05,3.5,3.25,2.14,3.66,3.39,2.1,3.5,3.1,2.1,3.6,3.3,2.25,3.7,3.39,2.1,3.54,3.25,19,2,2019,9,28,3,6,7,Away Win,2019-2020
B1,2019-09-28,Gent,Kortrijk,2,0,H,13.0,3.0,8.0,2.0,9.0,14.0,2.0,5.0,2.0,0.0,0.0,0.0,1.3,5.5,9.0,1.3,5.75,9.25,1.3,5.2,8.1,1.35,5.69,8.04,1.5,4.33,5.5,1.3,5.5,9.0,1.37,5.75,9.25,1.32,5.4,8.22,19,1,2019,9,28,8,9,7,Home Win,2019-2020
B1,2019-09-28,Mouscron,Waregem,2,2,D,9.0,13.0,4.0,7.0,23.0,13.0,4.0,6.0,3.0,1.0,0.0,0.0,2.15,3.5,2.9,2.35,3.4,3.0,2.25,3.45,2.9,2.26,3.75,3.06,2.3,3.4,2.8,2.25,3.6,3.0,2.38,3.75,3.06,2.24,3.54,2.95,19,0,2019,9,28,11,20,7,Draw,2019-2020
B1,2019-09-28,St Truiden,Genk,3,3,D,8.0,8.0,4.0,4.0,19.0,10.0,10.0,13.0,6.0,1.0,0.0,0.0,4.75,3.8,1.7,4.5,3.8,1.78,4.25,3.8,1.73,4.45,4.12,1.76,4.0,3.75,1.8,4.5,3.9,1.73,4.75,4.12,1.85,4.26,3.88,1.75,19,0,2019,9,28,16,7,7,Draw,2019-2020
B1,2019-09-29,Anderlecht,Waasland-Beveren,0,0,D,12.0,4.0,5.0,2.0,14.0,17.0,7.0,1.0,2.0,3.0,0.0,0.0,1.36,4.75,6.5,1.4,5.0,7.25,1.4,4.65,6.6,1.41,4.83,8.03,1.3,5.0,8.5,1.4,4.75,7.5,1.47,5.0,8.03,1.4,4.75,7.02,13,0,2019,9,29,0,19,1,Draw,2019-2020
B1,2019-09-29,Standard,Charleroi,1,1,D,9.0,10.0,3.0,5.0,13.0,21.0,9.0,2.0,2.0,4.0,0.0,1.0,1.57,4.0,4.75,1.65,4.1,5.0,1.6,3.85,4.95,1.65,4.1,5.35,1.57,4.0,5.0,1.62,4.0,5.2,1.69,4.2,5.35,1.63,3.99,4.92,17,0,2019,9,29,18,4,1,Draw,2019-2020
B1,2019-09-29,Oostende,Antwerp,1,1,D,12.0,7.0,5.0,2.0,14.0,12.0,2.0,5.0,0.0,0.0,0.0,0.0,3.8,3.8,1.75,3.8,3.8,1.9,3.85,3.75,1.8,4.12,3.93,1.86,3.75,3.7,1.83,4.0,3.8,1.83,4.12,4.0,1.9,3.85,3.8,1.84,19,0,2019,9,29,12,1,1,Draw,2019-2020
B1,2019-10-04,Charleroi,Anderlecht,1,2,A,11.0,11.0,3.0,6.0,23.0,17.0,4.0,4.0,2.0,5.0,0.0,0.0,2.37,3.3,2.87,2.5,3.4,2.9,2.4,3.35,2.75,2.45,3.63,2.85,2.4,3.5,2.7,2.45,3.4,2.8,2.56,3.63,2.9,2.43,3.42,2.78,19,2,2019,10,4,4,0,6,Away Win,2019-2020
B1,2019-10-05,Eupen,Mechelen,0,2,A,13.0,10.0,5.0,4.0,10.0,11.0,10.0,6.0,1.0,5.0,0.0,1.0,2.7,3.4,2.5,2.65,3.5,2.6,2.6,3.4,2.5,2.62,3.58,2.68,2.6,3.4,2.55,2.63,3.4,2.6,2.8,3.58,2.68,2.59,3.45,2.57,17,2,2019,10,5,6,10,7,Away Win,2019-2020
B1,2019-10-05,Waasland-Beveren,Oostende,3,1,H,14.0,7.0,8.0,5.0,16.0,16.0,8.0,1.0,1.0,3.0,0.0,0.0,2.5,3.3,2.75,2.5,3.6,2.7,2.4,3.55,2.6,2.43,3.92,2.72,2.4,3.7,2.6,2.45,3.7,2.63,2.55,3.92,2.75,2.43,3.66,2.63,19,1,2019,10,5,19,12,7,Home Win,2019-2020
B1,2019-10-05,Waregem,Cercle Brugge,6,0,H,11.0,8.0,7.0,3.0,8.0,17.0,4.0,7.0,1.0,3.0,0.0,0.0,1.6,4.0,5.5,1.62,4.1,5.25,1.6,4.15,4.65,1.61,4.4,5.29,1.6,4.2,4.8,1.6,4.3,5.0,1.64,4.45,5.6,1.59,4.22,4.99,19,1,2019,10,5,20,3,7,Home Win,2019-2020
B1,2019-10-05,Kortrijk,St Truiden,4,0,H,16.0,6.0,9.0,0.0,16.0,12.0,3.0,2.0,3.0,2.0,0.0,1.0,1.83,3.6,4.0,1.85,3.75,4.1,1.83,3.85,3.7,1.85,4.14,3.96,1.83,3.9,3.7,1.83,3.9,3.9,1.9,4.2,4.1,1.84,3.9,3.78,19,1,2019,10,5,9,16,7,Home Win,2019-2020
B1,2019-10-06,Club Brugge,Gent,4,0,H,11.0,15.0,7.0,8.0,16.0,9.0,5.0,5.0,4.0,3.0,0.0,0.0,1.6,4.0,5.25,1.65,4.1,5.0,1.6,4.15,4.55,1.6,4.53,5.16,1.6,4.2,4.8,1.6,4.3,5.0,1.67,4.53,5.4,1.6,4.23,4.87,13,1,2019,10,6,5,8,1,Home Win,2019-2020
B1,2019-10-06,Antwerp,Standard,2,2,D,14.0,9.0,5.0,3.0,15.0,19.0,5.0,4.0,3.0,2.0,0.0,0.0,2.15,3.4,3.25,2.25,3.7,3.0,2.15,3.5,3.05,2.24,3.79,3.08,2.2,3.6,3.0,2.2,3.6,3.1,2.26,3.8,3.25,2.17,3.61,3.05,17,0,2019,10,6,1,18,1,Draw,2019-2020
B1,2019-10-06,Genk,Mouscron,2,1,H,12.0,7.0,6.0,3.0,12.0,12.0,1.0,4.0,1.0,2.0,0.0,0.0,1.45,4.33,6.0,1.48,4.75,6.25,1.5,4.3,5.4,1.55,4.43,5.9,1.5,4.33,5.8,1.5,4.4,6.0,1.56,4.75,6.25,1.51,4.38,5.66,19,1,2019,10,6,7,11,1,Home Win,2019-2020
B1,2019-10-18,Mouscron,Club Brugge,0,1,A,5.0,11.0,1.0,6.0,13.0,15.0,4.0,5.0,0.0,1.0,0.0,0.0,7.0,4.75,1.4,7.0,5.0,1.44,7.0,4.0,1.45,6.77,5.02,1.44,7.0,5.0,1.38,7.0,4.8,1.4,7.0,5.02,1.46,6.59,4.76,1.43,19,2,2019,10,18,11,5,6,Away Win,2019-2020
B1,2019-10-19,Standard,Genk,1,0,H,10.0,7.0,4.0,2.0,11.0,10.0,4.0,6.0,2.0,1.0,0.0,0.0,2.1,3.75,3.1,2.3,3.3,3.2,2.5,3.95,2.25,2.25,3.83,3.03,2.2,3.6,3.0,2.15,3.75,3.0,2.5,3.95,3.2,2.21,3.64,2.96,17,1,2019,10,19,18,7,7,Home Win,2019-2020
B1,2019-10-19,Kortrijk,Waregem,2,0,H,9.0,7.0,7.0,3.0,10.0,8.0,11.0,5.0,1.0,4.0,0.0,1.0,2.1,3.8,3.1,2.2,3.9,2.95,2.1,3.7,3.0,2.19,4.04,3.03,2.1,3.8,3.0,2.1,3.8,3.1,2.22,4.04,3.2,2.14,3.81,2.99,19,1,2019,10,19,9,20,7,Home Win,2019-2020
B1,2019-10-19,Oostende,Eupen,2,3,A,10.0,10.0,5.0,5.0,8.0,19.0,11.0,5.0,1.0,3.0,0.0,1.0,2.0,3.6,3.4,2.05,3.7,3.4,2.05,3.55,3.2,2.06,3.89,3.42,2.05,3.7,3.2,2.05,3.6,3.4,2.13,3.89,3.42,2.05,3.66,3.29,19,2,2019,10,19,12,6,7,Away Win,2019-2020
B1,2019-10-19,Gent,Waasland-Beveren,2,0,H,11.0,9.0,9.0,2.0,14.0,8.0,8.0,1.0,1.0,2.0,0.0,0.0,1.18,8.0,11.0,1.22,7.0,12.0,1.2,6.7,11.5,1.2,6.99,13.69,1.18,7.0,13.0,1.17,7.5,15.0,1.22,8.0,15.0,1.19,6.93,12.58,19,1,2019,10,19,8,19,7,Home Win,2019-2020
B1,2019-10-20,Mechelen,Antwerp,3,1,H,9.0,8.0,7.0,3.0,12.0,14.0,6.0,1.0,3.0,3.0,0.0,0.0,3.6,3.6,1.95,3.5,3.8,2.0,3.3,3.5,2.0,3.54,3.84,2.04,3.4,3.6,2.0,3.4,3.6,2.05,3.6,3.84,2.15,3.39,3.63,2.02,13,1,2019,10,20,10,1,1,Home Win,2019-2020
B1,2019-10-20,Anderlecht,St Truiden,4,1,H,11.0,8.0,8.0,3.0,10.0,14.0,3.0,3.0,1.0,2.0,0.0,0.0,1.4,4.75,7.0,1.48,4.75,6.25,1.42,4.6,6.3,1.47,4.78,6.64,1.4,4.6,7.0,1.4,4.75,7.5,1.48,4.9,7.5,1.43,4.65,6.5,17,1,2019,10,20,0,16,1,Home Win,2019-2020
B1,2019-10-20,Cercle Brugge,Charleroi,0,3,A,10.0,9.0,4.0,7.0,13.0,12.0,10.0,2.0,2.0,2.0,0.0,0.0,3.5,3.8,1.95,3.8,3.6,1.95,3.5,3.5,1.95,3.58,3.84,2.02,3.6,3.6,1.95,3.6,3.7,1.95,3.8,3.84,2.03,3.53,3.64,1.97,19,2,2019,10,20,3,4,1,Away Win,2019-2020
B1,2019-10-25,Eupen,Anderlecht,0,0,D,10.0,8.0,7.0,2.0,15.0,12.0,3.0,4.0,4.0,0.0,0.0,0.0,4.2,3.3,1.9,4.0,3.6,1.91,3.7,3.5,1.9,3.89,3.84,1.93,3.9,3.6,1.85,3.75,3.7,1.91,4.2,3.84,2.0,3.81,3.62,1.91,19,0,2019,10,25,6,0,6,Draw,2019-2020
B1,2019-10-26,Charleroi,Mouscron,1,0,H,9.0,9.0,5.0,3.0,11.0,16.0,1.0,10.0,2.0,2.0,0.0,0.0,1.9,3.4,4.0,1.95,3.7,3.7,1.93,3.35,3.85,1.96,3.75,3.91,1.95,3.5,3.7,1.93,3.5,3.9,2.01,3.75,4.0,1.94,3.51,3.79,17,1,2019,10,26,4,11,7,Home Win,2019-2020
B1,2019-10-26,Antwerp,Kortrijk,3,1,H,14.0,7.0,7.0,3.0,8.0,12.0,6.0,4.0,1.0,1.0,0.0,0.0,1.4,4.5,7.5,1.45,4.4,7.25,1.47,4.3,5.9,1.49,4.47,6.88,1.4,4.6,7.0,1.5,4.5,6.25,1.5,4.65,7.5,1.47,4.38,6.41,19,1,2019,10,26,1,9,7,Home Win,2019-2020
B1,2019-10-26,Waregem,Oostende,2,0,H,7.0,5.0,2.0,4.0,12.0,18.0,4.0,2.0,0.0,1.0,0.0,0.0,1.75,4.0,4.0,1.83,4.1,3.9,1.8,3.85,3.75,1.88,4.01,3.91,1.75,4.0,4.0,1.85,4.0,3.7,1.91,4.2,4.0,1.83,3.92,3.79,19,1,2019,10,26,20,12,7,Home Win,2019-2020
B1,2019-10-26,Genk,Cercle Brugge,1,0,H,13.0,11.0,6.0,4.0,7.0,16.0,8.0,4.0,0.0,2.0,0.0,0.0,1.16,7.0,15.0,1.18,7.5,15.0,1.18,6.8,12.0,1.17,7.4,16.47,1.18,6.5,15.0,1.18,7.0,15.0,1.22,7.5,16.47,1.18,7.06,13.65,19,1,2019,10,26,7,3,7,Home Win,2019-2020
B1,2019-10-27,Club Brugge,Standard,1,1,D,9.0,6.0,3.0,2.0,8.0,12.0,5.0,5.0,1.0,2.0,0.0,0.0,1.45,4.2,6.5,1.48,4.4,7.0,1.47,4.3,6.0,1.48,4.36,7.46,1.4,4.75,7.0,1.45,4.5,7.0,1.5,4.6,7.5,1.46,4.35,6.7,13,0,2019,10,27,5,18,1,Draw,2019-2020
B1,2019-10-27,St Truiden,Gent,0,0,D,8.0,19.0,3.0,6.0,10.0,14.0,4.0,11.0,0.0,1.0,0.0,0.0,6.0,4.0,1.55,5.75,4.1,1.57,5.0,4.25,1.55,5.28,4.67,1.57,5.0,4.4,1.55,5.5,4.4,1.53,6.0,4.7,1.64,5.15,4.33,1.56,17,0,2019,10,27,16,8,1,Draw,2019-2020
B1,2019-10-27,Waasland-Beveren,Mechelen,1,3,A,8.0,7.0,5.0,2.0,15.0,20.0,10.0,4.0,2.0,1.0,0.0,0.0,3.4,3.5,2.05,3.1,3.5,2.25,3.0,3.45,2.15,3.19,3.7,2.22,3.1,3.6,2.15,3.1,3.6,2.2,3.4,3.75,2.25,3.09,3.53,2.18,19,2,2019,10,27,19,10,1,Away Win,2019-2020
B1,2019-10-29,Cercle Brugge,Mouscron,2,2,D,10.0,4.0,7.0,3.0,19.0,19.0,4.0,5.0,2.0,4.0,0.0,0.0,2.8,3.6,2.3,3.0,3.5,2.3,2.85,3.45,2.3,2.94,3.67,2.37,3.1,3.5,2.15,2.8,3.6,2.38,3.05,3.7,2.38,2.89,3.53,2.31,19,0,2019,10,29,3,11,3,Draw,2019-2020
B1,2019-10-29,Kortrijk,Eupen,1,2,A,7.0,7.0,2.0,5.0,16.0,16.0,6.0,2.0,1.0,4.0,0.0,0.0,1.85,4.0,3.6,1.87,3.9,3.9,1.8,3.65,3.95,1.85,3.87,4.25,1.83,3.7,3.9,1.8,3.8,4.1,1.89,4.0,4.4,1.82,3.74,4.06,19,2,2019,10,29,9,6,3,Away Win,2019-2020
B1,2019-10-29,Oostende,Charleroi,0,1,A,8.0,7.0,5.0,3.0,15.0,13.0,6.0,5.0,2.0,1.0,0.0,1.0,3.25,3.4,2.2,3.1,3.5,2.25,3.0,3.45,2.2,3.08,3.65,2.29,3.0,3.6,2.2,3.1,3.5,2.2,3.25,3.7,2.29,3.05,3.53,2.21,19,2,2019,10,29,12,4,3,Away Win,2019-2020
B1,2019-10-30,Genk,Antwerp,2,2,D,11.0,13.0,7.0,6.0,13.0,21.0,7.0,5.0,0.0,4.0,0.0,1.0,1.95,3.6,3.6,2.0,3.6,3.7,2.0,3.45,3.45,2.03,3.66,3.74,2.05,3.5,3.4,2.05,3.6,3.4,2.09,3.72,3.75,2.0,3.53,3.52,19,0,2019,10,30,7,1,4,Draw,2019-2020
B1,2019-10-30,Mechelen,St Truiden,1,2,A,15.0,10.0,5.0,4.0,15.0,14.0,3.0,7.0,1.0,3.0,0.0,0.0,1.75,4.0,4.2,1.75,4.2,4.2,1.77,3.85,3.95,1.78,4.28,4.16,1.75,3.9,4.2,1.75,4.1,4.1,1.83,4.28,4.2,1.76,4.01,4.02,19,2,2019,10,30,10,16,4,Away Win,2019-2020
B1,2019-10-30,Standard,Waasland-Beveren,2,0,H,15.0,3.0,8.0,2.0,8.0,17.0,11.0,1.0,1.0,2.0,0.0,0.0,1.2,6.5,11.0,1.22,6.25,13.5,1.25,5.7,10.0,1.23,6.27,14.89,1.22,5.8,13.0,1.22,6.25,12.0,1.26,6.5,14.89,1.22,6.08,11.98,19,1,2019,10,30,18,19,4,Home Win,2019-2020
B1,2019-10-30,Waregem,Club Brugge,0,2,A,5.0,13.0,2.0,5.0,10.0,13.0,6.0,8.0,1.0,2.0,0.0,0.0,5.75,4.5,1.45,6.25,4.75,1.48,5.5,4.6,1.47,5.98,4.98,1.49,6.0,4.75,1.44,6.25,4.75,1.45,6.4,4.98,1.52,5.82,4.65,1.47,19,2,2019,10,30,20,5,4,Away Win,2019-2020
B1,2019-10-31,Anderlecht,Gent,3,3,D,10.0,13.0,8.0,7.0,18.0,19.0,4.0,5.0,1.0,2.0,0.0,0.0,2.75,3.6,2.37,2.75,3.6,2.45,2.7,3.45,2.4,2.83,3.68,2.44,2.7,3.5,2.4,2.75,3.6,2.4,2.83,3.68,2.5,2.72,3.51,2.41,19,0,2019,10,31,0,8,5,Draw,2019-2020
B1,2019-11-02,Eupen,Genk,2,0,H,6.0,7.0,2.0,3.0,12.0,13.0,5.0,5.0,0.0,1.0,0.0,0.0,4.33,3.6,1.8,4.4,3.6,1.83,4.0,3.55,1.83,4.5,3.83,1.81,4.33,3.6,1.78,4.1,3.7,1.83,4.5,3.83,1.86,4.17,3.64,1.82,17,1,2019,11,2,6,7,7,Home Win,2019-2020
B1,2019-11-02,Mouscron,Antwerp,3,1,H,8.0,8.0,6.0,6.0,18.0,14.0,5.0,5.0,3.0,1.0,0.0,0.0,3.8,3.6,1.9,3.6,3.7,2.0,3.55,3.5,1.95,3.61,3.79,2.03,3.6,3.6,1.95,3.7,3.6,1.95,3.8,3.79,2.05,3.55,3.6,1.97,19,1,2019,11,2,11,1,7,Home Win,2019-2020
B1,2019-11-02,St Truiden,Oostende,1,0,H,5.0,10.0,2.0,6.0,9.0,16.0,4.0,6.0,1.0,3.0,0.0,0.0,1.95,3.8,3.25,2.05,3.9,3.3,2.0,3.7,3.15,2.12,3.82,3.31,2.05,3.7,3.2,2.05,3.8,3.25,2.12,3.92,3.4,2.05,3.74,3.21,19,1,2019,11,2,16,12,7,Home Win,2019-2020
B1,2019-11-02,Waasland-Beveren,Waregem,1,2,A,13.0,9.0,5.0,6.0,13.0,8.0,7.0,4.0,2.0,2.0,0.0,0.0,2.9,3.75,2.2,3.1,3.8,2.15,2.9,3.6,2.2,3.14,3.65,2.26,3.0,3.6,2.2,2.88,3.7,2.25,3.14,3.8,2.33,2.99,3.59,2.21,19,2,2019,11,2,19,20,7,Away Win,2019-2020
B1,2019-11-02,Club Brugge,Kortrijk,3,0,H,15.0,4.0,8.0,1.0,7.0,22.0,5.0,4.0,0.0,4.0,0.0,0.0,1.16,7.0,15.0,1.18,7.5,14.5,1.2,6.6,11.0,1.2,7.27,13.76,1.18,6.5,15.0,1.18,7.0,15.0,1.23,7.5,15.0,1.19,6.95,12.4,19,1,2019,11,2,5,9,7,Home Win,2019-2020
B1,2019-11-03,Anderlecht,Cercle Brugge,2,1,H,15.0,8.0,13.0,5.0,7.0,16.0,12.0,6.0,1.0,3.0,0.0,0.0,1.36,5.25,7.5,1.42,5.0,7.0,1.38,4.85,6.7,1.38,5.24,7.79,1.35,5.0,7.5,1.36,5.2,7.5,1.42,5.25,7.79,1.38,5.02,7.17,13,1,2019,11,3,0,3,1,Home Win,2019-2020
B1,2019-11-03,Gent,Standard,3,1,H,11.0,14.0,3.0,4.0,13.0,22.0,5.0,4.0,3.0,5.0,1.0,1.0,1.75,4.0,4.0,1.78,4.1,4.1,1.83,3.8,3.7,1.88,3.91,4.02,1.8,3.9,3.9,1.83,4.0,3.8,1.89,4.1,4.1,1.83,3.85,3.86,17,1,2019,11,3,8,18,1,Home Win,2019-2020
B1,2019-11-03,Mechelen,Charleroi,2,2,D,11.0,9.0,5.0,7.0,17.0,19.0,8.0,4.0,2.0,0.0,0.0,0.0,2.3,3.6,2.8,2.35,3.7,2.85,2.35,3.5,2.75,2.44,3.59,2.88,2.35,3.5,2.8,2.38,3.5,2.8,2.44,3.7,2.9,2.36,3.51,2.79,19,0,2019,11,3,10,4,1,Draw,2019-2020
B1,2019-11-08,Waregem,Anderlecht,1,2,A,11.0,6.0,6.0,5.0,9.0,14.0,5.0,2.0,2.0,1.0,0.0,0.0,3.0,3.75,2.2,3.0,3.6,2.3,2.95,3.4,2.25,3.09,3.59,2.31,2.9,3.6,2.25,2.9,3.6,2.3,3.1,3.75,2.33,2.97,3.5,2.26,19,2,2019,11,8,20,0,6,Away Win,2019-2020
B1,2019-11-09,Charleroi,Eupen,1,0,H,13.0,8.0,7.0,3.0,8.0,9.0,6.0,9.0,0.0,1.0,0.0,0.0,1.75,3.75,4.33,1.8,3.75,4.4,1.77,3.55,4.3,1.81,3.65,4.73,1.75,3.6,4.5,1.75,3.7,4.5,1.85,3.75,4.73,1.79,3.59,4.35,17,1,2019,11,9,4,6,7,Home Win,2019-2020
B1,2019-11-09,Cercle Brugge,St Truiden,2,1,H,16.0,12.0,8.0,4.0,14.0,7.0,10.0,7.0,1.0,2.0,0.0,0.0,2.37,3.6,2.75,2.45,3.6,2.75,2.45,3.45,2.6,2.47,3.7,2.78,2.38,3.6,2.7,2.45,3.6,2.7,2.51,3.75,2.78,2.44,3.52,2.68,19,1,2019,11,9,3,16,7,Home Win,2019-2020
B1,2019-11-09,Kortrijk,Waasland-Beveren,1,3,A,9.0,7.0,4.0,6.0,19.0,14.0,5.0,5.0,1.0,4.0,0.0,0.0,1.6,4.33,4.75,1.62,4.1,5.25,1.63,3.9,4.85,1.66,3.99,5.44,1.62,4.0,5.0,1.62,4.1,5.0,1.69,4.33,5.44,1.63,3.95,4.97,19,2,2019,11,9,9,19,7,Away Win,2019-2020
B1,2019-11-09,Oostende,Mouscron,2,2,D,7.0,14.0,5.0,7.0,10.0,15.0,3.0,7.0,1.0,1.0,0.0,0.0,2.6,3.6,2.5,2.65,3.4,2.65,2.5,3.3,2.6,2.58,3.54,2.75,2.5,3.5,2.62,2.55,3.5,2.63,2.65,3.6,2.75,2.52,3.4,2.65,19,0,2019,11,9,12,11,7,Draw,2019-2020
B1,2019-11-10,Antwerp,Club Brugge,2,1,H,9.0,7.0,3.0,4.0,16.0,19.0,4.0,9.0,6.0,3.0,0.0,0.0,3.5,3.6,2.0,3.5,3.6,2.05,3.25,3.5,2.05,3.53,3.83,2.04,3.25,3.6,2.05,3.4,3.6,2.05,3.53,3.83,2.1,3.36,3.58,2.04,13,1,2019,11,10,1,5,1,Home Win,2019-2020
B1,2019-11-10,Genk,Gent,0,2,A,10.0,8.0,7.0,7.0,19.0,11.0,6.0,2.0,3.0,0.0,0.0,0.0,2.37,3.6,2.7,2.4,3.5,2.85,2.35,3.45,2.75,2.39,3.66,2.91,2.3,3.6,2.8,2.38,3.6,2.8,2.45,3.74,2.91,2.37,3.5,2.78,17,2,2019,11,10,7,8,1,Away Win,2019-2020
B1,2019-11-10,Standard,Mechelen,1,2,A,12.0,6.0,3.0,3.0,14.0,15.0,8.0,2.0,1.0,2.0,0.0,0.0,1.57,4.0,5.5,1.6,4.25,5.25,1.6,3.95,5.0,1.61,4.44,5.22,1.62,4.0,5.0,1.62,4.0,5.25,1.66,4.44,5.5,1.6,4.12,5.08,19,2,2019,11,10,18,10,1,Away Win,2019-2020
B1,2019-11-21,Antwerp,Gent,3,2,H,10.0,12.0,6.0,5.0,20.0,11.0,4.0,4.0,4.0,5.0,0.0,0.0,2.8,3.4,2.4,2.7,3.6,2.5,2.65,3.5,2.4,2.78,3.71,2.46,2.62,3.6,2.45,2.7,3.6,2.45,2.8,3.74,2.52,2.69,3.54,2.43,19,1,2019,11,21,1,8,5,Home Win,2019-2020
B1,2019-11-22,Club Brugge,Oostende,2,0,H,17.0,4.0,8.0,2.0,7.0,6.0,9.0,2.0,1.0,0.0,0.0,1.0,1.16,7.5,13.0,1.19,7.5,14.5,1.15,7.2,14.5,1.14,8.24,19.02,1.15,7.0,17.0,1.15,7.5,17.0,1.19,8.6,19.02,1.16,7.53,15.34,19,1,2019,11,22,5,12,6,Home Win,2019-2020
B1,2019-11-23,Eupen,Standard,1,2,A,5.0,15.0,2.0,4.0,19.0,12.0,3.0,2.0,3.0,0.0,0.0,0.0,4.5,3.6,1.8,3.9,3.9,1.87,4.0,3.6,1.8,4.17,3.91,1.85,3.5,3.5,2.0,4.2,3.7,1.8,4.5,3.91,1.9,4.01,3.7,1.83,17,2,2019,11,23,6,18,7,Away Win,2019-2020
B1,2019-11-23,Mechelen,Waregem,0,2,A,10.0,15.0,4.0,6.0,12.0,17.0,1.0,6.0,2.0,3.0,0.0,0.0,1.8,3.75,4.2,1.83,3.8,4.1,1.8,3.75,3.75,1.83,4.01,3.9,1.88,3.75,3.7,1.83,3.8,4.0,1.9,4.06,4.2,1.83,3.84,3.85,19,2,2019,11,23,10,20,7,Away Win,2019-2020
B1,2019-11-23,Waasland-Beveren,Cercle Brugge,1,1,D,6.0,8.0,3.0,7.0,14.0,20.0,2.0,3.0,2.0,3.0,0.0,0.0,2.25,3.4,3.1,2.25,3.7,3.0,2.2,3.45,2.9,2.34,3.59,3.03,2.15,3.5,3.1,2.25,3.6,3.0,2.34,3.74,3.1,2.26,3.5,2.96,19,0,2019,11,23,19,3,7,Draw,2019-2020
B1,2019-11-23,Mouscron,Genk,2,2,D,3.0,6.0,2.0,3.0,14.0,10.0,6.0,7.0,1.0,0.0,0.0,0.0,3.6,3.5,2.0,3.5,3.6,2.05,3.5,3.35,2.0,3.67,3.66,2.04,3.4,3.5,2.05,3.5,3.5,2.05,3.67,3.66,2.11,3.49,3.47,2.03,19,0,2019,11,23,11,7,7,Draw,2019-2020
B1,2019-11-24,Gent,Antwerp,1,1,D,9.0,10.0,3.0,4.0,15.0,18.0,5.0,2.0,1.0,6.0,0.0,0.0,1.95,3.5,3.75,1.95,3.8,3.6,1.93,3.6,3.5,1.96,3.78,3.87,1.88,3.7,3.75,1.95,3.7,3.6,1.98,3.9,3.87,1.93,3.66,3.62,13,0,2019,11,24,8,1,1,Draw,2019-2020
B1,2019-11-24,Anderlecht,Kortrijk,0,0,D,19.0,3.0,7.0,3.0,8.0,19.0,9.0,2.0,1.0,3.0,0.0,0.0,1.53,4.2,5.75,1.65,4.1,5.0,1.57,4.0,5.1,1.59,4.29,5.66,1.55,4.2,5.5,1.57,4.2,5.5,1.67,4.3,5.75,1.58,4.11,5.21,17,0,2019,11,24,0,9,1,Draw,2019-2020
B1,2019-11-24,St Truiden,Charleroi,1,3,A,7.0,17.0,2.0,7.0,11.0,21.0,6.0,10.0,2.0,0.0,0.0,0.0,2.7,3.4,2.5,2.75,3.5,2.5,2.75,3.3,2.4,2.94,3.43,2.48,2.8,3.4,2.38,2.8,3.4,2.45,2.94,3.67,2.51,2.79,3.35,2.44,19,2,2019,11,24,16,4,1,Away Win,2019-2020
B1,2019-11-29,Antwerp,Mechelen,1,0,H,14.0,5.0,7.0,3.0,13.0,15.0,6.0,3.0,1.0,1.0,0.0,0.0,1.53,4.33,5.5,1.55,4.6,5.25,1.55,4.15,5.3,1.55,4.49,5.73,1.5,4.33,5.8,1.57,4.3,5.25,1.59,4.6,6.0,1.55,4.31,5.41,19,1,2019,11,29,1,10,6,Home Win,2019-2020
B1,2019-11-30,Club Brugge,Mouscron,1,0,H,9.0,6.0,4.0,1.0,8.0,11.0,9.0,1.0,0.0,2.0,0.0,0.0,1.12,8.0,19.0,1.17,7.5,16.5,1.15,7.1,15.0,1.17,7.49,16.24,1.14,7.5,17.0,1.14,7.5,18.0,1.21,8.0,19.0,1.16,7.2,15.52,17,1,2019,11,30,5,11,7,Home Win,2019-2020
B1,2019-11-30,Charleroi,Waasland-Beveren,2,0,H,11.0,7.0,6.0,0.0,18.0,9.0,6.0,2.0,1.0,2.0,0.0,0.0,1.4,4.5,8.0,1.48,4.5,6.75,1.43,4.35,6.6,1.45,4.62,7.54,1.42,4.33,7.5,1.4,4.5,7.5,1.51,4.62,8.0,1.44,4.41,6.84,19,1,2019,11,30,4,19,7,Home Win,2019-2020
B1,2019-11-30,Waregem,Eupen,1,0,H,10.0,7.0,6.0,2.0,11.0,22.0,4.0,4.0,2.0,2.0,0.0,0.0,2.0,3.5,3.6,2.0,3.7,3.6,2.0,3.55,3.35,2.03,3.77,3.64,2.0,3.6,3.5,2.0,3.6,3.5,2.12,3.77,3.65,2.0,3.59,3.44,19,1,2019,11,30,20,6,7,Home Win,2019-2020
B1,2019-11-30,Genk,St Truiden,1,2,A,20.0,6.0,8.0,3.0,7.0,14.0,12.0,1.0,1.0,1.0,0.0,0.0,1.33,4.75,9.0,1.34,5.25,8.75,1.35,4.9,7.6,1.36,5.32,8.56,1.33,5.0,8.5,1.33,5.0,8.5,1.41,5.32,9.0,1.35,5.01,7.97,19,2,2019,11,30,7,16,7,Away Win,2019-2020
B1,2019-12-01,Oostende,Anderlecht,3,2,H,10.0,7.0,5.0,5.0,12.0,9.0,4.0,8.0,2.0,2.0,0.0,0.0,4.0,3.5,1.9,3.8,3.7,1.95,3.8,3.65,1.85,4.0,3.88,1.9,3.75,3.75,1.85,4.0,3.7,1.87,4.0,3.88,1.96,3.81,3.68,1.88,13,1,2019,12,1,12,0,1,Home Win,2019-2020
B1,2019-12-01,Standard,Cercle Brugge,2,1,H,14.0,15.0,11.0,8.0,13.0,17.0,3.0,4.0,1.0,4.0,0.0,0.0,1.33,5.0,9.0,1.34,5.25,8.75,1.35,5.0,7.2,1.32,5.51,9.78,1.3,5.25,9.0,1.33,5.2,8.5,1.37,5.51,9.78,1.33,5.21,8.25,17,1,2019,12,1,18,3,1,Home Win,2019-2020
B1,2019-12-01,Kortrijk,Gent,0,2,A,7.0,11.0,4.0,6.0,16.0,15.0,6.0,5.0,3.0,3.0,0.0,0.0,3.8,3.8,1.85,4.0,3.9,1.85,3.85,3.9,1.77,4.03,4.21,1.81,3.9,4.0,1.78,4.0,3.9,1.8,4.03,4.21,1.85,3.88,3.95,1.8,19,2,2019,12,1,9,8,1,Away Win,2019-2020
B1,2019-12-06,Waasland-Beveren,Antwerp,0,4,A,4.0,9.0,0.0,6.0,22.0,13.0,6.0,2.0,1.0,1.0,0.0,0.0,6.0,4.0,1.53,6.0,4.2,1.55,5.7,4.15,1.5,6.17,4.44,1.53,5.8,4.0,1.53,6.25,4.3,1.5,6.41,4.44,1.6,5.85,4.24,1.52,19,2,2019,12,6,19,1,6,Away Win,2019-2020
B1,2019-12-07,Mechelen,Kortrijk,1,1,D,9.0,6.0,4.0,4.0,13.0,19.0,7.0,5.0,0.0,3.0,0.0,0.0,1.9,3.75,3.75,2.0,3.8,3.5,1.95,3.65,3.45,1.96,4.04,3.62,1.95,3.75,3.4,1.95,3.75,3.6,2.01,4.04,3.75,1.95,3.77,3.48,17,0,2019,12,7,10,9,7,Draw,2019-2020
B1,2019-12-07,Cercle Brugge,Genk,1,2,A,16.0,10.0,9.0,5.0,13.0,13.0,3.0,3.0,1.0,3.0,0.0,0.0,5.0,4.0,1.61,4.4,4.0,1.75,4.4,3.9,1.67,4.54,4.14,1.74,4.5,4.0,1.67,4.75,4.0,1.67,5.0,4.2,1.75,4.39,3.98,1.7,19,2,2019,12,7,3,7,7,Away Win,2019-2020
B1,2019-12-07,Gent,Waregem,2,0,H,12.0,10.0,6.0,4.0,14.0,16.0,5.0,5.0,2.0,1.0,0.0,0.0,1.33,5.0,9.0,1.35,5.0,9.0,1.35,5.2,7.1,1.34,5.48,8.64,1.3,5.25,9.0,1.33,5.25,8.5,1.38,5.5,9.0,1.34,5.2,7.83,19,1,2019,12,7,8,20,7,Home Win,2019-2020
B1,2019-12-07,St Truiden,Club Brugge,1,2,A,7.0,8.0,2.0,3.0,15.0,20.0,2.0,6.0,3.0,4.0,0.0,0.0,9.5,4.75,1.33,9.5,4.75,1.36,7.7,5.0,1.33,8.41,5.41,1.35,8.5,5.0,1.33,8.5,5.2,1.33,9.5,5.41,1.4,7.98,5.06,1.34,19,2,2019,12,7,16,5,7,Away Win,2019-2020
B1,2019-12-08,Mouscron,Standard,2,2,D,11.0,11.0,5.0,5.0,15.0,10.0,7.0,5.0,2.0,0.0,0.0,2.0,4.5,3.75,1.75,4.4,3.75,1.8,4.35,3.65,1.75,4.38,4.12,1.77,4.2,3.9,1.73,4.5,3.75,1.75,4.5,4.12,1.85,4.31,3.78,1.75,13,0,2019,12,8,11,18,1,Draw,2019-2020
B1,2019-12-08,Anderlecht,Charleroi,0,0,D,9.0,8.0,3.0,3.0,11.0,20.0,8.0,5.0,0.0,3.0,0.0,0.0,1.85,3.6,4.0,1.91,3.7,3.9,1.85,3.5,3.9,1.89,3.77,4.16,1.83,3.6,4.0,1.85,3.6,4.1,1.92,3.77,4.16,1.87,3.6,3.92,17,0,2019,12,8,0,4,1,Draw,2019-2020
B1,2019-12-08,Eupen,Oostende,1,0,H,10.0,11.0,2.0,5.0,15.0,10.0,6.0,8.0,0.0,1.0,0.0,0.0,2.0,3.6,3.4,2.0,3.6,3.7,2.05,3.45,3.35,2.09,3.6,3.59,2.05,3.5,3.4,2.05,3.6,3.4,2.09,3.7,3.7,2.03,3.51,3.43,19,1,2019,12,8,6,12,1,Home Win,2019-2020
B1,2019-12-13,Kortrijk,Mouscron,1,2,A,12.0,7.0,7.0,3.0,16.0,18.0,8.0,3.0,1.0,2.0,0.0,0.0,1.9,3.8,3.8,1.95,3.6,3.8,1.9,3.5,3.65,1.99,3.76,3.71,2.0,3.6,3.4,1.93,3.7,3.7,1.99,3.85,3.85,1.93,3.65,3.68,19,2,2019,12,13,9,11,6,Away Win,2019-2020
B1,2019-12-14,Antwerp,Eupen,1,0,H,7.0,3.0,4.0,1.0,18.0,19.0,5.0,1.0,2.0,6.0,0.0,1.0,1.33,5.0,9.0,1.34,5.25,9.0,1.31,5.0,8.6,1.36,5.18,8.56,1.32,5.0,9.0,1.3,5.2,9.5,1.36,5.25,9.5,1.33,5.07,8.55,17,1,2019,12,14,1,6,7,Home Win,2019-2020
B1,2019-12-14,Charleroi,Cercle Brugge,3,0,H,8.0,7.0,7.0,1.0,12.0,18.0,4.0,3.0,1.0,1.0,0.0,0.0,1.44,4.5,6.5,1.42,4.75,7.25,1.45,4.4,6.3,1.46,4.65,7.02,1.38,4.75,7.5,1.44,4.5,7.0,1.47,4.9,7.25,1.44,4.58,6.59,19,1,2019,12,14,4,3,7,Home Win,2019-2020
B1,2019-12-14,Waregem,St Truiden,5,1,H,21.0,3.0,13.0,2.0,12.0,12.0,7.0,3.0,2.0,1.0,0.0,0.0,1.75,3.8,4.33,1.87,3.8,3.9,1.8,3.85,3.75,1.77,4.24,4.18,1.85,3.8,3.7,1.8,3.9,4.0,1.88,4.24,4.36,1.79,3.97,3.92,19,1,2019,12,14,20,16,7,Home Win,2019-2020
B1,2019-12-14,Genk,Waasland-Beveren,4,1,H,8.0,5.0,5.0,4.0,12.0,21.0,6.0,1.0,1.0,2.0,0.0,0.0,1.22,6.5,11.0,1.22,6.75,11.5,1.23,5.8,10.5,1.24,6.27,11.95,1.22,5.8,12.0,1.22,6.0,12.0,1.25,6.75,12.5,1.22,6.24,11.24,19,1,2019,12,14,7,19,7,Home Win,2019-2020
B1,2019-12-15,Standard,Anderlecht,1,1,D,15.0,4.0,7.0,1.0,17.0,14.0,9.0,2.0,2.0,3.0,0.0,1.0,1.9,3.6,3.8,1.95,3.7,3.75,1.95,3.55,3.55,1.96,3.78,3.8,1.91,3.6,3.7,1.91,3.7,3.75,2.0,3.8,3.88,1.93,3.65,3.65,13,0,2019,12,15,18,0,1,Draw,2019-2020
B1,2019-12-15,Club Brugge,Mechelen,3,0,H,10.0,3.0,3.0,0.0,9.0,10.0,2.0,5.0,1.0,3.0,0.0,0.0,1.22,6.0,13.0,1.2,7.0,13.0,1.2,6.2,11.5,1.19,6.89,15.09,1.18,6.5,15.0,1.2,6.5,13.0,1.22,7.0,15.09,1.19,6.52,13.07,17,1,2019,12,15,5,10,1,Home Win,2019-2020
B1,2019-12-15,Oostende,Gent,2,1,H,6.0,8.0,5.0,5.0,13.0,18.0,6.0,5.0,4.0,0.0,0.0,0.0,5.75,4.5,1.5,5.75,4.4,1.55,5.3,4.25,1.53,5.68,4.22,1.59,5.5,4.2,1.53,5.5,4.3,1.55,5.82,4.51,1.59,5.47,4.25,1.54,19,1,2019,12,15,12,8,1,Home Win,2019-2020
B1,2019-12-20,Mechelen,Oostende,1,0,H,7.0,5.0,4.0,3.0,19.0,15.0,5.0,6.0,3.0,1.0,0.0,0.0,1.7,3.8,4.75,1.75,4.1,4.33,1.67,3.9,4.35,1.73,4.16,4.5,1.67,4.0,4.5,1.7,4.0,4.5,1.75,4.2,4.77,1.7,3.99,4.43,19,1,2019,12,20,10,12,6,Home Win,2019-2020
B1,2019-12-21,Mouscron,Charleroi,1,1,D,3.0,4.0,2.0,4.0,16.0,15.0,4.0,7.0,5.0,2.0,0.0,0.0,3.4,3.4,2.1,3.25,3.7,2.1,3.2,3.4,2.1,3.18,3.61,2.23,3.2,3.4,2.15,3.3,3.4,2.15,3.42,3.7,2.26,3.19,3.46,2.15,17,0,2019,12,21,11,4,7,Draw,2019-2020
B1,2019-12-21,Cercle Brugge,Waregem,2,0,H,12.0,5.0,8.0,2.0,16.0,17.0,6.0,6.0,1.0,2.0,0.0,0.0,3.0,3.5,2.25,2.9,3.7,2.3,2.8,3.55,2.25,2.87,3.91,2.29,2.8,3.7,2.25,2.8,3.7,2.3,3.01,3.91,2.39,2.84,3.67,2.26,19,1,2019,12,21,3,20,7,Home Win,2019-2020
B1,2019-12-21,Eupen,Kortrijk,1,2,A,8.0,9.0,1.0,5.0,16.0,16.0,2.0,2.0,1.0,2.0,0.0,0.0,2.25,3.25,3.25,2.35,3.3,3.1,2.3,3.3,2.85,2.33,3.57,3.02,2.3,3.4,2.9,2.3,3.4,3.0,2.37,3.57,3.25,2.3,3.4,2.97,19,2,2019,12,21,6,9,7,Away Win,2019-2020
B1,2019-12-21,Waasland-Beveren,Standard,2,1,H,10.0,7.0,7.0,3.0,22.0,17.0,3.0,0.0,5.0,2.0,0.0,1.0,6.5,4.5,1.45,6.0,4.4,1.53,5.8,4.4,1.47,6.07,4.6,1.52,6.0,4.4,1.47,6.5,4.5,1.45,6.55,4.75,1.55,5.93,4.46,1.49,19,1,2019,12,21,19,18,7,Home Win,2019-2020
B1,2019-12-22,Gent,Club Brugge,1,1,D,14.0,6.0,7.0,2.0,16.0,10.0,3.0,3.0,4.0,1.0,0.0,0.0,2.8,3.4,2.4,2.85,3.5,2.4,2.75,3.45,2.3,2.95,3.61,2.36,2.8,3.6,2.3,2.75,3.6,2.38,2.95,3.76,2.43,2.81,3.51,2.35,13,0,2019,12,22,8,5,1,Draw,2019-2020
B1,2019-12-22,St Truiden,Antwerp,1,1,D,10.0,14.0,5.0,6.0,7.0,16.0,7.0,5.0,1.0,2.0,0.0,0.0,4.75,3.6,1.72,4.75,3.75,1.75,4.2,3.75,1.75,4.68,3.86,1.76,4.4,3.9,1.7,4.5,3.9,1.73,4.79,4.1,1.79,4.41,3.77,1.74,17,0,2019,12,22,16,1,1,Draw,2019-2020
B1,2019-12-22,Anderlecht,Genk,2,0,H,10.0,8.0,6.0,4.0,13.0,10.0,6.0,5.0,0.0,0.0,0.0,0.0,2.5,3.4,2.7,2.55,3.3,2.8,2.45,3.35,2.65,2.59,3.56,2.69,2.5,3.5,2.6,2.5,3.5,2.7,2.59,3.69,2.82,2.49,3.43,2.66,19,1,2019,12,22,0,7,1,Home Win,2019-2020
B1,2019-12-26,Genk,Eupen,2,1,H,15.0,11.0,5.0,5.0,8.0,16.0,9.0,2.0,1.0,3.0,0.0,0.0,1.44,5.0,6.5,1.4,4.75,7.0,1.42,4.5,6.4,1.46,4.51,7.45,1.42,4.5,7.0,1.44,4.6,7.0,1.46,5.0,7.5,1.42,4.57,6.82,13,1,2019,12,26,7,6,5,Home Win,2019-2020
B1,2019-12-26,Kortrijk,Cercle Brugge,1,0,H,7.0,2.0,4.0,0.0,17.0,23.0,3.0,3.0,2.0,5.0,0.0,0.0,1.72,4.0,4.33,1.8,3.8,4.0,1.77,3.8,3.95,1.76,4.17,4.29,1.75,3.9,4.2,1.75,4.0,4.2,1.84,4.17,4.34,1.77,3.9,4.06,13,1,2019,12,26,9,3,5,Home Win,2019-2020
B1,2019-12-26,Mouscron,Mechelen,1,2,A,7.0,8.0,2.0,3.0,16.0,6.0,6.0,1.0,1.0,2.0,0.0,0.0,2.62,3.3,2.62,2.55,3.4,2.6,2.6,3.3,2.55,2.64,3.53,2.65,2.55,3.4,2.6,2.6,3.4,2.63,2.65,3.53,2.77,2.56,3.37,2.62,13,2,2019,12,26,11,10,5,Away Win,2019-2020
B1,2019-12-26,Waasland-Beveren,St Truiden,1,0,H,11.0,8.0,8.0,3.0,10.0,6.0,2.0,3.0,1.0,0.0,0.0,0.0,2.37,3.6,2.75,2.5,3.5,2.6,2.4,3.45,2.65,2.41,3.72,2.81,2.4,3.5,2.7,2.45,3.6,2.7,2.55,3.72,2.81,2.45,3.53,2.66,13,1,2019,12,26,19,16,5,Home Win,2019-2020
B1,2019-12-26,Club Brugge,Waregem,4,0,H,8.0,3.0,5.0,1.0,11.0,9.0,1.0,3.0,1.0,2.0,0.0,0.0,1.22,7.0,10.0,1.22,6.0,11.5,1.22,6.0,11.0,1.21,6.53,13.82,1.2,6.0,15.0,1.2,6.5,13.0,1.24,7.03,15.0,1.21,6.33,11.84,17,1,2019,12,26,5,20,5,Home Win,2019-2020
B1,2019-12-26,Standard,Gent,0,1,A,11.0,7.0,4.0,2.0,7.0,16.0,2.0,3.0,0.0,3.0,0.0,0.0,2.3,3.6,2.75,2.35,3.5,2.75,2.35,3.45,2.7,2.47,3.64,2.78,2.38,3.5,2.75,2.4,3.6,2.75,2.47,3.69,2.93,2.37,3.52,2.75,19,2,2019,12,26,18,8,5,Away Win,2019-2020
B1,2019-12-27,Charleroi,Oostende,5,0,H,19.0,5.0,10.0,4.0,16.0,10.0,9.0,1.0,0.0,1.0,0.0,0.0,1.53,4.0,6.0,1.57,4.0,5.5,1.53,4.05,5.5,1.53,4.37,6.29,1.5,4.2,6.0,1.53,4.2,6.0,1.57,4.4,6.5,1.53,4.15,5.77,17,1,2019,12,27,4,12,6,Home Win,2019-2020
B1,2019-12-27,Antwerp,Anderlecht,0,0,D,11.0,8.0,5.0,3.0,15.0,17.0,9.0,0.0,2.0,2.0,0.0,0.0,1.85,3.6,4.0,1.83,3.7,3.9,1.83,3.6,3.9,1.83,4.08,4.05,1.83,3.6,4.0,1.83,3.7,4.1,1.9,4.08,4.15,1.83,3.75,3.92,19,0,2019,12,27,1,0,6,Draw,2019-2020
B1,2020-01-17,Mechelen,Standard,2,3,A,9.0,13.0,6.0,6.0,10.0,13.0,6.0,10.0,0.0,4.0,0.0,0.0,2.8,3.4,2.4,2.85,3.4,2.45,2.8,3.3,2.35,2.95,3.41,2.46,3.1,3.3,2.25,2.88,3.4,2.4,3.04,3.46,2.54,2.85,3.33,2.42,19,2,2020,1,17,10,18,6,Away Win,2019-2020
B1,2020-01-18,Eupen,Charleroi,1,1,D,6.0,8.0,3.0,5.0,18.0,18.0,3.0,7.0,1.0,2.0,0.0,0.0,3.3,3.3,2.2,3.3,3.3,2.25,3.15,3.2,2.2,3.37,3.27,2.29,3.2,3.25,2.2,3.2,3.3,2.25,3.4,3.4,2.29,3.24,3.25,2.22,17,0,2020,1,18,6,4,7,Draw,2019-2020
B1,2020-01-18,Oostende,Waasland-Beveren,0,1,A,10.0,10.0,5.0,3.0,13.0,14.0,10.0,0.0,1.0,1.0,0.0,0.0,1.9,3.6,3.8,1.91,3.9,3.7,1.9,3.55,3.6,1.98,3.73,3.77,1.91,3.6,3.7,1.93,3.7,3.7,2.04,3.9,3.82,1.95,3.62,3.61,19,2,2020,1,18,12,19,7,Away Win,2019-2020
B1,2020-01-18,St Truiden,Kortrijk,2,0,H,11.0,6.0,8.0,2.0,12.0,12.0,5.0,5.0,0.0,2.0,0.0,0.0,2.7,3.5,2.5,2.6,3.6,2.6,2.55,3.5,2.5,2.65,3.79,2.51,2.55,3.6,2.5,2.63,3.5,2.55,2.7,3.79,2.65,2.6,3.56,2.5,19,1,2020,1,18,16,9,7,Home Win,2019-2020
B1,2020-01-18,Gent,Mouscron,3,1,H,7.0,9.0,4.0,4.0,8.0,9.0,0.0,5.0,1.0,2.0,0.0,0.0,1.25,6.0,12.0,1.25,6.0,12.0,1.25,5.6,10.5,1.24,6.33,12.76,1.22,5.8,13.0,1.22,6.0,13.0,1.27,6.33,13.0,1.23,5.89,11.53,19,1,2020,1,18,8,11,7,Home Win,2019-2020
B1,2020-01-19,Cercle Brugge,Antwerp,1,2,A,12.0,5.0,3.0,3.0,23.0,13.0,10.0,1.0,2.0,3.0,0.0,1.0,5.0,4.0,1.61,5.0,4.25,1.62,4.65,4.0,1.63,4.97,4.14,1.67,4.8,4.0,1.63,4.75,4.1,1.65,5.05,4.25,1.7,4.78,4.03,1.64,13,2,2020,1,19,3,1,1,Away Win,2019-2020
B1,2020-01-19,Anderlecht,Club Brugge,1,2,A,8.0,13.0,3.0,7.0,12.0,21.0,3.0,3.0,0.0,3.0,0.0,0.0,4.2,4.0,1.75,4.6,3.9,1.75,4.15,3.65,1.77,4.47,3.74,1.82,4.33,3.7,1.75,4.2,3.75,1.8,4.6,4.0,1.82,4.27,3.73,1.78,17,2,2020,1,19,0,5,1,Away Win,2019-2020
B1,2020-01-19,Waregem,Genk,0,3,A,9.0,10.0,5.0,7.0,12.0,14.0,6.0,4.0,0.0,2.0,0.0,0.0,3.2,3.6,2.1,3.2,3.5,2.2,3.05,3.45,2.15,3.25,3.39,2.29,3.1,3.5,2.15,3.13,3.6,2.15,3.3,3.72,2.32,3.1,3.41,2.22,19,2,2020,1,19,20,7,1,Away Win,2019-2020
B1,2020-01-24,Standard,Oostende,2,1,H,15.0,8.0,3.0,4.0,12.0,12.0,5.0,6.0,0.0,2.0,0.0,0.0,1.25,5.75,10.5,1.26,6.25,11.0,1.25,5.6,9.7,1.27,6.02,11.41,1.25,5.5,11.0,1.25,6.0,10.5,1.28,7.0,12.5,1.25,5.89,10.65,19,1,2020,1,24,18,12,6,Home Win,2019-2020
B1,2020-01-25,Mouscron,St Truiden,1,3,A,10.0,8.0,5.0,6.0,13.0,14.0,3.0,1.0,1.0,2.0,0.0,0.0,1.9,3.6,3.75,1.95,3.7,3.7,1.97,3.45,3.55,2.07,3.64,3.56,2.0,3.5,3.5,1.95,3.6,3.7,2.08,3.7,3.79,2.0,3.53,3.54,19,2,2020,1,25,11,16,7,Away Win,2019-2020
B1,2020-01-25,Waasland-Beveren,Eupen,0,1,A,7.0,2.0,3.0,1.0,15.0,14.0,7.0,4.0,3.0,2.0,0.0,0.0,2.5,3.3,2.75,2.55,3.25,2.85,2.55,3.1,2.75,2.69,3.17,2.84,2.55,3.1,2.8,2.5,3.3,2.8,2.69,3.32,3.05,2.54,3.15,2.81,19,2,2020,1,25,19,6,7,Away Win,2019-2020
B1,2020-01-25,Gent,Genk,4,1,H,19.0,7.0,8.0,4.0,6.0,14.0,7.0,5.0,0.0,1.0,0.0,0.0,1.83,3.75,4.0,1.87,3.8,3.9,1.83,3.75,3.75,1.84,4.08,3.99,1.83,3.8,3.8,1.83,3.9,3.9,1.9,4.08,4.11,1.83,3.85,3.84,19,1,2020,1,25,8,7,7,Home Win,2019-2020
B1,2020-01-26,Cercle Brugge,Anderlecht,1,2,A,18.0,5.0,8.0,3.0,15.0,10.0,10.0,4.0,3.0,2.0,0.0,0.0,3.6,4.0,1.85,3.9,3.9,1.87,3.7,3.65,1.87,3.9,3.78,1.93,4.0,3.75,1.8,3.8,3.8,1.87,4.1,4.02,1.94,3.81,3.76,1.86,13,2,2020,1,26,3,0,1,Away Win,2019-2020
B1,2020-01-26,Kortrijk,Club Brugge,2,2,D,5.0,10.0,3.0,4.0,20.0,15.0,3.0,4.0,5.0,1.0,0.0,0.0,7.0,4.75,1.4,7.5,5.0,1.4,6.5,4.6,1.41,6.91,4.86,1.44,7.0,4.6,1.4,7.5,4.75,1.4,7.5,5.0,1.44,6.87,4.72,1.41,17,0,2020,1,26,9,5,1,Draw,2019-2020
B1,2020-01-26,Antwerp,Waregem,2,1,H,15.0,7.0,7.0,3.0,7.0,18.0,5.0,1.0,0.0,4.0,0.0,0.0,1.53,3.8,6.5,1.57,4.1,5.75,1.53,4.2,5.4,1.54,4.52,5.84,1.5,4.2,6.0,1.5,4.33,6.25,1.62,4.52,6.6,1.53,4.24,5.68,19,1,2020,1,26,1,20,1,Home Win,2019-2020
B1,2020-01-29,Charleroi,Club Brugge,0,0,D,6.0,11.0,3.0,5.0,12.0,22.0,3.0,5.0,1.0,2.0,0.0,0.0,4.2,3.8,1.8,4.2,4.0,1.78,4.1,3.7,1.77,4.12,3.93,1.85,4.2,3.75,1.78,4.2,3.75,1.8,4.4,4.0,1.85,4.11,3.79,1.79,19,0,2020,1,29,4,5,4,Draw,2019-2020
B1,2020-01-31,Kortrijk,Standard,3,1,H,16.0,9.0,7.0,4.0,15.0,16.0,7.0,8.0,0.0,0.0,0.0,0.0,4.2,3.75,1.8,3.8,3.8,1.91,3.85,3.7,1.8,4.05,3.86,1.88,3.5,3.7,1.95,4.0,3.75,1.83,4.21,4.0,1.91,3.89,3.77,1.85,19,1,2020,1,31,9,18,6,Home Win,2019-2020
B1,2020-02-01,Genk,Charleroi,1,0,H,10.0,8.0,6.0,0.0,14.0,18.0,3.0,5.0,2.0,3.0,0.0,0.0,2.05,3.5,3.4,2.1,3.5,3.5,2.1,3.35,3.3,2.15,3.46,3.5,2.1,3.4,3.4,2.1,3.4,3.5,2.16,3.54,3.55,2.1,3.38,3.38,17,1,2020,2,1,7,4,7,Home Win,2019-2020
B1,2020-02-01,Eupen,Cercle Brugge,1,0,H,9.0,9.0,4.0,4.0,11.0,12.0,4.0,6.0,3.0,2.0,0.0,0.0,2.1,3.4,3.4,2.15,3.4,3.4,2.05,3.35,3.35,2.22,3.49,3.3,2.1,3.4,3.3,2.05,3.5,3.5,2.22,3.54,3.81,2.11,3.4,3.36,19,1,2020,2,1,6,3,7,Home Win,2019-2020
B1,2020-02-01,Oostende,St Truiden,1,0,H,7.0,7.0,5.0,3.0,12.0,12.0,2.0,7.0,2.0,2.0,0.0,1.0,2.1,3.6,3.25,2.15,3.6,3.3,2.05,3.55,3.2,2.13,3.67,3.35,2.05,3.6,3.25,2.05,3.6,3.4,2.16,3.78,3.4,2.09,3.58,3.24,19,1,2020,2,1,12,16,7,Home Win,2019-2020
B1,2020-02-01,Mechelen,Gent,0,3,A,14.0,8.0,5.0,5.0,5.0,12.0,7.0,5.0,3.0,2.0,0.0,0.0,3.8,3.8,1.85,3.9,4.0,1.83,3.9,3.75,1.8,4.01,4.11,1.83,3.9,3.9,1.78,4.1,3.8,1.8,4.2,4.11,1.89,3.91,3.86,1.81,19,2,2020,2,1,10,8,7,Away Win,2019-2020
B1,2020-02-02,Club Brugge,Antwerp,1,0,H,11.0,4.0,5.0,2.0,16.0,19.0,2.0,0.0,2.0,2.0,0.0,0.0,1.53,4.33,5.5,1.53,4.33,6.0,1.53,4.1,5.5,1.54,4.22,6.38,1.5,4.2,6.0,1.53,4.3,5.75,1.57,4.4,6.38,1.53,4.18,5.78,13,1,2020,2,2,5,1,1,Home Win,2019-2020
B1,2020-02-02,Anderlecht,Mouscron,1,0,H,14.0,4.0,6.0,2.0,17.0,19.0,5.0,2.0,2.0,3.0,0.0,0.0,1.45,4.2,6.5,1.48,4.33,6.75,1.46,4.25,6.1,1.47,4.57,6.93,1.44,4.33,7.0,1.45,4.4,7.0,1.54,4.57,7.0,1.47,4.3,6.36,17,1,2020,2,2,0,11,1,Home Win,2019-2020
B1,2020-02-02,Waregem,Waasland-Beveren,5,0,H,12.0,9.0,9.0,4.0,14.0,15.0,5.0,2.0,1.0,3.0,0.0,0.0,1.61,4.33,4.75,1.62,4.1,5.25,1.63,3.9,4.65,1.65,3.97,5.41,1.62,4.0,5.0,1.65,4.0,5.0,1.69,4.34,5.41,1.64,3.98,4.9,19,1,2020,2,2,20,19,1,Home Win,2019-2020
B1,2020-02-07,Gent,Anderlecht,1,1,D,12.0,11.0,5.0,7.0,14.0,13.0,3.0,6.0,2.0,4.0,0.0,0.0,1.6,4.2,5.25,1.62,4.1,5.25,1.65,4.0,4.5,1.66,3.99,5.32,1.57,4.2,5.25,1.62,4.0,5.25,1.68,4.2,5.61,1.63,3.91,5.15,19,0,2020,2,7,8,0,6,Draw,2019-2020
B1,2020-02-08,Charleroi,Waregem,4,0,H,12.0,6.0,7.0,3.0,15.0,10.0,5.0,7.0,2.0,4.0,0.0,1.0,1.57,4.0,5.5,1.6,4.1,5.5,1.57,3.95,5.1,1.61,4.23,5.43,1.7,3.75,4.75,1.6,4.1,5.4,1.65,4.3,6.08,1.58,4.08,5.28,17,1,2020,2,8,4,20,7,Home Win,2019-2020
B1,2020-02-08,Cercle Brugge,Mechelen,3,2,H,12.0,6.0,5.0,3.0,15.0,9.0,6.0,1.0,1.0,2.0,0.0,0.0,2.3,3.6,2.87,2.5,3.5,2.75,2.35,3.4,2.75,2.37,3.63,2.92,2.5,3.5,2.6,2.45,3.4,2.8,2.65,3.63,2.92,2.41,3.47,2.76,19,1,2020,2,8,3,10,7,Home Win,2019-2020
B1,2020-02-08,St Truiden,Eupen,5,2,H,12.0,10.0,5.0,4.0,8.0,16.0,5.0,2.0,4.0,2.0,1.0,0.0,2.15,3.5,3.2,2.15,3.3,3.5,2.15,3.25,3.3,2.17,3.4,3.5,2.2,3.3,3.2,2.15,3.4,3.3,2.27,3.51,3.5,2.16,3.33,3.3,19,1,2020,2,8,16,6,7,Home Win,2019-2020
B1,2020-02-08,Mouscron,Oostende,3,1,H,11.0,10.0,6.0,5.0,9.0,11.0,6.0,5.0,0.0,1.0,0.0,0.0,2.2,3.6,3.0,2.2,3.75,3.0,2.15,3.45,3.0,2.26,3.79,2.99,2.05,3.6,3.3,2.15,3.6,3.13,2.27,3.79,3.34,2.19,3.61,2.99,19,1,2020,2,8,11,12,7,Home Win,2019-2020
B1,2020-02-11,Charleroi,Mechelen,2,1,H,5.0,4.0,4.0,1.0,17.0,6.0,4.0,3.0,2.0,3.0,0.0,0.0,1.61,3.8,5.5,1.57,4.2,6.0,1.6,3.75,5.1,1.66,3.88,5.49,1.6,3.9,5.25,1.65,3.8,5.2,1.68,4.2,6.02,1.62,3.89,5.28,19,1,2020,2,11,4,10,3,Home Win,2019-2020
B1,2020-02-12,Standard,Club Brugge,0,0,D,5.0,7.0,1.0,3.0,13.0,23.0,4.0,5.0,2.0,2.0,0.0,0.0,3.1,3.3,2.3,3.0,3.6,2.3,3.05,3.4,2.2,3.17,3.62,2.23,3.0,3.5,2.2,3.1,3.5,2.2,3.17,3.62,2.34,3.06,3.45,2.23,19,0,2020,2,12,18,5,4,Draw,2019-2020
B1,2020-02-12,Waasland-Beveren,Kortrijk,1,2,A,8.0,8.0,1.0,4.0,10.0,18.0,3.0,8.0,2.0,1.0,0.0,0.0,3.0,3.4,2.3,3.1,3.3,2.35,2.95,3.4,2.25,3.1,3.56,2.29,3.0,3.4,2.25,3.1,3.4,2.25,3.1,3.58,2.35,3.01,3.42,2.25,19,2,2020,2,12,19,9,4,Away Win,2019-2020
B1,2020-02-13,Antwerp,Genk,1,1,D,14.0,8.0,6.0,5.0,13.0,17.0,5.0,7.0,2.0,2.0,0.0,0.0,2.1,3.4,3.4,2.1,3.75,3.25,2.05,3.5,3.3,2.06,3.7,3.54,2.1,3.5,3.25,2.05,3.5,3.5,2.14,3.75,3.54,2.07,3.53,3.34,19,0,2020,2,13,1,7,5,Draw,2019-2020
B1,2020-02-14,Eupen,Gent,2,3,A,8.0,12.0,3.0,9.0,16.0,15.0,7.0,3.0,3.0,1.0,0.0,0.0,5.5,4.33,1.53,6.25,4.4,1.5,5.5,4.05,1.55,6.02,4.21,1.57,6.5,4.33,1.47,6.0,4.2,1.53,6.4,4.4,1.57,5.76,4.18,1.54,19,2,2020,2,14,6,8,6,Away Win,2019-2020
B1,2020-02-15,Club Brugge,Waasland-Beveren,2,1,H,15.0,2.0,5.0,1.0,16.0,13.0,16.0,2.0,2.0,7.0,0.0,1.0,1.14,8.0,15.0,1.12,8.5,23.0,1.11,8.4,18.0,1.11,8.7,20.46,1.12,7.5,19.0,1.11,8.5,23.0,1.14,9.3,25.0,1.11,8.39,20.28,17,1,2020,2,15,5,19,7,Home Win,2019-2020
B1,2020-02-15,Oostende,Kortrijk,0,3,A,6.0,14.0,1.0,5.0,19.0,13.0,4.0,3.0,2.0,1.0,0.0,0.0,2.45,3.4,2.8,2.45,3.4,2.85,2.4,3.35,2.7,2.56,3.44,2.79,2.45,3.4,2.7,2.45,3.4,2.8,2.56,3.58,2.85,2.46,3.38,2.74,19,2,2020,2,15,12,9,7,Away Win,2019-2020
B1,2020-02-15,St Truiden,Cercle Brugge,0,1,A,13.0,11.0,2.0,4.0,14.0,16.0,5.0,6.0,5.0,3.0,0.0,0.0,2.2,3.5,3.1,2.3,3.5,3.0,2.25,3.45,2.9,2.38,3.49,3.0,2.15,3.5,3.1,2.25,3.5,3.0,2.38,3.68,3.1,2.28,3.46,2.95,19,2,2020,2,15,16,3,7,Away Win,2019-2020
B1,2020-02-15,Mechelen,Anderlecht,2,0,H,13.0,7.0,6.0,0.0,13.0,9.0,4.0,5.0,2.0,3.0,0.0,1.0,2.7,3.4,2.5,2.8,3.5,2.45,2.7,3.4,2.4,2.71,3.64,2.52,2.75,3.5,2.38,2.75,3.5,2.45,2.8,3.65,2.52,2.69,3.49,2.43,19,1,2020,2,15,10,0,7,Home Win,2019-2020
B1,2020-02-16,Antwerp,Charleroi,1,1,D,6.0,9.0,5.0,6.0,11.0,17.0,6.0,10.0,2.0,3.0,0.0,0.0,2.0,3.5,3.6,2.0,3.6,3.7,2.0,3.4,3.5,2.07,3.5,3.71,2.0,3.4,3.6,2.0,3.5,3.7,2.07,3.6,3.95,2.01,3.44,3.6,13,0,2020,2,16,1,4,1,Draw,2019-2020
B1,2020-02-16,Genk,Standard,1,3,A,11.0,8.0,6.0,6.0,12.0,12.0,3.0,2.0,2.0,2.0,0.0,0.0,2.5,3.4,2.7,2.6,3.5,2.65,2.4,3.35,2.7,2.51,3.54,2.79,2.45,3.4,2.7,2.5,3.4,2.75,2.6,3.6,2.95,2.43,3.43,2.74,17,2,2020,2,16,7,18,1,Away Win,2019-2020
B1,2020-02-16,Waregem,Mouscron,1,2,A,7.0,11.0,3.0,6.0,7.0,10.0,6.0,3.0,2.0,2.0,0.0,0.0,1.7,4.0,4.5,1.67,4.1,4.75,1.7,3.8,4.3,1.77,4.08,4.34,1.75,3.8,4.2,1.7,3.9,4.6,1.81,4.1,4.75,1.72,3.91,4.33,19,2,2020,2,16,20,11,1,Away Win,2019-2020
B1,2020-02-21,Kortrijk,Genk,0,1,A,6.0,14.0,4.0,7.0,14.0,13.0,3.0,4.0,3.0,4.0,0.0,0.0,2.5,4.0,2.4,2.6,3.6,2.65,2.55,3.4,2.5,2.67,3.53,2.62,2.45,3.4,2.7,2.6,3.6,2.5,2.71,4.0,2.65,2.6,3.49,2.54,19,2,2020,2,21,9,7,6,Away Win,2019-2020
B1,2020-02-22,Standard,Antwerp,1,0,H,9.0,9.0,7.0,3.0,9.0,11.0,3.0,6.0,1.0,3.0,0.0,0.0,1.95,3.6,3.75,2.05,3.6,3.5,2.0,3.45,3.45,2.06,3.67,3.55,2.0,3.6,3.4,2.0,3.5,3.6,2.15,3.72,3.75,2.02,3.53,3.46,17,1,2020,2,22,18,1,7,Home Win,2019-2020
B1,2020-02-22,Mouscron,Cercle Brugge,0,1,A,4.0,10.0,1.0,3.0,13.0,12.0,3.0,7.0,3.0,1.0,0.0,0.0,2.5,3.4,2.7,2.55,3.4,2.75,2.5,3.35,2.65,2.56,3.55,2.72,2.45,3.4,2.7,2.5,3.4,2.75,2.6,3.6,2.82,2.51,3.39,2.66,19,2,2020,2,22,11,3,7,Away Win,2019-2020
B1,2020-02-22,Oostende,Waregem,1,1,D,10.0,12.0,3.0,6.0,11.0,20.0,3.0,5.0,1.0,3.0,0.0,0.0,2.45,3.4,2.75,2.45,3.6,2.75,2.4,3.45,2.65,2.45,3.67,2.78,2.45,3.5,2.62,2.45,3.5,2.75,2.56,3.7,2.78,2.43,3.5,2.69,19,0,2020,2,22,12,20,7,Draw,2019-2020
B1,2020-02-22,Mechelen,Waasland-Beveren,4,0,H,17.0,8.0,10.0,3.0,13.0,14.0,4.0,6.0,1.0,1.0,0.0,0.0,1.53,4.0,6.0,1.6,4.33,5.25,1.55,4.1,5.2,1.56,4.38,5.73,1.53,4.2,5.5,1.53,4.2,6.0,1.6,4.44,6.0,1.55,4.19,5.41,19,1,2020,2,22,10,19,7,Home Win,2019-2020
B1,2020-02-23,Club Brugge,Charleroi,1,0,H,5.0,9.0,3.0,2.0,14.0,13.0,4.0,4.0,0.0,1.0,0.0,0.0,1.45,4.2,7.5,1.48,4.25,7.25,1.47,4.05,6.5,1.51,4.08,7.43,1.47,4.0,7.0,1.5,4.1,7.0,1.53,4.33,7.5,1.48,4.07,6.84,13,1,2020,2,23,5,4,1,Home Win,2019-2020
B1,2020-02-23,Anderlecht,Eupen,6,1,H,14.0,5.0,9.0,4.0,15.0,9.0,6.0,5.0,1.0,2.0,0.0,1.0,1.44,4.2,8.0,1.45,4.33,7.5,1.42,4.25,7.0,1.42,4.52,8.44,1.42,4.2,8.0,1.4,4.4,8.0,1.48,4.54,8.44,1.42,4.35,7.43,17,1,2020,2,23,0,6,1,Home Win,2019-2020
B1,2020-02-23,Gent,St Truiden,4,1,H,15.0,6.0,7.0,3.0,9.0,14.0,6.0,5.0,3.0,1.0,0.0,0.0,1.3,5.0,10.0,1.33,5.25,9.0,1.31,5.1,8.4,1.32,5.6,9.36,1.28,5.25,9.5,1.3,5.25,10.0,1.33,5.6,10.0,1.31,5.24,8.92,19,1,2020,2,23,8,16,1,Home Win,2019-2020
B1,2020-02-28,St Truiden,Mechelen,0,3,A,9.0,16.0,3.0,8.0,16.0,14.0,2.0,6.0,4.0,1.0,0.0,0.0,3.0,3.6,2.2,3.1,3.5,2.3,2.95,3.45,2.2,3.07,3.65,2.27,2.7,3.6,2.4,3.0,3.5,2.25,3.15,3.7,2.4,3.0,3.51,2.24,19,2,2020,2,28,16,10,6,Away Win,2019-2020
B1,2020-02-29,Waasland-Beveren,Anderlecht,0,3,A,6.0,8.0,5.0,4.0,16.0,12.0,3.0,10.0,0.0,2.0,0.0,0.0,4.75,4.0,1.66,4.75,4.0,1.7,4.7,3.75,1.67,4.98,3.98,1.7,4.75,3.8,1.67,5.0,3.8,1.67,5.0,4.01,1.75,4.72,3.83,1.68,17,2,2020,2,29,19,0,7,Away Win,2019-2020
B1,2020-02-29,Eupen,Mouscron,2,1,H,8.0,3.0,4.0,2.0,13.0,16.0,3.0,4.0,3.0,0.0,0.0,0.0,2.05,3.6,3.3,2.15,3.5,3.3,2.05,3.3,3.45,2.07,3.58,3.62,2.1,3.3,3.4,2.1,3.4,3.5,2.15,3.62,3.62,2.06,3.42,3.44,19,1,2020,2,29,6,11,7,Home Win,2019-2020
B1,2020-02-29,Waregem,Kortrijk,2,2,D,9.0,17.0,6.0,7.0,11.0,11.0,6.0,4.0,2.0,1.0,0.0,0.0,2.25,3.6,2.9,2.35,3.7,2.8,2.35,3.5,2.75,2.43,3.7,2.79,2.1,3.6,3.2,2.38,3.6,2.8,2.43,3.79,3.07,2.35,3.56,2.77,19,0,2020,2,29,20,9,7,Draw,2019-2020
B1,2020-02-29,Antwerp,Oostende,3,1,H,8.0,7.0,6.0,3.0,11.0,10.0,2.0,6.0,0.0,2.0,0.0,0.0,1.4,4.75,7.0,1.4,5.0,7.5,1.38,4.5,7.4,1.38,4.91,8.58,1.38,4.5,8.0,1.4,4.6,8.0,1.41,5.0,8.6,1.38,4.69,7.63,19,1,2020,2,29,1,12,7,Home Win,2019-2020
B1,2020-03-01,Genk,Club Brugge,1,2,A,7.0,10.0,7.0,5.0,15.0,22.0,5.0,4.0,2.0,4.0,0.0,0.0,4.2,3.75,1.8,4.0,3.6,1.91,3.9,3.5,1.87,4.03,3.65,1.94,4.0,3.5,1.88,4.0,3.6,1.87,4.21,3.76,1.98,3.89,3.56,1.9,13,2,2020,3,1,7,5,1,Away Win,2019-2020
B1,2020-03-01,Charleroi,Standard,2,0,H,10.0,4.0,6.0,1.0,7.0,19.0,9.0,7.0,1.0,4.0,0.0,0.0,2.37,3.4,2.9,2.45,3.6,2.75,2.4,3.2,2.9,2.39,3.45,3.01,2.45,3.3,2.8,2.45,3.3,2.88,2.51,3.6,3.01,2.38,3.33,2.89,17,1,2020,3,1,4,18,1,Home Win,2019-2020
B1,2020-03-01,Cercle Brugge,Gent,1,0,H,6.0,15.0,2.0,9.0,9.0,9.0,4.0,4.0,2.0,1.0,0.0,0.0,3.6,3.5,2.0,3.7,3.6,2.0,3.3,3.55,2.0,3.49,3.68,2.08,3.3,3.7,2.0,3.3,3.7,2.05,3.7,3.82,2.1,3.37,3.57,2.03,19,1,2020,3,1,3,8,1,Home Win,2019-2020
B1,2020-03-07,Anderlecht,Waregem,7,0,H,11.0,8.0,8.0,4.0,11.0,11.0,4.0,3.0,2.0,2.0,0.0,0.0,1.4,4.5,8.0,1.42,4.75,7.5,1.42,4.55,6.5,1.44,4.91,6.96,1.44,4.4,6.5,1.4,4.6,8.0,1.45,5.1,8.0,1.41,4.66,6.95,19,1,2020,3,7,0,20,7,Home Win,2019-2020
B1,2020-03-07,Club Brugge,Cercle Brugge,2,1,H,15.0,6.0,5.0,4.0,16.0,8.0,5.0,4.0,0.0,0.0,0.0,0.0,1.33,5.0,8.0,1.36,4.75,9.25,1.35,4.8,7.8,1.33,5.26,9.97,1.32,4.8,9.5,1.33,5.25,8.5,1.36,5.45,10.5,1.33,5.02,8.56,19,1,2020,3,7,5,3,7,Home Win,2019-2020
B1,2020-03-07,Gent,Charleroi,1,4,A,5.0,14.0,5.0,8.0,16.0,12.0,3.0,4.0,3.0,1.0,1.0,0.0,1.8,3.75,4.33,1.83,3.9,4.1,1.8,3.6,4.05,1.83,3.82,4.29,1.8,3.6,4.2,1.8,3.7,4.33,1.91,3.9,4.33,1.81,3.68,4.1,19,2,2020,3,7,8,4,7,Away Win,2019-2020
B1,2020-03-07,Kortrijk,Antwerp,0,1,A,10.0,12.0,4.0,5.0,17.0,12.0,6.0,7.0,3.0,0.0,0.0,0.0,2.8,3.6,2.3,3.0,3.6,2.3,2.95,3.35,2.25,3.04,3.64,2.29,2.9,3.4,2.3,3.0,3.4,2.3,3.1,3.64,2.33,2.94,3.48,2.27,19,2,2020,3,7,9,1,7,Away Win,2019-2020
B1,2020-03-07,Mechelen,Eupen,1,1,D,20.0,4.0,8.0,1.0,12.0,9.0,8.0,2.0,0.0,2.0,0.0,0.0,1.45,4.0,7.5,1.5,4.6,6.0,1.5,4.05,5.9,1.52,4.4,6.38,1.6,4.0,5.25,1.5,4.2,6.5,1.55,4.6,7.5,1.5,4.22,6.17,19,0,2020,3,7,10,6,7,Draw,2019-2020
B1,2020-03-07,Mouscron,Waasland-Beveren,1,0,H,10.0,8.0,6.0,1.0,12.0,12.0,8.0,2.0,3.0,3.0,0.0,0.0,2.05,3.5,3.5,2.2,3.5,3.25,2.1,3.4,3.25,2.2,3.55,3.3,2.1,3.5,3.2,2.1,3.5,3.4,2.2,3.6,3.5,2.13,3.47,3.24,19,1,2020,3,7,11,19,7,Home Win,2019-2020
B1,2020-03-07,Oostende,Genk,2,4,A,7.0,12.0,4.0,8.0,11.0,15.0,3.0,6.0,2.0,1.0,1.0,0.0,3.4,3.6,2.0,3.4,3.6,2.1,3.35,3.5,2.0,3.57,3.65,2.06,3.3,3.6,2.05,3.4,3.6,2.05,3.57,3.76,2.11,3.38,3.57,2.04,19,2,2020,3,7,12,7,7,Away Win,2019-2020
B1,2020-03-07,Standard,St Truiden,0,0,D,7.0,9.0,3.0,5.0,14.0,21.0,4.0,4.0,0.0,4.0,1.0,0.0,1.36,5.0,8.5,1.34,5.25,9.0,1.35,4.9,7.5,1.35,5.2,8.87,1.3,5.0,10.0,1.33,5.0,8.5,1.36,5.52,9.05,1.34,5.04,8.21,19,0,2020,3,7,18,16,7,Draw,2019-2020
B1,2020-08-08,Club Brugge,Charleroi,0,1,A,17.0,6.0,5.0,4.0,10.0,11.0,10.0,2.0,2.0,3.0,0.0,0.0,1.5,3.8,6.0,1.5,4.0,6.5,1.53,3.8,6.0,1.53,4.13,6.81,1.5,4.0,6.5,1.53,4.0,6.5,1.59,4.33,7.1,1.52,4.0,6.26,15,2,2020,8,8,5,4,7,Away Win,2020-2021
B1,2020-08-08,Antwerp,Mouscron,1,1,D,12.0,4.0,9.0,2.0,8.0,5.0,7.0,3.0,2.0,1.0,0.0,0.0,1.3,5.0,10.0,1.3,5.25,9.0,1.33,4.8,8.75,1.32,5.34,10.09,1.29,5.0,11.0,,,,1.37,5.5,11.5,1.31,5.11,9.27,18,0,2020,8,8,1,11,7,Draw,2020-2021
B1,2020-08-08,Standard,Cercle Brugge,1,0,H,11.0,6.0,8.0,1.0,10.0,11.0,5.0,4.0,1.0,1.0,0.0,0.0,1.4,4.5,6.5,1.4,4.75,6.75,1.43,4.4,6.75,1.43,4.75,7.44,1.4,4.5,7.5,1.44,4.5,7.0,1.5,4.98,7.5,1.43,4.56,6.84,18,1,2020,8,8,18,3,7,Home Win,2020-2021
B1,2020-08-09,St Truiden,Gent,2,1,H,11.0,13.0,8.0,2.0,19.0,13.0,6.0,3.0,2.0,2.0,0.0,0.0,4.5,3.8,1.65,4.6,4.0,1.67,4.3,3.85,1.7,4.54,4.19,1.72,4.33,4.0,1.7,,,,4.7,4.5,1.76,4.36,4.05,1.7,12,1,2020,8,9,16,8,1,Home Win,2020-2021
B1,2020-08-09,Waregem,Genk,1,2,A,8.0,15.0,6.0,4.0,15.0,16.0,9.0,8.0,3.0,1.0,0.0,0.0,3.75,3.6,1.9,3.7,3.75,1.87,3.45,3.65,1.95,3.65,3.91,1.97,3.5,3.8,1.91,,,,3.75,4.2,2.01,3.52,3.79,1.93,15,2,2020,8,9,20,7,1,Away Win,2020-2021
B1,2020-08-09,Mechelen,Anderlecht,2,2,D,10.0,7.0,4.0,2.0,21.0,17.0,2.0,7.0,3.0,3.0,0.0,0.0,4.5,3.5,1.8,4.4,3.5,1.8,4.0,3.4,1.85,4.33,3.6,1.89,4.2,3.5,1.83,,,,4.6,3.86,1.9,4.14,3.53,1.84,17,0,2020,8,9,10,0,1,Draw,2020-2021
B1,2020-08-09,Kortrijk,Waasland-Beveren,1,3,A,11.0,8.0,4.0,6.0,15.0,14.0,4.0,1.0,2.0,4.0,0.0,0.0,1.6,3.8,4.75,1.67,4.0,4.5,1.63,3.85,4.8,1.65,4.18,5.08,1.62,4.0,5.0,,,,1.7,4.45,5.4,1.63,4.02,4.89,19,2,2020,8,9,9,19,1,Away Win,2020-2021
B1,2020-08-10,Oud-Heverlee Leuven,Eupen,1,1,D,4.0,16.0,3.0,6.0,12.0,11.0,5.0,8.0,1.0,2.0,0.0,0.0,2.3,3.4,3.0,2.3,3.4,2.9,2.35,3.25,2.85,2.4,3.56,2.92,2.35,3.4,2.88,,,,2.48,3.7,3.04,2.35,3.42,2.86,18,0,2020,8,10,13,6,2,Draw,2020-2021
B1,2020-08-10,Oostende,Beerschot VA,1,2,A,6.0,6.0,2.0,5.0,18.0,12.0,12.0,7.0,3.0,2.0,0.0,0.0,2.3,3.4,3.0,2.3,3.5,2.9,2.3,3.3,2.9,2.34,3.63,2.97,2.3,3.5,2.9,,,,2.42,3.76,3.1,2.29,3.47,2.93,18,2,2020,8,10,12,2,2,Away Win,2020-2021
B1,2020-08-14,Mouscron,Mechelen,0,1,A,9.0,7.0,1.0,4.0,9.0,18.0,5.0,5.0,3.0,3.0,0.0,0.0,3.5,3.4,2.05,3.6,3.5,2.05,3.35,3.3,2.1,3.54,3.62,2.08,3.5,3.4,2.05,3.5,3.5,2.1,3.7,3.62,2.2,3.42,3.48,2.08,18,2,2020,8,14,11,10,6,Away Win,2020-2021
B1,2020-08-15,Genk,Oud-Heverlee Leuven,1,1,D,20.0,10.0,4.0,4.0,11.0,11.0,7.0,1.0,1.0,1.0,0.0,0.0,1.25,6.0,12.0,1.3,5.5,10.0,1.25,5.5,10.0,1.27,6.0,11.37,1.24,5.8,11.0,1.25,5.75,11.5,1.3,6.45,15.25,1.26,5.75,10.84,15,0,2020,8,15,7,13,7,Draw,2020-2021
B1,2020-08-15,Charleroi,Oostende,1,0,H,14.0,8.0,2.0,0.0,14.0,19.0,8.0,7.0,1.0,2.0,0.0,0.0,1.4,4.2,8.5,1.4,4.6,8.25,1.4,4.3,7.25,1.39,4.88,8.45,1.38,4.6,8.0,1.4,4.5,8.0,1.45,5.05,8.7,1.39,4.64,7.73,18,1,2020,8,15,4,12,7,Home Win,2020-2021
B1,2020-08-15,Gent,Kortrijk,1,2,A,23.0,10.0,12.0,5.0,6.0,12.0,6.0,5.0,0.0,1.0,0.0,0.0,1.36,4.75,8.0,1.36,5.25,8.0,1.4,4.6,7.0,1.4,5.04,7.77,1.36,5.0,7.5,1.36,5.0,7.5,1.44,5.4,8.0,1.38,4.95,7.32,18,2,2020,8,15,8,9,7,Away Win,2020-2021
B1,2020-08-16,Cercle Brugge,Antwerp,2,1,H,11.0,8.0,5.0,3.0,17.0,14.0,5.0,2.0,1.0,1.0,0.0,0.0,3.8,3.8,1.85,4.0,3.9,1.83,3.8,3.55,1.85,3.95,3.96,1.88,3.9,3.8,1.83,4.0,3.7,1.85,4.2,4.05,1.93,3.87,3.74,1.85,12,1,2020,8,16,3,1,1,Home Win,2020-2021
B1,2020-08-16,Beerschot VA,Waregem,3,1,H,17.0,6.0,6.0,1.0,9.0,11.0,3.0,5.0,3.0,2.0,0.0,0.0,2.4,3.4,2.8,2.35,3.5,2.95,2.3,3.25,2.9,2.34,3.53,3.04,2.35,3.4,2.88,2.3,3.4,3.0,2.49,3.62,3.15,2.33,3.42,2.92,15,1,2020,8,16,2,20,1,Home Win,2020-2021
B1,2020-08-16,Eupen,Club Brugge,0,4,A,13.0,11.0,1.0,5.0,13.0,10.0,6.0,6.0,0.0,0.0,0.0,0.0,8.5,4.5,1.36,8.75,4.5,1.4,7.5,4.3,1.4,8.3,4.43,1.44,8.0,4.75,1.36,8.5,4.8,1.36,9.5,5.2,1.45,8.03,4.54,1.39,15,2,2020,8,16,6,5,1,Away Win,2020-2021
B1,2020-08-16,Anderlecht,St Truiden,3,1,H,15.0,3.0,6.0,1.0,15.0,13.0,2.0,1.0,2.0,0.0,0.0,1.0,1.4,4.5,7.5,1.42,4.4,7.25,1.43,4.3,6.5,1.45,4.76,7.08,1.42,4.75,6.5,1.44,4.6,7.0,1.5,5.05,7.5,1.43,4.6,6.7,17,1,2020,8,16,0,16,1,Home Win,2020-2021
B1,2020-08-17,Waasland-Beveren,Standard,1,2,A,5.0,17.0,3.0,8.0,19.0,18.0,4.0,8.0,3.0,3.0,0.0,0.0,5.5,4.0,1.57,5.5,4.1,1.6,5.75,3.9,1.55,5.8,4.26,1.57,5.8,4.2,1.52,6.0,4.1,1.53,6.0,4.3,1.61,5.58,4.1,1.55,18,2,2020,8,17,19,18,2,Away Win,2020-2021
B1,2020-08-21,Kortrijk,Eupen,0,0,D,6.0,16.0,1.0,6.0,7.0,19.0,1.0,5.0,2.0,2.0,0.0,0.0,2.3,3.5,2.9,2.3,3.3,3.2,2.35,3.2,2.85,2.37,3.42,3.06,2.1,3.4,3.3,2.38,3.5,2.9,2.46,3.55,3.24,2.34,3.36,2.97,18,0,2020,8,21,9,6,6,Draw,2020-2021
B1,2020-08-22,Waregem,Waasland-Beveren,4,1,H,23.0,6.0,9.0,2.0,16.0,10.0,7.0,2.0,3.0,1.0,0.0,0.0,1.66,4.0,4.75,1.67,4.1,4.75,1.73,3.7,4.3,1.75,3.98,4.6,1.7,4.0,4.33,1.7,4.0,4.5,1.8,4.15,4.85,1.72,3.92,4.44,15,1,2020,8,22,20,19,7,Home Win,2020-2021
B1,2020-08-22,Mechelen,Cercle Brugge,2,3,A,21.0,11.0,8.0,4.0,14.0,13.0,6.0,8.0,4.0,2.0,0.0,0.0,1.8,3.75,4.33,1.78,3.75,4.5,1.8,3.6,4.0,1.81,3.8,4.44,1.73,3.9,4.2,1.8,3.8,4.1,1.86,4.1,4.51,1.79,3.75,4.2,17,2,2020,8,22,10,3,7,Away Win,2020-2021
B1,2020-08-22,Oud-Heverlee Leuven,Charleroi,1,3,A,8.0,11.0,2.0,5.0,10.0,18.0,6.0,5.0,1.0,4.0,0.0,1.0,4.0,3.8,1.72,4.1,3.9,1.83,4.2,3.55,1.77,4.61,3.73,1.8,4.33,3.9,1.73,4.2,3.75,1.8,4.61,4.15,1.86,4.29,3.72,1.78,17,2,2020,8,22,13,4,7,Away Win,2020-2021
B1,2020-08-22,Antwerp,Gent,1,0,H,6.0,17.0,4.0,5.0,10.0,13.0,3.0,6.0,0.0,0.0,0.0,0.0,2.6,3.4,2.6,2.7,3.3,2.65,2.6,3.2,2.55,2.7,3.43,2.64,2.62,3.3,2.6,2.63,3.4,2.6,2.84,3.55,2.75,2.64,3.34,2.59,19,1,2020,8,22,1,8,7,Home Win,2020-2021
B1,2020-08-23,Standard,Genk,0,0,D,12.0,10.0,1.0,3.0,18.0,12.0,6.0,5.0,6.0,2.0,1.0,0.0,2.2,3.4,3.2,2.3,3.3,3.2,2.25,3.2,3.1,2.23,3.38,3.38,2.25,3.3,3.1,2.25,3.4,3.1,2.31,3.54,3.5,2.23,3.32,3.19,12,0,2020,8,23,18,7,1,Draw,2020-2021
B1,2020-08-23,Club Brugge,Beerschot VA,0,1,A,19.0,6.0,7.0,2.0,16.0,9.0,5.0,1.0,1.0,0.0,0.0,0.0,1.3,5.5,9.0,1.3,5.5,10.0,1.3,5.0,8.75,1.3,5.68,9.92,1.29,5.25,9.5,1.3,5.25,10.0,1.35,5.75,11.25,1.31,5.35,9.1,15,2,2020,8,23,5,2,1,Away Win,2020-2021
B1,2020-08-23,Anderlecht,Mouscron,1,1,D,16.0,7.0,5.0,2.0,16.0,14.0,12.0,2.0,2.0,2.0,0.0,1.0,1.36,4.33,8.5,1.4,4.75,8.0,1.4,4.5,7.5,1.39,4.91,8.38,1.35,4.75,8.5,1.36,4.6,9.0,1.43,5.05,9.6,1.38,4.68,7.89,17,0,2020,8,23,0,11,1,Draw,2020-2021
B1,2020-08-24,St Truiden,Oostende,0,0,D,9.0,13.0,1.0,2.0,12.0,26.0,4.0,5.0,1.0,7.0,1.0,1.0,2.1,3.5,3.3,2.1,3.5,3.5,2.1,3.3,3.25,2.08,3.6,3.56,2.05,3.6,3.3,2.1,3.5,3.4,2.19,3.76,3.66,2.08,3.49,3.35,19,0,2020,8,24,16,12,2,Draw,2020-2021
B1,2020-08-28,Oostende,Anderlecht,2,2,D,11.0,13.0,5.0,5.0,12.0,14.0,5.0,4.0,3.0,3.0,0.0,0.0,3.5,3.75,1.95,3.5,3.75,2.0,3.45,3.45,1.97,3.56,3.77,2.01,3.6,3.7,1.91,3.5,3.7,2.0,3.92,3.9,2.04,3.51,3.67,1.98,19,0,2020,8,28,12,0,6,Draw,2020-2021
B1,2020-08-29,Eupen,St Truiden,1,1,D,5.0,17.0,3.0,4.0,25.0,14.0,4.0,5.0,4.0,4.0,1.0,0.0,2.0,3.5,3.6,2.0,3.6,3.7,2.0,3.35,3.5,2.01,3.64,3.7,2.0,3.6,3.4,2.0,3.5,3.6,2.13,3.68,3.85,2.01,3.51,3.58,15,0,2020,8,29,6,16,7,Draw,2020-2021
B1,2020-08-29,Cercle Brugge,Kortrijk,0,1,A,9.0,11.0,1.0,2.0,18.0,16.0,5.0,11.0,2.0,3.0,0.0,0.0,2.25,3.5,2.9,2.3,3.5,3.0,2.3,3.25,2.95,2.31,3.48,3.09,2.25,3.4,3.0,2.25,3.5,3.0,2.43,3.8,3.2,2.3,3.42,2.99,17,2,2020,8,29,3,9,7,Away Win,2020-2021
B1,2020-08-29,Waasland-Beveren,Oud-Heverlee Leuven,1,3,A,16.0,12.0,4.0,7.0,12.0,15.0,4.0,6.0,1.0,1.0,1.0,0.0,2.5,3.5,2.62,2.6,3.5,2.65,2.55,3.25,2.6,2.66,3.56,2.58,2.55,3.5,2.55,2.55,3.5,2.63,2.71,3.74,2.8,2.58,3.45,2.59,17,2,2020,8,29,19,13,7,Away Win,2020-2021
B1,2020-08-29,Mouscron,Waregem,0,1,A,8.0,9.0,3.0,2.0,14.0,10.0,5.0,4.0,2.0,1.0,0.0,0.0,2.87,3.4,2.37,2.8,3.4,2.5,2.7,3.25,2.45,2.8,3.47,2.5,2.7,3.4,2.45,2.75,3.5,2.45,2.88,3.78,2.57,2.75,3.42,2.46,19,2,2020,8,29,11,20,7,Away Win,2020-2021
B1,2020-08-30,Genk,Club Brugge,1,2,A,10.0,14.0,2.0,5.0,18.0,15.0,1.0,5.0,4.0,3.0,0.0,0.0,2.8,3.6,2.3,3.0,3.5,2.3,3.05,3.15,2.25,3.25,3.45,2.23,3.1,3.4,2.2,3.1,3.4,2.25,3.32,3.68,2.36,3.09,3.38,2.25,12,2,2020,8,30,7,5,1,Away Win,2020-2021
B1,2020-08-30,Beerschot VA,Standard,0,3,A,20.0,14.0,5.0,8.0,14.0,12.0,7.0,5.0,3.0,1.0,0.0,0.0,2.9,3.5,2.25,2.95,3.5,2.35,2.9,3.3,2.3,3.02,3.46,2.35,2.9,3.4,2.3,3.0,3.4,2.3,3.14,3.6,2.46,2.94,3.42,2.31,15,2,2020,8,30,2,18,1,Away Win,2020-2021
B1,2020-08-30,Charleroi,Antwerp,2,0,H,17.0,9.0,8.0,2.0,12.0,6.0,5.0,3.0,4.0,3.0,0.0,1.0,2.1,3.4,3.3,2.2,3.5,3.2,2.2,3.25,3.15,2.19,3.49,3.32,2.15,3.5,3.1,2.2,3.4,3.25,2.31,3.7,3.35,2.19,3.4,3.2,17,1,2020,8,30,4,1,1,Home Win,2020-2021
B1,2020-08-30,Gent,Mechelen,1,0,H,15.0,13.0,7.0,3.0,15.0,16.0,3.0,2.0,2.0,1.0,0.0,0.0,1.66,4.0,4.33,1.72,4.1,4.4,1.73,3.7,4.2,1.78,3.97,4.37,1.7,3.9,4.4,1.73,3.9,4.4,1.8,4.2,4.75,1.74,3.91,4.3,19,1,2020,8,30,8,10,1,Home Win,2020-2021
B1,2020-09-11,Eupen,Gent,2,1,H,17.0,19.0,7.0,6.0,8.0,19.0,4.0,5.0,3.0,3.0,0.0,1.0,3.1,3.75,2.15,3.1,3.6,2.2,3.05,3.3,2.2,3.19,3.62,2.25,3.5,3.5,2.0,3.13,3.5,2.2,3.73,3.75,2.25,3.14,3.48,2.19,19,1,2020,9,11,6,8,6,Home Win,2020-2021
B1,2020-09-12,Mechelen,Oostende,0,1,A,4.0,11.0,0.0,3.0,19.0,16.0,5.0,10.0,5.0,2.0,0.0,0.0,1.8,3.75,4.2,1.83,3.7,4.25,1.85,3.55,3.8,1.89,3.84,4.06,1.85,3.6,3.9,1.85,3.8,3.9,1.9,4.04,4.2,1.86,3.71,3.87,15,2,2020,9,12,10,12,7,Away Win,2020-2021
B1,2020-09-12,Oud-Heverlee Leuven,Standard,1,0,H,12.0,17.0,3.0,3.0,19.0,16.0,1.0,3.0,2.0,4.0,0.0,1.0,5.0,3.8,1.65,5.0,3.8,1.7,4.9,3.45,1.7,5.25,3.7,1.74,5.25,3.6,1.67,5.25,3.75,1.67,5.4,4.0,1.74,5.04,3.63,1.69,17,1,2020,9,12,13,18,7,Home Win,2020-2021
B1,2020-09-12,Club Brugge,Waasland-Beveren,4,1,H,18.0,7.0,9.0,4.0,17.0,4.0,5.0,2.0,1.0,2.0,0.0,0.0,1.16,7.5,13.0,1.14,8.25,19.0,1.15,7.5,17.0,1.13,9.29,23.78,1.12,7.5,21.0,1.12,8.5,21.0,1.17,9.77,23.78,1.13,8.1,18.06,19,1,2020,9,12,5,19,7,Home Win,2020-2021
B1,2020-09-13,Anderlecht,Cercle Brugge,2,0,H,15.0,8.0,6.0,1.0,11.0,20.0,7.0,3.0,1.0,4.0,0.0,0.0,1.44,4.5,6.5,1.45,4.75,6.75,1.53,4.1,5.75,1.5,4.61,6.54,1.47,4.33,6.5,1.45,4.5,6.5,1.55,4.77,6.54,1.48,4.43,6.02,12,1,2020,9,13,0,3,1,Home Win,2020-2021
B1,2020-09-13,St Truiden,Antwerp,2,3,A,10.0,14.0,3.0,6.0,15.0,16.0,3.0,4.0,3.0,4.0,1.0,1.0,4.0,3.8,1.8,4.1,3.9,1.83,3.8,3.5,1.9,4.0,3.9,1.89,3.8,3.7,1.85,4.0,3.7,1.85,4.11,3.9,1.93,3.87,3.71,1.86,15,2,2020,9,13,16,1,1,Away Win,2020-2021
B1,2020-09-13,Waregem,Charleroi,0,2,A,8.0,11.0,1.0,4.0,13.0,12.0,3.0,2.0,0.0,1.0,0.0,0.0,3.5,3.6,2.0,3.6,3.5,2.05,3.45,3.25,2.05,3.71,3.45,2.11,3.5,3.5,2.0,3.4,3.6,2.05,3.71,3.77,2.11,3.48,3.43,2.05,17,2,2020,9,13,20,4,1,Away Win,2020-2021
B1,2020-09-13,Kortrijk,Mouscron,3,0,H,17.0,9.0,8.0,2.0,15.0,9.0,8.0,1.0,2.0,2.0,0.0,2.0,1.85,3.8,3.8,1.87,3.9,3.9,1.83,3.55,3.9,1.85,3.9,4.16,1.85,3.6,3.9,1.87,3.7,3.9,1.94,3.9,4.16,1.85,3.7,3.92,19,1,2020,9,13,9,11,1,Home Win,2020-2021
B1,2020-09-14,Beerschot VA,Genk,5,2,H,12.0,6.0,7.0,3.0,16.0,17.0,5.0,3.0,0.0,4.0,0.0,2.0,3.25,3.75,2.05,3.2,3.5,2.2,3.0,3.4,2.2,3.17,3.75,2.24,3.0,3.6,2.2,3.1,3.7,2.2,3.39,3.84,2.28,3.09,3.6,2.18,19,1,2020,9,14,2,7,2,Home Win,2020-2021
B1,2020-09-18,Charleroi,Beerschot VA,3,1,H,14.0,11.0,4.0,2.0,11.0,11.0,7.0,1.0,0.0,1.0,0.0,0.0,1.66,3.75,5.0,1.75,3.6,5.0,1.73,3.5,4.7,1.75,3.76,5.19,1.67,3.7,5.0,1.67,3.9,4.8,1.76,3.95,5.3,1.71,3.7,4.83,19,1,2020,9,18,4,2,6,Home Win,2020-2021
B1,2020-09-19,Oostende,Oud-Heverlee Leuven,3,1,H,17.0,15.0,4.0,6.0,19.0,11.0,11.0,2.0,4.0,2.0,0.0,0.0,2.0,3.5,3.6,2.1,3.6,3.4,2.1,3.4,3.25,2.09,3.72,3.41,2.05,3.6,3.3,2.05,3.6,3.4,2.12,3.75,3.6,2.06,3.59,3.32,15,1,2020,9,19,12,13,7,Home Win,2020-2021
B1,2020-09-19,Mouscron,Gent,0,1,A,15.0,14.0,3.0,7.0,12.0,5.0,11.0,3.0,3.0,0.0,0.0,0.0,4.33,3.75,1.75,4.33,3.75,1.8,4.2,3.65,1.77,4.39,3.85,1.81,4.33,3.7,1.75,4.2,3.75,1.8,4.39,3.92,1.84,4.23,3.73,1.79,17,2,2020,9,19,11,8,7,Away Win,2020-2021
B1,2020-09-19,Waasland-Beveren,Anderlecht,2,4,A,14.0,17.0,6.0,7.0,16.0,11.0,5.0,7.0,4.0,1.0,0.0,0.0,6.25,4.2,1.5,6.25,4.2,1.53,5.75,4.3,1.5,6.04,4.56,1.52,5.8,4.33,1.5,6.0,4.4,1.5,6.25,4.6,1.54,5.79,4.44,1.5,19,2,2020,9,19,19,0,7,Away Win,2020-2021
B1,2020-09-20,Waregem,Club Brugge,0,6,A,9.0,14.0,4.0,7.0,10.0,12.0,2.0,4.0,1.0,1.0,0.0,0.0,6.25,4.2,1.5,6.25,4.25,1.53,5.75,4.2,1.53,6.21,4.44,1.53,6.0,4.33,1.5,6.0,4.4,1.5,6.25,4.5,1.55,5.81,4.36,1.51,12,2,2020,9,20,20,5,1,Away Win,2020-2021
B1,2020-09-20,Standard,Kortrijk,2,1,H,16.0,2.0,5.0,1.0,17.0,21.0,6.0,3.0,0.0,3.0,0.0,0.0,1.53,4.33,5.5,1.57,4.2,5.75,1.57,3.9,5.25,1.58,4.02,6.23,1.52,4.0,6.0,1.55,4.2,5.75,1.62,4.33,6.24,1.56,4.05,5.62,15,1,2020,9,20,18,9,1,Home Win,2020-2021
B1,2020-09-20,Genk,Mechelen,3,1,H,11.0,18.0,4.0,5.0,11.0,17.0,1.0,4.0,0.0,1.0,0.0,0.0,1.61,4.2,4.75,1.7,4.0,4.75,1.67,3.9,4.5,1.71,4.08,4.75,1.67,3.9,4.6,1.65,4.1,4.8,1.72,4.2,4.8,1.68,3.98,4.59,17,1,2020,9,20,7,10,1,Home Win,2020-2021
B1,2020-09-20,Antwerp,Eupen,2,2,D,16.0,11.0,5.0,3.0,6.0,15.0,9.0,4.0,2.0,6.0,0.0,0.0,1.65,4.2,4.75,1.72,3.6,5.25,1.7,3.5,4.9,1.71,3.67,5.45,1.63,3.75,5.25,1.65,3.8,5.25,1.73,4.2,5.5,1.68,3.7,5.01,19,0,2020,9,20,1,6,1,Draw,2020-2021
B1,2020-09-21,Cercle Brugge,St Truiden,3,0,H,13.0,14.0,6.0,2.0,15.0,17.0,5.0,4.0,1.0,3.0,0.0,0.0,2.05,3.6,3.3,2.1,3.4,3.3,2.15,3.25,3.2,2.2,3.45,3.39,2.1,3.5,3.2,2.05,3.7,3.25,2.2,3.72,3.4,2.14,3.43,3.25,19,1,2020,9,21,3,16,2,Home Win,2020-2021
B1,2020-09-25,Kortrijk,Antwerp,1,3,A,15.0,14.0,5.0,3.0,24.0,6.0,6.0,2.0,2.0,0.0,0.0,0.0,3.1,3.6,2.2,3.0,3.5,2.3,2.95,3.25,2.25,3.12,3.69,2.29,3.0,3.4,2.25,3.0,3.5,2.25,3.12,3.69,2.31,3.01,3.5,2.25,19,2,2020,9,25,9,1,6,Away Win,2020-2021
B1,2020-09-26,Beerschot VA,Waasland-Beveren,3,2,H,19.0,5.0,6.0,3.0,16.0,9.0,10.0,0.0,1.0,2.0,0.0,0.0,1.45,4.5,6.5,1.45,4.75,6.5,1.43,4.5,6.25,1.43,4.98,7.55,1.42,4.5,7.0,1.44,4.75,6.5,1.47,5.0,7.55,1.43,4.7,6.64,15,1,2020,9,26,2,19,7,Home Win,2020-2021
B1,2020-09-26,Mechelen,St Truiden,2,0,H,13.0,7.0,5.0,2.0,16.0,16.0,3.0,6.0,3.0,6.0,0.0,0.0,1.75,4.0,4.2,1.75,4.1,4.25,1.73,3.8,4.1,1.75,4.35,4.39,1.78,3.9,4.0,1.75,3.9,4.33,1.83,4.35,4.39,1.73,4.03,4.2,17,1,2020,9,26,10,16,7,Home Win,2020-2021
B1,2020-09-26,Gent,Oud-Heverlee Leuven,2,3,A,24.0,10.0,6.0,3.0,10.0,11.0,8.0,4.0,2.0,3.0,0.0,0.0,1.44,4.75,6.0,1.45,5.0,6.25,1.43,4.5,6.0,1.46,5.25,6.45,1.44,4.6,6.5,1.44,4.75,6.5,1.48,5.25,6.7,1.43,4.82,6.22,19,2,2020,9,26,8,13,7,Away Win,2020-2021
B1,2020-09-27,Standard,Waregem,2,2,D,16.0,5.0,4.0,2.0,11.0,26.0,7.0,2.0,2.0,3.0,0.0,0.0,1.5,4.0,7.0,1.5,4.4,6.5,1.5,4.2,6.0,1.5,4.98,6.16,1.44,4.6,6.5,1.45,4.6,6.5,1.51,4.98,7.0,1.47,4.55,6.07,12,0,2020,9,27,18,20,1,Draw,2020-2021
B1,2020-09-27,Anderlecht,Eupen,1,1,D,6.0,8.0,3.0,5.0,12.0,20.0,9.0,5.0,2.0,4.0,0.0,0.0,1.6,4.0,5.25,1.62,4.0,5.5,1.63,3.75,5.0,1.65,4.06,5.65,1.6,4.0,5.25,1.62,4.0,5.25,1.65,4.2,5.65,1.61,3.96,5.18,15,0,2020,9,27,0,6,1,Draw,2020-2021
B1,2020-09-27,Club Brugge,Cercle Brugge,2,1,H,21.0,10.0,5.0,1.0,10.0,10.0,8.0,5.0,1.0,2.0,0.0,0.0,1.2,6.0,12.0,1.22,6.75,12.5,1.22,6.0,10.0,1.21,6.67,12.96,1.2,6.5,13.0,1.2,6.5,13.0,1.26,7.07,13.09,1.21,6.39,11.7,17,1,2020,9,27,5,3,1,Home Win,2020-2021
B1,2020-09-27,Mouscron,Charleroi,1,1,D,7.0,19.0,2.0,6.0,6.0,6.0,0.0,6.0,1.0,1.0,0.0,0.0,5.0,3.6,1.72,5.25,3.6,1.72,4.8,3.45,1.73,5.26,3.73,1.75,5.0,3.7,1.67,4.75,3.7,1.73,5.26,3.81,1.79,4.77,3.59,1.73,19,0,2020,9,27,11,4,1,Draw,2020-2021
B1,2020-09-28,Genk,Oostende,2,2,D,11.0,17.0,5.0,11.0,7.0,22.0,6.0,5.0,1.0,5.0,1.0,0.0,1.5,4.33,6.0,1.55,4.2,6.0,1.55,4.0,5.25,1.56,4.3,6.32,1.47,4.2,6.5,1.53,4.2,6.0,1.59,4.55,6.5,1.53,4.2,5.69,19,0,2020,9,28,7,12,2,Draw,2020-2021
B1,2020-10-02,Antwerp,Mechelen,4,1,H,11.0,15.0,6.0,5.0,8.0,13.0,4.0,6.0,1.0,2.0,0.0,0.0,1.83,4.0,3.75,1.9,3.7,4.0,1.9,3.4,3.8,1.93,3.77,4.08,1.91,3.5,3.8,1.87,3.7,3.9,2.0,4.0,4.08,1.89,3.65,3.86,19,1,2020,10,2,1,10,6,Home Win,2020-2021
B1,2020-10-03,Waasland-Beveren,Genk,1,1,D,18.0,13.0,8.0,2.0,10.0,12.0,4.0,6.0,3.0,3.0,0.0,0.0,5.25,4.75,1.45,5.5,4.6,1.53,5.25,4.3,1.53,5.96,4.79,1.53,6.0,4.4,1.47,5.75,4.6,1.5,6.0,4.81,1.56,5.57,4.56,1.5,15,0,2020,10,3,19,7,7,Draw,2020-2021
B1,2020-10-03,Eupen,Cercle Brugge,1,2,A,10.0,16.0,3.0,6.0,12.0,12.0,8.0,3.0,5.0,4.0,0.0,0.0,2.0,3.6,3.5,2.05,3.4,3.7,2.0,3.2,3.6,2.05,3.43,4.0,2.05,3.3,3.6,2.05,3.4,3.6,2.14,3.6,4.0,2.02,3.38,3.66,17,2,2020,10,3,6,3,7,Away Win,2020-2021
B1,2020-10-03,Oud-Heverlee Leuven,Waregem,2,1,H,12.0,21.0,7.0,3.0,13.0,7.0,9.0,9.0,1.0,0.0,0.0,0.0,2.37,3.75,2.75,2.45,3.7,2.7,2.45,3.35,2.65,2.56,3.64,2.76,2.4,3.5,2.7,2.45,3.5,2.75,2.56,3.76,2.8,2.45,3.53,2.69,17,1,2020,10,3,13,20,7,Home Win,2020-2021
B1,2020-10-03,St Truiden,Kortrijk,0,0,D,23.0,5.0,4.0,2.0,15.0,17.0,9.0,4.0,3.0,2.0,0.0,1.0,2.8,3.6,2.3,2.8,3.5,2.45,2.75,3.3,2.4,2.89,3.68,2.44,2.62,3.3,2.6,2.8,3.5,2.38,2.89,3.68,2.45,2.8,3.5,2.37,19,0,2020,10,3,16,9,7,Draw,2020-2021
B1,2020-10-04,Club Brugge,Anderlecht,3,0,H,22.0,5.0,6.0,2.0,18.0,15.0,8.0,1.0,1.0,4.0,0.0,1.0,1.57,4.2,5.25,1.6,4.1,5.5,1.6,3.85,5.25,1.6,4.07,6.24,1.55,3.9,5.8,1.57,4.1,5.5,1.63,4.22,6.24,1.58,4.01,5.43,12,1,2020,10,4,5,0,1,Home Win,2020-2021
B1,2020-10-04,Gent,Beerschot VA,5,1,H,22.0,20.0,6.0,7.0,11.0,13.0,6.0,5.0,1.0,1.0,0.0,0.0,1.75,3.8,4.33,1.75,4.0,4.33,1.75,3.65,4.2,1.79,4.02,4.5,1.83,3.6,4.0,1.8,3.8,4.2,1.86,4.02,4.5,1.76,3.85,4.23,15,1,2020,10,4,8,2,1,Home Win,2020-2021
B1,2020-10-04,Charleroi,Standard,1,2,A,7.0,10.0,2.0,5.0,8.0,12.0,7.0,8.0,2.0,3.0,0.0,0.0,2.2,3.6,3.0,2.3,3.4,3.1,2.3,3.05,3.05,2.42,3.28,3.23,2.3,3.25,3.1,2.3,3.3,3.1,2.43,3.6,3.23,2.3,3.27,3.06,17,2,2020,10,4,4,18,1,Away Win,2020-2021
B1,2020-10-04,Oostende,Mouscron,3,0,H,16.0,4.0,5.0,1.0,10.0,7.0,6.0,0.0,1.0,0.0,0.0,0.0,1.72,3.8,4.2,1.78,3.75,4.5,1.77,3.5,4.3,1.83,3.72,4.66,1.85,3.6,4.0,1.8,3.7,4.33,1.85,3.88,4.66,1.79,3.66,4.29,19,1,2020,10,4,12,11,1,Home Win,2020-2021
B1,2020-10-17,Cercle Brugge,Gent,5,2,H,14.0,17.0,9.0,6.0,7.0,12.0,5.0,9.0,0.0,0.0,0.0,0.0,3.25,4.0,2.0,3.3,3.8,2.05,3.25,3.5,2.05,3.46,3.96,2.05,3.3,3.6,2.05,3.25,3.8,2.05,3.46,4.0,2.11,3.29,3.75,2.02,15,1,2020,10,17,3,8,7,Home Win,2020-2021
B1,2020-10-17,Beerschot VA,St Truiden,6,3,H,15.0,12.0,7.0,5.0,14.0,16.0,4.0,4.0,0.0,4.0,0.0,0.0,1.66,4.0,4.33,1.75,3.8,4.6,1.73,3.65,4.4,1.78,3.88,4.77,1.7,3.8,4.5,1.7,4.0,4.5,1.78,4.15,4.9,1.72,3.82,4.49,17,1,2020,10,17,2,16,7,Home Win,2020-2021
B1,2020-10-17,Mechelen,Kortrijk,1,2,A,19.0,12.0,6.0,6.0,12.0,7.0,7.0,6.0,2.0,1.0,1.0,0.0,2.0,3.75,3.5,2.0,3.6,3.7,1.97,3.4,3.5,2.0,3.66,3.9,2.05,3.4,3.5,2.0,3.6,3.5,2.11,3.75,3.9,1.99,3.54,3.57,17,2,2020,10,17,10,9,7,Away Win,2020-2021
B1,2020-10-17,Standard,Club Brugge,1,1,D,13.0,9.0,4.0,3.0,11.0,16.0,8.0,5.0,2.0,3.0,0.0,0.0,3.5,3.5,2.0,3.6,3.5,2.05,3.5,3.3,2.05,3.83,3.59,2.04,3.6,3.3,2.05,3.4,3.6,2.05,3.83,3.64,2.11,3.54,3.47,2.02,19,0,2020,10,17,18,5,7,Draw,2020-2021
B1,2020-10-18,Waregem,Antwerp,1,3,A,15.0,22.0,6.0,12.0,6.0,9.0,3.0,9.0,1.0,1.0,0.0,0.0,3.2,3.6,2.0,3.25,3.75,2.1,3.1,3.7,2.05,3.19,4.23,2.09,3.25,3.6,2.05,3.2,3.7,2.1,3.28,4.23,2.12,3.14,3.87,2.05,12,2,2020,10,18,20,1,1,Away Win,2020-2021
B1,2020-10-18,Mouscron,Eupen,0,2,A,17.0,13.0,6.0,6.0,9.0,15.0,5.0,4.0,3.0,1.0,0.0,0.0,3.0,3.6,2.2,3.4,3.7,2.05,3.25,3.4,2.1,3.46,3.81,2.1,3.25,3.4,2.15,3.2,3.4,2.2,3.46,3.81,2.2,3.26,3.55,2.09,15,2,2020,10,18,11,6,1,Away Win,2020-2021
B1,2020-10-18,Genk,Charleroi,2,1,H,11.0,14.0,6.0,5.0,21.0,15.0,4.0,5.0,4.0,2.0,1.0,0.0,2.5,3.5,2.7,2.6,3.5,2.65,2.55,3.2,2.65,2.64,3.4,2.82,2.5,3.3,2.7,2.5,3.5,2.7,2.64,3.65,2.82,2.53,3.37,2.68,17,1,2020,10,18,7,4,1,Home Win,2020-2021
B1,2020-10-18,Anderlecht,Oud-Heverlee Leuven,2,2,D,21.0,18.0,4.0,6.0,10.0,16.0,3.0,8.0,1.0,2.0,0.0,0.0,1.5,4.33,6.0,1.53,4.6,5.5,1.53,4.2,5.5,1.55,4.45,6.16,1.5,4.2,6.0,1.5,4.5,5.5,1.55,4.6,6.37,1.51,4.37,5.66,19,0,2020,10,18,0,13,1,Draw,2020-2021
B1,2020-10-23,Kortrijk,Anderlecht,1,3,A,14.0,16.0,3.0,7.0,10.0,20.0,4.0,3.0,0.0,2.0,0.0,0.0,3.5,3.6,2.0,3.5,3.6,2.05,3.3,3.45,2.05,3.61,3.67,2.09,3.1,3.3,2.25,3.25,3.6,2.1,3.65,3.74,2.13,3.42,3.53,2.05,19,2,2020,10,23,9,0,6,Away Win,2020-2021
B1,2020-10-24,Oud-Heverlee Leuven,Club Brugge,2,1,H,12.0,20.0,6.0,10.0,14.0,14.0,4.0,4.0,2.0,3.0,0.0,0.0,6.5,4.5,1.45,6.5,4.75,1.45,6.0,4.3,1.47,7.06,4.82,1.46,6.5,4.2,1.47,6.5,4.6,1.45,7.06,4.82,1.5,6.23,4.54,1.46,19,1,2020,10,24,13,5,7,Home Win,2020-2021
B1,2020-10-25,Antwerp,Beerschot VA,3,2,H,11.0,11.0,3.0,2.0,10.0,11.0,8.0,6.0,4.0,2.0,0.0,0.0,1.85,4.0,3.75,1.91,3.6,4.0,1.9,3.45,3.8,1.93,3.7,4.18,1.83,3.7,3.9,1.9,3.8,3.75,1.95,4.03,4.18,1.89,3.68,3.83,12,1,2020,10,25,1,2,1,Home Win,2020-2021
B1,2020-10-25,Oostende,Waregem,3,0,H,15.0,22.0,9.0,4.0,14.0,13.0,4.0,10.0,1.0,1.0,0.0,0.0,1.83,3.75,4.0,1.87,3.8,3.9,1.9,3.65,3.55,1.91,4.14,3.8,1.85,3.8,3.7,1.87,3.9,3.75,1.93,4.14,4.0,1.87,3.87,3.66,15,1,2020,10,25,12,20,1,Home Win,2020-2021
B1,2020-10-25,St Truiden,Standard,2,0,H,9.0,10.0,2.0,4.0,12.0,13.0,4.0,3.0,1.0,1.0,0.0,0.0,4.5,4.0,1.75,4.4,4.0,1.75,4.2,3.7,1.75,4.33,4.18,1.79,4.33,3.75,1.75,4.4,3.8,1.75,4.5,4.23,1.82,4.26,3.9,1.74,17,1,2020,10,25,16,18,1,Home Win,2020-2021
B1,2020-10-26,Gent,Genk,1,2,A,16.0,8.0,6.0,3.0,15.0,10.0,8.0,3.0,1.0,2.0,0.0,0.0,1.85,3.8,3.75,1.95,3.6,3.8,1.95,3.45,3.5,2.03,3.7,3.69,1.95,3.6,3.6,1.95,3.75,3.6,2.05,3.99,3.75,1.96,3.63,3.54,19,2,2020,10,26,8,7,2,Away Win,2020-2021
B1,2020-10-30,Genk,Eupen,4,0,H,14.0,15.0,8.0,4.0,12.0,12.0,3.0,6.0,1.0,2.0,0.0,0.0,1.8,3.8,3.75,1.87,3.9,3.9,1.85,3.55,3.8,1.88,3.98,4.06,1.75,3.8,4.2,1.83,3.8,4.0,1.89,3.98,4.18,1.85,3.75,3.89,19,1,2020,10,30,7,6,6,Home Win,2020-2021
B1,2020-10-31,Beerschot VA,Oud-Heverlee Leuven,4,2,H,18.0,18.0,9.0,5.0,19.0,11.0,7.0,5.0,5.0,1.0,0.0,0.0,1.83,4.0,3.6,1.9,4.1,3.6,1.85,3.8,3.6,1.86,4.24,3.91,1.91,3.8,3.5,1.85,4.1,3.6,1.94,4.24,3.91,1.85,4.04,3.64,15,1,2020,10,31,2,13,7,Home Win,2020-2021
B1,2020-10-31,Charleroi,Cercle Brugge,3,0,H,20.0,9.0,9.0,3.0,18.0,8.0,11.0,1.0,2.0,1.0,0.0,0.0,1.5,4.2,6.5,1.5,4.5,6.25,1.53,4.0,5.75,1.55,4.43,6.28,1.47,4.2,6.5,1.5,4.4,6.0,1.55,4.58,6.5,1.52,4.28,5.89,17,1,2020,10,31,4,3,7,Home Win,2020-2021
B1,2020-10-31,Club Brugge,Mechelen,2,2,D,14.0,10.0,5.0,7.0,15.0,4.0,3.0,2.0,1.0,0.0,0.0,0.0,1.25,5.5,11.0,1.28,6.0,10.0,1.25,5.75,10.0,1.27,6.17,11.6,1.3,5.0,9.5,1.25,6.0,10.5,1.33,6.54,11.6,1.26,5.87,10.35,19,0,2020,10,31,5,10,7,Draw,2020-2021
B1,2020-11-01,Anderlecht,Antwerp,1,0,H,14.0,15.0,4.0,6.0,8.0,9.0,4.0,6.0,0.0,3.0,0.0,0.0,2.05,3.4,3.5,2.15,3.4,3.4,2.15,3.25,3.25,2.17,3.6,3.44,2.1,3.4,3.3,2.15,3.5,3.25,2.28,3.66,3.5,2.13,3.45,3.28,12,1,2020,11,1,0,1,1,Home Win,2020-2021
B1,2020-11-01,Standard,Oostende,1,0,H,13.0,10.0,2.0,2.0,13.0,19.0,9.0,4.0,1.0,3.0,0.0,0.0,1.72,4.0,4.33,1.75,3.8,4.6,1.73,3.55,4.5,1.76,3.91,4.88,1.73,3.6,4.6,1.75,3.75,4.5,1.78,4.0,4.89,1.74,3.73,4.52,17,1,2020,11,1,18,12,1,Home Win,2020-2021
B1,2020-11-01,Waasland-Beveren,Gent,1,4,A,14.0,16.0,4.0,9.0,10.0,8.0,7.0,3.0,4.0,0.0,0.0,0.0,5.75,4.75,1.44,5.75,4.75,1.45,5.75,4.5,1.47,6.36,4.69,1.51,6.5,4.4,1.44,6.5,4.8,1.44,6.5,4.86,1.51,5.93,4.64,1.47,19,2,2020,11,1,19,8,1,Away Win,2020-2021
B1,2020-11-02,Waregem,Kortrijk,1,1,D,8.0,16.0,2.0,5.0,20.0,8.0,3.0,9.0,2.0,0.0,1.0,0.0,2.4,3.75,2.7,2.4,3.6,2.65,2.4,3.45,2.65,2.4,3.81,2.82,2.4,3.5,2.7,2.45,3.6,2.7,2.49,3.81,2.82,2.38,3.63,2.7,19,0,2020,11,2,20,9,2,Draw,2020-2021
B1,2020-11-06,Mechelen,Charleroi,3,3,D,20.0,9.0,7.0,2.0,9.0,12.0,4.0,6.0,2.0,3.0,0.0,0.0,3.0,3.4,2.3,3.0,3.5,2.3,2.8,3.35,2.35,2.97,3.75,2.36,2.7,3.5,2.4,2.88,3.6,2.3,3.0,3.76,2.41,2.87,3.56,2.31,19,0,2020,11,6,10,4,6,Draw,2020-2021
B1,2020-11-07,Kortrijk,Beerschot VA,5,5,D,23.0,23.0,8.0,12.0,11.0,14.0,6.0,6.0,2.0,2.0,0.0,0.0,2.37,3.6,2.75,2.35,4.2,2.6,2.35,3.75,2.55,2.39,4.24,2.67,2.35,3.8,2.6,2.3,3.9,2.7,2.4,4.28,2.75,2.35,3.93,2.61,15,0,2020,11,7,9,2,7,Draw,2020-2021
B1,2020-11-07,Eupen,Waasland-Beveren,1,1,D,25.0,9.0,8.0,3.0,12.0,12.0,14.0,4.0,1.0,2.0,0.0,0.0,1.45,4.33,7.0,1.48,4.25,7.25,1.47,4.3,6.0,1.49,4.44,7.48,1.44,4.33,7.0,1.45,4.5,6.5,1.51,4.76,7.48,1.47,4.39,6.47,17,0,2020,11,7,6,19,7,Draw,2020-2021
B1,2020-11-07,St Truiden,Genk,1,2,A,15.0,8.0,2.0,5.0,21.0,19.0,11.0,4.0,5.0,2.0,1.0,0.0,3.5,3.5,2.0,3.7,3.4,2.05,3.4,3.2,2.1,3.61,3.41,2.18,3.6,3.25,2.05,3.4,3.5,2.1,3.7,3.5,2.2,3.45,3.36,2.11,19,2,2020,11,7,16,7,7,Away Win,2020-2021
B1,2020-11-08,Antwerp,Standard,1,1,D,17.0,10.0,4.0,3.0,4.0,14.0,3.0,3.0,0.0,3.0,0.0,0.0,2.25,3.3,3.1,2.3,3.4,3.1,2.25,3.1,3.15,2.29,3.37,3.4,2.25,3.2,3.2,2.3,3.3,3.13,2.3,3.52,3.45,2.24,3.28,3.21,12,0,2020,11,8,1,18,1,Draw,2020-2021
B1,2020-11-08,Oostende,Club Brugge,1,3,A,14.0,15.0,5.0,7.0,10.0,8.0,4.0,8.0,3.0,0.0,1.0,0.0,4.33,4.0,1.7,4.5,4.0,1.72,4.1,3.7,1.77,4.39,4.06,1.8,4.33,3.8,1.73,4.2,4.0,1.75,4.5,4.16,1.82,4.18,3.93,1.75,15,2,2020,11,8,12,5,1,Away Win,2020-2021
B1,2020-11-08,Gent,Anderlecht,1,1,D,8.0,10.0,3.0,3.0,20.0,13.0,2.0,7.0,3.0,4.0,0.0,0.0,2.25,3.5,2.9,2.3,3.5,3.0,2.3,3.3,2.9,2.36,3.6,3.06,2.25,3.6,2.9,2.3,3.6,2.88,2.42,3.86,3.07,2.28,3.51,2.91,17,0,2020,11,8,8,0,1,Draw,2020-2021
B1,2020-11-08,Cercle Brugge,Waregem,1,3,A,14.0,16.0,5.0,6.0,8.0,13.0,4.0,8.0,3.0,3.0,0.0,0.0,1.9,3.75,3.6,2.05,4.1,3.1,2.0,3.65,3.25,2.05,4.09,3.36,2.0,3.6,3.4,1.95,3.9,3.4,2.07,4.19,3.6,1.99,3.89,3.28,19,2,2020,11,8,3,20,1,Away Win,2020-2021
B1,2020-11-21,Standard,Eupen,2,2,D,14.0,11.0,6.0,5.0,11.0,22.0,3.0,3.0,2.0,0.0,1.0,0.0,1.65,3.75,5.25,1.65,3.8,5.5,1.65,3.6,5.0,1.68,3.9,5.59,1.62,3.75,5.5,1.65,3.8,5.25,1.68,4.0,5.62,1.65,3.79,5.15,15,0,2020,11,21,18,6,7,Draw,2020-2021
B1,2020-11-21,Oostende,Antwerp,1,1,D,14.0,12.0,3.0,5.0,13.0,8.0,7.0,5.0,1.0,1.0,0.0,0.0,3.1,3.5,2.15,3.1,3.5,2.15,2.85,3.4,2.25,3.04,3.82,2.29,3.0,3.5,2.2,3.0,3.5,2.25,3.1,3.82,2.31,2.96,3.55,2.24,17,0,2020,11,21,12,1,7,Draw,2020-2021
B1,2020-11-21,Waasland-Beveren,Cercle Brugge,0,2,A,12.0,9.0,5.0,5.0,11.0,11.0,5.0,7.0,4.0,3.0,1.0,0.0,3.1,3.9,2.05,3.2,3.8,2.1,3.2,3.6,2.05,3.32,4.08,2.07,2.9,3.6,2.25,3.25,3.8,2.05,3.32,4.08,2.12,3.21,3.81,2.04,17,2,2020,11,21,19,3,7,Away Win,2020-2021
B1,2020-11-21,Club Brugge,Kortrijk,1,0,H,17.0,5.0,4.0,2.0,8.0,18.0,7.0,2.0,0.0,3.0,0.0,0.0,1.28,5.75,9.0,1.3,6.0,8.75,1.3,5.5,8.5,1.3,5.93,10.4,1.29,5.25,10.0,1.29,5.5,10.0,1.31,6.15,10.4,1.29,5.64,9.1,19,1,2020,11,21,5,9,7,Home Win,2020-2021
B1,2020-11-22,Beerschot VA,Anderlecht,2,1,H,13.0,13.0,10.0,2.0,21.0,17.0,5.0,3.0,2.0,2.0,0.0,0.0,3.0,3.75,2.15,2.9,3.8,2.25,2.8,3.65,2.25,2.94,3.96,2.3,2.88,3.75,2.2,2.88,3.8,2.25,3.0,4.04,2.3,2.85,3.79,2.23,12,1,2020,11,22,2,0,1,Home Win,2020-2021
B1,2020-11-22,Waregem,Mechelen,1,2,A,5.0,9.0,1.0,3.0,11.0,26.0,3.0,4.0,0.0,2.0,0.0,0.0,2.8,3.5,2.37,2.8,3.7,2.35,2.7,3.45,2.35,2.83,3.84,2.42,2.75,3.5,2.35,2.75,3.6,2.4,2.83,3.85,2.48,2.72,3.63,2.36,15,2,2020,11,22,20,10,1,Away Win,2020-2021
B1,2020-11-22,Charleroi,Gent,0,1,A,5.0,9.0,3.0,4.0,10.0,18.0,3.0,4.0,1.0,2.0,0.0,0.0,2.0,3.6,3.5,2.05,3.4,3.7,2.05,3.3,3.45,2.07,3.53,3.81,2.05,3.5,3.4,2.05,3.6,3.4,2.1,3.76,3.81,2.04,3.46,3.5,17,2,2020,11,22,4,8,1,Away Win,2020-2021
B1,2020-11-22,Genk,Mouscron,4,1,H,15.0,17.0,10.0,3.0,10.0,22.0,5.0,3.0,1.0,4.0,0.0,0.0,1.36,4.75,7.5,1.42,5.0,7.0,1.43,4.4,6.5,1.42,4.96,7.53,1.4,4.5,7.5,1.4,4.75,7.5,1.46,5.11,7.53,1.4,4.74,6.96,19,1,2020,11,22,7,11,1,Home Win,2020-2021
B1,2020-11-23,Oud-Heverlee Leuven,St Truiden,2,2,D,18.0,10.0,7.0,3.0,16.0,19.0,4.0,1.0,1.0,4.0,0.0,0.0,1.9,3.8,3.5,2.0,3.75,3.5,1.97,3.45,3.45,2.02,3.7,3.72,1.95,3.6,3.6,1.95,3.7,3.6,2.02,3.88,3.75,1.97,3.62,3.54,19,0,2020,11,23,13,16,2,Draw,2020-2021
B1,2020-11-24,Waasland-Beveren,Oostende,2,0,H,14.0,12.0,5.0,2.0,10.0,13.0,2.0,6.0,2.0,2.0,0.0,0.0,6.5,4.5,1.5,5.5,4.25,1.53,5.25,4.1,1.53,5.65,4.56,1.57,4.2,3.9,1.75,6.0,4.5,1.5,6.5,4.6,1.58,5.51,4.37,1.54,16,1,2020,11,24,19,12,3,Home Win,2020-2021
B1,2020-11-25,Cercle Brugge,Mouscron,1,2,A,13.0,9.0,3.0,2.0,12.0,11.0,4.0,5.0,4.0,2.0,0.0,0.0,1.66,4.0,4.75,1.67,4.0,4.5,1.7,3.75,4.4,1.72,4.02,5.01,1.7,3.7,4.75,1.7,3.9,4.6,1.74,4.11,5.13,1.7,3.91,4.57,16,2,2020,11,25,3,11,4,Away Win,2020-2021
B1,2020-11-27,Eupen,Charleroi,3,1,H,6.0,15.0,3.0,2.0,14.0,11.0,6.0,3.0,1.0,5.0,0.0,0.0,3.1,3.5,2.2,3.1,3.5,2.25,3.05,3.25,2.25,3.17,3.57,2.31,3.4,3.5,2.05,2.9,3.5,2.3,3.35,3.64,2.33,3.07,3.43,2.25,19,1,2020,11,27,6,4,6,Home Win,2020-2021
B1,2020-11-28,St Truiden,Waasland-Beveren,1,1,D,8.0,14.0,4.0,4.0,14.0,13.0,10.0,7.0,3.0,1.0,0.0,0.0,1.75,3.8,4.33,1.75,4.0,4.33,1.8,3.7,4.0,1.79,4.16,4.29,1.78,3.7,4.2,1.8,3.9,4.0,1.83,4.16,4.33,1.78,3.91,4.05,15,0,2020,11,28,16,19,7,Draw,2020-2021
B1,2020-11-28,Cercle Brugge,Genk,1,5,A,8.0,18.0,2.0,11.0,9.0,5.0,2.0,6.0,2.0,0.0,0.0,0.0,3.5,3.75,1.9,3.3,3.8,2.05,3.35,3.6,1.97,3.62,3.97,2.0,3.25,3.6,2.05,3.4,3.8,2.0,3.62,3.97,2.06,3.4,3.77,1.98,17,2,2020,11,28,3,7,7,Away Win,2020-2021
B1,2020-11-28,Mouscron,Club Brugge,0,0,D,4.0,14.0,3.0,1.0,20.0,15.0,1.0,4.0,2.0,3.0,0.0,0.0,9.5,5.0,1.33,9.0,5.25,1.34,8.25,4.9,1.33,9.17,5.3,1.36,9.0,4.75,1.33,10.0,5.0,1.3,10.0,5.36,1.37,8.57,5.11,1.33,19,0,2020,11,28,11,5,7,Draw,2020-2021
B1,2020-11-29,Mechelen,Beerschot VA,2,3,A,12.0,9.0,3.0,5.0,12.0,11.0,3.0,2.0,4.0,2.0,1.0,0.0,2.1,3.75,3.1,2.2,3.75,3.0,2.15,3.55,3.0,2.18,4.03,3.11,2.2,3.6,3.0,2.15,3.75,3.0,2.28,4.09,3.12,2.15,3.78,2.98,12,2,2020,11,29,10,2,1,Away Win,2020-2021
B1,2020-11-29,Gent,Waregem,0,3,A,13.0,10.0,4.0,5.0,15.0,8.0,8.0,0.0,1.0,1.0,0.0,0.0,1.5,4.5,6.0,1.5,4.6,6.0,1.5,4.4,5.5,1.5,4.85,6.03,1.5,4.33,5.8,1.5,4.6,5.75,1.52,4.85,6.07,1.49,4.61,5.68,15,2,2020,11,29,8,20,1,Away Win,2020-2021
B1,2020-11-29,Anderlecht,Standard,0,0,D,7.0,12.0,1.0,3.0,14.0,11.0,2.0,6.0,2.0,2.0,0.0,0.0,2.1,3.5,3.4,2.15,3.75,3.1,2.15,3.35,3.1,2.24,3.6,3.29,2.15,3.4,3.2,2.15,3.5,3.2,2.28,3.75,3.4,2.17,3.49,3.13,17,0,2020,11,29,0,18,1,Draw,2020-2021
B1,2020-11-29,Kortrijk,Oostende,3,1,H,19.0,15.0,10.0,9.0,11.0,12.0,5.0,6.0,0.0,3.0,0.0,0.0,2.25,3.75,2.8,2.2,3.6,3.1,2.25,3.4,2.9,2.25,3.74,3.1,2.3,3.4,2.9,2.3,3.6,2.9,2.3,3.75,3.12,2.22,3.58,2.97,19,1,2020,11,29,9,12,1,Home Win,2020-2021
B1,2020-11-30,Antwerp,Oud-Heverlee Leuven,3,2,H,29.0,16.0,9.0,4.0,9.0,20.0,11.0,2.0,3.0,5.0,0.0,0.0,1.6,4.2,5.25,1.6,4.4,5.0,1.6,4.0,4.8,1.63,4.31,5.28,1.57,4.2,5.0,1.62,4.2,5.0,1.63,4.46,5.28,1.6,4.23,4.96,19,1,2020,11,30,1,13,2,Home Win,2020-2021
B1,2020-12-01,Mouscron,St Truiden,3,2,H,10.0,18.0,6.0,7.0,12.0,13.0,2.0,8.0,3.0,3.0,0.0,0.0,2.9,3.4,2.4,3.0,3.5,2.3,2.85,3.0,2.45,3.01,3.34,2.52,2.9,3.2,2.45,2.9,3.25,2.45,3.05,3.5,2.54,2.92,3.24,2.43,16,1,2020,12,1,11,16,3,Home Win,2020-2021
B1,2020-12-02,Charleroi,Waasland-Beveren,0,2,A,11.0,11.0,4.0,4.0,14.0,9.0,4.0,7.0,1.0,3.0,1.0,0.0,1.28,5.75,9.0,1.3,5.5,10.5,1.3,5.0,8.5,1.3,5.79,10.96,1.27,5.25,11.0,1.29,5.5,10.0,1.33,5.94,11.0,1.3,5.44,9.35,16,2,2020,12,2,4,19,4,Away Win,2020-2021
B1,2020-12-03,Eupen,Mechelen,1,1,D,10.0,25.0,3.0,6.0,7.0,7.0,2.0,8.0,0.0,2.0,0.0,0.0,2.45,3.25,2.87,2.55,3.25,2.85,2.5,3.1,2.75,2.64,3.37,2.84,2.45,3.3,2.75,2.5,3.4,2.75,2.64,3.58,2.87,2.51,3.31,2.76,16,0,2020,12,3,6,10,5,Draw,2020-2021
B1,2020-12-04,Waregem,Anderlecht,2,2,D,8.0,21.0,2.0,6.0,13.0,12.0,1.0,4.0,1.0,2.0,0.0,0.0,3.8,4.0,1.8,3.5,4.1,1.91,3.65,3.75,1.85,3.75,4.31,1.88,3.4,3.9,1.91,3.8,4.0,1.83,3.8,4.31,1.91,3.65,4.03,1.85,19,0,2020,12,4,20,0,6,Draw,2020-2021
B1,2020-12-05,Waasland-Beveren,Mouscron,2,0,H,12.0,6.0,5.0,2.0,9.0,8.0,7.0,2.0,1.0,2.0,0.0,0.0,2.2,3.5,3.1,2.3,3.6,2.95,2.3,3.3,2.85,2.4,3.51,3.07,2.35,3.3,2.9,2.3,3.4,3.0,2.42,3.6,3.1,2.31,3.43,2.94,15,1,2020,12,5,19,11,7,Home Win,2020-2021
B1,2020-12-05,Oud-Heverlee Leuven,Cercle Brugge,2,1,H,11.0,15.0,4.0,5.0,10.0,11.0,1.0,5.0,2.0,2.0,1.0,0.0,2.15,3.75,3.1,2.15,3.8,3.1,2.2,3.55,2.9,2.21,3.88,3.14,2.2,3.6,3.0,2.15,3.75,3.0,2.28,3.88,3.15,2.17,3.72,2.98,17,1,2020,12,5,13,3,7,Home Win,2020-2021
B1,2020-12-05,Club Brugge,St Truiden,1,0,H,16.0,6.0,5.0,3.0,11.0,6.0,3.0,3.0,0.0,1.0,0.0,0.0,1.2,6.5,11.0,1.22,6.75,11.5,1.25,6.0,10.0,1.24,6.74,11.77,1.22,6.0,12.0,1.22,6.5,11.5,1.26,6.99,12.0,1.23,6.44,10.8,19,1,2020,12,5,5,16,7,Home Win,2020-2021
B1,2020-12-06,Genk,Antwerp,4,2,H,20.0,10.0,10.0,2.0,8.0,12.0,5.0,4.0,1.0,3.0,0.0,0.0,2.15,3.4,3.2,2.2,3.6,3.1,2.2,3.3,3.05,2.26,3.54,3.29,2.15,3.5,3.1,2.2,3.5,3.13,2.31,3.6,3.29,2.2,3.44,3.12,12,1,2020,12,6,7,1,1,Home Win,2020-2021
B1,2020-12-06,Beerschot VA,Eupen,0,1,A,19.0,18.0,4.0,8.0,8.0,15.0,11.0,7.0,3.0,2.0,0.0,0.0,1.83,4.0,3.75,1.87,4.2,3.6,1.9,3.8,3.35,1.95,4.13,3.65,1.91,3.8,3.5,1.9,4.0,3.5,1.96,4.3,3.75,1.9,4.01,3.46,15,2,2020,12,6,2,6,1,Away Win,2020-2021
B1,2020-12-06,Standard,Mechelen,2,2,D,17.0,14.0,5.0,9.0,10.0,13.0,7.0,4.0,2.0,1.0,0.0,0.0,2.05,3.5,3.4,2.05,3.6,3.5,2.1,3.3,3.2,2.17,3.65,3.41,1.91,3.5,3.8,2.1,3.5,3.4,2.2,3.65,3.5,2.1,3.5,3.3,17,0,2020,12,6,18,10,1,Draw,2020-2021
B1,2020-12-06,Oostende,Gent,2,1,H,7.0,7.0,3.0,2.0,10.0,19.0,3.0,6.0,2.0,4.0,0.0,0.0,3.0,3.6,2.2,2.95,3.7,2.25,2.85,3.55,2.2,3.04,3.99,2.23,2.9,3.7,2.2,2.9,3.7,2.25,3.05,3.99,2.28,2.93,3.7,2.2,19,1,2020,12,6,12,8,1,Home Win,2020-2021
B1,2020-12-07,Charleroi,Kortrijk,0,0,D,1.0,13.0,0.0,6.0,12.0,11.0,7.0,7.0,4.0,2.0,0.0,0.0,1.72,3.6,5.0,1.75,3.75,4.75,1.73,3.45,4.7,1.76,3.67,5.12,1.67,3.7,5.0,1.73,3.8,4.6,1.79,4.01,5.16,1.73,3.66,4.7,19,0,2020,12,7,4,9,2,Draw,2020-2021
B1,2020-12-08,Oud-Heverlee Leuven,Mouscron,2,0,H,11.0,8.0,3.0,5.0,9.0,18.0,2.0,2.0,0.0,5.0,0.0,0.0,1.75,3.75,4.5,1.78,3.8,4.4,1.77,3.8,4.0,1.8,3.93,4.56,1.8,3.5,4.33,1.8,3.8,4.33,1.83,3.94,4.6,1.78,3.78,4.25,16,1,2020,12,8,13,11,3,Home Win,2020-2021
B1,2020-12-11,Anderlecht,Genk,1,0,H,15.0,4.0,5.0,1.0,19.0,12.0,7.0,5.0,3.0,3.0,0.0,0.0,2.62,3.5,2.5,2.55,3.7,2.55,2.55,3.35,2.5,2.64,3.73,2.63,2.7,3.4,2.5,2.55,3.6,2.55,2.67,3.74,2.64,2.58,3.57,2.52,19,1,2020,12,11,0,7,6,Home Win,2020-2021
B1,2020-12-12,Mouscron,Beerschot VA,3,1,H,16.0,11.0,7.0,2.0,13.0,9.0,2.0,7.0,0.0,2.0,0.0,0.0,3.75,3.9,1.85,3.6,3.8,1.95,3.45,3.65,1.9,3.54,4.22,1.96,3.6,3.6,1.95,3.7,3.8,1.9,3.75,4.22,1.97,3.51,3.87,1.91,15,1,2020,12,12,11,2,7,Home Win,2020-2021
B1,2020-12-12,Cercle Brugge,Oostende,0,1,A,8.0,14.0,4.0,4.0,12.0,9.0,3.0,3.0,4.0,0.0,1.0,0.0,2.87,3.5,2.3,2.8,3.7,2.35,2.8,3.4,2.3,2.92,3.82,2.36,2.88,3.5,2.3,2.88,3.6,2.3,2.96,3.82,2.4,2.83,3.6,2.31,17,2,2020,12,12,3,12,7,Away Win,2020-2021
B1,2020-12-12,Kortrijk,Oud-Heverlee Leuven,0,3,A,20.0,10.0,5.0,4.0,13.0,13.0,12.0,1.0,2.0,1.0,0.0,0.0,2.0,3.6,3.5,2.05,3.6,3.5,2.05,3.4,3.25,2.11,3.68,3.54,2.1,3.5,3.2,2.05,3.6,3.4,2.13,3.9,3.54,2.05,3.6,3.33,17,2,2020,12,12,9,13,7,Away Win,2020-2021
B1,2020-12-12,St Truiden,Charleroi,1,2,A,17.0,11.0,3.0,4.0,5.0,17.0,9.0,5.0,2.0,2.0,1.0,0.0,3.0,3.6,2.2,3.1,3.5,2.25,2.95,3.3,2.25,3.11,3.66,2.31,3.0,3.4,2.25,3.1,3.4,2.25,3.24,3.66,2.31,3.02,3.47,2.24,19,2,2020,12,12,16,4,7,Away Win,2020-2021
B1,2020-12-13,Antwerp,Club Brugge,0,2,A,9.0,13.0,1.0,5.0,11.0,15.0,2.0,9.0,3.0,1.0,1.0,0.0,3.1,3.5,2.2,3.1,3.6,2.2,2.95,3.35,2.25,3.09,3.64,2.33,3.1,3.4,2.2,3.0,3.5,2.25,3.15,3.71,2.33,3.0,3.51,2.24,12,2,2020,12,13,1,5,1,Away Win,2020-2021
B1,2020-12-13,Gent,Standard,2,1,H,14.0,8.0,6.0,3.0,23.0,9.0,3.0,3.0,0.0,1.0,0.0,0.0,2.15,3.3,3.25,2.2,3.5,3.2,2.2,3.4,2.95,2.25,3.71,3.12,2.25,3.4,3.0,2.25,3.5,3.0,2.32,3.71,3.25,2.21,3.5,3.04,17,1,2020,12,13,8,18,1,Home Win,2020-2021
B1,2020-12-13,Mechelen,Waasland-Beveren,2,3,A,12.0,10.0,5.0,5.0,13.0,11.0,3.0,1.0,0.0,0.0,1.0,0.0,1.44,4.5,6.5,1.44,4.75,7.0,1.43,4.6,6.0,1.43,4.96,6.46,1.47,4.4,6.0,1.4,4.8,7.0,1.5,5.05,7.0,1.43,4.77,6.32,19,2,2020,12,13,10,19,1,Away Win,2020-2021
B1,2020-12-15,Cercle Brugge,Charleroi,3,4,A,10.0,21.0,5.0,7.0,13.0,13.0,2.0,9.0,3.0,2.0,1.0,0.0,3.25,3.6,2.1,3.2,3.5,2.2,3.25,3.45,2.15,3.41,3.64,2.15,3.2,3.4,2.15,3.25,3.6,2.1,3.41,3.65,2.2,3.24,3.52,2.12,17,2,2020,12,15,3,4,3,Away Win,2020-2021
B1,2020-12-15,Mouscron,Oud-Heverlee Leuven,2,2,D,17.0,12.0,7.0,9.0,9.0,9.0,6.0,4.0,5.0,2.0,0.0,0.0,2.9,3.6,2.2,3.0,3.7,2.25,2.95,3.4,2.3,3.08,3.59,2.33,2.9,3.4,2.3,3.0,3.5,2.25,3.1,3.7,2.33,2.97,3.49,2.27,17,0,2020,12,15,11,13,3,Draw,2020-2021
B1,2020-12-15,Anderlecht,Oostende,2,1,H,9.0,14.0,5.0,3.0,12.0,16.0,2.0,3.0,0.0,3.0,1.0,0.0,1.8,3.8,4.0,1.75,3.8,4.6,1.83,3.65,4.1,1.85,3.76,4.33,1.8,3.6,4.2,1.83,3.75,4.1,1.86,3.9,4.6,1.82,3.71,4.11,20,1,2020,12,15,0,12,3,Home Win,2020-2021
B1,2020-12-16,Antwerp,Waregem,0,1,A,11.0,17.0,2.0,5.0,11.0,11.0,2.0,4.0,2.0,3.0,0.0,0.0,1.5,4.33,6.0,1.53,4.4,6.0,1.53,4.4,5.5,1.54,4.41,6.46,1.5,4.2,6.0,1.5,4.5,5.75,1.55,4.6,6.46,1.51,4.38,5.75,17,2,2020,12,16,1,20,4,Away Win,2020-2021
B1,2020-12-16,Gent,Waasland-Beveren,3,0,H,17.0,9.0,7.0,1.0,12.0,17.0,4.0,4.0,1.0,2.0,0.0,0.0,1.44,4.75,6.5,1.44,4.75,6.75,1.43,4.7,6.25,1.43,5.02,6.81,1.42,4.6,7.0,1.44,4.75,6.5,1.46,5.04,6.84,1.43,4.76,6.44,20,1,2020,12,16,8,19,4,Home Win,2020-2021
B1,2020-12-16,Kortrijk,Standard,2,1,H,10.0,17.0,4.0,6.0,12.0,17.0,6.0,5.0,3.0,1.0,0.0,0.0,3.0,3.6,2.15,3.1,3.6,2.2,3.1,3.45,2.2,3.2,3.66,2.26,3.0,3.4,2.25,3.0,3.5,2.25,3.2,3.66,2.33,3.06,3.5,2.21,20,1,2020,12,16,9,18,4,Home Win,2020-2021
B1,2020-12-17,Mechelen,Club Brugge,0,3,A,10.0,21.0,3.0,8.0,10.0,11.0,6.0,3.0,3.0,0.0,0.0,0.0,5.25,3.8,1.65,4.75,3.9,1.72,4.5,3.9,1.7,4.59,4.02,1.74,4.6,3.9,1.67,4.6,3.9,1.7,5.25,4.2,1.74,4.5,3.94,1.7,19,2,2020,12,17,10,5,5,Away Win,2020-2021
B1,2020-12-18,Charleroi,Anderlecht,1,0,H,10.0,7.0,4.0,2.0,15.0,12.0,3.0,3.0,3.0,0.0,0.0,0.0,2.87,3.3,2.37,2.95,3.3,2.45,2.95,3.2,2.4,3.04,3.32,2.49,2.7,3.3,2.5,2.9,3.3,2.4,3.05,3.37,2.61,2.91,3.24,2.44,19,1,2020,12,18,4,0,6,Home Win,2020-2021
B1,2020-12-19,Waregem,St Truiden,0,2,A,12.0,11.0,1.0,6.0,17.0,16.0,6.0,4.0,4.0,2.0,1.0,0.0,2.2,3.6,2.9,2.2,3.5,3.2,2.3,3.45,2.95,2.31,3.63,3.02,2.25,3.4,3.0,2.25,3.5,3.0,2.31,3.74,3.2,2.25,3.53,2.97,17,2,2020,12,19,20,16,7,Away Win,2020-2021
B1,2020-12-19,Genk,Kortrijk,2,0,H,13.0,7.0,5.0,1.0,14.0,16.0,4.0,1.0,1.0,2.0,0.0,0.0,1.55,4.75,4.75,1.6,4.4,5.0,1.6,4.1,5.25,1.63,4.2,5.26,1.6,3.9,5.25,1.6,4.2,5.25,1.63,4.75,5.52,1.6,4.15,5.11,19,1,2020,12,19,7,9,7,Home Win,2020-2021
B1,2020-12-20,Club Brugge,Gent,0,1,A,22.0,6.0,9.0,2.0,13.0,18.0,15.0,0.0,3.0,3.0,0.0,0.0,1.57,3.8,6.0,1.57,3.9,6.25,1.6,4.0,5.25,1.59,4.04,5.97,1.57,3.8,5.8,1.6,4.0,5.5,1.63,4.15,6.25,1.59,3.98,5.4,12,2,2020,12,20,5,8,1,Away Win,2020-2021
B1,2020-12-20,Oud-Heverlee Leuven,Mechelen,1,2,A,12.0,29.0,5.0,12.0,12.0,12.0,3.0,3.0,3.0,4.0,0.0,0.0,2.4,3.8,2.55,2.5,3.6,2.7,2.5,3.4,2.6,2.55,3.51,2.76,2.55,3.5,2.55,2.55,3.4,2.7,2.6,3.8,2.79,2.51,3.46,2.64,15,2,2020,12,20,13,10,1,Away Win,2020-2021
B1,2020-12-20,Standard,Mouscron,0,1,A,13.0,10.0,6.0,4.0,13.0,14.0,5.0,1.0,4.0,1.0,0.0,0.0,1.4,4.33,8.0,1.44,4.33,8.0,1.4,4.7,7.5,1.4,4.87,7.94,1.4,4.4,8.0,1.4,4.6,8.0,1.44,4.9,8.0,1.4,4.63,7.33,17,2,2020,12,20,18,11,1,Away Win,2020-2021
B1,2020-12-20,Waasland-Beveren,Antwerp,0,3,A,9.0,16.0,1.0,7.0,16.0,14.0,5.0,7.0,1.0,4.0,0.0,0.0,4.2,3.8,1.72,4.2,3.9,1.8,4.1,3.8,1.8,4.18,3.96,1.82,4.2,3.7,1.78,4.1,3.8,1.8,4.35,4.05,1.83,4.11,3.83,1.78,19,2,2020,12,20,19,1,1,Away Win,2020-2021
B1,2020-12-26,Club Brugge,Eupen,3,0,H,14.0,9.0,6.0,2.0,9.0,16.0,12.0,2.0,0.0,2.0,1.0,0.0,1.2,6.5,13.0,1.18,6.75,13.5,1.2,6.75,14.0,1.18,7.71,13.87,1.17,6.5,17.0,1.17,7.0,17.0,1.2,8.0,17.0,1.18,6.95,13.99,13,1,2020,12,26,5,6,7,Home Win,2020-2021
B1,2020-12-26,Waregem,Cercle Brugge,1,0,H,7.0,14.0,3.0,3.0,17.0,15.0,5.0,7.0,3.0,2.0,0.0,0.0,2.0,3.75,3.4,2.15,3.3,3.3,2.1,3.45,3.3,2.16,3.5,3.45,2.05,3.5,3.3,2.05,3.6,3.4,2.17,3.82,3.6,2.1,3.49,3.32,15,1,2020,12,26,20,3,7,Home Win,2020-2021
B1,2020-12-26,Kortrijk,Gent,1,0,H,9.0,13.0,5.0,6.0,21.0,8.0,4.0,3.0,3.0,0.0,0.0,1.0,3.25,3.5,2.1,3.1,3.4,2.2,3.1,3.5,2.2,3.26,3.61,2.19,3.1,3.4,2.2,3.0,3.6,2.25,3.29,3.78,2.25,3.1,3.52,2.19,17,1,2020,12,26,9,8,7,Home Win,2020-2021
B1,2020-12-26,Oud-Heverlee Leuven,Oostende,1,2,A,9.0,20.0,4.0,6.0,12.0,9.0,4.0,9.0,1.0,3.0,0.0,0.0,2.6,3.5,2.6,2.55,3.3,2.7,2.5,3.45,2.6,2.55,3.6,2.71,2.5,3.5,2.6,2.55,3.5,2.63,2.6,3.74,2.71,2.52,3.48,2.63,17,2,2020,12,26,13,12,7,Away Win,2020-2021
B1,2020-12-26,Standard,St Truiden,1,2,A,18.0,9.0,7.0,5.0,19.0,14.0,7.0,3.0,2.0,2.0,0.0,1.0,1.6,3.75,6.0,1.6,3.8,5.5,1.63,4.0,5.0,1.64,4.14,5.24,1.62,3.8,5.25,1.62,4.0,5.25,1.66,4.2,6.0,1.62,4.0,5.09,19,2,2020,12,26,18,16,7,Away Win,2020-2021
B1,2020-12-27,Antwerp,Charleroi,2,1,H,17.0,6.0,6.0,1.0,13.0,12.0,8.0,2.0,1.0,1.0,0.0,0.0,2.05,3.4,3.6,2.05,3.4,3.5,2.05,3.4,3.55,2.04,3.58,3.7,2.05,3.3,3.6,2.0,3.5,3.7,2.13,3.58,3.7,2.03,3.45,3.54,12,1,2020,12,27,1,4,1,Home Win,2020-2021
B1,2020-12-27,Genk,Waasland-Beveren,1,1,D,13.0,8.0,2.0,2.0,9.0,11.0,6.0,5.0,0.0,3.0,0.0,0.0,1.28,5.5,9.5,1.3,5.5,8.75,1.3,5.75,8.75,1.29,5.88,10.36,1.29,5.25,10.0,1.29,5.75,9.5,1.31,6.0,10.41,1.29,5.62,9.11,15,0,2020,12,27,7,19,1,Draw,2020-2021
B1,2020-12-27,Anderlecht,Beerschot VA,2,0,H,27.0,8.0,6.0,2.0,9.0,20.0,7.0,1.0,1.0,4.0,0.0,0.0,1.7,4.0,4.5,1.75,3.9,4.2,1.75,4.1,4.0,1.75,4.35,4.13,1.73,4.0,4.2,1.7,4.2,4.33,1.8,4.36,4.5,1.73,4.12,4.08,17,1,2020,12,27,0,2,1,Home Win,2020-2021
B1,2020-12-27,Mechelen,Mouscron,2,1,H,10.0,16.0,5.0,6.0,8.0,15.0,5.0,3.0,0.0,1.0,0.0,0.0,1.57,3.8,6.5,1.57,4.0,5.5,1.6,4.0,5.25,1.59,4.24,5.59,1.57,3.9,5.5,1.57,4.1,5.5,1.63,4.35,6.5,1.58,4.08,5.31,19,1,2020,12,27,10,11,1,Home Win,2020-2021
B1,2020-12-29,Eupen,Waregem,2,3,A,17.0,16.0,7.0,9.0,21.0,8.0,3.0,6.0,3.0,2.0,0.0,0.0,1.9,3.6,3.75,2.0,3.6,3.7,1.95,3.55,3.65,2.0,3.67,3.8,1.95,3.4,3.75,2.0,3.6,3.6,2.04,3.75,4.0,1.98,3.52,3.67,19,2,2020,12,29,6,20,3,Away Win,2020-2021
B1,2020-12-30,St Truiden,Beerschot VA,1,0,H,9.0,12.0,3.0,4.0,10.0,14.0,6.0,3.0,3.0,0.0,0.0,0.0,2.25,3.5,3.0,2.35,3.6,2.75,2.3,3.55,2.8,2.34,3.76,2.89,2.35,3.5,2.8,2.3,3.6,2.88,2.44,3.8,3.0,2.31,3.62,2.82,19,1,2020,12,30,16,2,4,Home Win,2020-2021
B1,2021-01-06,Eupen,Genk,1,4,A,20.0,9.0,3.0,4.0,15.0,10.0,6.0,1.0,3.0,1.0,0.0,0.0,3.6,3.75,1.9,3.4,3.9,2.0,3.55,3.6,1.97,3.68,3.76,1.99,3.5,3.5,2.0,3.6,3.75,1.95,3.8,3.9,2.01,3.53,3.69,1.97,19,2,2021,1,6,6,7,4,Away Win,2020-2021
B1,2021-01-09,Waregem,Mouscron,1,0,H,6.0,17.0,1.0,5.0,13.0,15.0,2.0,10.0,3.0,2.0,0.0,0.0,1.85,3.75,3.8,1.95,3.6,3.9,1.95,3.5,3.8,1.95,3.5,4.11,1.91,3.5,3.8,1.93,3.5,3.9,2.0,3.8,4.19,1.93,3.52,3.83,15,1,2021,1,9,20,11,7,Home Win,2020-2021
B1,2021-01-09,Cercle Brugge,Eupen,1,2,A,14.0,12.0,5.0,5.0,12.0,11.0,6.0,8.0,2.0,3.0,0.0,0.0,2.5,3.4,2.62,2.55,3.3,2.8,2.5,3.3,2.7,2.59,3.35,2.82,2.5,3.25,2.75,2.55,3.3,2.75,2.62,3.53,2.84,2.53,3.33,2.72,17,2,2021,1,9,3,6,7,Away Win,2020-2021
B1,2021-01-09,Kortrijk,Genk,2,1,H,13.0,11.0,6.0,4.0,19.0,11.0,5.0,3.0,1.0,2.0,0.0,0.0,3.5,3.4,2.1,3.4,3.4,2.15,3.15,3.35,2.2,3.39,3.38,2.23,3.3,3.3,2.15,3.2,3.5,2.15,3.5,3.54,2.3,3.25,3.37,2.18,17,1,2021,1,9,9,7,7,Home Win,2020-2021
B1,2021-01-09,Oostende,Charleroi,3,2,H,19.0,11.0,6.0,3.0,15.0,7.0,6.0,3.0,2.0,0.0,0.0,0.0,2.75,3.4,2.45,2.7,3.5,2.55,2.7,3.3,2.5,2.77,3.41,2.6,2.7,3.4,2.45,2.7,3.4,2.55,2.81,3.62,2.71,2.71,3.38,2.52,19,1,2021,1,9,12,4,7,Home Win,2020-2021
B1,2021-01-10,Mechelen,Antwerp,3,0,H,12.0,9.0,5.0,0.0,14.0,10.0,6.0,4.0,1.0,3.0,0.0,0.0,2.87,3.4,2.3,2.8,3.4,2.5,2.75,3.4,2.45,2.81,3.51,2.51,2.75,3.3,2.45,2.8,3.5,2.4,2.9,3.74,2.52,2.78,3.44,2.42,12,1,2021,1,10,10,1,1,Home Win,2020-2021
B1,2021-01-10,Beerschot VA,Gent,1,1,D,7.0,16.0,3.0,6.0,11.0,11.0,2.0,11.0,4.0,2.0,0.0,0.0,3.1,3.5,2.15,3.1,3.7,2.2,2.95,3.7,2.2,3.05,3.92,2.19,3.0,3.6,2.2,3.1,3.7,2.15,3.1,3.94,2.24,2.98,3.73,2.17,15,0,2021,1,10,2,8,1,Draw,2020-2021
B1,2021-01-10,Oud-Heverlee Leuven,Anderlecht,1,0,H,5.0,19.0,1.0,3.0,10.0,9.0,1.0,9.0,1.0,3.0,0.0,0.0,4.0,3.6,1.9,3.7,3.8,1.95,3.5,3.75,1.95,3.68,3.92,1.94,3.5,3.7,1.95,3.6,3.75,1.95,4.0,3.94,1.99,3.57,3.74,1.94,17,1,2021,1,10,13,0,1,Home Win,2020-2021
B1,2021-01-10,St Truiden,Club Brugge,1,2,A,10.0,12.0,3.0,3.0,8.0,13.0,5.0,7.0,1.0,2.0,1.0,0.0,6.0,4.2,1.53,5.5,4.33,1.57,5.5,4.3,1.55,5.94,4.24,1.56,6.0,4.0,1.52,6.0,4.2,1.53,6.0,4.65,1.58,5.65,4.23,1.54,19,2,2021,1,10,16,5,1,Away Win,2020-2021
B1,2021-01-11,Standard,Waasland-Beveren,3,1,H,20.0,10.0,8.0,5.0,16.0,11.0,5.0,5.0,3.0,1.0,0.0,0.0,1.45,4.2,7.0,1.48,4.5,6.75,1.5,4.3,6.25,1.47,4.55,6.58,1.47,4.2,6.5,1.5,4.33,6.5,1.51,4.7,7.0,1.47,4.37,6.33,19,1,2021,1,11,18,19,2,Home Win,2020-2021
B1,2021-01-12,Oostende,Eupen,1,1,D,18.0,6.0,4.0,2.0,15.0,10.0,10.0,2.0,2.0,3.0,0.0,1.0,1.8,3.8,4.0,1.85,3.9,3.9,1.85,3.75,3.9,1.87,3.91,4.1,1.83,3.6,4.0,1.83,3.8,4.0,1.9,4.0,4.2,1.84,3.81,3.92,19,0,2021,1,12,12,6,3,Draw,2020-2021
B1,2021-01-13,Beerschot VA,Cercle Brugge,1,1,D,3.0,14.0,1.0,2.0,9.0,12.0,2.0,7.0,2.0,1.0,0.0,0.0,1.85,3.75,3.75,1.95,3.4,4.1,1.9,3.55,3.9,1.91,3.59,4.2,1.91,3.5,3.8,1.9,3.6,3.9,1.95,3.85,4.2,1.89,3.6,3.91,17,0,2021,1,13,2,3,4,Draw,2020-2021
B1,2021-01-15,Eupen,Anderlecht,2,0,H,18.0,12.0,4.0,5.0,16.0,9.0,3.0,3.0,2.0,3.0,0.0,1.0,4.0,3.75,1.9,3.9,3.5,1.95,3.75,3.5,1.95,3.94,3.65,1.97,3.6,3.4,2.0,3.9,3.6,1.9,4.06,3.78,1.99,3.81,3.55,1.93,19,1,2021,1,15,6,0,6,Home Win,2020-2021
B1,2021-01-16,Oostende,Kortrijk,2,1,H,7.0,11.0,2.0,2.0,20.0,13.0,2.0,2.0,2.0,1.0,0.0,0.0,2.15,3.6,3.1,2.15,3.6,3.25,2.2,3.45,3.1,2.22,3.6,3.21,2.15,3.4,3.2,2.15,3.5,3.25,2.26,3.63,3.25,2.19,3.5,3.11,15,1,2021,1,16,12,9,7,Home Win,2020-2021
B1,2021-01-16,Mouscron,Genk,2,0,H,17.0,12.0,12.0,2.0,20.0,16.0,8.0,4.0,2.0,2.0,0.0,1.0,4.75,3.75,1.7,4.5,3.9,1.75,4.3,3.8,1.75,4.5,4.01,1.75,4.5,3.75,1.73,4.6,3.8,1.73,5.0,4.02,1.78,4.43,3.84,1.74,17,1,2021,1,16,11,7,7,Home Win,2020-2021
B1,2021-01-16,Waasland-Beveren,Waregem,1,5,A,13.0,18.0,7.0,10.0,8.0,7.0,8.0,1.0,2.0,1.0,0.0,0.0,2.7,3.6,2.37,2.75,3.6,2.45,2.7,3.55,2.4,2.73,3.79,2.45,2.88,3.4,2.35,2.8,3.5,2.38,2.88,3.79,2.47,2.73,3.58,2.4,17,2,2021,1,16,19,20,7,Away Win,2020-2021
B1,2021-01-16,Charleroi,Mechelen,0,1,A,10.0,10.0,5.0,1.0,14.0,21.0,7.0,4.0,1.0,1.0,0.0,0.0,2.05,3.6,3.3,2.15,3.75,3.1,2.15,3.55,3.15,2.13,3.87,3.21,2.05,3.6,3.3,2.15,3.5,3.25,2.17,3.87,3.45,2.11,3.64,3.2,19,2,2021,1,16,4,10,7,Away Win,2020-2021
B1,2021-01-17,Gent,Antwerp,0,1,A,10.0,7.0,4.0,1.0,14.0,8.0,5.0,4.0,1.0,3.0,0.0,0.0,1.95,3.5,4.0,1.95,3.6,3.8,1.97,3.55,3.65,1.99,3.64,3.81,2.0,3.4,3.6,2.05,3.6,3.4,2.09,3.74,4.0,1.98,3.54,3.64,12,2,2021,1,17,8,1,1,Away Win,2020-2021
B1,2021-01-17,Cercle Brugge,Standard,0,1,A,7.0,5.0,0.0,3.0,22.0,13.0,7.0,3.0,1.0,1.0,0.0,0.0,3.6,3.5,2.0,3.6,3.5,2.05,3.6,3.35,2.05,3.79,3.43,2.07,3.5,3.4,2.05,3.6,3.4,2.05,3.85,3.58,2.07,3.62,3.39,2.03,15,2,2021,1,17,3,18,1,Away Win,2020-2021
B1,2021-01-17,Beerschot VA,Club Brugge,0,3,A,10.0,15.0,4.0,6.0,15.0,6.0,5.0,7.0,3.0,2.0,0.0,0.0,6.5,4.75,1.45,6.25,4.5,1.5,6.0,4.6,1.47,5.94,4.93,1.49,5.5,4.33,1.52,6.5,4.6,1.45,6.5,5.12,1.51,6.02,4.67,1.46,17,2,2021,1,17,2,5,1,Away Win,2020-2021
B1,2021-01-17,St Truiden,Oud-Heverlee Leuven,3,1,H,12.0,9.0,4.0,4.0,11.0,17.0,2.0,4.0,2.0,0.0,0.0,1.0,2.0,3.4,3.75,2.1,3.25,3.7,2.15,3.2,3.55,2.15,3.21,3.79,2.1,3.1,3.7,2.1,3.4,3.5,2.18,3.4,3.79,2.1,3.23,3.58,19,1,2021,1,17,16,13,1,Home Win,2020-2021
B1,2021-01-19,Mouscron,Waasland-Beveren,1,1,D,14.0,8.0,4.0,4.0,14.0,12.0,6.0,6.0,4.0,1.0,0.0,0.0,1.83,3.8,4.0,1.9,3.6,4.1,1.9,3.5,4.0,1.91,3.68,4.19,1.88,3.5,4.0,1.85,3.6,4.1,1.97,3.8,4.28,1.89,3.58,4.0,17,0,2021,1,19,11,19,3,Draw,2020-2021
B1,2021-01-19,Anderlecht,Charleroi,3,0,H,15.0,4.0,4.0,0.0,2.0,16.0,6.0,4.0,0.0,3.0,0.0,0.0,1.9,3.5,3.75,1.95,3.5,3.9,1.97,3.4,3.75,2.0,3.58,3.92,1.95,3.4,3.8,2.0,3.4,3.75,2.04,3.66,4.0,1.97,3.46,3.76,20,1,2021,1,19,0,4,3,Home Win,2020-2021
B1,2021-01-20,Kortrijk,St Truiden,0,2,A,29.0,8.0,7.0,2.0,14.0,12.0,9.0,1.0,2.0,0.0,0.0,0.0,2.15,3.5,3.1,2.15,3.6,3.3,2.2,3.35,3.2,2.24,3.48,3.28,2.2,3.3,3.2,2.15,3.5,3.3,2.25,3.66,3.37,2.18,3.43,3.21,15,2,2021,1,20,9,16,4,Away Win,2020-2021
B1,2021-01-20,Eupen,Beerschot VA,3,1,H,13.0,5.0,5.0,3.0,8.0,14.0,7.0,4.0,0.0,2.0,0.0,1.0,1.95,3.75,3.4,1.95,3.8,3.7,1.97,3.65,3.5,1.99,3.75,3.68,2.0,3.5,3.5,1.95,3.75,3.5,2.04,3.83,3.71,1.97,3.66,3.52,17,1,2021,1,20,6,2,4,Home Win,2020-2021
B1,2021-01-20,Mechelen,Standard,0,4,A,13.0,11.0,3.0,5.0,17.0,14.0,4.0,0.0,1.0,1.0,0.0,0.0,2.25,3.75,2.8,2.3,3.5,3.0,2.35,3.4,2.85,2.4,3.55,2.94,2.3,3.3,3.0,2.3,3.5,2.9,2.41,3.75,3.1,2.34,3.45,2.9,17,2,2021,1,20,10,18,4,Away Win,2020-2021
B1,2021-01-20,Antwerp,Cercle Brugge,1,0,H,10.0,8.0,1.0,1.0,9.0,14.0,2.0,8.0,2.0,3.0,0.0,0.0,1.5,4.33,5.75,1.55,4.4,5.75,1.55,4.2,5.5,1.55,4.19,6.24,1.52,4.0,6.0,1.55,4.2,5.75,1.57,4.4,6.4,1.54,4.2,5.75,20,1,2021,1,20,1,3,4,Home Win,2020-2021
B1,2021-01-20,Club Brugge,Oostende,2,1,H,14.0,10.0,6.0,4.0,11.0,12.0,5.0,3.0,1.0,1.0,0.0,0.0,1.28,5.5,8.5,1.3,5.75,9.25,1.33,5.5,8.25,1.32,5.52,9.42,1.3,5.0,9.5,1.3,5.5,9.5,1.34,5.82,9.6,1.31,5.39,8.73,20,1,2021,1,20,5,12,4,Home Win,2020-2021
B1,2021-01-21,Waregem,Oud-Heverlee Leuven,2,3,A,11.0,17.0,5.0,8.0,12.0,9.0,5.0,9.0,1.0,0.0,0.0,0.0,2.25,3.5,3.0,2.3,3.9,2.8,2.3,3.65,2.8,2.27,3.93,2.9,2.3,3.5,2.88,2.25,3.6,3.0,2.39,3.93,3.0,2.27,3.69,2.84,17,2,2021,1,21,20,13,5,Away Win,2020-2021
B1,2021-01-21,Genk,Gent,1,1,D,6.0,16.0,3.0,6.0,12.0,25.0,0.0,4.0,2.0,4.0,1.0,0.0,2.05,3.75,3.3,2.05,3.8,3.1,2.15,3.55,3.1,2.19,3.68,3.21,2.15,3.5,3.1,2.1,3.6,3.25,2.22,3.94,3.3,2.12,3.63,3.13,20,0,2021,1,21,7,8,5,Draw,2020-2021
B1,2021-01-22,Anderlecht,Waasland-Beveren,0,0,D,26.0,4.0,10.0,0.0,9.0,9.0,13.0,1.0,1.0,0.0,0.0,0.0,1.28,4.5,11.0,1.3,5.5,10.0,1.3,5.5,9.5,1.3,5.69,10.58,1.27,5.25,11.0,1.29,5.5,10.0,1.31,6.0,11.0,1.29,5.5,9.82,19,0,2021,1,22,0,19,6,Draw,2020-2021
B1,2021-01-23,Mechelen,Eupen,3,0,H,14.0,12.0,8.0,4.0,9.0,16.0,5.0,10.0,3.0,1.0,0.0,0.0,1.75,3.6,3.6,1.9,3.8,3.8,1.95,3.65,3.7,1.93,3.86,3.79,1.85,3.7,3.8,1.93,3.6,3.8,1.98,3.91,3.86,1.91,3.71,3.69,15,1,2021,1,23,10,6,7,Home Win,2020-2021
B1,2021-01-23,Kortrijk,Cercle Brugge,1,2,A,16.0,11.0,3.0,5.0,13.0,9.0,8.0,7.0,2.0,1.0,0.0,0.0,2.0,3.75,3.0,2.0,3.6,3.7,2.05,3.4,3.5,2.11,3.45,3.62,2.05,3.4,3.5,2.05,3.5,3.5,2.13,3.75,3.7,2.06,3.46,3.46,17,2,2021,1,23,9,3,7,Away Win,2020-2021
B1,2021-01-23,St Truiden,Mouscron,0,2,A,17.0,12.0,3.0,6.0,8.0,16.0,7.0,4.0,4.0,3.0,0.0,0.0,1.9,3.6,3.25,1.95,3.6,3.9,2.0,3.45,3.6,2.02,3.59,3.76,1.91,3.6,3.75,2.0,3.5,3.6,2.05,3.81,3.9,1.97,3.54,3.62,17,2,2021,1,23,16,11,7,Away Win,2020-2021
B1,2021-01-23,Antwerp,Oostende,1,2,A,11.0,12.0,3.0,5.0,7.0,9.0,4.0,4.0,3.0,3.0,0.0,0.0,2.0,3.75,3.4,2.05,3.7,3.4,2.05,3.55,3.35,2.08,3.7,3.47,1.91,3.7,3.6,2.05,3.6,3.4,2.11,4.02,3.5,2.02,3.65,3.38,19,2,2021,1,23,1,12,7,Away Win,2020-2021
B1,2021-01-24,Club Brugge,Genk,3,2,H,18.0,9.0,8.0,4.0,12.0,17.0,7.0,2.0,0.0,1.0,0.0,0.0,1.55,3.8,5.0,1.6,3.8,6.25,1.63,3.75,5.75,1.63,3.73,6.12,1.6,3.75,5.5,1.62,3.8,5.5,1.68,4.2,6.31,1.62,3.77,5.56,12,1,2021,1,24,5,7,1,Home Win,2020-2021
B1,2021-01-24,Waregem,Beerschot VA,0,3,A,9.0,9.0,2.0,5.0,13.0,16.0,6.0,3.0,0.0,0.0,0.0,0.0,1.95,3.6,3.1,2.1,3.5,3.5,2.1,3.5,3.25,2.13,3.53,3.48,2.05,3.5,3.4,2.1,3.5,3.3,2.15,3.84,3.56,2.09,3.5,3.3,15,2,2021,1,24,20,2,1,Away Win,2020-2021
B1,2021-01-24,Standard,Charleroi,3,2,H,14.0,16.0,6.0,10.0,11.0,13.0,3.0,2.0,1.0,2.0,0.0,1.0,1.9,3.6,3.3,2.1,3.25,3.75,2.1,3.2,3.55,2.13,3.24,3.82,2.0,3.3,3.7,2.1,3.3,3.6,2.16,3.6,3.87,2.09,3.28,3.53,17,1,2021,1,24,18,4,1,Home Win,2020-2021
B1,2021-01-24,Oud-Heverlee Leuven,Gent,0,3,A,12.0,25.0,5.0,9.0,4.0,10.0,3.0,7.0,2.0,2.0,1.0,0.0,3.8,3.6,1.72,3.7,4.25,1.85,3.55,4.0,1.9,3.57,4.34,1.88,3.9,4.0,1.78,3.9,4.0,1.8,3.9,4.35,1.91,3.63,4.07,1.84,19,2,2021,1,24,13,8,1,Away Win,2020-2021
B1,2021-01-26,Eupen,Antwerp,0,2,A,19.0,11.0,4.0,4.0,10.0,8.0,5.0,4.0,2.0,1.0,0.0,0.0,2.75,3.6,2.37,3.0,3.5,2.3,2.9,3.3,2.4,3.0,3.49,2.42,2.88,3.25,2.4,2.88,3.4,2.4,3.12,3.6,2.44,2.92,3.39,2.37,17,2,2021,1,26,6,1,3,Away Win,2020-2021
B1,2021-01-26,Waasland-Beveren,Mechelen,2,3,A,9.0,17.0,6.0,7.0,13.0,13.0,6.0,10.0,2.0,1.0,0.0,0.0,4.75,4.33,1.6,4.5,4.5,1.65,4.7,4.1,1.63,4.73,4.36,1.68,4.8,4.0,1.63,5.0,4.2,1.6,5.22,4.5,1.68,4.75,4.21,1.63,17,2,2021,1,26,19,10,3,Away Win,2020-2021
B1,2021-01-26,Mouscron,Anderlecht,1,1,D,7.0,11.0,1.0,2.0,23.0,11.0,5.0,4.0,2.0,1.0,0.0,0.0,5.0,3.8,1.7,4.6,4.0,1.72,4.4,3.65,1.75,4.7,3.89,1.76,4.6,3.5,1.75,4.75,3.7,1.73,5.0,4.0,1.8,4.55,3.72,1.75,20,0,2021,1,26,11,0,3,Draw,2020-2021
B1,2021-01-27,Beerschot VA,Kortrijk,0,0,D,4.0,20.0,1.0,4.0,11.0,12.0,4.0,9.0,1.0,2.0,0.0,0.0,2.4,3.5,2.8,2.45,3.75,2.65,2.35,3.7,2.7,2.38,3.96,2.74,2.4,3.5,2.7,2.38,3.6,2.75,2.52,3.96,2.8,2.37,3.7,2.7,17,0,2021,1,27,2,9,4,Draw,2020-2021
B1,2021-01-27,Genk,Waregem,3,2,H,12.0,13.0,5.0,6.0,11.0,11.0,5.0,3.0,0.0,0.0,0.0,0.0,1.5,4.5,5.75,1.5,4.4,6.5,1.53,4.5,5.5,1.5,4.41,6.71,1.5,4.2,6.0,1.5,4.5,5.75,1.56,4.62,6.74,1.5,4.39,5.94,17,1,2021,1,27,7,20,4,Home Win,2020-2021
B1,2021-01-27,Charleroi,Oud-Heverlee Leuven,1,1,D,19.0,17.0,11.0,5.0,9.0,14.0,12.0,5.0,2.0,3.0,0.0,0.0,1.8,3.8,4.0,1.9,3.8,3.9,1.9,3.65,3.9,1.88,3.82,4.04,1.91,3.5,3.8,1.87,3.75,3.9,1.94,3.9,4.1,1.88,3.7,3.86,20,0,2021,1,27,4,13,4,Draw,2020-2021
B1,2021-01-27,Gent,St Truiden,1,1,D,10.0,3.0,5.0,2.0,18.0,16.0,6.0,3.0,1.0,2.0,0.0,0.0,1.57,4.0,5.75,1.62,4.2,5.25,1.57,4.1,5.5,1.57,4.32,5.71,1.57,3.9,5.5,1.55,4.1,5.75,1.62,4.4,5.96,1.57,4.16,5.42,20,0,2021,1,27,8,16,4,Draw,2020-2021
B1,2021-01-28,Cercle Brugge,Club Brugge,1,2,A,8.0,8.0,5.0,3.0,9.0,9.0,2.0,6.0,0.0,2.0,0.0,0.0,7.5,5.0,1.36,8.0,4.6,1.42,7.0,4.7,1.43,8.61,4.5,1.41,8.5,4.4,1.38,8.0,4.6,1.4,8.92,5.0,1.43,7.66,4.56,1.4,17,2,2021,1,28,3,5,5,Away Win,2020-2021
B1,2021-01-28,Oostende,Standard,2,2,D,9.0,21.0,3.0,5.0,15.0,5.0,8.0,12.0,2.0,0.0,0.0,0.0,2.7,3.2,2.6,2.7,3.25,2.7,2.6,3.25,2.6,2.71,3.3,2.73,2.6,3.3,2.62,2.6,3.3,2.7,2.71,3.4,2.8,2.64,3.25,2.64,20,0,2021,1,28,12,18,5,Draw,2020-2021
B1,2021-01-29,Antwerp,Waasland-Beveren,3,2,H,15.0,6.0,7.0,3.0,7.0,9.0,12.0,2.0,2.0,1.0,0.0,0.0,1.5,4.5,6.0,1.55,4.0,6.5,1.53,4.0,6.25,1.52,4.14,7.3,1.5,4.0,6.5,1.5,4.2,6.5,1.57,4.5,7.3,1.52,4.04,6.39,19,1,2021,1,29,1,19,6,Home Win,2020-2021
B1,2021-01-30,Mechelen,Genk,0,0,D,15.0,12.0,2.0,3.0,20.0,16.0,4.0,3.0,2.0,3.0,0.0,0.0,2.55,3.4,2.62,2.65,3.4,2.65,2.6,3.35,2.6,2.76,3.41,2.61,2.7,3.25,2.55,2.6,3.4,2.63,2.76,3.58,2.66,2.64,3.35,2.6,15,0,2021,1,30,10,7,7,Draw,2020-2021
B1,2021-01-30,Eupen,Mouscron,1,1,D,12.0,11.0,5.0,4.0,10.0,13.0,7.0,6.0,0.0,2.0,0.0,0.0,2.05,3.3,3.5,2.05,3.4,3.8,2.05,3.4,3.45,2.11,3.55,3.51,2.05,3.4,3.5,2.05,3.4,3.6,2.15,3.72,3.8,2.06,3.45,3.48,17,0,2021,1,30,6,11,7,Draw,2020-2021
B1,2021-01-30,Oud-Heverlee Leuven,Beerschot VA,0,1,A,14.0,14.0,3.0,7.0,15.0,12.0,6.0,4.0,3.0,2.0,0.0,0.0,2.2,3.5,3.1,2.3,3.5,3.0,2.35,3.35,2.9,2.42,3.38,3.04,2.35,3.3,2.9,2.3,3.6,2.88,2.45,3.6,3.1,2.34,3.36,2.95,17,2,2021,1,30,13,2,7,Away Win,2020-2021
B1,2021-01-30,Kortrijk,Charleroi,1,3,A,12.0,14.0,4.0,5.0,14.0,19.0,5.0,3.0,1.0,1.0,1.0,0.0,2.45,3.4,2.75,2.65,3.2,2.75,2.55,3.25,2.7,2.62,3.33,2.8,2.6,3.3,2.62,2.5,3.4,2.75,2.65,3.41,2.82,2.56,3.26,2.73,19,2,2021,1,30,9,4,7,Away Win,2020-2021
B1,2021-01-31,Club Brugge,Standard,3,1,H,17.0,10.0,7.0,5.0,8.0,18.0,7.0,4.0,1.0,4.0,0.0,0.0,1.55,3.8,6.5,1.62,3.9,5.75,1.6,3.7,6.0,1.61,3.75,6.49,1.57,3.75,6.0,1.6,3.9,5.75,1.65,4.1,6.74,1.59,3.78,5.93,12,1,2021,1,31,5,18,1,Home Win,2020-2021
B1,2021-01-31,Waregem,Oostende,2,1,H,20.0,13.0,3.0,7.0,8.0,11.0,7.0,9.0,1.0,1.0,0.0,0.0,3.4,3.5,2.05,3.2,4.0,2.05,3.15,3.85,2.05,3.31,4.12,2.02,3.2,3.7,2.05,3.2,3.9,2.05,3.4,4.12,2.15,3.18,3.86,2.04,15,1,2021,1,31,20,12,1,Home Win,2020-2021
B1,2021-01-31,Anderlecht,Gent,0,0,D,10.0,12.0,4.0,3.0,11.0,17.0,5.0,3.0,0.0,1.0,0.0,0.0,2.25,3.4,3.1,2.35,3.3,3.1,2.35,3.2,3.05,2.35,3.3,3.22,2.35,3.1,3.1,2.3,3.4,3.0,2.41,3.4,3.22,2.32,3.26,3.06,17,0,2021,1,31,0,8,1,Draw,2020-2021
B1,2021-01-31,St Truiden,Cercle Brugge,3,0,H,10.0,15.0,6.0,2.0,7.0,11.0,1.0,4.0,3.0,2.0,0.0,0.0,2.0,3.5,3.5,2.15,3.3,3.6,2.15,3.25,3.5,2.18,3.31,3.59,2.1,3.4,3.4,2.1,3.3,3.5,2.2,3.52,3.7,2.12,3.29,3.48,19,1,2021,1,31,16,3,1,Home Win,2020-2021
B1,2021-02-05,Mouscron,Kortrijk,0,3,A,10.0,13.0,3.0,5.0,14.0,8.0,4.0,4.0,2.0,1.0,1.0,0.0,3.0,3.4,2.3,3.0,3.4,2.35,3.1,3.2,2.3,3.18,3.38,2.36,3.0,3.2,2.35,3.1,3.25,2.3,3.26,3.45,2.42,3.07,3.27,2.33,19,2,2021,2,5,11,9,6,Away Win,2020-2021
B1,2021-02-06,Oostende,St Truiden,3,1,H,13.0,5.0,4.0,2.0,8.0,14.0,7.0,5.0,0.0,1.0,0.0,0.0,2.0,3.2,3.8,2.05,3.3,3.9,2.05,3.25,3.65,2.1,3.16,4.04,2.05,3.25,3.7,2.05,3.4,3.6,2.15,3.4,4.04,2.06,3.23,3.75,15,1,2021,2,6,12,16,7,Home Win,2020-2021
B1,2021-02-06,Cercle Brugge,Mechelen,0,1,A,9.0,13.0,3.0,3.0,13.0,11.0,7.0,10.0,2.0,1.0,0.0,0.0,3.0,3.6,2.15,3.0,3.75,2.2,3.0,3.6,2.2,2.99,3.85,2.25,3.1,3.4,2.2,3.1,3.5,2.2,3.2,3.85,2.28,2.99,3.64,2.2,17,2,2021,2,6,3,10,7,Away Win,2020-2021
B1,2021-02-06,Waasland-Beveren,Club Brugge,0,2,A,6.0,22.0,0.0,10.0,16.0,9.0,3.0,5.0,2.0,0.0,0.0,0.0,13.0,7.5,1.16,13.5,6.25,1.22,12.0,6.75,1.2,15.04,6.64,1.2,13.0,6.0,1.22,15.0,6.5,1.2,15.17,7.5,1.23,12.84,6.52,1.2,17,2,2021,2,6,19,5,7,Away Win,2020-2021
B1,2021-02-06,Standard,Oud-Heverlee Leuven,1,1,D,13.0,10.0,4.0,3.0,11.0,13.0,7.0,1.0,3.0,1.0,1.0,0.0,1.65,3.8,5.0,1.7,4.0,4.75,1.67,4.0,4.6,1.69,4.08,4.84,1.67,3.9,4.6,1.67,4.0,4.75,1.71,4.2,5.0,1.68,3.97,4.67,19,0,2021,2,6,18,13,7,Draw,2020-2021
B1,2021-02-07,Beerschot VA,Antwerp,1,2,A,6.0,11.0,3.0,2.0,8.0,16.0,5.0,7.0,4.0,3.0,0.0,0.0,3.4,3.25,2.2,3.5,3.1,2.25,3.35,3.15,2.25,3.51,3.13,2.3,3.3,3.2,2.2,3.13,3.4,2.25,3.55,3.4,2.31,3.36,3.13,2.25,12,2,2021,2,7,2,1,1,Away Win,2020-2021
B1,2021-02-07,Charleroi,Waregem,1,1,D,9.0,20.0,8.0,5.0,16.0,8.0,3.0,6.0,1.0,1.0,0.0,0.0,1.75,3.6,4.33,1.83,3.6,4.4,1.8,3.8,4.0,1.83,3.87,4.21,1.83,3.7,4.0,1.8,3.8,4.1,1.85,3.99,4.4,1.81,3.76,4.06,15,0,2021,2,7,4,20,1,Draw,2020-2021
B1,2021-02-07,Genk,Anderlecht,1,2,A,5.0,11.0,1.0,3.0,16.0,11.0,5.0,2.0,3.0,2.0,0.0,0.0,2.3,3.4,3.0,2.4,3.3,3.0,2.4,3.35,2.9,2.42,3.44,2.99,2.38,3.25,2.9,2.4,3.4,2.88,2.44,3.47,3.02,2.37,3.35,2.9,17,2,2021,2,7,7,0,1,Away Win,2020-2021
B1,2021-02-07,Gent,Eupen,2,2,D,9.0,7.0,3.0,4.0,10.0,16.0,3.0,1.0,4.0,2.0,0.0,0.0,1.65,3.75,5.0,1.72,3.9,4.75,1.65,4.1,4.6,1.67,4.29,4.77,1.7,3.9,4.5,1.7,3.9,4.6,1.75,4.33,5.0,1.67,4.02,4.62,19,0,2021,2,7,8,6,1,Draw,2020-2021
B1,2021-02-12,Oud-Heverlee Leuven,Kortrijk,3,1,H,8.0,28.0,4.0,10.0,7.0,17.0,3.0,5.0,2.0,4.0,1.0,0.0,2.9,3.4,2.37,2.65,3.7,2.5,2.75,3.4,2.45,2.79,3.62,2.51,2.7,3.4,2.45,2.8,3.5,2.4,2.9,3.7,2.51,2.73,3.47,2.44,19,1,2021,2,12,13,9,6,Home Win,2020-2021
B1,2021-02-13,St Truiden,Waregem,1,2,A,9.0,15.0,5.0,9.0,12.0,13.0,5.0,2.0,0.0,2.0,0.0,0.0,2.0,3.5,3.6,2.05,3.6,3.5,2.1,3.45,3.4,2.11,3.53,3.53,2.05,3.4,3.5,2.05,3.4,3.6,2.13,3.62,3.6,2.06,3.48,3.41,17,2,2021,2,13,16,20,7,Away Win,2020-2021
B1,2021-02-14,Standard,Antwerp,1,1,D,9.0,14.0,3.0,5.0,8.0,21.0,4.0,2.0,1.0,4.0,0.0,0.0,2.05,3.5,3.6,2.1,3.5,3.5,2.15,3.35,3.35,2.18,3.34,3.55,2.15,3.25,3.4,2.15,3.3,3.4,2.18,3.5,3.6,2.13,3.34,3.37,12,0,2021,2,14,18,1,1,Draw,2020-2021
B1,2021-02-14,Beerschot VA,Mechelen,1,2,A,14.0,16.0,3.0,6.0,8.0,12.0,5.0,6.0,2.0,0.0,0.0,0.0,3.1,3.5,2.25,3.25,3.25,2.3,3.2,3.3,2.2,3.45,3.32,2.23,3.2,3.2,2.25,3.1,3.4,2.25,3.45,3.5,2.33,3.2,3.26,2.22,15,2,2021,2,14,2,10,1,Away Win,2020-2021
B1,2021-02-14,Cercle Brugge,Anderlecht,0,0,D,10.0,4.0,4.0,0.0,10.0,12.0,4.0,2.0,1.0,1.0,0.0,0.0,3.8,3.6,1.9,3.9,3.7,1.91,3.6,3.5,2.0,3.67,3.63,2.03,3.9,3.4,1.91,3.8,3.5,1.95,4.0,3.7,2.03,3.7,3.52,1.94,19,0,2021,2,14,3,0,1,Draw,2020-2021
B1,2021-02-15,Gent,Mouscron,4,0,H,20.0,10.0,9.0,2.0,9.0,12.0,7.0,3.0,1.0,1.0,0.0,0.0,1.5,4.2,6.5,1.55,4.2,6.0,1.53,4.2,6.0,1.5,4.51,6.38,1.5,4.2,6.0,1.53,4.2,6.0,1.55,4.53,6.5,1.5,4.26,5.93,19,1,2021,2,15,8,11,2,Home Win,2020-2021
B1,2021-02-17,Waasland-Beveren,Eupen,1,0,H,11.0,9.0,5.0,4.0,18.0,18.0,4.0,5.0,3.0,2.0,0.0,0.0,4.0,3.8,1.83,3.7,3.9,1.91,3.6,3.8,1.9,3.77,3.96,1.91,3.75,3.7,1.88,3.9,3.7,1.87,4.0,3.97,1.95,3.67,3.77,1.89,16,1,2021,2,17,19,6,4,Home Win,2020-2021
B1,2021-02-17,Oostende,Genk,3,1,H,7.0,10.0,4.0,1.0,13.0,8.0,4.0,2.0,1.0,2.0,0.0,0.0,2.25,3.6,2.8,2.4,3.75,2.7,2.3,3.6,2.8,2.34,3.7,2.92,2.35,3.5,2.8,2.38,3.6,2.8,2.4,3.79,2.92,2.33,3.61,2.78,18,1,2021,2,17,12,7,4,Home Win,2020-2021
B1,2021-02-19,Mechelen,Gent,1,1,D,14.0,12.0,3.0,6.0,11.0,9.0,3.0,3.0,1.0,1.0,0.0,0.0,3.4,3.6,2.05,3.5,3.6,2.05,3.4,3.4,2.1,3.63,3.53,2.1,2.7,3.3,2.5,3.4,3.6,2.05,3.68,3.64,2.23,3.41,3.47,2.08,19,0,2021,2,19,10,8,6,Draw,2020-2021
B1,2021-02-20,Eupen,Oostende,1,1,D,9.0,10.0,2.0,1.0,11.0,10.0,3.0,2.0,3.0,2.0,0.0,0.0,2.7,3.5,2.45,2.75,3.5,2.5,2.7,3.35,2.5,2.82,3.5,2.51,2.62,3.5,2.45,2.7,3.5,2.5,2.82,3.84,2.55,2.7,3.45,2.48,15,0,2021,2,20,6,12,7,Draw,2020-2021
B1,2021-02-20,Mouscron,Cercle Brugge,1,2,A,9.0,15.0,3.0,8.0,12.0,12.0,7.0,5.0,4.0,2.0,0.0,0.0,2.37,3.5,2.8,2.5,3.3,2.85,2.45,3.35,2.75,2.53,3.54,2.78,2.45,3.3,2.75,2.5,3.4,2.75,2.57,3.54,2.85,2.47,3.38,2.75,17,2,2021,2,20,11,3,7,Away Win,2020-2021
B1,2021-02-20,Waasland-Beveren,Charleroi,1,1,D,12.0,8.0,3.0,2.0,12.0,10.0,7.0,3.0,2.0,0.0,0.0,0.0,3.6,3.5,1.9,3.25,4.0,2.05,3.35,3.75,2.0,3.51,3.95,1.99,3.2,3.7,2.05,3.4,3.75,2.0,3.6,4.0,2.1,3.36,3.76,2.0,19,0,2021,2,20,19,4,7,Draw,2020-2021
B1,2021-02-21,Anderlecht,Kortrijk,0,2,A,10.0,13.0,0.0,8.0,13.0,15.0,6.0,6.0,0.0,3.0,0.0,0.0,1.6,4.0,5.25,1.6,4.0,5.75,1.63,3.85,5.5,1.63,3.92,5.67,1.57,3.9,5.5,1.62,3.9,5.5,1.66,4.23,5.75,1.61,3.91,5.37,12,2,2021,2,21,0,9,1,Away Win,2020-2021
B1,2021-02-21,Waregem,Standard,3,2,H,13.0,11.0,4.0,6.0,15.0,16.0,6.0,3.0,0.0,1.0,0.0,0.0,3.5,3.4,1.95,3.6,3.7,2.0,3.55,3.6,1.97,3.73,3.81,1.96,3.6,3.6,1.95,3.6,3.6,2.0,3.73,3.86,2.04,3.54,3.64,1.96,15,1,2021,2,21,20,18,1,Home Win,2020-2021
B1,2021-02-21,Genk,Beerschot VA,1,2,A,20.0,12.0,6.0,5.0,12.0,11.0,10.0,3.0,2.0,3.0,0.0,0.0,1.61,4.33,4.75,1.65,4.25,4.75,1.67,4.0,4.7,1.68,4.18,4.81,1.67,3.9,4.6,1.67,4.0,4.75,1.72,4.33,4.98,1.66,4.02,4.65,17,2,2021,2,21,7,2,1,Away Win,2020-2021
B1,2021-02-21,Antwerp,St Truiden,0,0,D,9.0,9.0,3.0,0.0,10.0,11.0,3.0,4.0,1.0,1.0,0.0,0.0,1.7,4.0,4.33,1.8,4.0,4.1,1.77,3.85,4.1,1.79,4.05,4.22,1.75,3.75,4.33,1.75,3.8,4.4,1.83,4.06,4.4,1.77,3.88,4.1,19,0,2021,2,21,1,16,1,Draw,2020-2021
B1,2021-02-22,Club Brugge,Oud-Heverlee Leuven,3,0,H,21.0,4.0,10.0,0.0,16.0,13.0,8.0,5.0,1.0,3.0,0.0,0.0,1.2,7.0,11.0,1.34,5.5,8.25,1.33,5.5,8.0,1.34,5.71,8.22,1.24,5.8,11.0,1.3,5.5,9.0,1.36,5.86,9.0,1.32,5.44,7.97,19,1,2021,2,22,5,13,2,Home Win,2020-2021
B1,2021-02-26,Charleroi,Genk,1,2,A,13.0,13.0,4.0,4.0,7.0,10.0,3.0,6.0,2.0,2.0,0.0,0.0,3.1,3.5,2.2,2.95,3.7,2.25,2.95,3.5,2.25,3.12,3.72,2.25,2.7,3.4,2.45,3.0,3.5,2.25,3.12,3.77,2.49,2.94,3.57,2.26,19,2,2021,2,26,4,7,6,Away Win,2020-2021
B1,2021-02-27,Cercle Brugge,Waasland-Beveren,2,0,H,13.0,9.0,4.0,2.0,15.0,14.0,1.0,1.0,2.0,5.0,0.0,0.0,1.75,4.0,4.2,1.8,4.0,4.1,1.77,3.9,4.1,1.79,4.17,4.12,1.73,3.9,4.2,1.75,3.8,4.4,1.8,4.18,4.4,1.77,3.93,4.08,15,1,2021,2,27,3,19,7,Home Win,2020-2021
B1,2021-02-27,Oostende,Mechelen,2,0,H,15.0,15.0,6.0,1.0,12.0,4.0,5.0,11.0,2.0,3.0,0.0,0.0,2.37,3.6,2.7,2.4,3.6,2.8,2.4,3.5,2.7,2.46,3.66,2.78,2.38,3.5,2.75,2.45,3.5,2.75,2.46,3.7,2.8,2.41,3.54,2.73,17,1,2021,2,27,12,10,7,Home Win,2020-2021
B1,2021-02-27,Kortrijk,Waregem,1,2,A,8.0,9.0,6.0,3.0,16.0,15.0,1.0,6.0,1.0,4.0,0.0,0.0,1.95,3.6,3.5,1.95,4.0,3.5,1.95,3.8,3.35,1.96,4.08,3.5,2.0,3.6,3.4,2.0,3.7,3.5,2.06,4.08,3.56,1.96,3.83,3.4,19,2,2021,2,27,9,20,7,Away Win,2020-2021
B1,2021-02-28,Standard,Anderlecht,1,3,A,13.0,11.0,4.0,4.0,22.0,19.0,2.0,3.0,3.0,2.0,0.0,0.0,2.5,3.5,2.62,2.65,3.3,2.7,2.65,3.15,2.7,2.75,3.17,2.78,2.62,3.2,2.62,2.63,3.2,2.7,2.78,3.5,2.78,2.64,3.17,2.68,12,2,2021,2,28,18,0,1,Away Win,2020-2021
B1,2021-02-28,Beerschot VA,Mouscron,2,2,D,9.0,10.0,3.0,3.0,9.0,14.0,3.0,4.0,2.0,5.0,0.0,0.0,2.05,3.6,3.3,2.05,3.7,3.4,2.1,3.65,3.15,2.12,3.92,3.19,2.0,3.6,3.4,2.05,3.6,3.4,2.16,3.94,3.46,2.07,3.67,3.22,15,0,2021,2,28,2,11,1,Draw,2020-2021
B1,2021-02-28,St Truiden,Eupen,0,2,A,11.0,10.0,3.0,4.0,4.0,8.0,6.0,9.0,2.0,1.0,1.0,0.0,2.15,3.6,3.0,2.2,3.6,3.1,2.25,3.5,3.0,2.24,3.7,3.1,2.25,3.4,3.0,2.2,3.5,3.13,2.28,3.7,3.13,2.22,3.52,3.03,19,2,2021,2,28,16,6,1,Away Win,2020-2021
B1,2021-03-01,Oud-Heverlee Leuven,Antwerp,2,0,H,10.0,13.0,6.0,6.0,10.0,15.0,2.0,5.0,1.0,2.0,0.0,0.0,3.4,3.6,2.0,3.7,3.6,2.0,3.5,3.45,2.05,3.69,3.53,2.06,3.4,3.5,2.05,3.5,3.4,2.1,3.75,3.75,2.1,3.51,3.5,2.02,19,1,2021,3,1,13,1,2,Home Win,2020-2021
B1,2021-03-05,Charleroi,St Truiden,0,0,D,18.0,5.0,4.0,4.0,9.0,11.0,4.0,1.0,1.0,2.0,0.0,0.0,2.2,3.6,3.0,2.3,3.4,3.1,2.3,3.25,3.05,2.33,3.48,3.16,2.15,3.3,3.3,2.3,3.3,3.1,2.37,3.6,3.43,2.28,3.36,3.07,19,0,2021,3,5,4,16,6,Draw,2020-2021
B1,2021-03-06,Eupen,Oud-Heverlee Leuven,3,3,D,10.0,13.0,7.0,8.0,21.0,9.0,2.0,6.0,4.0,2.0,0.0,0.0,1.75,3.8,4.2,1.85,3.9,3.9,1.85,3.8,3.75,1.86,4.0,3.93,1.91,3.6,3.7,1.87,3.75,3.9,1.91,4.03,4.2,1.85,3.83,3.77,15,0,2021,3,6,6,13,7,Draw,2020-2021
B1,2021-03-06,Waasland-Beveren,Beerschot VA,1,2,A,18.0,7.0,6.0,2.0,13.0,17.0,9.0,1.0,2.0,2.0,0.0,0.0,3.0,3.6,2.15,2.95,3.6,2.3,2.85,3.7,2.25,2.87,3.97,2.28,3.1,3.4,2.2,3.1,3.5,2.2,3.1,3.97,2.3,2.88,3.71,2.24,17,2,2021,3,6,19,2,7,Away Win,2020-2021
B1,2021-03-06,Antwerp,Kortrijk,4,2,H,9.0,18.0,7.0,8.0,11.0,15.0,5.0,9.0,1.0,1.0,1.0,0.0,1.9,3.6,3.6,2.0,3.8,3.5,1.95,3.65,3.6,1.94,3.92,3.7,1.91,3.6,3.7,1.95,3.6,3.75,2.0,3.92,3.78,1.94,3.69,3.62,19,1,2021,3,6,1,9,7,Home Win,2020-2021
B1,2021-03-07,Mouscron,Standard,1,0,H,8.0,21.0,0.0,4.0,11.0,16.0,3.0,14.0,2.0,1.0,0.0,0.0,3.5,3.6,2.0,3.4,3.7,2.05,3.4,3.45,2.05,3.51,3.63,2.09,3.5,3.4,2.05,3.5,3.4,2.1,3.54,3.7,2.11,3.41,3.52,2.05,12,1,2021,3,7,11,18,1,Home Win,2020-2021
B1,2021-03-07,Club Brugge,Waregem,3,0,H,18.0,7.0,8.0,1.0,6.0,6.0,6.0,2.0,0.0,1.0,0.0,0.0,1.22,7.0,10.0,1.26,6.25,10.0,1.3,6.0,8.75,1.28,6.06,9.74,1.27,5.5,9.5,1.25,5.75,10.5,1.3,7.0,10.5,1.26,6.03,9.36,15,1,2021,3,7,5,20,1,Home Win,2020-2021
B1,2021-03-07,Anderlecht,Mechelen,1,1,D,14.0,7.0,3.0,2.0,16.0,16.0,6.0,0.0,0.0,1.0,0.0,0.0,1.9,3.75,3.6,1.83,3.9,4.1,1.9,3.65,3.85,1.88,3.78,4.05,1.88,3.5,3.9,1.85,3.6,4.1,1.9,3.9,4.1,1.86,3.68,3.9,17,0,2021,3,7,0,10,1,Draw,2020-2021
B1,2021-03-07,Genk,Cercle Brugge,2,0,H,15.0,7.0,8.0,1.0,9.0,17.0,8.0,2.0,1.0,4.0,0.0,1.0,1.7,3.8,4.33,1.78,3.8,4.4,1.75,3.8,4.3,1.79,3.88,4.46,1.7,3.8,4.5,1.75,3.8,4.4,1.81,4.03,4.5,1.75,3.81,4.31,19,1,2021,3,7,7,3,1,Home Win,2020-2021
B1,2021-03-08,Gent,Oostende,1,0,H,7.0,15.0,2.0,3.0,16.0,10.0,4.0,2.0,1.0,0.0,0.0,0.0,1.72,3.8,4.5,1.75,3.8,4.6,1.75,3.85,4.3,1.74,3.97,4.51,1.75,3.7,4.33,1.8,3.7,4.4,1.8,4.0,4.6,1.75,3.84,4.3,19,1,2021,3,8,8,12,2,Home Win,2020-2021
B1,2021-03-12,Charleroi,Club Brugge,1,1,D,5.0,8.0,3.0,2.0,10.0,7.0,7.0,7.0,3.0,0.0,0.0,0.0,6.5,4.0,1.5,7.0,4.0,1.53,6.25,4.2,1.5,7.34,4.08,1.52,6.5,3.75,1.53,6.5,4.2,1.5,7.34,4.3,1.56,6.66,4.02,1.51,19,0,2021,3,12,4,5,6,Draw,2020-2021
B1,2021-03-15,Gent,Club Brugge,0,4,A,11.0,8.0,2.0,5.0,14.0,13.0,5.0,6.0,0.0,1.0,0.0,0.0,3.3,3.6,2.1,3.4,3.4,2.15,3.2,3.45,2.15,3.36,3.55,2.14,3.5,3.5,2.0,3.13,3.4,2.25,3.4,3.65,2.29,3.16,3.48,2.16,19,2,2021,3,15,8,5,2,Away Win,2020-2021
B1,2021-03-19,Genk,Standard,2,2,D,14.0,20.0,5.0,5.0,9.0,15.0,3.0,6.0,2.0,4.0,0.0,0.0,2.05,3.4,3.5,2.1,3.5,3.5,2.1,3.4,3.3,2.14,3.65,3.42,2.1,3.3,3.4,2.1,3.5,3.3,2.19,3.65,3.6,2.1,3.48,3.33,19,0,2021,3,19,7,18,6,Draw,2020-2021
B1,2021-03-20,Mouscron,Oostende,0,1,A,10.0,15.0,2.0,5.0,10.0,11.0,2.0,9.0,1.0,1.0,0.0,0.0,3.6,3.3,2.05,3.7,3.3,2.1,3.45,3.3,2.1,3.62,3.44,2.12,3.6,3.25,2.05,3.6,3.3,2.1,3.7,3.48,2.14,3.5,3.31,2.09,17,2,2021,3,20,11,12,7,Away Win,2020-2021
B1,2021-03-20,Eupen,Kortrijk,2,0,H,23.0,8.0,8.0,0.0,8.0,10.0,6.0,4.0,2.0,2.0,0.0,0.0,2.45,3.3,2.75,2.45,3.5,2.8,2.5,3.35,2.7,2.6,3.46,2.74,2.45,3.3,2.75,2.55,3.4,2.7,2.7,3.5,2.8,2.51,3.37,2.7,19,1,2021,3,20,6,9,7,Home Win,2020-2021
B1,2021-03-21,Club Brugge,Antwerp,0,2,A,14.0,5.0,4.0,2.0,8.0,14.0,5.0,2.0,4.0,2.0,1.0,0.0,1.5,4.2,6.5,1.53,4.0,6.75,1.5,4.2,6.25,1.49,4.56,6.56,1.47,4.2,6.5,1.5,4.2,6.5,1.53,4.58,6.75,1.48,4.29,6.37,12,2,2021,3,21,5,1,1,Away Win,2020-2021
B1,2021-03-21,Mechelen,Oud-Heverlee Leuven,2,2,D,20.0,12.0,8.0,4.0,17.0,11.0,6.0,4.0,3.0,1.0,0.0,0.0,1.8,3.75,4.33,1.87,3.75,4.0,1.83,3.8,3.95,1.84,3.94,4.09,1.83,3.7,3.9,1.83,3.8,4.0,1.88,4.0,4.33,1.82,3.77,3.94,15,0,2021,3,21,10,13,1,Draw,2020-2021
B1,2021-03-21,Anderlecht,Waregem,4,1,H,26.0,4.0,11.0,1.0,10.0,5.0,5.0,3.0,2.0,1.0,1.0,1.0,1.57,4.0,5.75,1.6,4.1,5.5,1.6,4.2,5.0,1.61,4.34,5.26,1.6,4.0,5.25,1.57,4.2,5.25,1.63,4.35,5.75,1.59,4.14,5.07,17,1,2021,3,21,0,20,1,Home Win,2020-2021
B1,2021-03-21,Gent,Cercle Brugge,1,0,H,9.0,7.0,5.0,3.0,18.0,19.0,3.0,2.0,2.0,2.0,0.0,0.0,2.05,3.75,3.2,2.15,3.6,3.25,2.15,3.5,3.15,2.21,3.58,3.14,2.0,3.5,3.5,2.1,3.5,3.3,2.23,3.75,3.34,2.14,3.51,3.16,19,1,2021,3,21,8,3,1,Home Win,2020-2021
B1,2021-04-03,Oostende,Waasland-Beveren,0,2,A,18.0,15.0,6.0,7.0,9.0,19.0,4.0,3.0,2.0,2.0,2.0,0.0,1.44,4.5,7.0,1.45,4.75,6.75,1.45,4.4,6.75,1.44,4.8,6.97,1.44,4.33,7.0,1.45,4.4,7.0,1.48,4.81,7.0,1.45,4.51,6.6,15,2,2021,4,3,12,19,7,Away Win,2020-2021
B1,2021-04-03,St Truiden,Mechelen,2,1,H,12.0,15.0,3.0,6.0,13.0,9.0,5.0,8.0,0.0,2.0,0.0,0.0,2.9,3.4,2.4,2.8,3.5,2.45,2.8,3.4,2.4,2.92,3.53,2.42,2.75,3.3,2.45,2.8,3.4,2.45,2.95,3.57,2.46,2.8,3.45,2.39,17,1,2021,4,3,16,10,7,Home Win,2020-2021
B1,2021-04-03,Kortrijk,Club Brugge,1,2,A,11.0,13.0,5.0,3.0,14.0,15.0,3.0,9.0,4.0,2.0,0.0,0.0,6.5,4.2,1.5,5.25,4.1,1.62,5.75,4.2,1.55,5.61,4.42,1.56,5.25,3.9,1.6,6.0,4.2,1.53,6.5,4.44,1.62,5.5,4.21,1.55,19,2,2021,4,3,9,5,7,Away Win,2020-2021
B1,2021-04-04,Cercle Brugge,Beerschot VA,2,1,H,7.0,8.0,3.0,1.0,10.0,15.0,2.0,4.0,3.0,1.0,1.0,0.0,1.95,3.6,3.6,2.0,3.7,3.6,2.0,3.65,3.4,1.99,3.93,3.54,2.0,3.6,3.4,2.0,3.6,3.6,2.04,3.93,3.6,1.98,3.69,3.45,12,1,2021,4,4,3,2,1,Home Win,2020-2021
B1,2021-04-04,Standard,Gent,2,1,H,16.0,13.0,4.0,4.0,9.0,14.0,6.0,7.0,2.0,4.0,0.0,0.0,2.55,3.4,2.62,2.6,3.3,2.75,2.65,3.1,2.65,2.79,3.2,2.72,2.4,3.1,3.0,2.63,3.2,2.7,2.79,3.42,2.82,2.65,3.19,2.66,17,1,2021,4,4,18,8,1,Home Win,2020-2021
B1,2021-04-04,Charleroi,Mouscron,1,1,D,15.0,18.0,6.0,4.0,17.0,17.0,6.0,5.0,1.0,3.0,0.0,0.0,1.8,3.6,4.5,1.8,3.7,4.5,1.85,3.5,4.2,1.85,3.67,4.39,1.8,3.4,4.5,1.83,3.5,4.33,1.87,3.76,4.53,1.82,3.57,4.22,19,0,2021,4,4,4,11,1,Draw,2020-2021
B1,2021-04-05,Oud-Heverlee Leuven,Genk,2,3,A,10.0,21.0,7.0,8.0,8.0,12.0,7.0,7.0,1.0,0.0,0.0,0.0,3.75,3.5,1.95,3.4,3.7,2.05,3.35,3.7,2.0,3.49,3.91,2.01,3.4,3.6,2.0,3.5,3.6,2.0,3.75,3.91,2.07,3.37,3.72,1.99,12,2,2021,4,5,13,7,2,Away Win,2020-2021
B1,2021-04-05,Waregem,Eupen,2,1,H,24.0,21.0,10.0,8.0,9.0,15.0,7.0,8.0,1.0,3.0,0.0,1.0,2.3,3.4,2.9,2.45,3.5,2.8,2.4,3.3,2.85,2.48,3.4,2.92,2.4,3.25,2.88,2.45,3.3,2.88,2.49,3.5,2.93,2.4,3.34,2.84,15,1,2021,4,5,20,6,2,Home Win,2020-2021
B1,2021-04-05,Antwerp,Anderlecht,1,4,A,9.0,14.0,4.0,8.0,11.0,11.0,1.0,7.0,0.0,1.0,0.0,0.0,3.0,3.2,2.45,2.9,3.5,2.4,2.8,3.35,2.45,2.88,3.48,2.47,2.8,3.25,2.45,3.0,3.25,2.38,3.0,3.53,2.5,2.83,3.35,2.41,17,2,2021,4,5,1,0,2,Away Win,2020-2021
B1,2021-04-06,Waasland-Beveren,St Truiden,2,4,A,13.0,19.0,6.0,8.0,11.0,7.0,4.0,6.0,5.0,1.0,2.0,0.0,3.1,3.5,2.2,3.3,3.3,2.25,3.25,3.25,2.2,3.34,3.44,2.25,3.2,3.25,2.2,3.2,3.4,2.2,3.34,3.56,2.28,3.2,3.34,2.21,18,2,2021,4,6,19,16,3,Away Win,2020-2021
B1,2021-04-07,Beerschot VA,Charleroi,2,1,H,12.0,16.0,4.0,3.0,13.0,14.0,3.0,9.0,2.0,2.0,0.0,0.0,2.8,3.5,2.37,2.8,3.6,2.4,2.75,3.45,2.4,2.87,3.64,2.41,2.15,3.4,3.2,2.75,3.5,2.45,2.88,3.71,2.58,2.75,3.51,2.4,18,1,2021,4,7,2,4,4,Home Win,2020-2021
B1,2021-04-09,Eupen,Standard,0,4,A,11.0,19.0,3.0,6.0,10.0,12.0,6.0,5.0,1.0,0.0,0.0,0.0,3.5,3.4,2.05,3.2,3.2,2.35,3.45,3.2,2.15,3.57,3.34,2.2,,,,3.2,3.3,2.25,3.65,3.4,2.41,3.35,3.18,2.24,19,2,2021,4,9,6,18,6,Away Win,2020-2021
B1,2021-04-10,Cercle Brugge,Oud-Heverlee Leuven,3,0,H,12.0,13.0,6.0,2.0,13.0,13.0,4.0,11.0,4.0,1.0,1.0,0.0,2.0,3.75,3.4,2.0,3.9,3.4,1.95,3.75,3.4,1.98,4.02,3.49,,,,1.95,3.7,3.6,2.0,4.02,3.62,1.96,3.77,3.46,15,1,2021,4,10,3,13,7,Home Win,2020-2021
B1,2021-04-10,Mechelen,Waregem,4,2,H,20.0,18.0,12.0,5.0,14.0,9.0,3.0,7.0,3.0,0.0,0.0,0.0,1.75,4.2,4.0,1.78,4.0,4.25,1.77,3.95,4.0,1.78,4.19,4.14,,,,1.75,4.0,4.2,1.83,4.2,4.25,1.77,4.01,4.01,17,1,2021,4,10,10,20,7,Home Win,2020-2021
B1,2021-04-10,Gent,Charleroi,4,0,H,17.0,9.0,8.0,2.0,12.0,14.0,9.0,3.0,3.0,2.0,0.0,0.0,1.66,4.0,4.75,1.67,4.1,4.75,1.7,3.85,4.6,1.73,3.92,4.78,,,,1.7,3.8,4.8,1.73,4.1,4.83,1.69,3.92,4.63,19,1,2021,4,10,8,4,7,Home Win,2020-2021
B1,2021-04-11,Genk,St Truiden,4,0,H,19.0,6.0,8.0,2.0,13.0,13.0,5.0,2.0,0.0,1.0,0.0,0.0,1.55,4.2,5.5,1.57,4.4,5.5,1.55,4.3,5.25,1.58,4.49,5.35,,,,1.55,4.33,5.5,1.59,4.5,5.6,1.55,4.36,5.23,12,1,2021,4,11,7,16,1,Home Win,2020-2021
B1,2021-04-11,Waasland-Beveren,Kortrijk,3,4,A,10.0,12.0,5.0,9.0,10.0,15.0,6.0,3.0,1.0,1.0,0.0,0.0,3.4,3.8,2.0,3.4,3.75,2.05,3.4,3.6,2.05,3.52,3.76,2.02,,,,3.5,3.5,2.05,3.54,3.8,2.08,3.4,3.64,2.01,15,2,2021,4,11,19,9,1,Away Win,2020-2021
B1,2021-04-11,Anderlecht,Club Brugge,2,1,H,8.0,10.0,3.0,3.0,7.0,20.0,3.0,4.0,1.0,3.0,0.0,0.0,3.5,3.25,2.15,3.6,3.4,2.1,3.3,3.3,2.2,3.39,3.44,2.21,,,,3.3,3.4,2.15,3.6,3.45,2.21,3.33,3.34,2.15,17,1,2021,4,11,0,5,1,Home Win,2020-2021
B1,2021-04-11,Beerschot VA,Oostende,1,2,A,9.0,21.0,3.0,7.0,10.0,15.0,1.0,11.0,1.0,2.0,0.0,0.0,3.1,3.5,2.2,3.1,3.7,2.2,2.95,3.5,2.25,3.12,3.76,2.21,,,,3.0,3.5,2.25,3.12,3.76,2.33,3.02,3.58,2.21,19,2,2021,4,11,2,12,1,Away Win,2020-2021
B1,2021-04-12,Mouscron,Antwerp,2,3,A,21.0,13.0,8.0,6.0,23.0,5.0,13.0,3.0,3.0,1.0,0.0,1.0,3.5,3.75,1.95,3.7,3.75,1.95,3.55,3.6,1.97,3.74,3.82,1.95,,,,3.7,3.5,2.0,3.75,3.83,2.06,3.58,3.63,1.96,19,2,2021,4,12,11,1,2,Away Win,2020-2021
B1,2021-04-17,Charleroi,Eupen,2,3,A,21.0,13.0,8.0,5.0,8.0,8.0,7.0,4.0,3.0,0.0,0.0,0.0,2.25,3.3,2.87,2.3,3.3,3.2,2.3,3.45,2.95,2.29,3.26,3.38,2.3,3.3,3.0,2.3,3.5,2.9,2.3,3.68,3.3,2.25,3.42,3.03,17,2,2021,4,17,4,6,7,Away Win,2020-2021
B1,2021-04-17,Antwerp,Genk,3,2,H,27.0,24.0,9.0,9.0,11.0,10.0,9.0,4.0,3.0,1.0,0.0,0.0,2.8,3.5,2.37,2.85,3.6,2.35,2.75,3.55,2.35,2.84,3.75,2.38,2.8,3.4,2.38,2.8,3.5,2.4,2.85,3.75,2.4,2.78,3.58,2.36,19,1,2021,4,17,1,7,7,Home Win,2020-2021
B1,2021-04-18,Club Brugge,Mouscron,4,2,H,19.0,11.0,7.0,5.0,5.0,11.0,8.0,3.0,1.0,1.0,0.0,0.0,1.2,6.5,12.0,1.2,7.25,12.0,1.22,6.5,12.0,1.21,7.0,12.5,1.2,6.5,13.0,1.2,6.5,13.0,1.22,7.25,13.25,1.2,6.63,12.08,17,1,2021,4,18,5,11,1,Home Win,2020-2021
B1,2021-04-18,Kortrijk,Mechelen,1,4,A,11.0,17.0,3.0,11.0,16.0,13.0,4.0,5.0,1.0,1.0,0.0,0.0,3.75,3.6,1.85,3.5,4.2,1.91,3.4,4.1,1.9,3.58,4.34,1.88,3.25,3.6,2.05,3.6,3.9,1.9,3.75,4.34,2.0,3.45,4.03,1.9,17,2,2021,4,18,9,10,1,Away Win,2020-2021
B1,2021-04-18,Oostende,Cercle Brugge,1,1,D,10.0,13.0,5.0,5.0,14.0,11.0,7.0,5.0,2.0,2.0,0.0,0.0,1.55,4.0,6.0,1.62,4.2,5.25,1.6,4.1,5.0,1.59,4.34,5.4,1.6,3.9,5.25,1.55,4.1,5.75,1.63,4.43,6.0,1.58,4.16,5.25,17,0,2021,4,18,12,3,1,Draw,2020-2021
B1,2021-04-18,Oud-Heverlee Leuven,Waasland-Beveren,1,2,A,13.0,13.0,2.0,9.0,12.0,11.0,5.0,3.0,3.0,4.0,0.0,0.0,1.83,4.0,3.75,1.85,4.4,3.5,1.83,4.3,3.5,1.81,4.71,3.6,1.88,4.2,3.3,1.87,4.0,3.6,1.93,4.9,3.76,1.82,4.32,3.53,17,2,2021,4,18,13,19,1,Away Win,2020-2021
B1,2021-04-18,St Truiden,Anderlecht,0,1,A,4.0,14.0,1.0,4.0,10.0,8.0,2.0,5.0,1.0,1.0,0.0,0.0,5.5,3.4,1.57,5.75,3.7,1.65,5.5,3.65,1.65,,,,,,,,,,6.1,4.05,1.68,5.36,3.7,1.63,17,2,2021,4,18,16,0,1,Away Win,2020-2021
B1,2021-04-18,Standard,Beerschot VA,3,0,H,13.0,9.0,10.0,3.0,14.0,15.0,6.0,9.0,1.0,2.0,0.0,0.0,1.6,4.0,5.25,1.62,4.0,5.5,1.63,3.9,5.25,1.63,4.0,5.52,1.62,3.7,5.5,1.65,3.9,5.0,1.65,4.25,5.54,1.62,3.96,5.16,17,1,2021,4,18,18,2,1,Home Win,2020-2021
B1,2021-04-18,Waregem,Gent,2,7,A,6.0,14.0,4.0,7.0,10.0,10.0,4.0,3.0,2.0,1.0,0.0,0.0,4.75,3.6,1.72,4.33,4.0,1.75,4.1,3.9,1.77,4.26,4.11,1.78,4.2,3.7,1.78,4.2,3.9,1.75,4.75,4.23,1.79,4.1,3.97,1.76,17,2,2021,4,18,20,8,1,Away Win,2020-2021
B1,2021-07-23,Standard,Genk,1,1,D,17.0,17.0,5.0,5.0,11.0,8.0,7.0,3.0,1.0,2.0,0.0,0.0,2.75,3.5,2.37,2.8,3.6,2.4,2.65,3.5,2.4,2.76,3.74,2.48,2.75,3.4,2.37,2.7,3.6,2.45,2.82,3.78,2.5,2.73,3.59,2.42,19,0,2021,7,23,18,7,6,Draw,2021-2022
B1,2021-07-24,Oud-Heverlee Leuven,Waregem,1,1,D,13.0,10.0,4.0,4.0,12.0,17.0,0.0,4.0,5.0,6.0,0.0,1.0,1.95,3.75,3.5,2.05,3.7,3.4,2.05,3.6,3.25,2.06,3.77,3.46,2.05,3.5,3.3,2.05,3.6,3.4,2.1,3.9,3.54,2.03,3.68,3.36,15,0,2021,7,24,13,20,7,Draw,2021-2022
B1,2021-07-24,Kortrijk,Seraing,2,0,H,9.0,9.0,4.0,4.0,16.0,15.0,2.0,1.0,4.0,2.0,0.0,0.0,1.75,3.8,4.5,1.83,3.8,4.1,1.77,3.7,4.1,1.8,3.8,4.5,1.78,3.5,4.33,1.75,3.75,4.33,1.83,3.88,4.53,1.78,3.75,4.26,17,1,2021,7,24,9,15,7,Home Win,2021-2022
B1,2021-07-24,Oostende,Charleroi,0,3,A,11.0,10.0,3.0,6.0,13.0,9.0,9.0,2.0,3.0,1.0,0.0,0.0,2.3,3.5,2.9,2.35,3.4,3.0,2.25,3.45,2.9,2.29,3.52,3.14,2.3,3.25,3.0,2.3,3.4,3.0,2.42,3.59,3.14,2.28,3.45,2.98,19,2,2021,7,24,12,4,7,Away Win,2021-2022
B1,2021-07-25,Mechelen,Antwerp,3,2,H,18.0,10.0,9.0,5.0,12.0,10.0,13.0,2.0,2.0,2.0,0.0,0.0,2.7,3.5,2.45,2.75,3.6,2.45,2.65,3.4,2.4,2.85,3.5,2.49,2.75,3.3,2.4,2.75,3.4,2.5,2.86,3.64,2.5,2.74,3.46,2.44,12,1,2021,7,25,10,1,1,Home Win,2021-2022
B1,2021-07-25,Club Brugge,Eupen,2,2,D,21.0,13.0,11.0,5.0,9.0,14.0,10.0,3.0,3.0,6.0,0.0,0.0,1.18,6.5,15.0,1.2,6.75,15.0,1.22,6.75,12.0,1.19,7.06,14.84,1.18,6.0,15.0,1.2,6.5,15.0,1.22,7.5,15.0,1.19,6.77,13.41,15,0,2021,7,25,5,6,1,Draw,2021-2022
B1,2021-07-25,Anderlecht,St. Gilloise,1,3,A,9.0,8.0,2.0,5.0,11.0,7.0,4.0,2.0,3.0,3.0,0.0,0.0,1.5,4.33,5.5,1.57,4.2,5.75,1.6,4.1,5.25,1.57,4.31,5.65,1.57,3.9,5.25,1.57,4.1,5.5,1.64,4.55,6.63,1.56,4.18,5.46,17,2,2021,7,25,0,17,1,Away Win,2021-2022
B1,2021-07-25,St Truiden,Gent,2,1,H,6.0,12.0,2.0,4.0,12.0,6.0,1.0,8.0,2.0,1.0,0.0,0.0,4.75,3.75,1.7,4.4,3.8,1.78,4.3,3.8,1.7,4.62,3.95,1.75,4.6,3.6,1.7,4.6,3.8,1.73,4.75,3.99,1.78,4.51,3.8,1.73,20,1,2021,7,25,16,8,1,Home Win,2021-2022
B1,2021-07-27,Beerschot VA,Cercle Brugge,0,1,A,,,,,,,,,1.0,1.0,0.0,0.0,2.2,3.6,3.1,2.2,3.5,3.2,2.25,3.35,2.95,2.33,3.4,3.16,2.25,3.3,3.0,2.3,3.3,3.1,2.36,3.6,3.2,2.27,3.41,3.05,17,2,2021,7,27,2,3,3,Away Win,2021-2022
B1,2021-07-30,Genk,Oostende,3,4,A,25.0,16.0,9.0,7.0,2.0,12.0,9.0,5.0,0.0,1.0,0.0,0.0,1.53,4.0,6.5,1.6,3.9,6.0,1.57,4.3,5.0,1.59,4.23,5.85,1.6,3.6,5.5,1.53,4.33,5.25,1.61,4.5,6.5,1.57,4.19,5.53,19,2,2021,7,30,7,12,6,Away Win,2021-2022
B1,2021-07-31,Charleroi,St Truiden,0,0,D,10.0,7.0,0.0,3.0,12.0,16.0,6.0,5.0,2.0,4.0,0.0,0.0,1.95,3.4,3.5,2.05,3.5,3.6,2.05,3.5,3.3,2.04,3.7,3.58,2.05,3.4,3.4,2.0,3.5,3.5,2.09,3.75,3.6,2.02,3.58,3.45,15,0,2021,7,31,4,16,7,Draw,2021-2022
B1,2021-07-31,Cercle Brugge,Oud-Heverlee Leuven,1,1,D,17.0,10.0,3.0,1.0,21.0,8.0,2.0,3.0,3.0,1.0,0.0,0.0,2.15,3.4,3.0,2.4,3.6,2.8,2.3,3.55,2.75,2.38,3.78,2.82,2.25,3.4,2.9,2.25,3.6,2.88,2.4,3.84,3.0,2.32,3.65,2.8,17,0,2021,7,31,3,13,7,Draw,2021-2022
B1,2021-07-31,Seraing,Mechelen,1,0,H,10.0,10.0,4.0,4.0,17.0,13.0,6.0,6.0,3.0,3.0,0.0,0.0,3.4,3.5,1.95,3.5,4.0,1.95,3.35,3.8,1.95,3.57,4.02,1.95,3.5,3.6,1.95,3.7,3.6,1.91,3.7,4.08,2.0,3.48,3.85,1.94,17,1,2021,7,31,15,10,7,Home Win,2021-2022
B1,2021-07-31,Eupen,Anderlecht,1,1,D,14.0,10.0,5.0,3.0,11.0,9.0,3.0,2.0,1.0,1.0,0.0,0.0,3.25,3.75,2.0,3.6,3.5,2.05,3.3,3.4,2.05,3.58,3.47,2.12,3.4,3.4,2.05,3.4,3.4,2.1,3.91,3.75,2.14,3.47,3.44,2.07,19,0,2021,7,31,6,0,7,Draw,2021-2022
B1,2021-08-01,St. Gilloise,Club Brugge,0,1,A,14.0,13.0,3.0,6.0,12.0,14.0,2.0,7.0,2.0,2.0,0.0,0.0,4.33,4.0,1.7,5.0,3.6,1.75,4.4,3.6,1.75,5.12,3.63,1.75,4.75,3.6,1.7,4.5,3.75,1.73,5.4,4.0,1.78,4.75,3.62,1.74,12,2,2021,8,1,17,5,1,Away Win,2021-2022
B1,2021-08-01,Waregem,Standard,1,2,A,17.0,16.0,3.0,5.0,11.0,19.0,5.0,6.0,2.0,4.0,0.0,0.0,2.9,3.5,2.15,3.25,3.3,2.3,3.0,3.35,2.25,3.26,3.36,2.3,3.1,3.25,2.2,3.0,3.4,2.25,3.3,3.6,2.36,3.13,3.3,2.26,15,2,2021,8,1,20,18,1,Away Win,2021-2022
B1,2021-08-01,Gent,Beerschot VA,2,2,D,24.0,11.0,5.0,7.0,8.0,13.0,7.0,8.0,1.0,0.0,0.0,0.0,1.36,4.33,7.5,1.4,4.75,7.75,1.43,4.7,6.75,1.41,4.88,7.71,1.38,4.5,7.5,1.4,4.6,7.0,1.43,5.0,8.0,1.4,4.75,7.2,17,0,2021,8,1,8,2,1,Draw,2021-2022
B1,2021-08-01,Antwerp,Kortrijk,0,1,A,13.0,13.0,3.0,5.0,11.0,9.0,6.0,5.0,2.0,5.0,0.0,0.0,1.7,3.6,4.2,1.78,3.5,5.0,1.77,3.5,4.4,1.79,3.49,5.08,1.7,3.5,4.75,1.75,3.6,4.5,1.82,3.88,5.58,1.76,3.53,4.73,20,2,2021,8,1,1,9,1,Away Win,2021-2022
B1,2021-08-06,Club Brugge,Cercle Brugge,1,1,D,12.0,5.0,3.0,1.0,11.0,11.0,7.0,0.0,2.0,4.0,0.0,0.0,1.28,5.75,7.5,1.33,5.5,8.5,1.33,5.5,7.75,1.32,5.62,9.09,1.3,5.0,9.0,1.3,5.0,9.5,1.34,5.96,10.14,1.31,5.45,8.49,19,0,2021,8,6,5,3,6,Draw,2021-2022
B1,2021-08-07,Beerschot VA,St. Gilloise,0,3,A,8.0,15.0,2.0,6.0,12.0,12.0,9.0,3.0,2.0,3.0,0.0,0.0,4.2,3.75,1.8,4.1,3.8,1.85,3.9,3.7,1.83,4.29,3.87,1.82,4.2,3.5,1.8,4.1,3.7,1.8,4.33,3.98,1.91,4.09,3.73,1.82,15,2,2021,8,7,2,17,7,Away Win,2021-2022
B1,2021-08-07,Mechelen,Eupen,1,3,A,15.0,16.0,4.0,4.0,6.0,11.0,7.0,3.0,0.0,2.0,0.0,0.0,1.7,3.75,4.2,1.78,4.0,4.25,1.75,4.1,3.85,1.78,4.38,4.0,1.72,4.0,4.0,1.73,3.9,4.2,1.8,4.4,4.25,1.76,4.08,4.01,17,2,2021,8,7,10,6,7,Away Win,2021-2022
B1,2021-08-07,St Truiden,Waregem,1,3,A,11.0,11.0,1.0,7.0,12.0,12.0,8.0,3.0,1.0,2.0,0.0,0.0,2.0,3.6,3.1,2.1,3.5,3.5,2.15,3.3,3.25,2.22,3.36,3.45,2.1,3.2,3.4,2.15,3.4,3.2,2.24,3.6,3.63,2.16,3.3,3.36,17,2,2021,8,7,16,20,7,Away Win,2021-2022
B1,2021-08-07,Kortrijk,Genk,1,2,A,8.0,17.0,3.0,6.0,7.0,5.0,4.0,4.0,1.0,3.0,0.0,0.0,3.2,3.6,2.0,3.6,3.7,2.0,3.25,3.6,2.05,3.4,3.71,2.1,3.3,3.5,2.05,3.3,3.6,2.05,3.6,3.81,2.1,3.33,3.62,2.05,19,2,2021,8,7,9,7,7,Away Win,2021-2022
B1,2021-08-08,Standard,Antwerp,2,5,A,20.0,12.0,9.0,6.0,11.0,16.0,9.0,1.0,3.0,5.0,0.0,0.0,2.25,3.5,2.9,2.3,3.5,3.0,2.25,3.3,3.0,2.31,3.4,3.22,2.2,3.3,3.1,2.25,3.3,3.1,2.33,3.55,3.23,2.26,3.36,3.07,12,2,2021,8,8,18,1,1,Away Win,2021-2022
B1,2021-08-08,Oud-Heverlee Leuven,Charleroi,1,1,D,21.0,21.0,4.0,9.0,6.0,13.0,7.0,9.0,1.0,1.0,0.0,0.0,2.45,3.4,2.55,2.75,3.5,2.5,2.65,3.45,2.5,2.69,3.69,2.53,2.62,3.4,2.45,2.63,3.5,2.5,2.76,3.69,2.55,2.65,3.52,2.48,15,0,2021,8,8,13,4,1,Draw,2021-2022
B1,2021-08-08,Anderlecht,Seraing,3,0,H,19.0,4.0,7.0,1.0,14.0,13.0,8.0,2.0,2.0,2.0,0.0,1.0,1.3,5.25,7.0,1.4,5.0,7.25,1.4,4.9,7.0,1.38,5.12,7.9,1.36,4.5,8.0,1.36,4.8,8.0,1.41,5.3,8.1,1.38,4.93,7.38,17,1,2021,8,8,0,15,1,Home Win,2021-2022
B1,2021-08-08,Oostende,Gent,1,0,H,7.0,13.0,3.0,0.0,10.0,9.0,6.0,6.0,3.0,1.0,0.0,0.0,3.2,3.6,2.0,3.6,3.8,1.95,3.45,3.65,1.95,3.7,3.85,1.96,3.5,3.5,1.95,3.5,3.7,1.95,3.78,3.85,2.04,3.53,3.71,1.96,20,1,2021,8,8,12,8,1,Home Win,2021-2022
B1,2021-08-13,Charleroi,Antwerp,1,1,D,23.0,10.0,7.0,7.0,6.0,6.0,12.0,1.0,1.0,2.0,0.0,0.0,2.55,3.3,2.55,2.5,3.5,2.75,2.55,3.35,2.55,2.65,3.5,2.71,2.4,3.2,2.88,2.55,3.4,2.6,2.65,3.53,2.75,2.57,3.42,2.65,19,0,2021,8,13,4,1,6,Draw,2021-2022
B1,2021-08-14,St. Gilloise,Kortrijk,2,0,H,24.0,2.0,8.0,2.0,11.0,20.0,10.0,2.0,0.0,6.0,0.0,1.0,1.6,4.0,5.25,1.67,4.0,5.0,1.65,4.0,4.8,1.66,4.22,4.95,1.67,3.7,4.75,1.62,3.9,5.0,1.74,4.3,5.25,1.65,4.02,4.87,15,1,2021,8,14,17,9,7,Home Win,2021-2022
B1,2021-08-14,Eupen,St Truiden,2,1,H,8.0,18.0,5.0,5.0,18.0,10.0,5.0,8.0,4.0,2.0,0.0,0.0,1.95,3.5,3.75,1.95,3.9,3.5,1.97,3.7,3.3,2.01,3.91,3.49,2.2,3.3,3.1,1.95,3.6,3.6,2.04,3.93,3.75,1.98,3.75,3.46,17,1,2021,8,14,6,16,7,Home Win,2021-2022
B1,2021-08-14,Seraing,Oostende,2,3,A,10.0,12.0,3.0,7.0,7.0,17.0,3.0,6.0,4.0,5.0,0.0,1.0,3.5,3.6,2.0,3.5,3.8,2.0,3.3,3.65,1.97,3.5,3.92,2.0,3.4,3.4,2.05,3.4,3.6,2.0,3.53,3.92,2.09,3.41,3.72,2.0,17,2,2021,8,14,15,12,7,Away Win,2021-2022
B1,2021-08-14,Genk,Oud-Heverlee Leuven,4,0,H,21.0,15.0,8.0,6.0,11.0,15.0,7.0,6.0,1.0,4.0,0.0,0.0,1.45,4.33,7.0,1.5,4.1,7.0,1.47,4.6,5.75,1.48,4.28,7.34,1.5,4.2,6.0,1.45,4.6,6.0,1.52,4.6,7.34,1.48,4.33,6.53,19,1,2021,8,14,7,13,7,Home Win,2021-2022
B1,2021-08-15,Beerschot VA,Standard,0,1,A,14.0,8.0,4.0,1.0,16.0,14.0,3.0,3.0,2.0,1.0,0.0,0.0,3.8,3.5,1.9,3.6,3.8,1.95,3.4,3.6,1.97,3.63,3.73,2.02,3.5,3.5,1.95,3.5,3.6,1.95,3.8,3.8,2.05,3.54,3.64,1.98,12,2,2021,8,15,2,18,1,Away Win,2021-2022
B1,2021-08-15,Gent,Mechelen,2,0,H,20.0,6.0,8.0,3.0,10.0,11.0,13.0,2.0,2.0,2.0,0.0,0.0,1.72,4.2,4.0,1.83,3.5,4.6,1.77,3.65,4.1,1.82,3.66,4.58,1.78,3.5,4.33,1.8,3.75,4.0,1.87,4.2,4.65,1.8,3.66,4.3,15,1,2021,8,15,8,10,1,Home Win,2021-2022
B1,2021-08-15,Cercle Brugge,Anderlecht,1,2,A,8.0,17.0,2.0,6.0,9.0,11.0,7.0,7.0,2.0,0.0,0.0,0.0,4.0,3.6,1.85,3.9,3.5,1.95,3.65,3.45,1.95,3.99,3.55,1.97,3.6,3.3,2.0,3.8,3.5,1.93,4.01,3.66,2.02,3.86,3.52,1.94,17,2,2021,8,15,3,0,1,Away Win,2021-2022
B1,2021-08-15,Waregem,Club Brugge,0,4,A,3.0,20.0,1.0,11.0,8.0,10.0,3.0,7.0,2.0,4.0,0.0,1.0,6.5,4.5,1.44,5.75,4.5,1.53,5.75,4.6,1.47,6.08,4.75,1.49,5.8,4.2,1.5,6.0,4.6,1.45,6.5,4.8,1.53,5.87,4.6,1.48,20,2,2021,8,15,20,5,1,Away Win,2021-2022
B1,2021-08-20,Standard,Oostende,1,0,H,17.0,8.0,5.0,1.0,13.0,19.0,6.0,3.0,4.0,4.0,0.0,1.0,1.8,3.5,4.2,1.91,3.8,3.8,1.95,3.8,3.45,1.93,3.93,3.81,2.1,3.4,3.2,1.9,3.8,3.6,1.96,3.93,4.2,1.91,3.77,3.67,19,1,2021,8,20,18,12,6,Home Win,2021-2022
B1,2021-08-21,Seraing,Cercle Brugge,2,1,H,10.0,9.0,5.0,5.0,14.0,20.0,5.0,3.0,2.0,3.0,0.0,0.0,2.8,3.5,2.37,2.8,3.5,2.45,2.8,3.35,2.4,2.92,3.48,2.45,2.87,3.25,2.35,2.8,3.3,2.45,2.98,3.55,2.46,2.83,3.4,2.4,15,1,2021,8,21,15,3,7,Home Win,2021-2022
B1,2021-08-21,Oud-Heverlee Leuven,Eupen,1,4,A,14.0,21.0,6.0,8.0,8.0,12.0,2.0,6.0,2.0,3.0,0.0,0.0,2.3,3.6,2.8,2.4,3.7,2.75,2.35,3.65,2.65,2.36,3.9,2.79,2.37,3.5,2.7,2.3,3.6,2.75,2.47,3.9,2.82,2.35,3.67,2.73,17,2,2021,8,21,13,6,7,Away Win,2021-2022
B1,2021-08-21,St Truiden,Kortrijk,0,2,A,24.0,11.0,4.0,2.0,16.0,6.0,6.0,7.0,3.0,3.0,0.0,0.0,2.75,3.0,2.75,2.65,3.2,2.8,2.6,3.0,2.65,2.76,3.08,2.84,2.7,3.25,2.5,2.63,3.2,2.63,2.87,3.29,2.84,2.69,3.09,2.72,19,2,2021,8,21,16,9,7,Away Win,2021-2022
B1,2021-08-22,Waregem,Charleroi,2,2,D,20.0,17.0,7.0,4.0,10.0,9.0,8.0,6.0,2.0,1.0,0.0,0.0,3.0,3.5,2.25,2.9,3.7,2.3,2.8,3.55,2.25,2.99,3.74,2.29,2.87,3.3,2.35,2.9,3.6,2.25,3.01,3.74,2.4,2.88,3.57,2.3,15,0,2021,8,22,20,4,1,Draw,2021-2022
B1,2021-08-22,Club Brugge,Beerschot VA,3,2,H,13.0,9.0,5.0,4.0,10.0,16.0,8.0,1.0,3.0,6.0,1.0,1.0,1.18,7.0,13.0,1.2,7.0,14.0,1.2,7.0,13.0,1.19,7.33,14.43,1.2,5.8,15.0,1.18,6.5,15.0,1.22,7.5,16.0,1.19,6.85,13.7,17,1,2021,8,22,5,2,1,Home Win,2021-2022
B1,2021-08-22,Mechelen,St. Gilloise,3,1,H,12.0,13.0,4.0,5.0,22.0,12.0,6.0,7.0,2.0,3.0,0.0,0.0,3.6,3.5,2.0,3.5,3.6,2.05,3.35,3.5,2.05,3.6,3.55,2.08,2.9,3.1,2.4,3.4,3.5,2.05,3.66,3.75,2.11,3.45,3.51,2.04,20,1,2021,8,22,10,17,1,Home Win,2021-2022
B1,2021-08-27,Kortrijk,Mechelen,2,2,D,9.0,13.0,5.0,4.0,9.0,20.0,5.0,7.0,2.0,3.0,0.0,0.0,2.45,3.5,2.9,2.5,3.3,2.85,2.35,3.3,2.8,2.48,3.35,3.02,2.35,3.1,3.0,2.4,3.4,2.8,2.55,3.5,3.05,2.45,3.33,2.86,19,0,2021,8,27,9,10,6,Draw,2021-2022
B1,2021-08-28,Charleroi,Beerschot VA,5,2,H,24.0,6.0,10.0,3.0,15.0,11.0,3.0,5.0,2.0,5.0,0.0,2.0,1.7,3.6,4.75,1.75,3.9,4.5,1.73,3.95,4.0,1.74,4.31,4.27,1.73,3.8,4.2,1.73,3.7,4.5,1.8,4.4,4.75,1.74,3.98,4.28,15,1,2021,8,28,4,2,7,Home Win,2021-2022
B1,2021-08-28,Cercle Brugge,St Truiden,0,1,A,24.0,7.0,6.0,2.0,8.0,12.0,9.0,1.0,1.0,2.0,0.0,1.0,1.95,3.5,3.6,2.05,3.6,3.5,2.05,3.6,3.2,2.05,3.84,3.43,2.15,3.3,3.2,2.1,3.4,3.4,2.2,3.84,3.6,2.07,3.58,3.37,17,2,2021,8,28,3,16,7,Away Win,2021-2022
B1,2021-08-28,Eupen,Seraing,1,2,A,15.0,9.0,2.0,4.0,8.0,5.0,7.0,1.0,3.0,1.0,0.0,0.0,1.66,3.75,5.0,1.65,4.25,4.75,1.67,3.95,4.6,1.69,4.06,4.85,1.67,3.75,4.6,1.67,4.0,4.6,1.75,4.25,5.05,1.68,3.99,4.62,17,2,2021,8,28,6,15,7,Away Win,2021-2022
B1,2021-08-28,St. Gilloise,Standard,4,0,H,16.0,10.0,4.0,0.0,10.0,17.0,2.0,2.0,1.0,5.0,0.0,0.0,1.7,3.8,4.75,1.75,3.7,4.75,1.73,3.65,4.3,1.75,3.76,4.9,1.83,3.25,4.4,1.75,3.7,4.4,1.84,3.83,4.9,1.76,3.69,4.51,19,1,2021,8,28,17,18,7,Home Win,2021-2022
B1,2021-08-29,Gent,Club Brugge,6,1,H,11.0,7.0,6.0,3.0,18.0,12.0,1.0,6.0,2.0,2.0,0.0,0.0,3.1,3.25,2.3,3.4,3.2,2.25,3.0,3.2,2.3,3.21,3.28,2.37,3.0,3.3,2.25,3.0,3.3,2.3,3.4,3.4,2.44,3.13,3.24,2.31,12,1,2021,8,29,8,5,1,Home Win,2021-2022
B1,2021-08-29,Antwerp,Oud-Heverlee Leuven,2,2,D,14.0,22.0,6.0,6.0,8.0,10.0,7.0,13.0,4.0,4.0,0.0,1.0,1.6,4.0,5.25,1.62,4.0,5.5,1.6,3.9,5.5,1.59,3.98,6.09,1.6,3.8,5.25,1.62,4.0,5.0,1.66,4.46,6.2,1.61,3.97,5.41,15,0,2021,8,29,1,13,1,Draw,2021-2022
B1,2021-08-29,Genk,Anderlecht,1,0,H,12.0,16.0,3.0,0.0,9.0,8.0,3.0,7.0,1.0,5.0,0.0,0.0,2.15,3.4,3.25,2.25,3.2,3.4,2.25,3.2,3.1,2.26,3.28,3.43,2.25,3.1,3.2,2.25,3.3,3.1,2.35,3.4,3.47,2.25,3.22,3.26,17,1,2021,8,29,7,0,1,Home Win,2021-2022
B1,2021-08-29,Oostende,Waregem,0,2,A,22.0,12.0,3.0,6.0,13.0,17.0,11.0,1.0,5.0,3.0,0.0,0.0,1.8,3.75,4.33,1.85,3.6,4.33,1.77,3.65,4.1,1.8,3.6,4.8,1.83,3.75,3.75,1.83,3.8,3.9,1.89,3.88,4.9,1.81,3.65,4.29,20,2,2021,8,29,12,20,1,Away Win,2021-2022
B1,2021-09-10,Club Brugge,Oostende,3,0,H,31.0,4.0,7.0,2.0,11.0,14.0,10.0,4.0,0.0,5.0,0.0,1.0,1.33,5.25,7.5,1.36,5.25,7.0,1.35,5.25,7.25,1.35,5.34,9.26,1.3,5.0,9.0,1.33,5.25,8.0,1.37,5.5,9.4,1.34,5.2,8.15,19,1,2021,9,10,5,12,6,Home Win,2021-2022
B1,2021-09-11,Eupen,Antwerp,0,1,A,17.0,14.0,4.0,6.0,8.0,9.0,7.0,5.0,2.0,5.0,0.0,0.0,2.7,3.4,2.5,2.65,3.5,2.45,2.5,3.6,2.5,2.58,3.71,2.48,2.6,3.5,2.45,2.55,3.6,2.5,2.7,3.86,2.57,2.58,3.66,2.49,15,2,2021,9,11,6,1,7,Away Win,2021-2022
B1,2021-09-11,Waregem,Cercle Brugge,2,4,A,4.0,17.0,2.0,8.0,13.0,7.0,2.0,8.0,1.0,2.0,1.0,0.0,2.4,3.4,2.87,2.35,3.5,2.8,2.4,3.55,2.7,2.44,3.63,2.67,2.35,3.4,2.75,2.38,3.6,2.7,2.5,3.74,2.87,2.4,3.56,2.73,17,2,2021,9,11,20,3,7,Away Win,2021-2022
B1,2021-09-12,Anderlecht,Mechelen,7,2,H,15.0,8.0,9.0,3.0,9.0,5.0,5.0,3.0,1.0,0.0,0.0,0.0,1.65,3.8,4.75,1.67,4.0,4.5,1.63,4.1,4.7,1.61,4.18,4.79,1.7,3.8,4.4,1.65,4.0,4.75,1.71,4.4,5.0,1.66,4.08,4.65,12,1,2021,9,12,0,10,1,Home Win,2021-2022
B1,2021-09-12,Gent,Charleroi,2,3,A,23.0,13.0,10.0,4.0,7.0,18.0,13.0,3.0,2.0,5.0,0.0,1.0,1.55,4.2,5.25,1.62,4.1,4.75,1.57,4.3,5.0,1.59,4.25,5.38,1.57,4.0,5.25,1.55,4.2,5.25,1.62,4.4,5.5,1.58,4.24,5.11,15,2,2021,9,12,8,4,1,Away Win,2021-2022
B1,2021-09-12,Seraing,Standard,0,1,A,19.0,7.0,6.0,3.0,15.0,16.0,8.0,2.0,4.0,7.0,0.0,1.0,3.6,3.5,2.0,3.4,3.6,2.0,3.35,3.55,2.0,3.53,3.59,2.0,3.6,3.4,1.95,3.5,3.6,1.95,3.64,3.75,2.04,3.46,3.61,2.0,17,2,2021,9,12,15,18,1,Away Win,2021-2022
B1,2021-09-12,Genk,St. Gilloise,1,1,D,17.0,17.0,5.0,7.0,8.0,13.0,6.0,4.0,1.0,1.0,0.0,1.0,2.2,3.6,3.0,2.25,3.5,2.9,2.2,3.65,2.8,2.3,3.88,2.89,2.2,3.6,2.88,2.25,3.7,2.88,2.3,3.9,3.01,2.24,3.69,2.89,20,0,2021,9,12,7,17,1,Draw,2021-2022
B1,2021-09-12,Oud-Heverlee Leuven,Kortrijk,2,1,H,17.0,15.0,5.0,8.0,8.0,19.0,3.0,4.0,2.0,6.0,0.0,1.0,2.7,3.4,2.5,2.6,3.6,2.45,2.55,3.5,2.45,2.66,3.65,2.57,2.55,3.6,2.45,2.6,3.6,2.45,2.75,3.75,2.72,2.62,3.59,2.48,20,1,2021,9,12,13,9,1,Home Win,2021-2022
B1,2021-09-13,Beerschot VA,St Truiden,0,1,A,14.0,6.0,2.0,3.0,14.0,18.0,5.0,1.0,4.0,3.0,0.0,0.0,2.5,3.4,2.7,2.4,3.4,2.75,2.45,3.45,2.6,2.48,3.43,2.73,2.5,3.3,2.62,2.4,3.5,2.7,2.56,3.6,2.8,2.47,3.45,2.71,19,2,2021,9,13,2,16,2,Away Win,2021-2022
B1,2021-09-17,Cercle Brugge,Eupen,1,2,A,12.0,14.0,3.0,8.0,10.0,17.0,4.0,5.0,2.0,3.0,0.0,0.0,2.05,3.6,3.4,2.1,3.6,3.4,2.1,3.45,3.15,2.17,3.56,3.41,2.55,3.3,2.6,2.05,3.5,3.4,2.21,3.75,3.45,2.11,3.52,3.33,19,2,2021,9,17,3,6,6,Away Win,2021-2022
B1,2021-09-18,Oostende,Beerschot VA,3,1,H,18.0,12.0,12.0,4.0,20.0,11.0,8.0,5.0,4.0,2.0,0.0,0.0,1.7,4.0,4.2,1.75,4.0,4.33,1.77,3.85,4.0,1.75,3.99,4.43,1.75,3.7,4.2,1.75,3.6,4.5,1.8,4.1,4.5,1.75,3.91,4.29,15,1,2021,9,18,12,2,7,Home Win,2021-2022
B1,2021-09-18,Mechelen,Oud-Heverlee Leuven,2,0,H,8.0,14.0,4.0,5.0,21.0,10.0,2.0,5.0,5.0,5.0,0.0,1.0,1.66,3.8,5.0,1.7,4.2,4.5,1.7,4.0,4.3,1.72,4.07,4.49,1.75,3.9,4.0,1.7,4.0,4.33,1.75,4.38,5.0,1.71,4.07,4.31,17,1,2021,9,18,10,13,7,Home Win,2021-2022
B1,2021-09-18,St. Gilloise,Waregem,2,1,H,20.0,11.0,6.0,5.0,19.0,13.0,11.0,4.0,2.0,2.0,0.0,1.0,1.22,6.0,11.0,1.22,6.75,11.5,1.22,6.75,11.0,1.22,6.61,11.35,1.22,5.5,12.0,1.2,6.0,13.0,1.24,7.0,13.0,1.22,6.5,11.37,17,1,2021,9,18,17,20,7,Home Win,2021-2022
B1,2021-09-18,Charleroi,Club Brugge,0,1,A,17.0,13.0,5.0,4.0,3.0,10.0,8.0,8.0,1.0,2.0,0.0,0.0,4.75,3.8,1.65,4.75,4.0,1.7,4.4,4.1,1.67,4.55,4.3,1.68,4.33,3.6,1.75,4.6,3.8,1.7,4.75,4.4,1.75,4.49,4.09,1.69,19,2,2021,9,18,4,5,7,Away Win,2021-2022
B1,2021-09-19,St Truiden,Genk,1,2,A,8.0,8.0,3.0,2.0,15.0,10.0,6.0,2.0,4.0,1.0,0.0,0.0,4.2,3.6,1.83,4.1,3.8,1.85,3.8,3.75,1.85,3.97,3.88,1.86,4.0,3.6,1.8,3.9,3.75,1.83,4.2,3.96,1.9,3.87,3.78,1.85,12,2,2021,9,19,16,7,1,Away Win,2021-2022
B1,2021-09-19,Antwerp,Seraing,2,1,H,19.0,11.0,6.0,2.0,13.0,7.0,10.0,6.0,1.0,1.0,0.0,0.0,1.5,4.33,5.5,1.53,4.4,6.0,1.55,4.5,5.25,1.55,4.5,5.48,1.5,4.2,5.8,1.53,4.2,5.5,1.58,4.6,6.0,1.53,4.42,5.42,15,1,2021,9,19,1,15,1,Home Win,2021-2022
B1,2021-09-19,Standard,Anderlecht,0,1,A,7.0,12.0,1.0,4.0,17.0,11.0,6.0,4.0,3.0,4.0,2.0,0.0,3.4,3.3,2.05,3.2,3.7,2.15,3.0,3.45,2.15,3.2,3.6,2.2,3.0,3.4,2.2,3.13,3.5,2.15,3.4,3.7,2.28,3.12,3.49,2.18,17,2,2021,9,19,18,0,1,Away Win,2021-2022
B1,2021-09-19,Kortrijk,Gent,1,0,H,7.0,15.0,3.0,3.0,18.0,15.0,3.0,7.0,4.0,3.0,0.0,0.0,4.5,3.8,1.75,4.1,4.0,1.8,3.75,3.95,1.8,4.04,4.09,1.8,3.8,3.7,1.83,4.0,3.8,1.8,4.5,4.2,1.84,3.94,3.95,1.81,20,1,2021,9,19,9,8,1,Home Win,2021-2022
B1,2021-09-22,Antwerp,Genk,4,2,H,10.0,16.0,7.0,7.0,11.0,12.0,4.0,8.0,5.0,3.0,1.0,0.0,2.9,3.6,2.05,3.25,3.9,2.05,2.95,3.75,2.1,3.16,3.94,2.1,3.1,3.5,2.1,3.0,3.75,2.15,3.25,3.99,2.26,3.05,3.8,2.11,19,1,2021,9,22,1,7,4,Home Win,2021-2022
B1,2021-09-23,Anderlecht,Gent,1,1,D,13.0,11.0,5.0,2.0,9.0,14.0,7.0,3.0,2.0,2.0,0.0,0.0,2.15,3.4,2.9,2.2,3.6,3.1,2.15,3.55,3.05,2.17,3.68,3.21,2.25,3.4,2.9,2.15,3.5,3.1,2.23,3.76,3.3,2.15,3.58,3.12,19,0,2021,9,23,0,8,5,Draw,2021-2022
B1,2021-09-24,Club Brugge,Oud-Heverlee Leuven,1,1,D,32.0,5.0,9.0,1.0,8.0,10.0,14.0,1.0,1.0,2.0,0.0,0.0,1.22,5.75,9.0,1.2,7.25,12.5,1.25,6.75,10.0,1.24,6.99,10.74,1.25,5.5,10.0,1.22,6.5,11.0,1.31,7.5,12.5,1.23,6.65,10.62,19,0,2021,9,24,5,13,6,Draw,2021-2022
B1,2021-09-25,Beerschot VA,Eupen,0,3,A,7.0,16.0,1.0,5.0,10.0,9.0,4.0,7.0,5.0,4.0,2.0,0.0,2.75,3.4,2.37,2.8,3.6,2.4,2.65,3.65,2.3,2.76,3.85,2.37,2.8,3.4,2.35,2.7,3.5,2.4,2.8,3.91,2.43,2.73,3.64,2.37,15,2,2021,9,25,2,6,7,Away Win,2021-2022
B1,2021-09-25,Waregem,Kortrijk,2,2,D,11.0,11.0,3.0,3.0,16.0,10.0,3.0,5.0,5.0,2.0,0.0,0.0,2.75,3.6,2.25,2.85,3.75,2.3,2.8,3.65,2.2,2.93,3.88,2.25,2.8,3.5,2.3,2.88,3.6,2.25,2.98,3.97,2.3,2.87,3.71,2.25,17,0,2021,9,25,20,9,7,Draw,2021-2022
B1,2021-09-25,Standard,St Truiden,1,2,A,7.0,12.0,1.0,4.0,20.0,20.0,2.0,1.0,2.0,4.0,0.0,0.0,1.9,3.6,3.4,1.95,3.7,3.7,1.97,3.5,3.45,2.02,3.56,3.73,2.0,3.3,3.6,1.95,3.6,3.6,2.05,3.7,3.79,2.0,3.54,3.58,19,2,2021,9,25,18,16,7,Away Win,2021-2022
B1,2021-09-26,St. Gilloise,Antwerp,1,2,A,20.0,12.0,11.0,5.0,14.0,7.0,10.0,7.0,3.0,3.0,0.0,0.0,1.5,4.33,5.0,1.55,4.4,5.5,1.6,4.2,4.9,1.59,4.33,5.3,1.5,4.0,6.0,1.55,4.2,5.25,1.63,4.4,6.0,1.58,4.24,5.15,12,2,2021,9,26,17,1,1,Away Win,2021-2022
B1,2021-09-26,Gent,Cercle Brugge,2,1,H,12.0,11.0,6.0,4.0,20.0,18.0,8.0,6.0,3.0,5.0,0.0,0.0,1.33,4.5,7.0,1.42,4.75,7.5,1.4,4.9,7.0,1.38,5.1,7.75,1.4,4.4,7.5,1.4,4.8,7.0,1.42,5.2,7.9,1.39,4.89,7.19,15,1,2021,9,26,8,3,1,Home Win,2021-2022
B1,2021-09-26,Oostende,Anderlecht,2,2,D,9.0,18.0,5.0,6.0,11.0,7.0,3.0,3.0,2.0,1.0,0.0,1.0,4.33,3.75,1.66,4.0,3.9,1.83,3.75,3.9,1.8,4.0,4.03,1.82,4.2,3.8,1.73,3.9,3.9,1.8,4.33,4.1,1.84,3.92,3.92,1.8,17,0,2021,9,26,12,0,1,Draw,2021-2022
B1,2021-09-26,Charleroi,Mechelen,0,2,A,12.0,11.0,1.0,5.0,9.0,10.0,10.0,4.0,1.0,3.0,0.0,0.0,1.9,3.75,3.4,2.05,3.7,3.4,2.05,3.75,3.15,2.03,3.9,3.38,2.05,3.5,3.25,2.0,3.75,3.3,2.06,3.97,3.5,2.03,3.79,3.29,20,2,2021,9,26,4,10,1,Away Win,2021-2022
B1,2021-09-26,Genk,Seraing,3,0,H,12.0,5.0,8.0,2.0,12.0,9.0,5.0,3.0,3.0,2.0,0.0,0.0,1.3,5.0,7.5,1.33,5.25,9.25,1.33,5.5,7.75,1.31,5.6,8.96,1.27,5.25,10.0,1.3,5.25,9.0,1.34,6.0,10.0,1.31,5.46,8.63,20,1,2021,9,26,7,15,1,Home Win,2021-2022
B1,2021-10-01,Mechelen,Standard,3,1,H,16.0,16.0,8.0,4.0,9.0,17.0,5.0,5.0,2.0,3.0,0.0,0.0,2.15,3.8,3.1,2.25,3.75,2.85,2.2,3.6,2.85,2.3,3.74,3.01,2.25,3.6,2.8,2.2,3.7,2.9,2.3,3.85,3.1,2.25,3.66,2.95,19,1,2021,10,1,10,18,6,Home Win,2021-2022
B1,2021-10-02,Kortrijk,Charleroi,2,2,D,20.0,21.0,8.0,10.0,14.0,8.0,5.0,6.0,2.0,4.0,0.0,0.0,2.6,3.6,2.6,2.45,3.7,2.65,2.5,3.55,2.5,2.65,3.64,2.55,2.45,3.4,2.62,2.5,3.5,2.6,2.66,3.74,2.65,2.56,3.59,2.57,15,0,2021,10,2,9,4,7,Draw,2021-2022
B1,2021-10-02,Cercle Brugge,St. Gilloise,0,3,A,8.0,11.0,2.0,5.0,13.0,13.0,4.0,3.0,2.0,2.0,0.0,0.0,5.0,4.0,1.66,4.75,4.0,1.68,4.3,3.9,1.7,4.68,4.05,1.7,4.75,3.7,1.66,4.8,3.9,1.65,5.0,4.1,1.72,4.7,3.98,1.68,17,2,2021,10,2,3,17,7,Away Win,2021-2022
B1,2021-10-02,St Truiden,Oostende,1,1,D,14.0,9.0,4.0,1.0,15.0,10.0,5.0,4.0,2.0,1.0,0.0,0.0,2.1,3.8,3.2,2.05,3.6,3.3,2.1,3.65,3.0,2.13,3.84,3.16,2.2,3.4,3.0,2.1,3.5,3.2,2.26,3.9,3.3,2.13,3.66,3.13,17,0,2021,10,2,16,12,7,Draw,2021-2022
B1,2021-10-02,Oud-Heverlee Leuven,Beerschot VA,0,0,D,16.0,14.0,7.0,4.0,13.0,16.0,10.0,4.0,3.0,4.0,1.0,0.0,2.1,4.0,3.0,2.05,3.9,3.1,2.15,3.75,2.9,2.21,3.88,2.99,2.05,3.6,3.2,2.1,3.8,3.0,2.22,4.0,3.15,2.16,3.8,3.0,19,0,2021,10,2,13,2,7,Draw,2021-2022
B1,2021-10-03,Anderlecht,Club Brugge,1,1,D,18.0,11.0,4.0,4.0,8.0,12.0,7.0,6.0,2.0,4.0,0.0,0.0,2.87,3.6,2.37,2.7,3.75,2.37,2.7,3.5,2.35,2.86,3.61,2.4,2.75,3.4,2.35,2.75,3.5,2.4,2.89,3.75,2.47,2.8,3.51,2.4,12,0,2021,10,3,0,5,1,Draw,2021-2022
B1,2021-10-03,Seraing,Waregem,5,1,H,26.0,9.0,16.0,4.0,5.0,9.0,7.0,3.0,0.0,0.0,0.0,1.0,2.0,4.0,3.3,1.95,4.0,3.3,2.05,3.8,3.15,2.03,3.95,3.33,2.0,3.6,3.3,2.0,3.75,3.3,2.1,4.0,3.4,2.03,3.83,3.27,15,1,2021,10,3,15,20,1,Home Win,2021-2022
B1,2021-10-03,Antwerp,Gent,1,0,H,11.0,13.0,5.0,3.0,6.0,12.0,6.0,7.0,1.0,2.0,0.0,1.0,2.75,3.75,2.4,2.6,3.9,2.37,2.6,3.7,2.35,2.68,3.88,2.42,2.62,3.5,2.4,2.7,3.6,2.4,2.8,3.9,2.55,2.66,3.71,2.42,17,1,2021,10,3,1,8,1,Home Win,2021-2022
B1,2021-10-03,Eupen,Genk,3,2,H,12.0,10.0,7.0,4.0,18.0,11.0,5.0,4.0,2.0,1.0,0.0,0.0,3.25,4.0,2.05,3.25,3.9,2.0,3.05,3.8,2.05,3.21,4.01,2.06,3.1,3.7,2.05,3.1,3.8,2.05,3.3,4.1,2.14,3.17,3.84,2.06,20,1,2021,10,3,6,7,1,Home Win,2021-2022
B1,2021-10-15,Club Brugge,Kortrijk,2,0,H,17.0,10.0,6.0,0.0,13.0,9.0,4.0,1.0,3.0,5.0,0.0,0.0,1.2,5.5,13.0,1.21,7.0,13.5,1.25,6.5,10.0,1.23,6.59,13.07,1.24,5.25,12.0,1.22,6.0,11.5,1.25,6.8,13.25,1.22,6.38,11.54,19,1,2021,10,15,5,9,6,Home Win,2021-2022
B1,2021-10-16,St. Gilloise,Seraing,4,2,H,21.0,11.0,9.0,4.0,18.0,8.0,10.0,2.0,3.0,2.0,1.0,0.0,1.33,5.0,7.5,1.39,5.0,7.25,1.35,5.0,7.5,1.34,5.3,8.51,1.33,4.75,8.5,1.33,5.0,8.5,1.39,5.5,8.51,1.35,5.11,7.75,15,1,2021,10,16,17,15,7,Home Win,2021-2022
B1,2021-10-16,Oostende,Cercle Brugge,2,1,H,11.0,12.0,3.0,4.0,9.0,15.0,4.0,4.0,1.0,3.0,0.0,0.0,2.15,3.4,3.25,2.1,3.6,3.25,2.15,3.65,3.0,2.18,3.73,3.16,2.05,3.5,3.25,2.15,3.5,3.1,2.24,3.9,3.25,2.15,3.65,3.09,17,1,2021,10,16,12,3,7,Home Win,2021-2022
B1,2021-10-16,Waregem,Antwerp,2,1,H,12.0,14.0,8.0,3.0,9.0,9.0,3.0,9.0,2.0,2.0,0.0,0.0,4.5,4.2,1.66,4.33,4.4,1.66,4.2,4.2,1.7,4.31,4.46,1.69,4.33,4.0,1.66,4.4,4.2,1.67,4.58,4.46,1.74,4.29,4.22,1.69,17,1,2021,10,16,20,1,7,Home Win,2021-2022
B1,2021-10-16,Standard,Oud-Heverlee Leuven,2,2,D,18.0,13.0,6.0,7.0,16.0,9.0,5.0,3.0,2.0,1.0,0.0,0.0,1.75,4.0,3.6,1.83,3.8,4.0,1.85,3.75,3.7,1.88,3.9,3.9,1.8,3.6,4.0,1.83,3.8,3.9,1.89,4.05,4.0,1.85,3.8,3.82,19,0,2021,10,16,18,13,7,Draw,2021-2022
B1,2021-10-17,St Truiden,Anderlecht,2,2,D,27.0,10.0,9.0,6.0,13.0,10.0,6.0,3.0,2.0,0.0,0.0,0.0,4.75,3.6,1.66,4.5,3.8,1.75,4.1,3.6,1.77,4.43,3.67,1.82,4.5,3.5,1.75,4.2,3.6,1.8,4.75,3.85,1.83,4.28,3.66,1.79,12,0,2021,10,17,16,0,1,Draw,2021-2022
B1,2021-10-17,Beerschot VA,Mechelen,0,1,A,17.0,10.0,6.0,5.0,9.0,10.0,6.0,9.0,0.0,3.0,0.0,0.0,3.0,3.4,2.2,3.0,3.6,2.25,2.85,3.5,2.25,3.01,3.64,2.28,3.0,3.4,2.2,,,,3.1,3.82,2.36,2.96,3.55,2.25,15,2,2021,10,17,2,10,1,Away Win,2021-2022
B1,2021-10-17,Charleroi,Genk,2,0,H,12.0,12.0,3.0,8.0,5.0,9.0,7.0,8.0,0.0,0.0,0.0,0.0,3.3,3.6,2.0,3.3,3.75,2.05,3.15,3.6,2.1,3.3,3.75,2.1,3.2,3.4,2.1,3.2,3.6,2.1,3.34,3.8,2.14,3.24,3.62,2.09,17,1,2021,10,17,4,7,1,Home Win,2021-2022
B1,2021-10-17,Gent,Eupen,2,0,H,21.0,7.0,13.0,3.0,16.0,9.0,6.0,2.0,1.0,4.0,0.0,0.0,1.57,4.2,5.5,1.63,4.2,4.8,1.6,4.2,4.9,1.61,4.37,5.05,1.6,4.0,5.0,1.6,4.1,5.0,1.66,4.37,5.5,1.61,4.17,4.93,20,1,2021,10,17,8,6,1,Home Win,2021-2022
B1,2021-10-22,Seraing,Charleroi,1,3,A,11.0,12.0,1.0,8.0,12.0,13.0,7.0,1.0,3.0,1.0,0.0,0.0,3.2,3.5,2.15,3.1,3.7,2.15,2.9,3.55,2.2,3.06,3.86,2.23,3.0,3.4,2.2,3.0,3.6,2.2,3.2,3.86,2.36,2.97,3.65,2.22,19,2,2021,10,22,15,4,6,Away Win,2021-2022
B1,2021-10-23,Cercle Brugge,Standard,1,1,D,8.0,4.0,5.0,2.0,15.0,22.0,6.0,3.0,2.0,7.0,0.0,0.0,2.55,3.4,2.62,2.55,3.5,2.6,2.5,3.35,2.6,2.55,3.54,2.71,2.55,3.25,2.62,2.5,3.25,2.75,2.6,3.6,2.77,2.52,3.39,2.69,15,0,2021,10,23,3,18,7,Draw,2021-2022
B1,2021-10-23,Kortrijk,Oostende,1,0,H,16.0,12.0,5.0,0.0,9.0,13.0,5.0,7.0,2.0,2.0,0.0,0.0,2.0,3.5,3.6,2.1,3.7,3.2,2.1,3.5,3.1,2.09,3.82,3.27,2.2,3.4,3.0,2.1,3.5,3.3,2.15,3.84,3.6,2.09,3.63,3.23,17,1,2021,10,23,9,12,7,Home Win,2021-2022
B1,2021-10-23,Mechelen,Waregem,2,2,D,17.0,14.0,7.0,3.0,6.0,8.0,11.0,7.0,0.0,2.0,0.0,0.0,1.53,4.5,5.0,1.63,4.6,4.4,1.6,4.5,4.5,1.61,4.57,4.73,1.57,4.2,4.8,1.57,4.2,5.0,1.65,4.7,5.0,1.6,4.46,4.64,17,0,2021,10,23,10,20,7,Draw,2021-2022
B1,2021-10-23,Eupen,St. Gilloise,2,3,A,21.0,12.0,6.0,4.0,8.0,21.0,8.0,2.0,1.0,3.0,0.0,0.0,3.8,3.8,1.83,3.9,3.9,1.83,3.6,3.75,1.9,3.97,3.96,1.84,3.7,3.6,1.88,3.9,3.6,1.87,4.0,4.04,1.9,3.81,3.85,1.85,19,2,2021,10,23,6,17,7,Away Win,2021-2022
B1,2021-10-24,Antwerp,Club Brugge,1,1,D,7.0,13.0,4.0,5.0,16.0,10.0,8.0,8.0,2.0,4.0,1.0,1.0,3.75,4.0,1.85,3.5,4.1,1.9,3.45,3.8,1.9,3.58,4.17,1.89,3.5,3.8,1.88,3.6,3.75,1.9,3.75,4.21,1.94,3.57,3.92,1.89,12,0,2021,10,24,1,5,1,Draw,2021-2022
B1,2021-10-24,Anderlecht,Beerschot VA,4,2,H,21.0,14.0,8.0,3.0,9.0,11.0,6.0,4.0,3.0,3.0,0.0,0.0,1.3,5.0,10.0,1.32,5.75,8.75,1.3,5.75,8.0,1.32,5.59,8.75,1.29,5.0,9.5,1.29,5.5,9.0,1.33,5.77,10.0,1.31,5.52,8.41,15,1,2021,10,24,0,2,1,Home Win,2021-2022
B1,2021-10-24,Genk,Gent,0,3,A,13.0,13.0,5.0,6.0,14.0,16.0,3.0,1.0,2.0,2.0,0.0,0.0,2.0,3.6,3.5,2.05,3.75,3.25,2.1,3.6,3.05,2.1,3.86,3.23,2.05,3.6,3.2,2.1,3.5,3.25,2.16,3.94,3.5,2.07,3.69,3.2,17,2,2021,10,24,7,8,1,Away Win,2021-2022
B1,2021-10-24,Oud-Heverlee Leuven,St Truiden,4,1,H,12.0,13.0,7.0,5.0,8.0,13.0,3.0,6.0,0.0,3.0,0.0,1.0,2.3,3.5,2.9,2.2,3.6,3.0,2.35,3.35,2.8,2.36,3.49,2.98,2.38,3.3,2.8,2.38,3.3,2.9,2.42,3.66,3.0,2.34,3.42,2.88,20,1,2021,10,24,13,16,1,Home Win,2021-2022
B1,2021-10-29,Oostende,Mechelen,2,4,A,14.0,8.0,4.0,4.0,15.0,14.0,7.0,1.0,6.0,3.0,1.0,0.0,2.7,3.5,2.5,2.6,3.7,2.45,2.65,3.55,2.35,2.73,3.68,2.53,2.55,3.4,2.55,2.7,3.6,2.4,2.75,3.8,2.55,2.69,3.59,2.43,19,2,2021,10,29,12,10,6,Away Win,2021-2022
B1,2021-10-30,Charleroi,Eupen,3,0,H,21.0,7.0,7.0,3.0,11.0,13.0,6.0,5.0,0.0,2.0,0.0,0.0,1.72,3.6,4.33,1.82,3.9,3.9,1.9,3.7,3.7,1.84,3.9,4.04,1.83,3.6,3.9,1.8,3.75,4.0,1.9,4.0,4.33,1.83,3.76,3.96,15,1,2021,10,30,4,6,7,Home Win,2021-2022
B1,2021-10-30,Beerschot VA,Seraing,3,0,H,21.0,11.0,8.0,2.0,11.0,11.0,9.0,8.0,0.0,4.0,0.0,0.0,2.4,3.4,2.8,2.5,3.3,2.8,2.45,3.3,2.65,2.49,3.39,2.88,2.5,3.1,2.8,2.5,3.3,2.75,2.5,3.5,2.88,2.45,3.34,2.78,17,1,2021,10,30,2,15,7,Home Win,2021-2022
B1,2021-10-30,Standard,Kortrijk,1,1,D,14.0,7.0,5.0,3.0,13.0,15.0,8.0,2.0,2.0,5.0,0.0,0.0,2.0,3.6,3.6,2.0,3.7,3.5,2.05,3.5,3.25,2.09,3.6,3.46,2.05,3.4,3.4,2.05,3.5,3.4,2.13,3.7,3.6,2.05,3.54,3.4,17,0,2021,10,30,18,9,7,Draw,2021-2022
B1,2021-10-30,St Truiden,Club Brugge,1,2,A,11.0,11.0,4.0,5.0,16.0,11.0,9.0,2.0,3.0,3.0,0.0,0.0,6.0,4.2,1.53,5.25,4.1,1.6,5.5,4.1,1.55,5.8,4.34,1.55,5.8,3.9,1.53,5.75,4.1,1.53,6.15,4.34,1.6,5.63,4.15,1.55,19,2,2021,10,30,16,5,7,Away Win,2021-2022
B1,2021-10-31,Waregem,Genk,2,6,A,6.0,20.0,2.0,10.0,10.0,7.0,4.0,4.0,2.0,3.0,0.0,0.0,5.0,4.0,1.61,4.4,4.1,1.7,4.2,4.2,1.7,4.65,4.19,1.68,4.6,3.9,1.65,4.33,4.2,1.67,5.0,4.35,1.72,4.37,4.14,1.68,12,2,2021,10,31,20,7,1,Away Win,2021-2022
B1,2021-10-31,Cercle Brugge,Antwerp,0,1,A,12.0,9.0,6.0,3.0,13.0,15.0,6.0,3.0,4.0,5.0,0.0,0.0,2.55,3.6,2.55,2.7,3.4,2.5,2.6,3.35,2.5,2.62,3.52,2.65,2.75,3.3,2.4,2.6,3.4,2.55,2.7,3.6,2.65,2.61,3.41,2.56,15,2,2021,10,31,3,1,1,Away Win,2021-2022
B1,2021-10-31,Anderlecht,Oud-Heverlee Leuven,2,2,D,16.0,13.0,5.0,8.0,11.0,3.0,10.0,5.0,1.0,1.0,2.0,0.0,1.28,6.0,9.0,1.33,5.5,8.5,1.3,6.0,8.25,1.27,5.78,9.0,1.28,5.0,9.5,1.25,5.75,9.5,1.33,6.0,10.25,1.28,5.78,8.74,17,0,2021,10,31,0,13,1,Draw,2021-2022
B1,2021-10-31,Gent,St. Gilloise,0,2,A,10.0,11.0,4.0,3.0,8.0,17.0,7.0,6.0,2.0,4.0,0.0,0.0,2.25,3.4,3.1,2.35,3.5,2.87,2.35,3.4,2.8,2.31,3.59,2.99,2.3,3.3,2.9,2.3,3.4,2.9,2.36,3.6,3.1,2.31,3.45,2.9,20,2,2021,10,31,8,17,1,Away Win,2021-2022
B1,2021-11-05,Oud-Heverlee Leuven,Oostende,1,0,H,8.0,15.0,5.0,4.0,6.0,12.0,9.0,8.0,3.0,3.0,1.0,0.0,1.85,3.75,4.0,1.9,3.9,3.6,1.9,3.8,3.35,1.94,4.08,3.64,2.25,3.6,2.8,1.87,3.9,3.6,1.99,4.2,4.0,1.92,3.94,3.53,19,1,2021,11,5,13,12,6,Home Win,2021-2022
B1,2021-11-06,Eupen,Waregem,1,1,D,7.0,9.0,2.0,2.0,13.0,7.0,4.0,6.0,3.0,2.0,0.0,0.0,1.6,4.0,5.25,1.65,4.2,4.8,1.67,4.2,4.3,1.65,4.33,4.77,1.63,4.0,4.6,1.65,4.1,4.5,1.69,4.5,5.25,1.65,4.26,4.54,15,0,2021,11,6,6,20,7,Draw,2021-2022
B1,2021-11-06,Kortrijk,Beerschot VA,1,1,D,21.0,9.0,7.0,4.0,10.0,16.0,11.0,6.0,1.0,5.0,0.0,0.0,1.75,4.0,4.2,1.73,4.1,4.33,1.75,3.9,3.9,1.81,4.02,4.08,1.63,3.9,4.75,1.73,3.8,4.33,1.83,4.2,4.72,1.76,3.97,4.16,17,0,2021,11,6,9,2,7,Draw,2021-2022
B1,2021-11-06,Mechelen,St Truiden,0,1,A,9.0,12.0,1.0,1.0,6.0,15.0,1.0,4.0,1.0,5.0,0.0,1.0,1.8,3.6,4.2,1.85,3.8,4.0,1.85,3.75,3.75,1.84,3.9,4.06,1.78,3.75,3.9,1.8,3.75,4.0,1.87,4.0,4.2,1.83,3.81,3.96,17,2,2021,11,6,10,16,7,Away Win,2021-2022
B1,2021-11-06,St. Gilloise,Charleroi,4,0,H,14.0,11.0,5.0,1.0,9.0,5.0,4.0,4.0,0.0,1.0,0.0,0.0,1.7,3.8,4.5,1.71,4.0,4.4,1.67,3.95,4.5,1.72,3.96,4.61,1.57,3.9,5.25,1.65,3.9,4.8,1.75,4.21,4.93,1.69,3.96,4.56,19,1,2021,11,6,17,4,7,Home Win,2021-2022
B1,2021-11-07,Club Brugge,Standard,2,2,D,11.0,7.0,4.0,2.0,13.0,25.0,5.0,4.0,2.0,2.0,0.0,0.0,1.36,4.75,7.5,1.34,5.5,8.5,1.3,5.5,8.5,1.33,5.4,8.64,1.3,4.8,9.5,1.29,5.25,9.5,1.36,5.75,9.5,1.32,5.3,8.5,12,0,2021,11,7,5,18,1,Draw,2021-2022
B1,2021-11-07,Seraing,Gent,0,0,D,8.0,8.0,2.0,4.0,9.0,16.0,4.0,3.0,2.0,2.0,0.0,0.0,5.0,4.0,1.6,5.0,4.33,1.6,5.0,4.3,1.57,5.54,4.38,1.56,5.25,3.9,1.57,5.25,4.2,1.55,5.75,4.5,1.66,5.31,4.23,1.56,15,0,2021,11,7,15,8,1,Draw,2021-2022
B1,2021-11-07,Antwerp,Anderlecht,2,0,H,12.0,9.0,4.0,3.0,7.0,9.0,2.0,8.0,0.0,3.0,0.0,0.0,3.6,3.6,1.95,3.4,3.7,2.0,3.1,3.6,2.1,3.24,3.75,2.13,3.2,3.5,2.1,3.25,3.5,2.1,3.6,3.88,2.13,3.23,3.63,2.08,17,1,2021,11,7,1,0,1,Home Win,2021-2022
B1,2021-11-07,Genk,Cercle Brugge,1,1,D,8.0,17.0,4.0,7.0,18.0,13.0,5.0,6.0,1.0,0.0,0.0,0.0,1.5,4.33,5.25,1.55,4.4,5.5,1.55,4.4,5.0,1.55,4.37,5.67,1.52,4.2,5.5,1.53,4.2,5.5,1.58,4.57,5.8,1.54,4.36,5.32,20,0,2021,11,7,7,3,1,Draw,2021-2022
B1,2021-11-19,Mechelen,Club Brugge,2,1,H,11.0,17.0,4.0,5.0,18.0,11.0,11.0,3.0,3.0,1.0,0.0,0.0,4.5,4.0,1.7,4.4,3.8,1.75,4.1,3.9,1.73,4.56,4.16,1.74,4.5,3.75,1.7,4.5,4.0,1.67,4.56,4.22,1.76,4.36,4.02,1.72,19,1,2021,11,19,10,5,6,Home Win,2021-2022
B1,2021-11-20,Cercle Brugge,Charleroi,1,2,A,24.0,11.0,7.0,4.0,13.0,13.0,3.0,3.0,1.0,4.0,0.0,0.0,2.6,3.5,2.6,2.5,3.7,2.55,2.55,3.35,2.6,2.63,3.67,2.55,2.55,3.3,2.6,2.6,3.4,2.55,2.65,3.76,2.62,2.58,3.51,2.57,15,2,2021,11,20,3,4,7,Away Win,2021-2022
B1,2021-11-20,Oud-Heverlee Leuven,Seraing,1,3,A,10.0,12.0,5.0,3.0,13.0,11.0,6.0,1.0,3.0,3.0,0.0,0.0,1.75,4.0,3.8,1.77,4.2,3.9,1.8,3.8,3.8,1.78,4.17,4.09,1.75,3.9,3.9,1.75,3.9,4.1,1.84,4.3,4.2,1.78,3.99,4.02,17,2,2021,11,20,13,15,7,Away Win,2021-2022
B1,2021-11-20,Waregem,Gent,1,2,A,8.0,16.0,2.0,4.0,11.0,18.0,5.0,6.0,4.0,4.0,0.0,0.0,5.25,4.33,1.44,6.75,4.6,1.44,6.0,4.8,1.45,6.9,4.83,1.43,6.0,4.2,1.5,6.0,4.6,1.45,7.3,5.11,1.49,6.35,4.8,1.44,17,2,2021,11,20,20,8,7,Away Win,2021-2022
B1,2021-11-20,Standard,Eupen,1,0,H,17.0,13.0,6.0,2.0,6.0,13.0,6.0,8.0,1.0,2.0,0.0,0.0,1.85,3.6,4.0,1.98,3.8,3.5,2.0,3.6,3.35,1.96,3.87,3.61,1.95,3.6,3.4,1.95,3.6,3.6,2.01,3.94,4.0,1.96,3.71,3.55,19,1,2021,11,20,18,6,7,Home Win,2021-2022
B1,2021-11-21,Anderlecht,Kortrijk,1,1,D,21.0,11.0,4.0,5.0,8.0,15.0,10.0,2.0,0.0,4.0,1.0,0.0,1.4,4.75,8.0,1.4,4.75,7.75,1.4,4.8,7.0,1.41,4.77,7.47,1.38,4.5,7.5,1.4,4.5,7.5,1.46,5.0,8.0,1.41,4.75,7.17,12,0,2021,11,21,0,9,1,Draw,2021-2022
B1,2021-11-21,St Truiden,Antwerp,2,1,H,12.0,12.0,7.0,4.0,17.0,12.0,5.0,5.0,2.0,0.0,0.0,0.0,2.62,3.6,2.4,2.75,3.7,2.35,2.65,3.4,2.45,2.77,3.83,2.37,2.8,3.25,2.4,2.8,3.3,2.45,2.82,3.88,2.47,2.73,3.56,2.4,15,1,2021,11,21,16,1,1,Home Win,2021-2022
B1,2021-11-21,Oostende,St. Gilloise,1,7,A,6.0,15.0,1.0,8.0,11.0,6.0,5.0,5.0,1.0,0.0,0.0,0.0,5.5,4.2,1.5,6.0,4.1,1.55,5.25,4.4,1.53,5.99,4.15,1.56,5.8,4.0,1.52,5.75,4.2,1.53,6.2,4.52,1.57,5.66,4.25,1.54,17,2,2021,11,21,12,17,1,Away Win,2021-2022
B1,2021-11-21,Beerschot VA,Genk,2,0,H,10.0,19.0,3.0,4.0,10.0,5.0,4.0,7.0,1.0,1.0,0.0,0.0,4.5,4.0,1.65,4.6,3.9,1.71,4.0,4.0,1.7,4.72,3.93,1.72,4.6,3.8,1.66,4.4,3.9,1.7,4.95,4.33,1.74,4.48,3.98,1.7,20,1,2021,11,21,2,7,1,Home Win,2021-2022
B1,2021-11-26,St. Gilloise,Oud-Heverlee Leuven,1,3,A,14.0,6.0,2.0,5.0,13.0,13.0,5.0,2.0,3.0,3.0,0.0,0.0,1.25,6.0,9.5,1.31,6.0,8.25,1.3,6.0,8.0,1.31,6.11,9.17,1.35,4.75,7.5,1.29,5.5,9.0,1.34,6.3,9.5,1.3,5.88,8.62,19,2,2021,11,26,17,13,6,Away Win,2021-2022
B1,2021-11-27,Seraing,St Truiden,2,0,H,9.0,11.0,2.0,6.0,12.0,16.0,2.0,6.0,0.0,0.0,0.0,0.0,2.8,3.5,2.37,2.8,3.5,2.37,2.75,3.35,2.35,2.99,3.39,2.42,2.8,3.3,2.37,2.8,3.4,2.38,3.03,3.51,2.45,2.88,3.36,2.4,15,1,2021,11,27,15,16,7,Home Win,2021-2022
B1,2021-11-27,Cercle Brugge,Mechelen,3,1,H,18.0,4.0,9.0,2.0,12.0,15.0,6.0,2.0,1.0,2.0,0.0,0.0,2.37,3.4,2.9,2.45,3.7,2.6,2.45,3.5,2.7,2.41,3.74,2.76,2.37,3.4,2.75,2.38,3.5,2.75,2.48,3.77,2.9,2.4,3.58,2.74,17,1,2021,11,27,3,10,7,Home Win,2021-2022
B1,2021-11-27,Eupen,Kortrijk,2,2,D,13.0,17.0,5.0,8.0,15.0,8.0,7.0,11.0,2.0,1.0,0.0,0.0,2.2,3.4,3.2,2.25,3.4,3.1,2.25,3.45,2.85,2.33,3.58,2.98,2.25,3.4,2.9,2.25,3.5,2.9,2.36,3.72,3.2,2.28,3.5,2.96,17,0,2021,11,27,6,9,7,Draw,2021-2022
B1,2021-11-27,Charleroi,Anderlecht,1,3,A,8.0,14.0,2.0,6.0,13.0,7.0,4.0,8.0,1.0,1.0,0.0,0.0,3.6,3.4,2.05,3.4,3.6,2.05,3.2,3.55,2.05,3.43,3.65,2.08,3.3,3.5,2.05,3.3,3.6,2.05,3.6,3.79,2.1,3.36,3.6,2.06,19,2,2021,11,27,4,0,7,Away Win,2021-2022
B1,2021-11-28,Genk,Club Brugge,2,3,A,13.0,8.0,5.0,4.0,17.0,11.0,5.0,6.0,1.0,3.0,0.0,1.0,3.2,3.5,2.15,3.1,3.5,2.2,2.8,3.65,2.2,2.84,3.69,2.29,2.9,3.6,2.2,2.9,3.7,2.2,3.2,3.88,2.34,2.9,3.67,2.24,12,2,2021,11,28,7,5,1,Away Win,2021-2022
B1,2021-11-28,Waregem,Beerschot VA,2,0,H,15.0,14.0,6.0,5.0,12.0,11.0,2.0,5.0,1.0,1.0,0.0,0.0,2.62,3.5,2.55,2.7,3.5,2.45,2.6,3.55,2.4,2.67,3.81,2.46,2.6,3.4,2.5,2.6,3.6,2.45,2.7,3.81,2.56,2.64,3.63,2.45,15,1,2021,11,28,20,2,1,Home Win,2021-2022
B1,2021-11-28,Gent,Standard,3,1,H,19.0,8.0,8.0,5.0,9.0,5.0,12.0,4.0,0.0,2.0,0.0,0.0,1.5,4.0,6.0,1.55,4.2,5.75,1.55,4.2,5.5,1.56,4.13,5.96,1.52,4.0,5.8,,,,1.58,4.38,6.2,1.54,4.16,5.7,17,1,2021,11,28,8,18,1,Home Win,2021-2022
B1,2021-11-28,Antwerp,Oostende,3,0,H,14.0,4.0,8.0,1.0,10.0,16.0,4.0,4.0,1.0,2.0,0.0,0.0,1.7,4.0,4.5,1.73,3.9,4.4,1.73,3.85,4.1,1.72,4.12,4.46,1.75,3.8,4.0,1.7,3.9,4.5,1.78,4.2,4.55,1.72,3.95,4.36,20,1,2021,11,28,1,12,1,Home Win,2021-2022
B1,2021-12-03,St Truiden,St. Gilloise,1,2,A,9.0,13.0,3.0,9.0,10.0,10.0,2.0,6.0,2.0,2.0,0.0,0.0,3.75,3.4,2.0,4.0,3.4,1.93,3.5,3.35,2.05,3.96,3.37,2.06,4.5,3.75,1.7,3.75,3.4,1.95,4.0,3.54,2.08,3.75,3.38,2.02,19,2,2021,12,3,16,17,6,Away Win,2021-2022
B1,2021-12-04,Oud-Heverlee Leuven,Gent,0,1,A,14.0,16.0,2.0,8.0,5.0,17.0,5.0,11.0,2.0,5.0,0.0,0.0,4.0,3.8,1.8,4.0,4.1,1.77,3.85,3.85,1.77,4.22,4.06,1.77,4.2,3.7,1.75,4.33,3.75,1.75,4.34,4.2,1.8,4.17,3.95,1.76,15,2,2021,12,4,13,8,7,Away Win,2021-2022
B1,2021-12-04,Kortrijk,Cercle Brugge,0,2,A,13.0,17.0,1.0,5.0,17.0,25.0,7.0,4.0,2.0,4.0,0.0,0.0,2.5,3.5,2.62,2.55,3.6,2.55,2.5,3.4,2.6,2.56,3.59,2.67,2.25,3.4,2.9,2.55,3.25,2.7,2.6,3.67,2.71,2.52,3.51,2.64,17,2,2021,12,4,9,3,7,Away Win,2021-2022
B1,2021-12-04,Oostende,Eupen,2,1,H,17.0,4.0,6.0,2.0,8.0,11.0,10.0,1.0,2.0,2.0,0.0,0.0,2.45,3.5,2.7,2.4,3.7,2.65,2.45,3.5,2.65,2.45,3.73,2.72,2.4,3.4,2.7,2.45,3.4,2.7,2.47,3.81,2.77,2.41,3.61,2.69,17,1,2021,12,4,12,6,7,Home Win,2021-2022
B1,2021-12-04,Club Brugge,Seraing,3,2,H,17.0,13.0,8.0,5.0,9.0,10.0,1.0,3.0,0.0,4.0,0.0,0.0,1.25,5.5,12.0,1.26,6.25,10.5,1.27,6.0,10.0,1.25,6.06,10.97,1.24,5.5,11.0,1.25,5.5,11.5,1.28,6.4,12.0,1.25,5.94,10.5,19,1,2021,12,4,5,15,7,Home Win,2021-2022
B1,2021-12-05,Beerschot VA,Antwerp,0,1,A,13.0,15.0,3.0,6.0,12.0,13.0,5.0,7.0,4.0,1.0,0.0,0.0,2.87,3.5,2.3,2.9,3.5,2.3,2.7,3.5,2.35,2.9,3.65,2.35,3.0,3.4,2.2,2.8,3.4,2.38,2.92,3.76,2.4,2.83,3.56,2.34,12,2,2021,12,5,2,1,1,Away Win,2021-2022
B1,2021-12-05,Anderlecht,Waregem,3,2,H,17.0,11.0,7.0,4.0,9.0,13.0,5.0,0.0,2.0,2.0,0.0,0.0,1.25,6.0,10.0,1.25,6.25,11.0,1.33,5.0,8.25,1.22,6.44,12.48,1.22,5.5,12.0,1.22,6.0,12.0,1.25,6.8,14.0,1.22,6.36,11.56,15,1,2021,12,5,0,20,1,Home Win,2021-2022
B1,2021-12-05,Standard,Charleroi,0,3,A,16.0,8.0,3.0,5.0,15.0,9.0,4.0,1.0,7.0,2.0,0.0,0.0,2.2,3.5,3.1,2.15,4.1,2.85,2.2,3.5,2.95,2.31,3.88,2.82,2.15,3.3,3.2,2.25,3.3,3.1,2.33,4.1,3.1,2.24,3.67,2.91,17,2,2021,12,5,18,4,1,Away Win,2021-2022
B1,2021-12-05,Mechelen,Genk,1,1,D,11.0,11.0,3.0,5.0,10.0,5.0,5.0,10.0,1.0,0.0,1.0,0.0,3.0,3.5,2.25,2.8,3.9,2.25,2.75,3.6,2.3,2.91,3.97,2.23,2.7,3.5,2.37,2.88,3.5,2.3,3.0,4.01,2.38,2.84,3.73,2.26,20,0,2021,12,5,10,7,1,Draw,2021-2022
B1,2021-12-10,Charleroi,Oostende,1,0,H,11.0,19.0,6.0,3.0,8.0,10.0,5.0,9.0,0.0,1.0,0.0,0.0,1.5,4.0,5.75,1.6,4.1,5.25,1.5,4.6,5.75,1.53,4.72,5.76,1.57,3.9,5.5,1.5,4.4,5.75,1.54,4.75,6.0,1.51,4.55,5.6,19,1,2021,12,10,4,12,6,Home Win,2021-2022
B1,2021-12-11,Kortrijk,Oud-Heverlee Leuven,2,1,H,8.0,18.0,2.0,2.0,11.0,11.0,6.0,7.0,3.0,0.0,1.0,1.0,2.15,3.6,3.3,2.15,3.5,3.25,2.15,3.4,3.15,2.2,3.56,3.24,2.1,3.4,3.3,2.15,3.4,3.2,2.21,3.75,3.35,2.13,3.53,3.23,15,1,2021,12,11,9,13,7,Home Win,2021-2022
B1,2021-12-11,Eupen,Beerschot VA,1,0,H,15.0,21.0,7.0,4.0,8.0,10.0,5.0,7.0,1.0,1.0,0.0,0.0,2.05,3.75,3.4,1.98,3.7,3.5,2.1,3.6,3.1,2.07,3.74,3.41,1.95,3.6,3.6,2.05,3.5,3.4,2.12,3.87,3.7,2.05,3.67,3.34,17,1,2021,12,11,6,2,7,Home Win,2021-2022
B1,2021-12-11,St Truiden,Cercle Brugge,1,2,A,12.0,11.0,4.0,5.0,9.0,17.0,6.0,9.0,1.0,4.0,0.0,1.0,2.87,3.2,2.5,2.95,3.0,2.55,2.85,3.05,2.45,2.96,2.93,2.74,2.5,3.1,2.9,2.88,3.1,2.5,3.05,3.33,2.74,2.92,3.02,2.59,17,2,2021,12,11,16,3,7,Away Win,2021-2022
B1,2021-12-11,Seraing,Anderlecht,0,5,A,5.0,17.0,1.0,7.0,8.0,8.0,2.0,9.0,0.0,2.0,1.0,0.0,5.75,4.2,1.53,5.0,4.1,1.62,5.5,4.3,1.55,5.35,4.35,1.58,5.5,4.0,1.57,5.5,4.2,1.53,5.75,4.5,1.62,5.42,4.31,1.55,19,2,2021,12,11,15,0,7,Away Win,2021-2022
B1,2021-12-12,Antwerp,Standard,2,3,A,10.0,10.0,4.0,8.0,9.0,15.0,4.0,6.0,4.0,6.0,2.0,1.0,1.9,3.6,4.0,1.85,3.6,4.1,1.95,3.55,3.6,1.9,3.64,4.08,1.85,3.6,3.9,,,,1.95,3.83,4.2,1.9,3.61,3.87,12,2,2021,12,12,1,18,1,Away Win,2021-2022
B1,2021-12-12,St. Gilloise,Mechelen,2,0,H,13.0,15.0,4.0,3.0,14.0,14.0,6.0,5.0,4.0,2.0,0.0,0.0,1.53,4.33,5.75,1.58,4.33,5.25,1.53,4.4,5.25,1.55,4.47,5.5,1.57,4.2,5.25,1.53,4.2,5.5,1.6,4.6,5.75,1.55,4.39,5.35,15,1,2021,12,12,17,10,1,Home Win,2021-2022
B1,2021-12-12,Gent,Genk,1,0,H,13.0,12.0,6.0,3.0,9.0,11.0,5.0,4.0,1.0,2.0,0.0,0.0,1.75,3.8,4.75,2.0,3.7,3.5,1.77,3.7,4.0,1.81,4.05,4.03,2.05,3.5,3.4,1.8,3.6,4.4,1.82,4.2,4.75,1.78,3.85,4.17,17,1,2021,12,12,8,7,1,Home Win,2021-2022
B1,2021-12-12,Club Brugge,Waregem,3,0,H,21.0,7.0,7.0,0.0,12.0,14.0,7.0,1.0,0.0,3.0,0.0,0.0,1.22,6.5,12.0,1.21,6.75,13.0,1.2,7.25,11.0,1.19,7.09,13.16,1.2,6.5,13.0,1.2,6.5,13.0,1.22,7.6,14.0,1.19,7.04,12.18,20,1,2021,12,12,5,20,1,Home Win,2021-2022
B1,2021-12-14,Cercle Brugge,Seraing,2,0,H,12.0,7.0,5.0,1.0,19.0,10.0,5.0,5.0,1.0,1.0,0.0,0.0,1.55,4.0,5.75,1.6,4.1,5.25,1.55,4.1,5.75,1.56,4.35,5.94,1.55,4.0,5.8,,,,1.6,4.35,6.0,1.56,4.19,5.6,17,1,2021,12,14,3,15,3,Home Win,2021-2022
B1,2021-12-14,Anderlecht,St Truiden,2,0,H,18.0,8.0,4.0,2.0,9.0,17.0,6.0,6.0,0.0,2.0,0.0,0.0,1.4,4.75,6.5,1.38,4.8,8.5,1.43,4.6,7.0,1.43,4.65,7.96,1.4,4.75,6.5,1.4,4.5,7.5,1.47,5.0,8.5,1.41,4.66,7.31,20,1,2021,12,14,0,16,3,Home Win,2021-2022
B1,2021-12-14,Oostende,Kortrijk,0,2,A,12.0,13.0,0.0,4.0,10.0,10.0,6.0,4.0,1.0,1.0,0.0,0.0,2.45,3.4,2.7,2.4,3.6,2.75,2.4,3.45,2.7,2.47,3.71,2.79,2.4,3.5,2.7,2.4,3.6,2.7,2.55,3.78,2.83,2.43,3.54,2.73,20,2,2021,12,14,12,9,3,Away Win,2021-2022
B1,2021-12-15,Mechelen,Gent,4,3,H,12.0,22.0,5.0,9.0,13.0,10.0,4.0,10.0,2.0,0.0,0.0,0.0,3.8,3.75,1.9,3.9,3.9,1.83,3.55,3.65,1.9,3.95,3.86,1.87,3.9,3.7,1.83,3.75,3.8,1.85,4.05,4.01,1.95,3.79,3.8,1.87,17,1,2021,12,15,10,8,4,Home Win,2021-2022
B1,2021-12-15,Waregem,St. Gilloise,0,2,A,12.0,14.0,4.0,9.0,9.0,14.0,6.0,9.0,0.0,4.0,0.0,0.0,6.5,4.75,1.44,6.75,4.8,1.43,6.5,5.0,1.4,6.77,5.09,1.41,7.0,4.75,1.4,7.0,4.8,1.4,7.0,5.25,1.44,6.65,5.01,1.41,17,2,2021,12,15,20,17,4,Away Win,2021-2022
B1,2021-12-15,Oud-Heverlee Leuven,Club Brugge,1,4,A,16.0,14.0,7.0,4.0,7.0,4.0,7.0,7.0,0.0,0.0,0.0,0.0,5.5,4.2,1.55,5.5,4.1,1.57,5.25,4.2,1.57,5.52,4.39,1.56,5.5,4.0,1.57,5.5,4.2,1.53,5.75,4.5,1.6,5.4,4.28,1.55,20,2,2021,12,15,13,5,4,Away Win,2021-2022
B1,2021-12-16,Antwerp,Eupen,4,2,H,16.0,13.0,6.0,8.0,3.0,8.0,3.0,5.0,0.0,1.0,0.0,0.0,1.57,4.33,5.25,1.63,4.33,4.75,1.6,4.2,4.7,1.59,4.36,5.26,1.61,4.0,5.0,1.57,4.2,5.0,1.66,4.5,5.5,1.59,4.28,4.99,17,1,2021,12,16,1,6,5,Home Win,2021-2022
B1,2021-12-16,Genk,Charleroi,4,2,H,17.0,11.0,6.0,2.0,12.0,8.0,9.0,4.0,2.0,3.0,0.0,0.0,1.9,3.8,3.6,1.83,3.9,4.0,1.95,3.75,3.45,1.91,3.69,3.96,1.88,3.7,3.7,,,,1.98,4.02,4.0,1.9,3.78,3.7,20,1,2021,12,16,7,4,5,Home Win,2021-2022
B1,2021-12-17,Seraing,Kortrijk,0,2,A,9.0,6.0,2.0,5.0,15.0,14.0,7.0,1.0,2.0,3.0,0.0,0.0,2.5,3.4,2.55,2.55,3.6,2.55,2.55,3.35,2.6,2.63,3.6,2.67,2.6,3.3,2.6,2.55,3.5,2.55,2.67,3.7,2.68,2.57,3.47,2.61,19,2,2021,12,17,15,9,6,Away Win,2021-2022
B1,2021-12-18,Beerschot VA,Oostende,0,2,A,13.0,14.0,3.0,6.0,9.0,19.0,8.0,5.0,0.0,5.0,1.0,1.0,2.2,3.5,3.0,2.3,3.5,2.9,2.35,3.45,2.75,2.33,3.72,2.88,2.38,3.4,2.8,2.3,3.4,2.9,2.38,3.78,3.0,2.31,3.56,2.86,15,2,2021,12,18,2,12,7,Away Win,2021-2022
B1,2021-12-18,St. Gilloise,Cercle Brugge,3,2,H,18.0,10.0,5.0,4.0,14.0,15.0,7.0,2.0,5.0,3.0,0.0,0.0,1.61,4.33,4.75,1.58,4.33,5.25,1.6,4.2,4.9,1.6,4.37,5.17,1.57,4.0,5.5,1.55,4.2,5.25,1.62,4.5,5.41,1.59,4.27,5.05,17,1,2021,12,18,17,3,7,Home Win,2021-2022
B1,2021-12-18,Waregem,Mechelen,3,2,H,19.0,11.0,6.0,6.0,10.0,14.0,9.0,5.0,2.0,1.0,0.0,0.0,3.4,3.8,1.95,3.5,3.9,1.93,3.15,3.7,2.05,3.45,4.06,1.96,3.4,3.7,1.91,3.3,3.75,2.0,3.5,4.12,2.05,3.34,3.87,1.98,17,1,2021,12,18,20,10,7,Home Win,2021-2022
B1,2021-12-18,Gent,St Truiden,2,1,H,8.0,15.0,4.0,3.0,13.0,8.0,5.0,6.0,3.0,1.0,0.0,0.0,1.4,4.75,8.0,1.36,4.8,9.0,1.35,4.8,8.25,1.35,4.87,9.38,1.42,4.2,8.0,1.36,4.5,8.5,1.4,5.0,9.7,1.36,4.76,8.54,19,1,2021,12,18,8,16,7,Home Win,2021-2022
B1,2021-12-19,Club Brugge,Anderlecht,2,2,D,16.0,12.0,5.0,6.0,16.0,8.0,9.0,8.0,1.0,2.0,0.0,0.0,1.85,3.75,3.8,1.87,3.8,3.8,1.95,3.6,3.45,2.02,3.68,3.6,1.88,3.6,3.8,1.93,3.5,3.75,2.08,3.89,3.9,1.92,3.68,3.71,12,0,2021,12,19,5,0,1,Draw,2021-2022
B1,2021-12-19,Eupen,Charleroi,0,4,A,24.0,10.0,8.0,4.0,16.0,7.0,4.0,1.0,4.0,0.0,0.0,0.0,2.87,3.5,2.3,2.8,3.4,2.45,2.75,3.4,2.3,3.01,3.5,2.34,2.75,3.3,2.45,2.8,3.4,2.38,3.03,3.73,2.45,2.88,3.46,2.35,15,2,2021,12,19,6,4,1,Away Win,2021-2022
B1,2021-12-19,Genk,Antwerp,1,1,D,10.0,7.0,2.0,2.0,7.0,9.0,6.0,7.0,0.0,2.0,0.0,0.0,1.85,3.6,3.6,1.98,3.6,3.6,2.0,3.6,3.35,1.93,3.82,3.76,2.0,3.5,3.5,1.95,3.6,3.6,2.0,4.0,3.78,1.94,3.72,3.58,17,0,2021,12,19,7,1,1,Draw,2021-2022
B1,2021-12-19,Oud-Heverlee Leuven,Standard,2,1,H,6.0,22.0,3.0,7.0,9.0,15.0,2.0,5.0,1.0,4.0,0.0,0.0,2.5,3.5,2.7,2.5,3.5,2.7,2.5,3.4,2.7,2.41,3.62,2.83,2.55,3.2,2.75,2.45,3.4,2.7,2.63,3.65,2.88,2.45,3.48,2.73,20,1,2021,12,19,13,18,1,Home Win,2021-2022
B1,2021-12-26,Cercle Brugge,Club Brugge,2,0,H,12.0,11.0,5.0,5.0,16.0,11.0,4.0,7.0,3.0,2.0,0.0,0.0,4.0,3.8,1.75,4.4,3.8,1.75,3.85,3.75,1.83,4.18,4.04,1.78,4.2,3.7,1.78,4.2,3.8,1.75,4.4,4.1,1.83,4.13,3.88,1.78,12,1,2021,12,26,3,5,1,Home Win,2021-2022
B1,2021-12-26,Standard,Waregem,0,1,A,19.0,8.0,2.0,2.0,16.0,10.0,8.0,1.0,2.0,1.0,1.0,0.0,1.57,4.33,4.75,1.63,4.33,4.6,1.6,4.3,4.6,1.66,4.43,4.52,1.6,4.2,4.8,1.6,4.33,4.75,1.69,4.5,4.8,1.62,4.32,4.61,15,2,2021,12,26,18,20,1,Away Win,2021-2022
B1,2021-12-26,St. Gilloise,Gent,0,0,D,6.0,10.0,0.0,2.0,11.0,11.0,5.0,6.0,0.0,3.0,0.0,0.0,2.2,3.75,3.0,2.15,3.7,3.1,2.15,3.5,2.95,2.22,3.65,3.12,2.2,3.5,3.0,2.2,3.6,3.0,2.27,3.75,3.18,2.18,3.61,3.04,17,0,2021,12,26,17,8,1,Draw,2021-2022
B1,2021-12-26,Oostende,Genk,0,4,A,7.0,15.0,2.0,11.0,15.0,8.0,1.0,9.0,1.0,1.0,0.0,1.0,3.5,3.8,1.9,3.6,3.8,1.93,3.35,3.65,1.97,3.59,3.87,1.96,3.5,3.7,1.95,3.5,3.75,1.93,3.65,3.95,2.0,3.49,3.75,1.96,20,2,2021,12,26,12,7,1,Away Win,2021-2022
B1,2021-12-27,Charleroi,Oud-Heverlee Leuven,0,3,A,19.0,12.0,7.0,6.0,8.0,4.0,4.0,4.0,1.0,0.0,0.0,0.0,1.65,4.0,4.33,1.66,4.2,4.5,1.7,3.95,4.2,1.73,4.01,4.52,1.7,3.9,4.5,1.7,3.9,4.5,1.76,4.2,4.6,1.71,3.99,4.38,17,2,2021,12,27,4,13,2,Away Win,2021-2022
B1,2021-12-27,Mechelen,Seraing,2,0,H,18.0,19.0,6.0,4.0,12.0,5.0,6.0,10.0,4.0,3.0,0.0,0.0,1.65,4.0,4.5,1.68,4.1,4.6,1.67,4.0,4.5,1.68,4.01,4.94,1.65,3.9,4.75,1.65,4.0,4.75,1.7,4.2,5.0,1.66,4.02,4.65,17,1,2021,12,27,10,15,2,Home Win,2021-2022
B1,2021-12-27,Beerschot VA,Anderlecht,0,7,A,5.0,16.0,2.0,9.0,15.0,10.0,4.0,7.0,2.0,0.0,1.0,0.0,5.25,4.2,1.57,5.25,4.2,1.58,4.9,4.0,1.63,5.31,4.36,1.58,5.25,3.9,1.6,5.5,4.0,1.57,5.5,4.4,1.67,5.12,4.19,1.59,20,2,2021,12,27,2,0,2,Away Win,2021-2022
B1,2021-12-27,St Truiden,Eupen,2,0,H,13.0,9.0,4.0,1.0,12.0,16.0,6.0,2.0,1.0,3.0,0.0,0.0,2.2,3.5,2.9,2.25,3.5,3.1,2.25,3.4,2.85,2.26,3.61,3.08,2.25,3.3,3.1,2.2,3.4,3.1,2.31,3.61,3.15,2.23,3.48,3.03,20,1,2021,12,27,16,6,2,Home Win,2021-2022
B1,2022-01-14,Gent,Kortrijk,2,2,D,22.0,13.0,5.0,6.0,9.0,19.0,6.0,6.0,1.0,5.0,0.0,0.0,1.4,4.5,8.5,1.4,4.6,8.0,1.4,4.6,7.25,1.42,4.74,8.05,1.4,4.4,8.0,1.36,4.6,8.0,1.44,4.88,8.5,1.41,4.61,7.49,19,0,2022,1,14,8,9,6,Draw,2021-2022
B1,2022-01-15,Oud-Heverlee Leuven,Mechelen,5,0,H,,,,,,,,,,,,,2.1,3.6,3.4,2.05,3.8,3.25,2.1,3.65,3.0,2.12,3.88,3.16,2.05,3.6,3.25,2.1,3.6,3.2,2.14,3.92,3.46,2.08,3.71,3.19,15,1,2022,1,15,13,10,7,Home Win,2021-2022
B1,2022-01-15,Club Brugge,St Truiden,2,0,H,19.0,5.0,8.0,2.0,8.0,11.0,7.0,1.0,0.0,4.0,0.0,0.0,1.28,5.75,9.0,1.27,6.0,10.0,1.3,5.75,8.75,1.28,5.87,10.29,1.28,5.25,10.0,1.29,5.5,10.0,1.32,6.0,11.0,1.28,5.66,9.46,19,1,2022,1,15,5,16,7,Home Win,2021-2022
B1,2022-01-16,Antwerp,Charleroi,3,0,H,16.0,13.0,4.0,3.0,12.0,10.0,3.0,4.0,2.0,2.0,0.0,0.0,1.9,3.6,3.75,2.0,3.7,3.5,2.0,3.65,3.3,1.95,3.59,3.91,2.0,3.6,3.4,1.95,3.6,3.6,2.01,3.91,3.93,1.96,3.66,3.58,12,1,2022,1,16,1,4,1,Home Win,2021-2022
B1,2022-01-16,Eupen,Cercle Brugge,0,2,A,5.0,14.0,3.0,6.0,11.0,17.0,3.0,3.0,2.0,2.0,0.0,0.0,3.8,3.6,1.9,4.0,3.25,1.98,3.4,3.5,2.0,3.92,3.45,2.0,3.6,3.4,2.0,3.6,3.5,1.95,4.0,3.74,2.02,3.68,3.48,1.97,15,2,2022,1,16,6,3,1,Away Win,2021-2022
B1,2022-01-16,Anderlecht,Standard,1,1,D,15.0,6.0,3.0,1.0,10.0,14.0,3.0,1.0,1.0,3.0,0.0,0.0,1.4,4.5,7.0,1.46,4.5,6.75,1.45,4.6,6.0,1.45,4.65,6.77,1.44,4.4,6.5,1.44,4.5,6.5,1.48,4.81,7.0,1.45,4.6,6.43,17,0,2022,1,16,0,18,1,Draw,2021-2022
B1,2022-01-16,Genk,Beerschot VA,4,1,H,19.0,8.0,10.0,4.0,10.0,8.0,8.0,4.0,1.0,2.0,0.0,0.0,1.33,5.5,7.0,1.33,5.75,8.0,1.33,5.5,8.0,1.31,5.72,9.07,1.3,5.0,9.5,1.3,5.0,9.5,1.35,5.9,9.5,1.32,5.43,8.34,20,1,2022,1,16,7,2,1,Home Win,2021-2022
B1,2022-01-18,Seraing,St. Gilloise,0,4,A,14.0,9.0,3.0,6.0,10.0,15.0,7.0,0.0,2.0,1.0,0.0,1.0,8.0,4.5,1.4,8.0,4.6,1.41,7.25,4.9,1.37,7.79,4.75,1.4,8.0,4.5,1.38,8.0,4.8,1.36,8.1,5.09,1.42,7.56,4.81,1.38,19,2,2022,1,18,15,17,3,Away Win,2021-2022
B1,2022-01-21,Oostende,Antwerp,1,2,A,12.0,14.0,6.0,5.0,8.0,7.0,5.0,8.0,1.0,2.0,0.0,0.0,3.75,3.75,1.9,3.75,3.75,1.9,3.4,3.65,1.97,3.76,3.99,1.93,3.7,3.6,1.91,3.4,3.7,2.0,3.77,4.0,2.07,3.58,3.76,1.94,19,2,2022,1,21,12,1,6,Away Win,2021-2022
B1,2022-01-22,Kortrijk,Eupen,1,1,D,18.0,11.0,5.0,3.0,15.0,15.0,5.0,1.0,0.0,1.0,0.0,0.0,1.83,3.6,4.0,1.88,3.6,4.0,1.9,3.55,3.75,1.93,3.49,4.1,1.88,3.4,4.2,1.87,3.4,4.1,1.94,3.71,4.2,1.89,3.53,3.96,15,0,2022,1,22,9,6,7,Draw,2021-2022
B1,2022-01-22,Beerschot VA,Oud-Heverlee Leuven,3,1,H,15.0,17.0,12.0,5.0,14.0,13.0,8.0,5.0,1.0,3.0,0.0,0.0,3.1,3.6,2.15,3.1,3.5,2.2,2.95,3.45,2.2,3.12,3.74,2.19,3.0,3.4,2.25,3.2,3.4,2.15,3.2,3.78,2.34,3.05,3.56,2.19,17,1,2022,1,22,2,13,7,Home Win,2021-2022
B1,2022-01-22,St Truiden,Seraing,3,1,H,13.0,9.0,6.0,1.0,14.0,6.0,6.0,1.0,2.0,2.0,0.0,0.0,1.83,3.5,4.5,1.83,3.8,4.0,1.85,3.6,3.85,1.83,3.86,4.16,1.83,3.6,4.0,1.83,3.5,4.2,1.87,3.96,4.5,1.83,3.69,4.07,17,1,2022,1,22,16,15,7,Home Win,2021-2022
B1,2022-01-22,Charleroi,Gent,0,0,D,12.0,8.0,4.0,4.0,13.0,12.0,4.0,4.0,1.0,1.0,0.0,0.0,3.2,3.5,2.15,3.1,3.5,2.2,3.0,3.45,2.15,3.4,3.5,2.15,3.25,3.6,2.05,3.2,3.4,2.15,3.4,3.8,2.23,3.18,3.48,2.16,19,0,2022,1,22,4,8,7,Draw,2021-2022
B1,2022-01-23,Standard,Club Brugge,2,2,D,12.0,19.0,6.0,6.0,13.0,9.0,5.0,7.0,2.0,1.0,0.0,1.0,4.75,3.75,1.7,4.2,3.9,1.78,3.9,3.8,1.77,4.17,4.03,1.79,4.2,3.8,1.75,4.33,3.75,1.75,4.75,4.1,1.81,4.16,3.87,1.77,12,0,2022,1,23,18,5,1,Draw,2021-2022
B1,2022-01-23,St. Gilloise,Genk,2,1,H,8.0,8.0,5.0,2.0,15.0,11.0,5.0,6.0,3.0,0.0,0.0,0.0,1.9,3.75,3.6,1.9,3.8,3.7,1.95,3.7,3.4,1.94,3.99,3.55,1.91,3.7,3.6,1.91,3.6,3.7,1.97,4.02,3.75,1.92,3.8,3.55,15,1,2022,1,23,17,7,1,Home Win,2021-2022
B1,2022-01-23,Mechelen,Anderlecht,0,1,A,3.0,8.0,0.0,5.0,12.0,6.0,4.0,4.0,3.0,2.0,0.0,0.0,4.5,3.8,1.72,4.2,4.0,1.75,3.9,3.85,1.75,4.33,4.06,1.75,4.2,3.8,1.75,4.33,3.8,1.73,4.5,4.2,1.79,4.18,3.94,1.74,17,2,2022,1,23,10,0,1,Away Win,2021-2022
B1,2022-01-23,Cercle Brugge,Waregem,3,1,H,12.0,10.0,5.0,4.0,15.0,10.0,3.0,5.0,3.0,4.0,0.0,0.0,1.53,4.2,6.0,1.55,4.2,5.75,1.55,4.3,5.25,1.56,4.33,5.69,1.55,4.2,5.5,1.53,4.2,5.5,1.59,4.5,6.0,1.54,4.25,5.51,20,1,2022,1,23,3,20,1,Home Win,2021-2022
B1,2022-01-25,Antwerp,St Truiden,1,1,D,13.0,7.0,3.0,2.0,7.0,16.0,8.0,5.0,0.0,2.0,0.0,0.0,1.85,3.6,4.0,1.85,3.6,4.2,1.9,3.4,4.0,1.88,3.62,4.41,1.8,3.6,4.2,1.83,3.5,4.2,1.91,3.79,4.5,1.85,3.55,4.16,17,0,2022,1,25,1,16,3,Draw,2021-2022
B1,2022-01-25,Charleroi,Kortrijk,1,1,D,19.0,7.0,10.0,2.0,14.0,11.0,6.0,2.0,2.0,3.0,0.0,0.0,1.95,3.5,3.75,1.87,3.5,4.2,1.95,3.45,3.6,1.98,3.56,4.01,1.95,3.5,3.75,1.93,3.6,3.7,1.99,3.72,4.2,1.94,3.54,3.79,20,0,2022,1,25,4,9,3,Draw,2021-2022
B1,2022-01-25,Gent,Oostende,1,1,D,17.0,4.0,6.0,2.0,9.0,15.0,5.0,3.0,1.0,3.0,0.0,0.0,1.44,4.5,7.0,1.41,4.6,7.5,1.4,4.8,7.0,1.42,4.59,8.54,1.35,5.0,7.5,1.4,4.75,7.0,1.44,5.1,9.5,1.4,4.75,7.32,20,0,2022,1,25,8,12,3,Draw,2021-2022
B1,2022-01-26,Eupen,Standard,0,2,A,16.0,14.0,3.0,4.0,7.0,9.0,11.0,2.0,1.0,2.0,0.0,0.0,3.0,3.4,2.3,3.1,3.3,2.25,2.9,3.4,2.25,3.15,3.37,2.32,3.0,3.4,2.25,3.0,3.4,2.25,3.15,3.69,2.32,3.01,3.41,2.27,17,2,2022,1,26,6,18,4,Away Win,2021-2022
B1,2022-01-26,Waregem,Oud-Heverlee Leuven,1,1,D,10.0,10.0,4.0,3.0,6.0,10.0,6.0,2.0,2.0,2.0,0.0,0.0,2.7,3.5,2.45,2.7,3.5,2.5,2.6,3.55,2.4,2.74,3.69,2.45,2.75,3.5,2.35,2.7,3.6,2.4,2.76,3.79,2.5,2.68,3.58,2.42,17,0,2022,1,26,20,13,4,Draw,2021-2022
B1,2022-01-26,Anderlecht,Cercle Brugge,0,2,A,3.0,17.0,0.0,9.0,10.0,17.0,4.0,1.0,1.0,2.0,1.0,0.0,1.65,3.8,5.0,1.65,4.0,5.0,1.65,4.0,4.8,1.67,4.11,4.85,1.63,3.9,5.0,1.62,3.9,5.0,1.7,4.25,5.0,1.65,4.0,4.83,20,2,2022,1,26,0,3,4,Away Win,2021-2022
B1,2022-01-26,Seraing,Beerschot VA,2,1,H,14.0,14.0,4.0,4.0,10.0,8.0,5.0,9.0,2.0,1.0,0.0,0.0,1.95,3.6,3.6,1.93,3.9,3.5,2.0,3.6,3.35,2.06,3.69,3.46,2.05,3.4,3.5,2.0,3.5,3.5,2.06,3.9,3.6,2.01,3.63,3.42,20,1,2022,1,26,15,2,4,Home Win,2021-2022
B1,2022-01-27,Club Brugge,St. Gilloise,0,0,D,10.0,17.0,1.0,6.0,14.0,14.0,4.0,9.0,1.0,4.0,0.0,0.0,2.05,3.6,3.4,2.0,3.7,3.5,2.05,3.55,3.25,2.02,3.92,3.37,2.05,3.6,3.3,2.0,3.6,3.4,2.08,3.92,3.5,2.03,3.65,3.34,19,0,2022,1,27,5,17,5,Draw,2021-2022
B1,2022-01-28,St Truiden,Charleroi,0,1,A,18.0,13.0,3.0,2.0,12.0,9.0,10.0,4.0,1.0,1.0,0.0,0.0,2.6,3.4,2.7,2.6,3.25,2.7,2.6,3.1,2.75,2.67,3.24,2.86,2.7,3.1,2.62,2.55,3.25,2.7,2.71,3.4,2.86,2.61,3.22,2.74,19,2,2022,1,28,16,4,6,Away Win,2021-2022
B1,2022-01-29,Beerschot VA,Waregem,3,3,D,18.0,8.0,7.0,3.0,12.0,16.0,13.0,1.0,1.0,3.0,0.0,0.0,2.3,3.4,3.0,2.25,3.5,3.0,2.3,3.5,2.75,2.27,3.82,2.92,2.35,3.5,2.8,2.3,3.5,2.88,2.35,3.83,3.0,2.28,3.57,2.89,15,0,2022,1,29,2,20,7,Draw,2021-2022
B1,2022-01-29,Seraing,Eupen,0,0,D,14.0,10.0,5.0,2.0,8.0,16.0,6.0,1.0,2.0,3.0,0.0,0.0,2.4,3.4,2.8,2.4,3.4,2.8,2.4,3.35,2.7,2.49,3.47,2.82,2.45,3.3,2.8,2.45,3.3,2.8,2.51,3.5,2.88,2.43,3.38,2.79,17,0,2022,1,29,15,6,7,Draw,2021-2022
B1,2022-01-29,Cercle Brugge,Oostende,0,1,A,10.0,11.0,2.0,3.0,14.0,14.0,5.0,4.0,1.0,2.0,0.0,0.0,1.5,4.0,6.5,1.57,4.2,5.5,1.53,4.3,5.5,1.56,4.19,5.85,1.52,4.0,6.0,1.5,4.2,6.0,1.58,4.4,6.5,1.54,4.21,5.68,19,2,2022,1,29,3,12,7,Away Win,2021-2022
B1,2022-01-30,St. Gilloise,Anderlecht,1,0,H,6.0,9.0,5.0,3.0,15.0,14.0,5.0,2.0,3.0,1.0,0.0,0.0,2.3,3.5,2.9,2.25,3.6,2.95,2.3,3.45,2.85,2.31,3.72,2.92,2.25,3.4,3.0,2.25,3.4,3.0,2.35,3.8,3.01,2.29,3.56,2.89,12,1,2022,1,30,17,0,1,Home Win,2021-2022
B1,2022-01-30,Gent,Antwerp,0,1,A,16.0,3.0,4.0,2.0,11.0,14.0,8.0,7.0,3.0,3.0,0.0,0.0,1.8,3.5,4.33,1.82,3.75,4.2,1.9,3.6,3.8,1.85,3.86,4.02,1.83,3.6,4.0,1.83,3.6,4.1,1.9,3.89,4.33,1.85,3.69,3.99,15,2,2022,1,30,8,1,1,Away Win,2021-2022
B1,2022-01-30,Standard,Mechelen,1,2,A,17.0,8.0,8.0,4.0,11.0,16.0,6.0,5.0,1.0,4.0,0.0,0.0,2.1,3.5,3.25,2.0,3.6,3.5,2.1,3.5,3.2,2.05,3.66,3.51,2.05,3.5,3.4,2.05,3.5,3.4,2.12,3.76,3.59,2.05,3.58,3.37,17,2,2022,1,30,18,10,1,Away Win,2021-2022
B1,2022-01-30,Kortrijk,Club Brugge,0,1,A,8.0,17.0,1.0,6.0,10.0,13.0,3.0,4.0,2.0,1.0,0.0,0.0,5.25,3.75,1.65,4.75,4.0,1.68,4.3,3.95,1.67,5.15,3.85,1.68,4.75,3.8,1.67,4.8,3.9,1.65,5.3,4.2,1.7,4.78,3.94,1.66,20,2,2022,1,30,9,5,1,Away Win,2021-2022
B1,2022-02-02,Kortrijk,Antwerp,0,2,A,28.0,5.0,5.0,2.0,9.0,3.0,8.0,1.0,2.0,1.0,1.0,1.0,2.75,4.0,2.2,2.8,3.7,2.3,2.8,3.4,2.3,3.09,3.79,2.19,3.0,3.6,2.2,3.0,3.5,2.2,3.16,4.0,2.38,2.96,3.6,2.23,17,2,2022,2,2,9,1,4,Away Win,2021-2022
B1,2022-02-04,Charleroi,Seraing,2,0,H,10.0,7.0,3.0,1.0,11.0,6.0,6.0,8.0,1.0,3.0,0.0,1.0,1.6,4.2,5.25,1.66,4.1,4.75,1.6,4.0,5.0,1.63,4.18,5.4,1.67,3.9,4.6,1.6,4.1,5.0,1.66,4.31,5.4,1.62,4.09,5.04,19,1,2022,2,4,4,15,6,Home Win,2021-2022
B1,2022-02-05,Kortrijk,St Truiden,1,3,A,12.0,11.0,3.0,4.0,18.0,18.0,6.0,2.0,3.0,4.0,0.0,0.0,2.25,3.5,3.0,2.3,3.4,3.0,2.3,3.4,2.85,2.3,3.54,3.05,2.3,3.3,3.0,2.3,3.3,3.0,2.38,3.55,3.08,2.31,3.41,2.97,15,2,2022,2,5,9,16,7,Away Win,2021-2022
B1,2022-02-05,Oostende,Oud-Heverlee Leuven,1,3,A,12.0,8.0,3.0,4.0,11.0,13.0,6.0,2.0,2.0,1.0,0.0,0.0,2.45,3.4,2.75,2.37,3.7,2.7,2.45,3.45,2.6,2.59,3.54,2.66,2.45,3.4,2.7,2.55,3.4,2.63,2.63,3.7,2.75,2.51,3.5,2.64,17,2,2022,2,5,12,13,7,Away Win,2021-2022
B1,2022-02-05,Standard,Cercle Brugge,1,1,D,9.0,17.0,5.0,6.0,18.0,19.0,4.0,8.0,6.0,3.0,0.0,1.0,2.7,3.4,2.5,2.75,3.25,2.55,2.65,3.3,2.5,2.81,3.22,2.65,2.7,3.3,2.5,2.7,3.3,2.55,2.82,3.48,2.7,2.71,3.31,2.55,17,0,2022,2,5,18,3,7,Draw,2021-2022
B1,2022-02-05,Antwerp,St. Gilloise,0,2,A,14.0,16.0,2.0,6.0,8.0,13.0,6.0,4.0,3.0,3.0,0.0,0.0,3.1,3.6,2.1,3.2,3.6,2.15,3.0,3.45,2.2,3.19,3.54,2.23,3.0,3.4,2.25,3.2,3.4,2.15,3.21,3.75,2.31,3.09,3.53,2.19,19,2,2022,2,5,1,17,7,Away Win,2021-2022
B1,2022-02-06,Club Brugge,Gent,1,2,A,13.0,10.0,3.0,3.0,9.0,15.0,9.0,5.0,4.0,5.0,2.0,0.0,2.25,3.5,3.0,2.2,3.7,3.1,2.25,3.5,2.8,2.26,3.57,3.1,2.25,3.4,3.0,2.25,3.4,3.0,2.33,3.73,3.15,2.24,3.55,2.98,12,2,2022,2,6,5,8,1,Away Win,2021-2022
B1,2022-02-06,Mechelen,Beerschot VA,3,2,H,11.0,11.0,4.0,2.0,12.0,15.0,6.0,8.0,0.0,3.0,1.0,0.0,1.85,3.75,3.8,1.82,3.8,4.0,1.85,3.8,3.55,1.83,4.0,3.96,1.88,3.7,3.7,1.83,3.75,4.0,1.91,4.1,4.0,1.84,3.87,3.79,15,1,2022,2,6,10,2,1,Home Win,2021-2022
B1,2022-02-06,Anderlecht,Eupen,4,1,H,19.0,8.0,5.0,5.0,12.0,8.0,9.0,3.0,0.0,1.0,0.0,0.0,1.36,5.0,7.5,1.36,5.0,8.25,1.33,5.25,8.0,1.38,4.92,8.18,1.33,4.8,9.0,1.33,4.8,9.0,1.39,5.37,10.0,1.35,4.96,8.25,17,1,2022,2,6,0,6,1,Home Win,2021-2022
B1,2022-02-06,Genk,Waregem,2,0,H,13.0,10.0,5.0,1.0,12.0,7.0,5.0,4.0,2.0,2.0,0.0,0.0,1.33,5.0,9.0,1.36,5.25,8.0,1.33,5.5,7.75,1.38,5.14,7.46,1.33,5.0,8.5,1.33,5.0,9.0,1.4,5.7,9.0,1.35,5.24,7.83,20,1,2022,2,6,7,20,1,Home Win,2021-2022
B1,2022-02-09,Waregem,Oostende,0,0,D,12.0,18.0,6.0,3.0,10.0,14.0,6.0,8.0,0.0,1.0,0.0,0.0,2.15,3.5,3.2,2.15,3.8,3.0,2.2,3.55,2.9,2.2,3.84,3.04,2.15,3.5,3.1,2.15,3.6,3.1,2.23,3.9,3.2,2.17,3.67,3.01,17,0,2022,2,9,20,12,4,Draw,2021-2022
B1,2022-02-09,Oud-Heverlee Leuven,Genk,2,1,H,22.0,12.0,6.0,7.0,18.0,8.0,4.0,3.0,2.0,3.0,0.0,1.0,4.0,3.75,1.83,3.7,3.9,1.87,3.5,3.75,1.9,3.63,4.21,1.88,3.5,3.6,2.0,3.8,3.8,1.83,4.0,4.21,1.98,3.65,3.84,1.88,20,1,2022,2,9,13,7,4,Home Win,2021-2022
B1,2022-02-11,Seraing,Antwerp,0,1,A,8.0,19.0,3.0,5.0,14.0,11.0,1.0,9.0,1.0,2.0,0.0,1.0,3.6,3.5,2.0,3.8,3.7,1.87,3.4,3.5,1.97,3.71,3.61,2.05,3.9,3.5,1.88,3.5,3.5,2.0,3.8,3.75,2.05,3.57,3.55,1.99,19,2,2022,2,11,15,1,6,Away Win,2021-2022
B1,2022-02-12,Eupen,Gent,0,1,A,9.0,11.0,3.0,7.0,10.0,8.0,8.0,3.0,2.0,2.0,0.0,1.0,4.75,3.6,1.66,4.6,3.9,1.73,4.3,3.8,1.73,4.62,3.84,1.75,3.1,3.4,2.0,4.75,3.8,1.67,4.8,4.0,1.76,4.58,3.86,1.71,15,2,2022,2,12,6,8,7,Away Win,2021-2022
B1,2022-02-12,Mechelen,Oostende,3,0,H,11.0,4.0,4.0,1.0,1.0,13.0,7.0,3.0,0.0,1.0,0.0,0.0,1.8,4.0,4.0,1.83,3.9,3.9,1.83,3.8,3.7,1.78,3.99,4.26,1.95,3.5,3.75,1.75,3.8,4.2,1.85,4.0,4.3,1.81,3.86,3.99,17,1,2022,2,12,10,12,7,Home Win,2021-2022
B1,2022-02-12,Oud-Heverlee Leuven,Cercle Brugge,3,2,H,11.0,16.0,5.0,5.0,13.0,13.0,5.0,5.0,2.0,4.0,0.0,0.0,3.0,3.4,2.25,2.9,3.5,2.35,2.8,3.35,2.35,2.96,3.52,2.37,2.7,3.4,2.45,2.9,3.4,2.3,3.0,3.58,2.43,2.9,3.43,2.34,17,1,2022,2,12,13,3,7,Home Win,2021-2022
B1,2022-02-12,Waregem,Anderlecht,1,2,A,13.0,11.0,4.0,5.0,8.0,6.0,6.0,5.0,2.0,1.0,0.0,0.0,6.5,4.5,1.45,6.25,4.6,1.49,6.0,4.5,1.47,5.84,4.58,1.51,6.0,4.2,1.5,6.5,4.5,1.44,6.5,4.75,1.53,6.06,4.55,1.48,19,2,2022,2,12,20,0,7,Away Win,2021-2022
B1,2022-02-13,Genk,Standard,2,0,H,15.0,11.0,6.0,4.0,14.0,24.0,4.0,0.0,4.0,3.0,0.0,0.0,1.61,3.8,4.5,1.7,4.2,4.33,1.65,4.0,4.6,1.72,4.13,4.42,1.88,3.8,3.6,1.62,4.0,5.0,1.74,4.3,5.0,1.68,4.03,4.52,12,1,2022,2,13,7,18,1,Home Win,2021-2022
B1,2022-02-13,St. Gilloise,St Truiden,0,1,A,11.0,13.0,1.0,5.0,17.0,13.0,5.0,4.0,5.0,2.0,0.0,0.0,1.33,5.0,8.0,1.46,4.5,6.75,1.37,4.8,8.0,1.42,4.6,7.83,1.62,3.8,5.25,1.36,4.6,8.0,1.47,5.0,10.0,1.39,4.66,7.94,15,2,2022,2,13,17,16,1,Away Win,2021-2022
B1,2022-02-13,Club Brugge,Charleroi,2,0,H,10.0,15.0,5.0,3.0,7.0,9.0,5.0,5.0,1.0,1.0,0.0,0.0,1.66,4.0,4.75,1.71,4.2,4.2,1.67,4.1,4.5,1.66,4.68,4.28,1.88,3.8,3.6,1.65,4.0,4.75,1.71,4.7,4.75,1.67,4.2,4.48,17,1,2022,2,13,5,4,1,Home Win,2021-2022
B1,2022-02-13,Beerschot VA,Kortrijk,2,1,H,10.0,14.0,3.0,4.0,15.0,10.0,3.0,7.0,2.0,3.0,0.0,0.0,3.1,3.5,2.15,2.85,3.5,2.37,2.9,3.4,2.25,3.22,3.49,2.23,2.75,3.4,2.4,3.1,3.3,2.25,3.27,3.62,2.37,3.08,3.45,2.23,20,1,2022,2,13,2,9,1,Home Win,2021-2022
B1,2022-02-16,Genk,Mechelen,4,1,H,25.0,6.0,9.0,2.0,5.0,6.0,12.0,5.0,0.0,0.0,0.0,1.0,1.57,3.8,5.0,1.61,4.2,5.0,1.63,4.1,4.9,1.61,4.23,5.21,1.6,4.0,5.25,1.6,4.0,5.25,1.65,4.46,5.5,1.61,4.13,5.05,17,1,2022,2,16,7,10,4,Home Win,2021-2022
B1,2022-02-19,Cercle Brugge,Beerschot VA,2,0,H,26.0,7.0,10.0,2.0,14.0,11.0,10.0,2.0,1.0,2.0,0.0,1.0,1.4,4.33,7.0,1.43,4.6,7.0,1.43,4.5,6.75,1.43,4.73,7.16,1.36,4.4,9.0,1.4,4.5,8.0,1.45,4.9,8.0,1.42,4.58,7.12,15,1,2022,2,19,3,2,7,Home Win,2021-2022
B1,2022-02-19,Kortrijk,Waregem,5,0,H,17.0,16.0,10.0,3.0,8.0,11.0,1.0,5.0,1.0,4.0,0.0,1.0,1.9,3.5,3.6,1.98,3.7,3.5,1.97,3.6,3.4,2.0,3.68,3.64,1.91,3.6,3.75,1.95,3.5,3.7,2.03,3.85,3.92,1.97,3.64,3.58,17,1,2022,2,19,9,20,7,Home Win,2021-2022
B1,2022-02-19,Oostende,Standard,1,0,H,15.0,4.0,5.0,0.0,14.0,16.0,2.0,0.0,1.0,5.0,0.0,0.0,2.7,3.2,2.37,2.75,3.4,2.45,2.7,3.25,2.45,2.93,3.34,2.48,2.6,3.5,2.5,2.8,3.3,2.45,2.96,3.52,2.55,2.81,3.36,2.44,17,1,2022,2,19,12,18,7,Home Win,2021-2022
B1,2022-02-19,Charleroi,St. Gilloise,0,3,A,13.0,17.0,5.0,7.0,11.0,9.0,1.0,2.0,3.0,4.0,0.0,1.0,3.5,3.5,1.85,3.7,3.6,1.95,3.5,3.6,1.95,3.49,3.92,1.98,3.8,3.6,1.88,3.7,3.5,1.95,3.75,4.0,1.99,3.58,3.7,1.95,19,2,2022,2,19,4,17,7,Away Win,2021-2022
B1,2022-02-20,Antwerp,Mechelen,1,2,A,24.0,12.0,5.0,8.0,7.0,14.0,10.0,3.0,0.0,2.0,0.0,0.0,1.75,3.6,3.75,1.85,3.8,3.9,1.83,3.65,3.75,1.85,4.02,3.9,1.85,3.6,3.9,1.83,3.7,4.0,1.88,4.1,4.2,1.84,3.78,3.9,12,2,2022,2,20,1,10,1,Away Win,2021-2022
B1,2022-02-20,Eupen,Club Brugge,1,3,A,11.0,15.0,5.0,6.0,9.0,7.0,8.0,3.0,1.0,0.0,0.0,0.0,5.75,4.2,1.5,6.5,4.33,1.5,6.25,4.5,1.45,6.52,4.66,1.47,6.5,4.0,1.5,7.0,4.2,1.45,7.0,4.75,1.52,6.47,4.44,1.46,15,2,2022,2,20,6,5,1,Away Win,2021-2022
B1,2022-02-20,Anderlecht,Genk,2,0,H,14.0,10.0,5.0,1.0,10.0,11.0,4.0,3.0,4.0,2.0,0.0,1.0,1.8,3.6,3.6,1.85,3.8,3.9,1.9,3.65,3.75,1.87,3.93,3.89,1.83,3.7,3.9,1.83,3.7,3.9,1.9,3.97,4.0,1.85,3.76,3.88,17,1,2022,2,20,0,7,1,Home Win,2021-2022
B1,2022-02-20,St Truiden,Oud-Heverlee Leuven,2,0,H,10.0,8.0,4.0,3.0,11.0,7.0,6.0,8.0,3.0,3.0,0.0,1.0,2.3,3.25,2.87,2.25,3.4,3.1,2.25,3.35,2.9,2.29,3.55,3.07,2.3,3.2,3.1,2.3,3.3,3.0,2.38,3.59,3.13,2.3,3.41,2.99,20,1,2022,2,20,16,13,1,Home Win,2021-2022
B1,2022-02-23,Gent,Seraing,4,0,H,13.0,7.0,5.0,1.0,8.0,5.0,3.0,8.0,1.0,2.0,0.0,0.0,1.25,5.5,10.0,1.28,6.0,10.0,1.3,5.75,9.0,1.28,5.77,10.58,1.32,4.8,9.5,1.29,5.25,10.0,1.31,6.0,11.0,1.29,5.65,9.76,17,1,2022,2,23,8,15,4,Home Win,2021-2022
B1,2022-02-25,Beerschot VA,Charleroi,2,3,A,11.0,17.0,6.0,7.0,9.0,8.0,4.0,3.0,1.0,2.0,0.0,0.0,3.5,3.5,1.83,4.1,3.6,1.85,4.0,3.8,1.8,3.92,3.76,1.94,,,,3.75,3.5,1.93,4.1,3.84,1.98,3.78,3.64,1.92,19,2,2022,2,25,2,4,6,Away Win,2021-2022
B1,2022-02-26,St. Gilloise,Eupen,0,0,D,13.0,2.0,2.0,0.0,16.0,10.0,9.0,3.0,0.0,4.0,0.0,0.0,1.36,4.75,6.0,1.32,5.25,9.75,1.35,5.25,7.75,1.32,5.25,9.46,,,,1.33,5.0,8.5,1.36,5.5,10.0,1.34,5.15,8.49,15,0,2022,2,26,17,6,7,Draw,2021-2022
B1,2022-02-26,Mechelen,Cercle Brugge,2,2,D,21.0,14.0,5.0,5.0,10.0,16.0,7.0,5.0,3.0,4.0,1.0,1.0,2.2,3.4,2.8,2.3,3.6,2.9,2.3,3.4,2.8,2.38,3.62,2.87,,,,2.3,3.4,2.9,2.41,3.7,2.95,2.33,3.53,2.85,17,0,2022,2,26,10,3,7,Draw,2021-2022
B1,2022-02-26,Oostende,St Truiden,0,0,D,11.0,7.0,2.0,1.0,9.0,14.0,4.0,4.0,1.0,2.0,0.0,0.0,2.3,3.5,2.5,2.5,3.5,2.7,2.45,3.4,2.65,2.59,3.49,2.69,,,,2.5,3.3,2.7,2.65,3.57,2.75,2.51,3.43,2.67,17,0,2022,2,26,12,16,7,Draw,2021-2022
B1,2022-02-26,Oud-Heverlee Leuven,Anderlecht,0,0,D,14.0,18.0,4.0,5.0,2.0,12.0,5.0,4.0,1.0,4.0,0.0,1.0,4.5,3.75,1.65,4.5,4.1,1.7,4.1,4.0,1.73,4.59,4.08,1.71,,,,4.5,3.9,1.7,4.75,4.22,1.74,4.4,4.02,1.71,19,0,2022,2,26,13,0,7,Draw,2021-2022
B1,2022-02-27,Club Brugge,Antwerp,4,1,H,17.0,8.0,9.0,3.0,18.0,11.0,7.0,3.0,3.0,2.0,0.0,0.0,1.65,3.75,4.5,1.7,3.9,4.6,1.73,3.8,4.2,1.73,3.87,4.72,,,,1.7,3.75,4.6,1.75,4.01,4.75,1.72,3.86,4.51,12,1,2022,2,27,5,1,1,Home Win,2021-2022
B1,2022-02-27,Genk,Kortrijk,2,0,H,29.0,12.0,9.0,4.0,9.0,15.0,13.0,0.0,0.0,3.0,0.0,0.0,1.53,4.0,5.0,1.57,4.2,5.5,1.55,4.2,5.5,1.58,4.23,5.51,,,,1.53,4.1,5.75,1.6,4.4,5.75,1.56,4.2,5.41,15,1,2022,2,27,7,9,1,Home Win,2021-2022
B1,2022-02-27,Standard,Gent,0,1,A,12.0,10.0,4.0,4.0,19.0,14.0,2.0,5.0,5.0,2.0,0.0,1.0,4.5,3.6,1.7,4.33,3.9,1.75,4.3,3.6,1.73,4.62,3.84,1.75,,,,4.8,3.6,1.7,4.8,3.9,1.8,4.56,3.72,1.74,17,2,2022,2,27,18,8,1,Away Win,2021-2022
B1,2022-02-27,Waregem,Seraing,1,0,H,11.0,13.0,6.0,2.0,8.0,7.0,4.0,7.0,1.0,1.0,0.0,0.0,2.15,3.5,2.9,2.25,3.5,3.0,2.25,3.4,3.0,2.28,3.45,3.16,,,,2.2,3.4,3.1,2.3,3.7,3.2,2.22,3.48,3.06,20,1,2022,2,27,20,15,1,Home Win,2021-2022
B1,2022-03-02,Standard,Beerschot VA,1,0,H,8.0,12.0,3.0,5.0,15.0,14.0,1.0,3.0,2.0,5.0,1.0,0.0,1.65,3.8,4.5,1.66,4.0,4.8,1.65,4.0,4.6,1.67,4.13,4.8,1.61,4.0,5.0,1.65,4.0,4.75,1.73,4.2,4.9,1.67,4.07,4.64,17,1,2022,3,2,18,2,4,Home Win,2021-2022
B1,2022-03-04,St Truiden,Mechelen,1,1,D,13.0,11.0,5.0,5.0,7.0,16.0,3.0,4.0,1.0,3.0,0.0,0.0,2.15,3.3,2.9,2.25,3.5,3.0,2.25,3.35,2.95,2.28,3.61,3.16,2.35,3.3,2.9,2.2,3.4,3.1,2.33,3.67,3.2,2.23,3.49,3.06,19,0,2022,3,4,16,10,6,Draw,2021-2022
B1,2022-03-05,Cercle Brugge,Genk,2,2,D,17.0,17.0,6.0,6.0,10.0,10.0,11.0,2.0,0.0,0.0,0.0,0.0,2.87,3.3,2.3,2.9,3.3,2.4,2.8,3.35,2.35,2.98,3.34,2.44,2.87,3.4,2.35,2.88,3.4,2.3,3.0,3.64,2.45,2.88,3.4,2.37,15,0,2022,3,5,3,7,7,Draw,2021-2022
B1,2022-03-05,Kortrijk,St. Gilloise,2,3,A,10.0,17.0,3.0,7.0,10.0,9.0,3.0,13.0,2.0,3.0,0.0,0.0,4.5,3.75,1.66,4.8,4.0,1.66,4.9,3.85,1.65,5.12,3.97,1.66,4.2,3.8,1.61,5.25,3.75,1.62,5.25,4.1,1.7,4.95,3.91,1.65,17,2,2022,3,5,9,17,7,Away Win,2021-2022
B1,2022-03-05,Seraing,Club Brugge,0,5,A,6.0,15.0,2.0,7.0,8.0,8.0,6.0,5.0,1.0,1.0,1.0,0.0,6.5,4.33,1.4,6.25,4.8,1.46,6.5,4.6,1.43,7.27,4.56,1.44,6.5,4.4,1.44,7.0,4.75,1.4,7.6,5.0,1.46,6.66,4.66,1.43,19,2,2022,3,5,15,5,7,Away Win,2021-2022
B1,2022-03-06,Antwerp,Beerschot VA,2,1,H,13.0,6.0,5.0,1.0,13.0,13.0,7.0,3.0,2.0,7.0,0.0,1.0,,,,1.66,4.0,5.0,1.6,4.0,5.0,1.62,3.93,5.6,1.6,3.9,5.25,1.62,3.8,5.25,1.66,4.2,5.7,1.62,4.0,5.21,12,1,2022,3,6,1,2,1,Home Win,2021-2022
B1,2022-03-06,Anderlecht,Oostende,3,0,H,13.0,10.0,7.0,1.0,7.0,10.0,2.0,5.0,1.0,2.0,0.0,0.0,1.25,5.25,9.5,1.29,5.75,10.0,1.27,6.0,10.0,1.26,5.47,12.41,1.32,4.8,9.5,1.25,5.75,10.5,1.29,6.0,12.41,1.27,5.66,10.66,15,1,2022,3,6,0,12,1,Home Win,2021-2022
B1,2022-03-06,Charleroi,Standard,0,0,D,8.0,10.0,3.0,2.0,8.0,18.0,8.0,4.0,2.0,3.0,0.0,0.0,1.95,3.5,3.3,2.05,3.6,3.4,2.1,3.45,3.2,2.05,3.4,3.78,2.1,3.4,3.3,2.05,3.4,3.5,2.12,3.72,3.78,2.04,3.51,3.47,17,0,2022,3,6,4,18,1,Draw,2021-2022
B1,2022-03-06,Eupen,Oud-Heverlee Leuven,3,1,H,12.0,12.0,5.0,4.0,7.0,10.0,3.0,7.0,1.0,3.0,0.0,0.0,2.6,3.3,2.37,2.6,3.5,2.55,2.65,3.45,2.4,2.65,3.81,2.48,2.75,3.4,2.4,2.7,3.4,2.45,2.8,3.81,2.55,2.68,3.56,2.44,20,1,2022,3,6,6,13,1,Home Win,2021-2022
B1,2022-03-06,Gent,Waregem,2,1,H,25.0,11.0,8.0,5.0,5.0,8.0,10.0,0.0,0.0,3.0,0.0,0.0,1.22,5.5,10.0,1.25,6.25,11.0,1.25,6.0,10.0,1.23,6.37,11.86,1.25,5.25,12.0,1.25,5.75,11.5,1.27,6.5,12.0,1.25,5.97,10.69,20,1,2022,3,6,8,20,1,Home Win,2021-2022
B1,2022-03-11,Oud-Heverlee Leuven,St. Gilloise,1,4,A,9.0,21.0,2.0,8.0,11.0,11.0,5.0,7.0,2.0,0.0,0.0,0.0,4.5,4.0,1.7,4.5,4.0,1.71,4.1,3.9,1.73,4.61,4.19,1.72,4.2,3.6,1.8,4.5,3.9,1.7,4.75,4.22,1.76,4.46,4.01,1.71,19,2,2022,3,11,13,17,6,Away Win,2021-2022
B1,2022-03-12,Mechelen,Charleroi,2,2,D,10.0,14.0,3.0,5.0,12.0,6.0,4.0,3.0,2.0,4.0,0.0,0.0,2.25,3.5,2.9,2.35,3.5,2.85,2.3,3.45,2.75,2.28,3.61,3.04,2.38,3.4,2.8,2.45,3.4,2.75,2.45,3.74,3.04,2.35,3.52,2.83,15,0,2022,3,12,10,4,7,Draw,2021-2022
B1,2022-03-12,Cercle Brugge,Kortrijk,2,0,H,22.0,6.0,4.0,0.0,19.0,11.0,6.0,5.0,1.0,1.0,0.0,0.0,1.65,3.8,5.25,1.66,4.0,4.8,1.65,3.8,4.9,1.65,3.99,5.17,1.65,4.0,4.2,1.65,3.75,5.0,1.7,4.1,5.25,1.67,3.87,4.92,17,1,2022,3,12,3,9,7,Home Win,2021-2022
B1,2022-03-12,Waregem,Eupen,3,0,H,9.0,16.0,5.0,6.0,12.0,6.0,1.0,9.0,2.0,1.0,0.0,0.0,2.3,3.5,2.8,2.37,3.5,2.85,2.35,3.4,2.7,2.42,3.63,2.81,2.35,3.4,2.88,2.3,3.4,2.88,2.46,3.7,2.88,2.38,3.53,2.79,17,1,2022,3,12,20,6,7,Home Win,2021-2022
B1,2022-03-12,Oostende,Club Brugge,1,3,A,17.0,9.0,4.0,4.0,11.0,8.0,6.0,4.0,1.0,2.0,0.0,0.0,7.5,4.75,1.4,6.5,5.0,1.43,6.75,4.9,1.4,7.3,5.09,1.39,6.0,4.2,1.5,7.5,4.75,1.36,7.5,5.3,1.43,7.03,4.92,1.4,19,2,2022,3,12,12,5,7,Away Win,2021-2022
B1,2022-03-13,Anderlecht,Antwerp,2,1,H,15.0,12.0,10.0,5.0,12.0,13.0,6.0,3.0,3.0,4.0,0.0,0.0,1.61,4.0,5.0,1.62,4.2,5.0,1.63,4.1,4.6,1.65,4.2,4.9,1.75,3.75,4.33,1.65,4.0,4.75,1.68,4.3,5.0,1.64,4.16,4.76,12,1,2022,3,13,0,1,1,Home Win,2021-2022
B1,2022-03-13,Genk,St Truiden,0,1,A,14.0,8.0,4.0,4.0,10.0,18.0,5.0,1.0,1.0,5.0,0.0,0.0,1.44,4.33,7.0,1.46,4.6,6.25,1.45,4.5,6.25,1.44,4.68,6.93,1.53,4.0,5.8,1.45,4.2,7.0,1.53,4.9,7.0,1.46,4.52,6.45,15,2,2022,3,13,7,16,1,Away Win,2021-2022
B1,2022-03-13,Beerschot VA,Gent,0,2,A,10.0,14.0,2.0,6.0,13.0,14.0,6.0,2.0,4.0,2.0,0.0,0.0,6.5,4.2,1.5,6.0,4.6,1.49,6.0,4.4,1.53,6.25,4.53,1.49,6.0,4.2,1.5,6.0,4.2,1.5,6.5,4.7,1.53,6.06,4.45,1.49,17,2,2022,3,13,2,8,1,Away Win,2021-2022
B1,2022-03-13,Standard,Seraing,0,1,A,9.0,12.0,3.0,5.0,13.0,13.0,3.0,4.0,3.0,1.0,0.0,0.0,1.75,3.75,4.33,1.78,3.8,4.33,1.77,3.7,4.0,1.79,3.81,4.42,1.78,3.6,4.33,1.75,3.6,4.4,1.81,3.88,4.5,1.78,3.73,4.28,20,2,2022,3,13,18,15,1,Away Win,2021-2022
B1,2022-03-18,St. Gilloise,Oostende,1,1,D,18.0,7.0,7.0,4.0,16.0,13.0,9.0,1.0,1.0,5.0,0.0,0.0,1.28,5.0,10.0,1.3,5.5,10.0,1.33,5.0,9.0,1.3,5.53,10.99,1.29,5.0,11.0,1.29,5.25,10.0,1.33,5.61,11.0,1.29,5.33,10.1,19,0,2022,3,18,17,12,6,Draw,2021-2022
B1,2022-03-19,Eupen,Mechelen,1,1,D,12.0,22.0,5.0,6.0,3.0,7.0,6.0,12.0,3.0,0.0,1.0,0.0,2.9,3.5,2.3,2.85,3.5,2.35,2.8,3.45,2.3,2.87,3.75,2.33,2.8,3.5,2.35,2.88,3.4,2.3,2.9,3.77,2.38,2.83,3.59,2.32,15,0,2022,3,19,6,10,7,Draw,2021-2022
B1,2022-03-19,Charleroi,Cercle Brugge,5,0,H,12.0,9.0,11.0,4.0,18.0,4.0,2.0,3.0,2.0,0.0,0.0,1.0,2.5,3.5,2.7,2.4,3.5,2.8,2.45,3.35,2.65,2.56,3.49,2.72,2.4,3.4,2.8,2.45,3.25,2.8,2.6,3.56,2.8,2.48,3.43,2.72,17,1,2022,3,19,4,3,7,Home Win,2021-2022
B1,2022-03-19,Seraing,Oud-Heverlee Leuven,1,1,D,12.0,12.0,3.0,5.0,11.0,13.0,3.0,3.0,2.0,1.0,0.0,0.0,2.9,3.4,2.37,2.85,3.5,2.35,2.75,3.4,2.35,2.78,3.59,2.46,3.0,3.5,2.25,2.9,3.3,2.38,2.9,3.67,2.5,2.79,3.5,2.39,17,0,2022,3,19,15,13,7,Draw,2021-2022
B1,2022-03-19,Antwerp,Waregem,1,0,H,19.0,5.0,7.0,2.0,6.0,4.0,4.0,0.0,1.0,2.0,0.0,0.0,1.4,4.75,6.0,1.46,4.6,6.5,1.45,4.7,6.0,1.45,4.74,6.65,,,,1.44,4.5,6.5,1.48,4.9,7.0,1.44,4.67,6.41,19,1,2022,3,19,1,20,7,Home Win,2021-2022
B1,2022-03-20,Club Brugge,Genk,3,1,H,14.0,10.0,5.0,2.0,9.0,15.0,10.0,6.0,1.0,4.0,0.0,1.0,1.7,3.8,4.5,1.73,4.1,4.2,1.7,4.0,4.0,1.74,4.26,4.23,1.7,3.9,4.4,1.7,3.9,4.4,1.77,4.33,4.5,1.72,4.06,4.21,12,1,2022,3,20,5,7,1,Home Win,2021-2022
B1,2022-03-20,Kortrijk,Standard,0,1,A,12.0,10.0,1.0,3.0,16.0,19.0,2.0,6.0,0.0,3.0,0.0,0.0,2.5,3.25,2.87,2.45,3.4,2.8,2.45,3.3,2.75,2.39,3.6,2.87,2.45,3.3,2.8,2.45,3.25,2.8,2.5,3.65,2.87,2.43,3.43,2.79,15,2,2022,3,20,9,18,1,Away Win,2021-2022
B1,2022-03-20,Gent,Anderlecht,1,0,H,5.0,19.0,2.0,7.0,2.0,6.0,4.0,5.0,0.0,2.0,0.0,0.0,2.3,3.4,3.0,2.35,3.1,3.2,2.3,3.3,2.9,2.32,3.26,3.26,2.3,3.25,3.1,2.3,3.2,3.1,2.43,3.54,3.29,2.31,3.29,3.06,17,1,2022,3,20,8,0,1,Home Win,2021-2022
B1,2022-03-20,St Truiden,Beerschot VA,3,2,H,18.0,10.0,4.0,5.0,10.0,8.0,7.0,6.0,1.0,2.0,0.0,0.0,1.53,4.0,6.0,1.55,4.2,5.75,1.55,4.1,5.75,1.56,4.21,5.87,1.57,3.9,5.5,1.55,4.0,5.75,1.6,4.4,6.0,1.55,4.11,5.69,20,1,2022,3,20,16,2,1,Home Win,2021-2022
B1,2022-04-01,Beerschot VA,Club Brugge,1,3,A,4.0,22.0,1.0,10.0,10.0,8.0,2.0,5.0,1.0,0.0,0.0,0.0,10.0,5.75,1.22,11.0,6.25,1.25,10.0,6.25,1.25,10.63,6.51,1.26,10.0,5.25,1.29,11.5,6.0,1.22,12.0,6.75,1.26,10.86,6.25,1.24,19,2,2022,4,1,2,5,6,Away Win,2021-2022
B1,2022-04-02,Waregem,St Truiden,0,2,A,9.0,15.0,0.0,7.0,12.0,13.0,1.0,4.0,4.0,2.0,0.0,1.0,2.87,3.3,2.5,2.8,3.4,2.45,2.7,3.35,2.4,2.79,3.47,2.52,2.7,3.4,2.45,2.75,3.25,2.5,2.87,3.6,2.53,2.76,3.4,2.46,15,2,2022,4,2,20,16,7,Away Win,2021-2022
B1,2022-04-02,Mechelen,Kortrijk,3,2,H,15.0,15.0,7.0,5.0,7.0,11.0,11.0,6.0,0.0,2.0,0.0,0.0,1.66,4.0,4.33,1.68,4.0,4.6,1.7,4.0,4.5,1.7,4.29,4.42,1.65,3.9,4.8,1.65,3.9,4.75,1.72,4.33,4.75,1.68,4.05,4.51,17,1,2022,4,2,10,9,7,Home Win,2021-2022
B1,2022-04-02,Oostende,Seraing,2,2,D,13.0,7.0,2.0,4.0,9.0,6.0,6.0,4.0,2.0,1.0,0.0,0.0,2.2,3.6,3.1,2.2,3.5,3.1,2.2,3.45,3.0,2.29,3.47,3.14,2.2,3.4,3.1,2.25,3.3,3.1,2.32,3.71,3.25,2.23,3.49,3.06,17,0,2022,4,2,12,15,7,Draw,2021-2022
B1,2022-04-02,Oud-Heverlee Leuven,Antwerp,0,1,A,16.0,9.0,5.0,3.0,11.0,11.0,6.0,3.0,1.0,3.0,0.0,0.0,3.4,3.75,2.0,3.4,3.75,2.0,3.25,3.6,2.05,3.36,3.81,2.06,3.1,3.5,2.15,3.4,3.4,2.1,3.5,3.85,2.1,3.34,3.69,2.03,19,2,2022,4,2,13,1,7,Away Win,2021-2022
B1,2022-04-03,Standard,St. Gilloise,1,3,A,5.0,13.0,1.0,5.0,18.0,12.0,4.0,7.0,4.0,2.0,0.0,0.0,4.33,4.0,1.66,5.0,3.7,1.68,4.4,3.75,1.7,5.18,3.89,1.67,4.6,3.5,1.75,4.6,3.7,1.73,5.3,4.0,1.74,4.93,3.77,1.68,12,2,2022,4,3,18,17,1,Away Win,2021-2022
B1,2022-04-03,Cercle Brugge,Gent,2,2,D,15.0,10.0,3.0,6.0,14.0,8.0,7.0,4.0,4.0,1.0,0.0,1.0,3.2,3.4,2.15,3.3,3.5,2.1,3.15,3.4,2.15,3.41,3.58,2.12,3.1,3.3,2.25,3.3,3.3,2.1,3.45,3.63,2.2,3.31,3.45,2.12,15,0,2022,4,3,3,8,1,Draw,2021-2022
B1,2022-04-03,Anderlecht,Charleroi,4,0,H,20.0,1.0,11.0,0.0,8.0,14.0,5.0,2.0,1.0,2.0,0.0,0.0,1.5,4.75,5.75,1.49,4.5,6.25,1.47,4.5,6.0,1.47,4.66,6.52,1.47,4.2,6.5,1.45,4.4,6.5,1.5,4.75,6.75,1.47,4.56,6.23,17,1,2022,4,3,0,4,1,Home Win,2021-2022
B1,2022-04-03,Genk,Eupen,5,0,H,14.0,5.0,9.0,2.0,11.0,10.0,4.0,2.0,2.0,1.0,0.0,0.0,1.4,4.75,7.0,1.43,4.75,7.0,1.43,4.8,6.75,1.39,4.97,7.57,1.38,4.75,7.5,1.4,4.6,7.0,1.44,5.1,7.9,1.4,4.84,7.02,20,1,2022,4,3,7,6,1,Home Win,2021-2022
B1,2022-04-09,Eupen,Oostende,0,2,A,9.0,16.0,1.0,8.0,14.0,9.0,5.0,3.0,4.0,3.0,0.0,1.0,2.45,3.4,2.55,2.5,3.4,2.7,2.5,3.4,2.6,,,,,,,2.55,3.3,2.7,2.6,3.7,2.8,2.49,3.46,2.67,17,2,2022,4,9,6,12,7,Away Win,2021-2022
B1,2022-04-09,Antwerp,Cercle Brugge,1,1,D,24.0,5.0,7.0,1.0,6.0,11.0,9.0,2.0,0.0,1.0,0.0,0.0,1.95,3.3,3.6,2.0,3.5,3.5,2.05,3.5,3.3,2.0,3.79,3.55,,,,2.0,3.5,3.5,2.07,3.82,3.6,2.01,3.6,3.48,19,0,2022,4,9,1,3,7,Draw,2021-2022
B1,2022-04-10,Charleroi,Waregem,3,0,H,15.0,9.0,7.0,3.0,9.0,11.0,7.0,3.0,0.0,2.0,0.0,0.0,1.45,4.0,6.0,1.51,4.33,6.25,1.47,4.5,6.0,1.51,4.42,6.27,,,,1.5,4.2,6.0,1.53,5.0,6.4,1.49,4.39,6.07,17,1,2022,4,10,4,20,1,Home Win,2021-2022
B1,2022-04-10,Club Brugge,Mechelen,2,0,H,22.0,8.0,8.0,0.0,8.0,6.0,7.0,4.0,2.0,1.0,0.0,0.0,1.3,5.0,8.0,1.34,5.5,8.0,1.33,5.5,7.5,1.35,5.2,8.35,,,,1.33,5.25,8.0,1.38,5.6,8.5,1.34,5.25,7.94,17,1,2022,4,10,5,10,1,Home Win,2021-2022
B1,2022-04-10,Gent,Oud-Heverlee Leuven,5,0,H,26.0,7.0,12.0,3.0,7.0,13.0,6.0,3.0,0.0,4.0,0.0,0.0,1.22,6.0,9.5,1.23,6.5,12.0,1.25,6.5,10.0,1.24,6.26,11.14,,,,1.2,6.0,13.0,1.25,6.75,13.0,1.22,6.32,11.69,17,1,2022,4,10,8,13,1,Home Win,2021-2022
B1,2022-04-10,Kortrijk,Anderlecht,2,3,A,15.0,15.0,5.0,9.0,10.0,6.0,7.0,3.0,1.0,1.0,0.0,0.0,7.0,4.75,1.33,7.25,4.8,1.42,7.0,5.0,1.4,7.85,4.61,1.41,,,,7.5,4.6,1.4,8.2,5.1,1.48,7.4,4.76,1.39,17,2,2022,4,10,9,0,1,Away Win,2021-2022
B1,2022-04-10,Seraing,Genk,0,2,A,4.0,13.0,2.0,6.0,3.0,13.0,4.0,7.0,0.0,2.0,1.0,0.0,5.75,4.2,1.5,6.25,4.5,1.49,6.0,4.5,1.5,6.67,4.55,1.47,,,,6.5,4.4,1.45,7.0,4.86,1.51,6.25,4.54,1.46,17,2,2022,4,10,15,7,1,Away Win,2021-2022
B1,2022-04-10,St. Gilloise,Beerschot VA,5,0,H,,,,,,,,,,,,,1.14,7.5,12.0,1.17,7.5,17.5,1.17,7.5,15.0,1.16,7.51,16.65,,,,1.14,7.5,17.0,1.17,8.0,18.0,1.16,7.38,15.96,17,1,2022,4,10,17,2,1,Home Win,2021-2022
B1,2022-04-10,St Truiden,Standard,3,0,H,15.0,11.0,5.0,2.0,12.0,15.0,5.0,2.0,2.0,3.0,0.0,0.0,1.83,3.4,4.0,1.88,3.6,4.0,1.85,3.55,3.75,1.92,3.72,3.92,,,,1.87,3.6,3.9,1.94,3.75,4.0,1.89,3.61,3.89,17,1,2022,4,10,16,18,1,Home Win,2021-2022
B1,2022-07-22,Standard,Gent,2,2,D,7.0,25.0,3.0,9.0,14.0,13.0,2.0,12.0,5.0,2.0,1.0,0.0,4.2,3.6,1.85,4.0,3.5,1.9,3.8,3.45,1.9,4.27,3.67,1.89,3.6,3.4,2.0,4.1,3.5,1.85,4.7,3.69,1.91,4.07,3.53,1.88,19,0,2022,7,22,18,8,6,Draw,2022-2023
B1,2022-07-23,Charleroi,Eupen,3,1,H,12.0,8.0,5.0,7.0,10.0,12.0,2.0,1.0,2.0,1.0,0.0,0.0,1.61,3.6,4.75,1.68,4.0,4.75,1.67,3.95,4.6,1.68,4.35,4.69,1.75,3.8,4.2,1.65,3.9,4.8,1.75,4.4,4.8,1.67,4.05,4.59,15,1,2022,7,23,4,6,7,Home Win,2022-2023
B1,2022-07-23,Kortrijk,Oud-Heverlee Leuven,0,2,A,15.0,19.0,2.0,6.0,14.0,13.0,6.0,4.0,3.0,0.0,0.0,0.0,2.37,3.2,2.87,2.35,3.5,2.87,2.35,3.4,2.8,2.47,3.65,2.81,2.3,3.5,2.88,2.4,3.4,2.8,2.47,3.74,2.9,2.39,3.51,2.79,17,2,2022,7,23,9,13,7,Away Win,2022-2023
B1,2022-07-23,Waregem,Seraing,2,0,H,18.0,2.0,8.0,0.0,14.0,17.0,7.0,0.0,1.0,1.0,0.0,0.0,2.15,3.5,2.9,2.2,3.5,3.1,2.2,3.5,2.9,2.2,3.83,3.14,2.25,3.4,3.0,2.15,3.5,3.1,2.35,3.83,3.15,2.2,3.58,3.03,17,1,2022,7,23,20,15,7,Home Win,2022-2023
B1,2022-07-23,St Truiden,St. Gilloise,1,1,D,11.0,14.0,3.0,3.0,9.0,11.0,0.0,5.0,1.0,4.0,0.0,0.0,4.33,3.2,1.85,4.1,3.5,1.9,3.9,3.35,1.9,4.13,3.62,1.93,4.0,3.4,1.91,4.0,3.4,1.9,4.45,3.65,1.97,3.98,3.48,1.91,19,0,2022,7,23,16,17,7,Draw,2022-2023
B1,2022-07-24,Club Brugge,Genk,3,2,H,15.0,16.0,5.0,10.0,7.0,17.0,4.0,3.0,1.0,2.0,0.0,0.0,1.72,3.75,4.2,1.77,4.1,4.0,1.73,4.0,3.9,1.76,4.33,4.2,1.78,3.9,4.0,1.73,4.0,4.1,1.79,4.33,4.65,1.74,4.1,4.08,12,1,2022,7,24,5,7,1,Home Win,2022-2023
B1,2022-07-24,Mechelen,Antwerp,0,2,A,13.0,9.0,2.0,3.0,10.0,9.0,6.0,2.0,1.0,1.0,0.0,0.0,2.55,3.25,2.5,2.6,3.6,2.55,2.6,3.45,2.55,2.63,3.77,2.51,2.55,3.2,2.75,2.6,3.5,2.5,2.85,3.82,2.65,2.61,3.56,2.5,15,2,2022,7,24,10,1,1,Away Win,2022-2023
B1,2022-07-24,Anderlecht,Oostende,2,0,H,13.0,8.0,3.0,1.0,9.0,8.0,7.0,5.0,0.0,4.0,0.0,1.0,1.25,5.5,9.0,1.3,5.5,9.75,1.27,6.0,9.5,1.3,5.79,8.87,1.3,5.25,9.0,1.25,5.75,10.5,1.32,6.0,11.0,1.27,5.73,9.61,17,1,2022,7,24,0,12,1,Home Win,2022-2023
B1,2022-07-24,Westerlo,Cercle Brugge,2,0,H,18.0,4.0,8.0,0.0,12.0,20.0,3.0,4.0,1.0,5.0,0.0,1.0,2.5,3.2,2.7,2.6,3.4,2.6,2.5,3.25,2.65,2.61,3.39,2.74,2.7,3.3,2.5,2.55,3.25,2.7,2.8,3.57,2.79,2.56,3.32,2.68,20,1,2022,7,24,21,3,1,Home Win,2022-2023
B1,2022-07-29,St. Gilloise,Charleroi,1,0,H,16.0,5.0,6.0,4.0,11.0,5.0,8.0,4.0,2.0,1.0,0.0,0.0,1.65,4.0,5.0,1.7,3.9,5.0,1.75,3.65,4.6,1.68,3.96,5.24,,,,1.65,3.9,4.8,1.83,4.02,5.24,1.68,3.87,4.88,19,1,2022,7,29,17,4,6,Home Win,2022-2023
B1,2022-07-30,Cercle Brugge,Anderlecht,1,0,H,13.0,5.0,5.0,0.0,11.0,15.0,8.0,1.0,0.0,5.0,0.0,1.0,3.6,3.4,1.9,3.5,3.5,2.05,3.45,3.45,2.0,3.81,3.68,2.0,,,,3.7,3.5,1.95,3.92,3.68,2.05,3.62,3.53,1.99,15,1,2022,7,30,3,0,7,Home Win,2022-2023
B1,2022-07-30,Oostende,Mechelen,2,1,H,9.0,19.0,7.0,7.0,5.0,14.0,6.0,9.0,0.0,2.0,1.0,0.0,2.62,3.4,2.4,2.75,3.5,2.45,2.65,3.4,2.45,2.79,3.72,2.46,,,,2.7,3.4,2.45,2.85,3.72,2.53,2.71,3.5,2.44,17,1,2022,7,30,12,10,7,Home Win,2022-2023
B1,2022-07-30,Oud-Heverlee Leuven,Westerlo,2,0,H,11.0,14.0,5.0,0.0,11.0,15.0,5.0,6.0,2.0,3.0,0.0,1.0,2.5,3.4,2.62,2.5,3.4,2.75,2.45,3.35,2.75,2.56,3.63,2.73,,,,2.55,3.4,2.63,2.56,3.65,3.03,2.48,3.44,2.72,17,1,2022,7,30,13,21,7,Home Win,2022-2023
B1,2022-07-30,Gent,St Truiden,1,1,D,13.0,11.0,4.0,7.0,14.0,12.0,3.0,6.0,2.0,2.0,0.0,0.0,1.5,4.2,5.5,1.57,4.0,5.25,1.53,4.1,6.0,1.53,4.31,6.61,,,,1.5,4.0,6.5,1.57,4.33,6.61,1.54,4.08,6.04,19,0,2022,7,30,8,16,7,Draw,2022-2023
B1,2022-07-31,Genk,Standard,3,1,H,16.0,10.0,5.0,2.0,15.0,11.0,7.0,4.0,3.0,4.0,0.0,0.0,1.5,4.2,5.25,1.53,4.33,5.25,1.53,4.3,5.75,1.52,4.35,6.15,,,,1.5,4.2,6.0,1.55,4.5,6.3,1.51,4.31,5.82,12,1,2022,7,31,7,18,1,Home Win,2022-2023
B1,2022-07-31,Eupen,Club Brugge,2,1,H,13.0,13.0,6.0,5.0,18.0,13.0,5.0,7.0,4.0,2.0,1.0,0.0,5.25,4.75,1.5,5.75,4.6,1.49,6.0,4.7,1.45,6.13,4.92,1.46,,,,6.0,4.6,1.44,7.0,5.2,1.5,6.0,4.75,1.46,15,1,2022,7,31,6,5,1,Home Win,2022-2023
B1,2022-07-31,Seraing,Kortrijk,0,1,A,18.0,7.0,4.0,3.0,17.0,9.0,3.0,4.0,2.0,2.0,1.0,1.0,2.87,3.4,2.25,2.65,3.3,2.45,2.8,3.3,2.35,2.92,3.45,2.43,,,,2.9,3.3,2.38,3.0,3.47,2.48,2.86,3.34,2.4,17,2,2022,7,31,15,9,1,Away Win,2022-2023
B1,2022-07-31,Antwerp,Waregem,1,0,H,17.0,12.0,7.0,4.0,6.0,14.0,3.0,6.0,2.0,3.0,0.0,1.0,1.36,4.5,7.0,1.4,4.8,7.5,1.37,4.9,7.25,1.4,5.15,7.14,,,,1.36,4.8,8.0,1.44,5.3,8.0,1.38,4.91,7.28,20,1,2022,7,31,1,20,1,Home Win,2022-2023
B1,2022-08-05,Club Brugge,Waregem,1,1,D,23.0,7.0,7.0,4.0,7.0,17.0,7.0,4.0,2.0,3.0,0.0,0.0,1.22,6.0,9.0,1.29,6.25,9.25,1.27,6.0,10.0,1.27,6.84,9.3,,,,1.25,6.0,10.5,1.29,6.9,10.5,1.26,6.39,9.28,19,0,2022,8,5,5,20,6,Draw,2022-2023
B1,2022-08-06,Genk,Eupen,4,2,H,24.0,9.0,14.0,5.0,9.0,15.0,8.0,2.0,0.0,3.0,0.0,1.0,1.36,5.0,6.5,1.37,5.25,7.25,1.35,5.25,7.0,1.35,5.76,8.06,,,,1.33,5.25,7.5,1.38,5.8,8.25,1.35,5.3,7.43,15,1,2022,8,6,7,6,7,Home Win,2022-2023
B1,2022-08-06,Charleroi,Oostende,1,3,A,15.0,9.0,3.0,6.0,11.0,7.0,9.0,5.0,2.0,1.0,0.0,0.0,1.6,3.8,5.0,1.63,4.0,5.0,1.6,4.0,5.0,1.62,4.38,5.23,,,,1.6,4.0,5.25,1.7,4.38,5.25,1.61,4.1,5.04,17,2,2022,8,6,4,12,7,Away Win,2022-2023
B1,2022-08-06,Kortrijk,St Truiden,0,0,D,10.0,18.0,4.0,2.0,12.0,16.0,4.0,6.0,0.0,1.0,0.0,0.0,3.0,3.2,2.3,3.0,3.3,2.35,2.95,3.2,2.35,3.27,3.32,2.34,,,,3.1,3.25,2.3,3.3,3.45,2.4,3.07,3.26,2.33,17,0,2022,8,6,9,16,7,Draw,2022-2023
B1,2022-08-06,Mechelen,St. Gilloise,3,0,H,6.0,6.0,4.0,2.0,14.0,12.0,3.0,5.0,2.0,5.0,0.0,0.0,3.0,3.5,2.1,3.2,3.4,2.15,3.0,3.55,2.2,3.29,3.68,2.18,,,,3.13,3.6,2.1,3.31,3.77,2.2,3.14,3.58,2.14,19,1,2022,8,6,10,17,7,Home Win,2022-2023
B1,2022-08-07,Standard,Cercle Brugge,2,0,H,10.0,6.0,7.0,3.0,15.0,17.0,6.0,6.0,1.0,2.0,0.0,0.0,2.55,3.2,2.55,2.7,3.5,2.45,2.6,3.3,2.5,2.78,3.54,2.56,,,,2.7,3.3,2.5,2.9,3.56,2.6,2.7,3.38,2.51,12,1,2022,8,7,18,3,1,Home Win,2022-2023
B1,2022-08-07,Gent,Westerlo,2,1,H,15.0,9.0,5.0,3.0,11.0,10.0,10.0,7.0,2.0,0.0,0.0,0.0,1.61,4.0,4.75,1.65,4.0,5.0,1.65,3.9,4.8,1.68,3.82,5.2,,,,1.65,3.9,4.8,1.7,4.1,5.3,1.66,3.9,4.9,15,1,2022,8,7,8,21,1,Home Win,2022-2023
B1,2022-08-07,Anderlecht,Seraing,3,1,H,12.0,5.0,6.0,2.0,14.0,8.0,2.0,1.0,1.0,1.0,0.0,0.0,1.25,5.5,11.0,1.27,6.0,10.5,1.25,6.0,10.0,1.27,5.82,9.95,,,,1.22,5.75,11.5,1.3,6.04,11.5,1.26,5.84,10.28,17,1,2022,8,7,0,15,1,Home Win,2022-2023
B1,2022-08-07,Antwerp,Oud-Heverlee Leuven,4,2,H,17.0,8.0,4.0,4.0,7.0,11.0,8.0,7.0,2.0,1.0,0.0,0.0,1.61,4.0,4.75,1.65,4.0,5.0,1.6,4.0,4.9,1.59,4.35,5.25,,,,1.57,4.1,5.25,1.65,4.4,5.4,1.6,4.17,5.05,20,1,2022,8,7,1,13,1,Home Win,2022-2023
B1,2022-08-12,Oostende,Gent,1,3,A,8.0,13.0,2.0,7.0,9.0,7.0,2.0,6.0,3.0,1.0,0.0,0.0,4.75,3.75,1.7,4.8,3.9,1.71,4.7,3.9,1.65,4.87,4.21,1.68,,,,4.8,3.9,1.65,4.9,4.21,1.71,4.74,4.0,1.66,19,2,2022,8,12,12,8,6,Away Win,2022-2023
B1,2022-08-13,Westerlo,Standard,4,2,H,14.0,12.0,5.0,6.0,3.0,11.0,4.0,6.0,2.0,6.0,0.0,1.0,2.05,3.4,3.5,2.1,3.3,3.6,2.05,3.3,3.35,2.1,3.42,3.75,,,,2.05,3.3,3.6,2.15,3.61,3.75,2.07,3.37,3.53,15,1,2022,8,13,21,18,7,Home Win,2022-2023
B1,2022-08-13,Cercle Brugge,Mechelen,0,0,D,12.0,10.0,2.0,4.0,9.0,13.0,8.0,8.0,1.0,3.0,0.0,0.0,2.1,3.6,3.3,2.1,3.5,3.3,2.1,3.5,3.2,2.15,3.7,3.36,,,,2.1,3.4,3.3,2.15,3.76,3.4,2.1,3.55,3.29,17,0,2022,8,13,3,10,7,Draw,2022-2023
B1,2022-08-13,Seraing,Charleroi,0,1,A,11.0,13.0,3.0,5.0,8.0,13.0,4.0,6.0,2.0,2.0,0.0,0.0,4.33,3.5,1.8,4.2,3.7,1.82,3.8,3.65,1.85,4.22,3.83,1.82,,,,4.2,3.6,1.8,4.33,4.0,1.87,4.07,3.72,1.83,17,2,2022,8,13,15,4,7,Away Win,2022-2023
B1,2022-08-13,St. Gilloise,Kortrijk,2,1,H,17.0,6.0,9.0,2.0,22.0,11.0,5.0,1.0,0.0,3.0,0.0,0.0,1.4,4.75,7.0,1.46,4.5,6.75,1.43,4.5,6.75,1.46,4.65,6.61,,,,1.4,4.33,7.5,1.47,4.75,7.5,1.44,4.53,6.84,19,1,2022,8,13,17,9,7,Home Win,2022-2023
B1,2022-08-14,St Truiden,Anderlecht,0,3,A,12.0,10.0,6.0,7.0,13.0,11.0,6.0,5.0,4.0,3.0,0.0,0.0,3.6,3.5,2.0,3.7,3.5,2.0,3.45,3.45,2.05,3.59,3.5,2.08,,,,3.6,3.4,2.0,3.7,3.59,2.11,3.53,3.46,2.04,12,2,2022,8,14,16,0,1,Away Win,2022-2023
B1,2022-08-14,Eupen,Antwerp,0,1,A,16.0,9.0,5.0,3.0,12.0,9.0,6.0,3.0,4.0,0.0,0.0,0.0,4.0,3.6,1.85,3.8,3.75,1.88,3.55,3.65,1.95,3.65,3.85,1.95,,,,3.75,3.6,1.9,4.0,4.0,1.98,3.65,3.75,1.91,15,2,2022,8,14,6,1,1,Away Win,2022-2023
B1,2022-08-14,Oud-Heverlee Leuven,Club Brugge,0,3,A,13.0,12.0,2.0,6.0,6.0,12.0,7.0,5.0,3.0,2.0,0.0,0.0,5.25,3.75,1.65,4.5,4.2,1.68,4.6,4.0,1.65,4.62,4.19,1.68,,,,4.75,4.0,1.65,5.25,4.31,1.69,4.55,4.12,1.67,17,2,2022,8,14,13,5,1,Away Win,2022-2023
B1,2022-08-14,Waregem,Genk,1,4,A,15.0,15.0,6.0,6.0,14.0,16.0,4.0,8.0,4.0,2.0,0.0,0.0,4.33,3.8,1.72,4.2,4.0,1.75,3.85,3.9,1.75,4.19,4.41,1.71,,,,4.2,3.9,1.73,4.33,4.5,1.79,4.11,4.09,1.74,20,2,2022,8,14,20,7,1,Away Win,2022-2023
B1,2022-08-19,Eupen,Seraing,1,3,A,12.0,16.0,5.0,7.0,17.0,10.0,7.0,6.0,5.0,3.0,0.0,0.0,1.7,3.8,4.75,1.75,3.8,4.6,1.73,3.8,4.3,1.73,4.03,4.74,,,,1.7,3.8,4.6,1.75,4.03,5.0,1.71,3.84,4.58,19,2,2022,8,19,6,15,6,Away Win,2022-2023
B1,2022-08-20,Oostende,St Truiden,0,1,A,12.0,9.0,6.0,3.0,12.0,16.0,5.0,5.0,2.0,4.0,0.0,0.0,3.2,3.25,2.25,3.1,3.3,2.3,3.05,3.25,2.25,3.22,3.5,2.29,,,,3.13,3.2,2.3,3.38,3.5,2.31,3.12,3.33,2.27,15,2,2022,8,20,12,16,7,Away Win,2022-2023
B1,2022-08-20,Genk,Cercle Brugge,2,1,H,15.0,9.0,5.0,2.0,7.0,19.0,7.0,5.0,1.0,1.0,0.0,0.0,1.61,4.33,4.5,1.61,4.2,5.0,1.57,4.2,5.0,1.62,4.17,5.53,,,,1.6,4.0,5.25,1.64,4.4,5.8,1.59,4.17,5.14,17,1,2022,8,20,7,3,7,Home Win,2022-2023
B1,2022-08-21,Club Brugge,Kortrijk,2,1,H,29.0,9.0,12.0,2.0,16.0,12.0,15.0,2.0,3.0,3.0,0.0,1.0,1.33,5.0,9.5,1.33,5.5,8.5,1.33,5.5,8.25,1.29,6.02,10.23,,,,1.3,5.25,9.0,1.33,6.02,10.5,1.31,5.5,9.0,12,1,2022,8,21,5,9,1,Home Win,2022-2023
B1,2022-08-21,Waregem,Charleroi,1,3,A,9.0,15.0,4.0,6.0,5.0,7.0,2.0,5.0,2.0,0.0,0.0,0.0,3.1,3.75,2.15,3.1,3.6,2.05,3.0,3.6,2.1,3.11,3.85,2.16,,,,3.2,3.6,2.1,3.3,3.9,2.17,3.12,3.7,2.13,15,2,2022,8,21,20,4,1,Away Win,2022-2023
B1,2022-08-21,Standard,Oud-Heverlee Leuven,1,3,A,25.0,7.0,8.0,5.0,11.0,15.0,10.0,3.0,3.0,4.0,0.0,1.0,1.95,3.75,3.4,2.0,3.7,3.4,2.05,3.65,3.2,2.01,3.78,3.51,,,,2.0,3.6,3.4,2.1,3.83,3.55,2.02,3.68,3.39,17,2,2022,8,21,18,13,1,Away Win,2022-2023
B1,2022-08-21,Mechelen,Westerlo,5,4,H,14.0,14.0,7.0,8.0,11.0,7.0,4.0,5.0,1.0,2.0,0.0,0.0,2.62,3.25,2.7,2.55,3.4,2.65,2.5,3.35,2.55,2.49,3.65,2.71,,,,2.55,3.3,2.7,2.62,3.69,2.8,2.51,3.46,2.66,20,1,2022,8,21,10,21,1,Home Win,2022-2023
B1,2022-08-26,Charleroi,Club Brugge,1,3,A,21.0,16.0,6.0,6.0,9.0,6.0,2.0,5.0,1.0,0.0,0.0,0.0,3.6,3.8,1.95,3.7,3.75,1.93,3.4,3.65,1.97,3.7,3.79,2.0,,,,3.5,3.7,1.95,4.05,3.97,2.01,3.59,3.74,1.95,19,2,2022,8,26,4,5,6,Away Win,2022-2023
B1,2022-08-27,Seraing,Genk,0,4,A,10.0,11.0,3.0,4.0,10.0,13.0,5.0,2.0,2.0,3.0,0.0,0.0,5.75,4.5,1.5,5.25,4.33,1.44,5.75,4.5,1.5,6.01,4.54,1.54,,,,6.0,4.2,1.5,6.01,4.75,1.55,5.73,4.5,1.5,15,2,2022,8,27,15,7,7,Away Win,2022-2023
B1,2022-08-27,Cercle Brugge,Waregem,1,1,D,23.0,8.0,6.0,4.0,10.0,16.0,6.0,4.0,1.0,2.0,0.0,0.0,1.75,3.75,4.5,1.82,3.8,4.1,1.75,3.85,3.95,1.81,4.0,4.28,,,,1.8,3.6,4.2,1.82,4.1,4.55,1.78,3.87,4.16,17,0,2022,8,27,3,20,7,Draw,2022-2023
B1,2022-08-27,Oud-Heverlee Leuven,Oostende,2,1,H,11.0,15.0,6.0,5.0,9.0,15.0,2.0,7.0,1.0,3.0,0.0,0.0,1.95,3.5,3.6,2.0,3.7,3.4,2.0,3.65,3.25,2.04,3.82,3.56,,,,2.0,3.4,3.5,2.15,3.85,3.6,2.01,3.68,3.4,17,1,2022,8,27,13,12,7,Home Win,2022-2023
B1,2022-08-27,St Truiden,Mechelen,3,1,H,10.0,2.0,4.0,2.0,10.0,15.0,4.0,3.0,1.0,3.0,0.0,0.0,2.1,3.3,3.4,2.1,3.5,3.3,2.1,3.4,3.2,2.24,3.46,3.35,,,,2.2,3.2,3.2,2.24,3.63,3.5,2.15,3.44,3.27,19,1,2022,8,27,16,10,7,Home Win,2022-2023
B1,2022-08-28,Gent,Antwerp,1,2,A,15.0,6.0,4.0,4.0,12.0,11.0,6.0,2.0,2.0,3.0,0.0,0.0,1.9,3.6,3.75,1.95,3.7,3.6,1.95,3.65,3.45,1.99,3.43,4.15,,,,1.95,3.4,3.7,2.09,3.85,4.15,1.95,3.59,3.7,12,2,2022,8,28,8,1,1,Away Win,2022-2023
B1,2022-08-28,Kortrijk,Standard,0,1,A,6.0,16.0,2.0,5.0,10.0,19.0,4.0,9.0,4.0,3.0,1.0,0.0,2.7,3.25,2.62,2.5,3.5,2.65,2.55,3.4,2.5,2.71,3.59,2.53,,,,2.7,3.25,2.55,2.71,3.63,2.75,2.62,3.45,2.55,15,2,2022,8,28,9,18,1,Away Win,2022-2023
B1,2022-08-28,St. Gilloise,Anderlecht,2,1,H,11.0,9.0,6.0,5.0,11.0,8.0,7.0,7.0,3.0,1.0,0.0,0.0,2.25,3.3,3.2,2.2,3.6,3.1,2.2,3.5,2.95,2.17,3.55,3.3,,,,2.25,3.3,3.13,2.27,3.71,3.33,2.19,3.5,3.13,17,1,2022,8,28,17,0,1,Home Win,2022-2023
B1,2022-08-28,Westerlo,Eupen,0,1,A,7.0,15.0,5.0,2.0,10.0,15.0,5.0,10.0,2.0,1.0,0.0,0.0,1.85,3.5,4.2,1.82,3.6,4.2,1.83,3.6,3.95,,,,,,,1.8,3.5,4.33,1.97,3.81,4.33,1.84,3.59,4.16,20,2,2022,8,28,21,6,1,Away Win,2022-2023
B1,2022-08-31,Antwerp,St. Gilloise,4,2,H,10.0,8.0,4.0,3.0,11.0,10.0,4.0,3.0,2.0,0.0,0.0,2.0,2.75,3.25,2.55,2.6,3.3,2.7,2.6,3.3,2.5,2.82,3.45,2.58,,,,2.8,3.2,2.5,2.87,3.5,2.7,2.72,3.37,2.52,19,1,2022,8,31,1,17,4,Home Win,2022-2023
B1,2022-09-01,Anderlecht,Gent,0,1,A,10.0,10.0,1.0,5.0,10.0,13.0,5.0,3.0,2.0,2.0,0.0,0.0,2.2,3.4,3.3,2.15,3.4,3.3,2.2,3.4,3.05,2.11,3.64,3.37,,,,2.15,3.3,3.3,2.25,3.75,3.38,2.12,3.54,3.23,19,2,2022,9,1,0,8,5,Away Win,2022-2023
B1,2022-09-02,Club Brugge,Cercle Brugge,4,0,H,8.0,13.0,4.0,2.0,10.0,18.0,7.0,4.0,1.0,2.0,0.0,0.0,1.6,4.33,4.5,1.61,4.33,5.25,1.6,4.2,4.9,1.6,4.34,5.56,,,,1.57,4.1,5.25,1.62,4.35,6.0,1.59,4.18,5.15,19,1,2022,9,2,5,3,6,Home Win,2022-2023
B1,2022-09-03,Genk,St Truiden,0,0,D,17.0,8.0,4.0,3.0,13.0,12.0,8.0,6.0,1.0,3.0,0.0,0.0,1.65,4.0,5.0,1.63,4.1,5.0,1.63,4.0,4.8,1.66,4.18,5.11,,,,1.65,3.9,4.8,1.7,4.2,5.11,1.65,4.03,4.82,15,0,2022,9,3,7,16,7,Draw,2022-2023
B1,2022-09-03,Eupen,Kortrijk,0,1,A,21.0,14.0,5.0,3.0,16.0,7.0,8.0,4.0,5.0,3.0,0.0,0.0,2.25,3.4,3.1,2.25,3.5,3.1,2.2,3.35,3.0,2.27,3.52,3.24,,,,2.25,3.3,3.13,2.4,3.71,3.24,2.23,3.43,3.09,17,2,2022,9,3,6,9,7,Away Win,2022-2023
B1,2022-09-03,Mechelen,Seraing,2,3,A,8.0,6.0,5.0,2.0,14.0,17.0,9.0,3.0,2.0,2.0,0.0,0.0,1.57,4.33,5.25,1.58,4.2,5.25,1.57,4.2,5.25,1.56,4.45,5.83,,,,1.55,4.0,5.75,1.6,4.5,6.5,1.56,4.27,5.41,17,2,2022,9,3,10,15,7,Away Win,2022-2023
B1,2022-09-03,Standard,Oostende,1,0,H,15.0,14.0,5.0,5.0,10.0,7.0,5.0,4.0,2.0,2.0,0.0,0.0,2.0,3.5,3.75,2.05,3.6,3.4,2.05,3.55,3.35,1.99,3.82,3.7,,,,1.95,3.5,3.6,2.14,3.84,3.75,2.0,3.64,3.5,19,1,2022,9,3,18,12,7,Home Win,2022-2023
B1,2022-09-04,Anderlecht,Oud-Heverlee Leuven,2,2,D,21.0,12.0,6.0,4.0,11.0,13.0,12.0,2.0,3.0,1.0,0.0,0.0,1.4,5.0,8.5,1.38,5.25,7.5,1.37,5.25,7.0,1.38,5.41,7.85,,,,1.33,5.0,8.0,1.4,5.41,8.5,1.37,5.12,7.46,12,0,2022,9,4,0,13,1,Draw,2022-2023
B1,2022-09-04,Antwerp,Westerlo,3,0,H,12.0,11.0,3.0,3.0,10.0,8.0,3.0,6.0,0.0,2.0,0.0,0.0,1.9,4.0,3.6,1.95,3.6,3.75,1.95,3.65,3.5,1.91,3.81,3.84,,,,1.9,3.5,3.9,1.97,4.0,4.0,1.91,3.68,3.76,15,1,2022,9,4,1,21,1,Home Win,2022-2023
B1,2022-09-04,Charleroi,Gent,2,1,H,14.0,9.0,7.0,1.0,6.0,6.0,4.0,4.0,2.0,0.0,0.0,1.0,3.4,3.4,2.1,3.3,3.5,2.15,3.05,3.4,2.15,3.31,3.72,2.11,,,,3.3,3.4,2.1,3.55,3.75,2.2,3.25,3.54,2.11,17,1,2022,9,4,4,8,1,Home Win,2022-2023
B1,2022-09-04,Waregem,St. Gilloise,1,3,A,9.0,12.0,1.0,4.0,14.0,16.0,7.0,3.0,3.0,3.0,0.0,1.0,5.25,3.75,1.65,4.6,3.8,1.73,4.4,3.8,1.7,4.71,4.12,1.68,,,,5.0,3.75,1.67,5.25,4.2,1.74,4.66,3.92,1.69,20,2,2022,9,4,20,17,1,Away Win,2022-2023
B1,2022-09-09,St Truiden,Standard,1,2,A,22.0,11.0,5.0,2.0,12.0,14.0,7.0,0.0,0.0,3.0,0.0,0.0,2.15,3.3,3.3,2.2,3.4,3.3,2.15,3.35,3.15,2.23,3.42,3.42,,,,2.15,3.3,3.25,2.23,3.53,3.65,2.17,3.41,3.26,19,2,2022,9,9,16,18,6,Away Win,2022-2023
B1,2022-09-10,Kortrijk,Mechelen,1,4,A,12.0,10.0,3.0,5.0,7.0,13.0,10.0,3.0,3.0,5.0,0.0,0.0,2.6,3.4,2.6,2.55,3.6,2.55,2.55,3.5,2.55,2.65,3.79,2.55,,,,2.6,3.4,2.55,2.66,3.79,2.75,2.59,3.58,2.53,15,2,2022,9,10,9,10,7,Away Win,2022-2023
B1,2022-09-10,Oostende,Eupen,1,0,H,10.0,13.0,5.0,3.0,14.0,19.0,3.0,6.0,5.0,3.0,1.0,0.0,2.1,3.6,3.3,2.1,3.7,3.2,2.1,3.6,3.05,2.12,3.85,3.32,,,,2.1,3.5,3.25,2.25,3.88,3.32,2.1,3.68,3.18,17,1,2022,9,10,12,6,7,Home Win,2022-2023
B1,2022-09-10,Seraing,Club Brugge,0,2,A,4.0,11.0,1.0,4.0,20.0,9.0,2.0,1.0,4.0,2.0,0.0,0.0,7.5,4.75,1.4,6.5,4.75,1.46,6.5,4.7,1.43,7.6,4.73,1.44,,,,7.0,4.6,1.4,8.25,4.8,1.47,6.87,4.66,1.43,17,2,2022,9,10,15,5,7,Away Win,2022-2023
B1,2022-09-10,Oud-Heverlee Leuven,Charleroi,3,2,H,10.0,7.0,4.0,5.0,10.0,14.0,2.0,1.0,1.0,4.0,0.0,0.0,2.75,3.5,2.37,2.7,3.75,2.35,2.65,3.7,2.3,2.84,3.87,2.36,,,,2.8,3.6,2.3,3.0,3.87,2.38,2.76,3.72,2.32,19,1,2022,9,10,13,4,7,Home Win,2022-2023
B1,2022-09-11,Westerlo,Anderlecht,2,1,H,13.0,12.0,6.0,3.0,9.0,15.0,1.0,6.0,2.0,3.0,0.0,0.0,2.8,3.3,2.45,2.8,3.5,2.4,2.7,3.35,2.4,2.94,3.58,2.35,,,,2.8,3.4,2.38,3.2,3.64,2.45,2.84,3.47,2.36,12,1,2022,9,11,21,0,1,Home Win,2022-2023
B1,2022-09-11,Cercle Brugge,Antwerp,0,2,A,13.0,11.0,6.0,4.0,9.0,13.0,3.0,3.0,1.0,3.0,0.0,0.0,2.8,3.4,2.4,2.85,3.5,2.37,2.75,3.4,2.4,2.98,3.6,2.32,,,,2.9,3.3,2.38,3.0,3.66,2.4,2.88,3.48,2.33,15,2,2022,9,11,3,1,1,Away Win,2022-2023
B1,2022-09-11,St. Gilloise,Genk,1,2,A,10.0,14.0,3.0,4.0,14.0,12.0,4.0,5.0,4.0,3.0,0.0,0.0,2.05,3.5,3.4,2.1,3.6,3.2,2.05,3.55,3.15,2.13,3.6,3.36,,,,2.1,3.5,3.3,2.15,3.8,3.45,2.09,3.57,3.28,17,2,2022,9,11,17,7,1,Away Win,2022-2023
B1,2022-09-11,Gent,Waregem,2,0,H,23.0,5.0,6.0,1.0,7.0,10.0,4.0,4.0,0.0,2.0,0.0,0.0,1.33,5.0,8.0,1.35,5.25,8.0,1.35,5.25,8.0,1.36,5.34,7.68,,,,1.33,5.0,8.5,1.38,5.5,8.55,1.35,5.14,7.79,20,1,2022,9,11,8,20,1,Home Win,2022-2023
B1,2022-09-16,Antwerp,Seraing,2,1,H,12.0,10.0,4.0,2.0,12.0,12.0,5.0,3.0,3.0,2.0,0.0,0.0,1.33,5.25,8.0,1.33,5.25,9.25,1.33,5.25,8.0,1.34,5.48,9.11,,,,1.3,5.25,9.0,1.35,5.6,9.3,1.33,5.23,8.53,19,1,2022,9,16,1,15,6,Home Win,2022-2023
B1,2022-09-17,Mechelen,Oud-Heverlee Leuven,0,0,D,12.0,10.0,2.0,1.0,8.0,8.0,10.0,1.0,2.0,2.0,1.0,0.0,1.85,3.8,3.8,1.93,3.9,3.5,1.9,3.85,3.45,1.91,4.11,3.72,,,,1.9,3.75,3.6,2.0,4.2,4.0,1.91,3.94,3.53,15,0,2022,9,17,10,13,7,Draw,2022-2023
B1,2022-09-17,Cercle Brugge,Oostende,2,2,D,18.0,16.0,6.0,7.0,11.0,10.0,10.0,7.0,1.0,3.0,0.0,0.0,1.8,3.5,4.5,1.75,3.8,4.5,1.75,3.7,4.1,1.82,3.94,4.28,,,,1.8,3.5,4.4,1.9,3.95,4.5,1.79,3.73,4.23,17,0,2022,9,17,3,12,7,Draw,2022-2023
B1,2022-09-17,Waregem,St Truiden,0,3,A,4.0,18.0,2.0,8.0,13.0,15.0,0.0,4.0,1.0,3.0,1.0,0.0,2.87,3.25,2.45,2.75,3.4,2.45,2.75,3.3,2.4,2.89,3.51,2.49,,,,2.8,3.25,2.45,3.15,3.55,2.49,2.82,3.37,2.43,17,2,2022,9,17,20,16,7,Away Win,2022-2023
B1,2022-09-17,Charleroi,Westerlo,2,3,A,14.0,7.0,4.0,3.0,9.0,4.0,1.0,0.0,0.0,0.0,0.0,0.0,2.1,3.5,3.4,2.15,3.6,3.1,2.2,3.45,3.0,2.2,3.71,3.24,,,,2.2,3.4,3.13,2.25,3.71,3.55,2.16,3.55,3.16,19,2,2022,9,17,4,21,7,Away Win,2022-2023
B1,2022-09-18,Genk,Gent,1,0,H,10.0,9.0,6.0,0.0,13.0,11.0,5.0,5.0,2.0,2.0,0.0,0.0,2.2,3.4,3.1,2.2,3.6,3.0,2.15,3.5,3.0,2.14,3.74,3.23,,,,2.2,3.4,3.13,2.28,3.83,3.23,2.19,3.58,3.04,12,1,2022,9,18,7,8,1,Home Win,2022-2023
B1,2022-09-18,Eupen,St. Gilloise,1,2,A,9.0,12.0,4.0,3.0,8.0,19.0,5.0,5.0,3.0,2.0,1.0,0.0,4.0,3.5,1.9,3.7,3.75,1.9,3.6,3.65,1.9,3.99,3.93,1.85,,,,3.9,3.6,1.87,4.35,3.98,1.92,3.8,3.73,1.87,15,2,2022,9,18,6,17,1,Away Win,2022-2023
B1,2022-09-18,Standard,Club Brugge,3,0,H,9.0,10.0,6.0,1.0,10.0,14.0,1.0,8.0,4.0,2.0,1.0,0.0,3.8,3.6,1.9,3.6,3.9,1.9,3.55,3.65,1.95,3.78,3.72,1.95,,,,3.75,3.6,1.91,4.5,3.9,1.97,3.68,3.71,1.91,17,1,2022,9,18,18,5,1,Home Win,2022-2023
B1,2022-09-18,Anderlecht,Kortrijk,4,1,H,12.0,8.0,5.0,3.0,17.0,8.0,9.0,6.0,1.0,2.0,0.0,0.0,1.33,5.5,7.5,1.36,5.0,8.25,1.33,5.25,8.0,1.34,5.34,8.72,,,,1.33,4.8,9.0,1.4,5.5,9.0,1.34,5.12,8.29,20,1,2022,9,18,0,9,1,Home Win,2022-2023
B1,2022-09-30,Standard,Seraing,0,2,A,13.0,10.0,3.0,3.0,9.0,14.0,9.0,4.0,1.0,4.0,0.0,0.0,1.65,4.0,5.25,1.63,4.0,5.25,1.65,3.85,5.0,1.62,4.18,5.76,1.57,3.9,5.5,1.6,3.9,5.25,1.67,4.2,5.8,1.61,4.03,5.23,19,2,2022,9,30,18,15,6,Away Win,2022-2023
B1,2022-10-01,Oud-Heverlee Leuven,St. Gilloise,0,3,A,8.0,11.0,2.0,6.0,7.0,15.0,6.0,8.0,2.0,3.0,0.0,0.0,4.5,3.75,1.72,4.4,4.0,1.73,3.95,3.9,1.73,4.3,4.11,1.81,4.5,3.8,1.7,4.2,3.75,1.75,4.7,4.2,1.81,4.18,3.93,1.76,15,2,2022,10,1,13,17,7,Away Win,2022-2023
B1,2022-10-01,Oostende,Genk,1,2,A,12.0,10.0,7.0,5.0,17.0,10.0,2.0,6.0,1.0,1.0,1.0,0.0,4.2,3.8,1.75,3.8,3.9,1.85,3.75,3.85,1.8,4.19,4.25,1.8,4.2,3.7,1.8,4.0,3.75,1.8,4.5,4.25,1.85,3.97,3.97,1.79,17,2,2022,10,1,12,7,7,Away Win,2022-2023
B1,2022-10-01,Westerlo,Waregem,2,0,H,9.0,12.0,4.0,3.0,12.0,11.0,5.0,12.0,3.0,3.0,0.0,0.0,1.57,4.0,5.25,1.57,4.2,5.5,1.6,4.1,5.25,1.62,4.45,5.34,1.57,3.9,5.5,1.57,4.0,5.5,1.67,4.45,5.5,1.59,4.18,5.25,17,1,2022,10,1,21,20,7,Home Win,2022-2023
B1,2022-10-01,Club Brugge,Mechelen,3,0,H,21.0,6.0,10.0,2.0,2.0,10.0,5.0,3.0,0.0,0.0,0.0,0.0,1.45,4.5,5.75,1.5,4.5,6.0,1.47,4.6,6.0,1.46,5.09,6.72,1.5,4.33,5.8,1.44,4.5,6.5,1.5,5.09,6.75,1.46,4.71,6.16,19,1,2022,10,1,5,10,7,Home Win,2022-2023
B1,2022-10-02,Anderlecht,Charleroi,0,1,A,21.0,5.0,8.0,2.0,9.0,14.0,14.0,5.0,2.0,3.0,0.0,0.0,1.6,4.0,5.0,1.62,4.1,5.25,1.6,4.1,5.25,1.63,4.25,5.05,1.6,4.0,5.25,1.6,3.9,5.25,1.67,4.4,5.25,1.61,4.16,5.02,12,2,2022,10,2,0,4,1,Away Win,2022-2023
B1,2022-10-02,Gent,Cercle Brugge,3,4,A,12.0,14.0,7.0,5.0,15.0,15.0,6.0,4.0,3.0,5.0,0.0,0.0,1.6,4.0,5.0,1.66,3.9,5.0,1.6,3.95,5.25,1.63,4.01,5.4,1.65,3.6,5.25,1.62,3.75,5.5,1.66,4.15,5.75,1.62,3.96,5.16,15,2,2022,10,2,8,3,1,Away Win,2022-2023
B1,2022-10-02,Kortrijk,Antwerp,2,1,H,13.0,21.0,4.0,5.0,8.0,13.0,0.0,7.0,4.0,1.0,0.0,0.0,4.5,3.75,1.72,4.4,3.7,1.78,4.1,3.7,1.75,4.43,3.94,1.76,4.5,3.6,1.75,4.5,3.6,1.75,4.6,4.0,1.83,4.36,3.8,1.75,17,1,2022,10,2,9,1,1,Home Win,2022-2023
B1,2022-10-02,St Truiden,Eupen,0,1,A,22.0,8.0,6.0,4.0,8.0,13.0,10.0,1.0,1.0,2.0,0.0,0.0,1.72,3.75,4.33,1.78,3.7,4.5,1.77,3.65,4.2,1.82,3.67,4.42,1.78,3.5,4.5,1.75,3.5,4.75,1.84,3.8,4.75,1.78,3.64,4.4,20,2,2022,10,2,16,6,1,Away Win,2022-2023
B1,2022-10-07,Antwerp,St Truiden,2,0,H,11.0,4.0,4.0,3.0,15.0,9.0,6.0,2.0,1.0,3.0,0.0,1.0,1.9,3.6,3.8,1.98,3.4,4.0,1.95,3.4,3.75,1.97,3.41,4.29,,,,1.9,3.4,4.0,2.01,3.6,4.29,1.94,3.41,3.99,19,1,2022,10,7,1,16,6,Home Win,2022-2023
B1,2022-10-08,Genk,Kortrijk,2,1,H,28.0,6.0,7.0,2.0,12.0,13.0,10.0,3.0,4.0,0.0,0.0,0.0,1.3,5.5,8.5,1.31,5.75,8.75,1.3,6.0,9.0,1.29,6.07,10.1,,,,1.29,5.5,10.0,1.32,6.2,10.1,1.29,5.72,9.29,15,1,2022,10,8,7,9,7,Home Win,2022-2023
B1,2022-10-08,Seraing,Oostende,1,1,D,13.0,13.0,2.0,2.0,11.0,10.0,3.0,9.0,1.0,1.0,1.0,0.0,2.75,3.4,2.4,2.85,3.4,2.45,2.7,3.35,2.45,2.83,3.5,2.53,,,,2.8,3.25,2.45,3.0,3.55,2.53,2.81,3.4,2.44,17,0,2022,10,8,15,12,7,Draw,2022-2023
B1,2022-10-08,Waregem,Oud-Heverlee Leuven,2,5,A,11.0,14.0,2.0,7.0,15.0,9.0,4.0,6.0,6.0,2.0,0.0,0.0,2.62,3.6,2.45,2.65,3.6,2.45,2.6,3.6,2.45,2.65,3.92,2.5,,,,2.7,3.6,2.4,2.72,4.0,2.5,2.63,3.74,2.43,17,2,2022,10,8,20,13,7,Away Win,2022-2023
B1,2022-10-08,Club Brugge,Westerlo,0,2,A,29.0,10.0,12.0,5.0,4.0,9.0,11.0,3.0,0.0,1.0,0.0,0.0,1.53,4.33,5.25,1.58,4.33,5.25,1.55,4.3,5.25,1.59,4.4,5.56,,,,1.53,4.2,5.5,1.59,4.6,5.95,1.56,4.3,5.31,19,2,2022,10,8,5,21,7,Away Win,2022-2023
B1,2022-10-09,Mechelen,Anderlecht,1,3,A,19.0,13.0,3.0,7.0,11.0,13.0,5.0,7.0,1.0,4.0,0.0,0.0,3.75,3.75,1.85,3.8,3.75,1.88,3.55,3.7,1.9,3.85,3.84,1.9,,,,3.9,3.5,1.87,3.9,3.93,1.95,3.75,3.77,1.89,12,2,2022,10,9,10,0,1,Away Win,2022-2023
B1,2022-10-09,Eupen,Gent,0,4,A,10.0,13.0,1.0,6.0,15.0,15.0,6.0,9.0,2.0,2.0,0.0,0.0,4.2,3.6,1.75,4.0,3.8,1.83,3.85,3.7,1.83,4.49,3.85,1.77,,,,4.2,3.5,1.83,4.6,3.91,1.86,4.19,3.75,1.8,15,2,2022,10,9,6,8,1,Away Win,2022-2023
B1,2022-10-09,Charleroi,Standard,0,1,A,10.0,4.0,3.0,1.0,19.0,14.0,3.0,1.0,3.0,4.0,1.0,2.0,2.1,3.5,3.2,2.1,3.7,3.25,2.15,3.55,3.05,2.1,3.84,3.24,,,,2.1,3.5,3.2,2.17,3.87,3.28,2.12,3.66,3.16,17,2,2022,10,9,4,18,1,Away Win,2022-2023
B1,2022-10-09,St. Gilloise,Cercle Brugge,2,1,H,17.0,13.0,7.0,5.0,10.0,7.0,3.0,4.0,0.0,1.0,0.0,0.0,1.53,4.2,5.25,1.61,4.2,5.0,1.6,4.1,5.25,1.65,4.11,5.03,,,,1.6,3.8,5.5,1.66,4.25,5.5,1.6,4.1,5.13,20,1,2022,10,9,17,3,1,Home Win,2022-2023
B1,2022-10-14,Westerlo,Seraing,2,2,D,10.0,2.0,3.0,2.0,10.0,10.0,5.0,2.0,0.0,1.0,0.0,0.0,1.57,3.8,5.75,1.63,3.9,5.75,1.57,3.95,5.75,1.61,4.0,5.99,,,,1.57,3.8,5.75,1.67,4.04,6.2,1.6,3.88,5.66,19,0,2022,10,14,21,15,6,Draw,2022-2023
B1,2022-10-15,Kortrijk,Waregem,1,3,A,8.0,15.0,5.0,8.0,14.0,16.0,3.0,5.0,4.0,4.0,0.0,0.0,1.95,3.75,3.5,2.0,3.7,3.4,2.0,3.6,3.3,2.0,3.97,3.41,,,,2.0,3.5,3.5,2.05,3.97,3.65,2.0,3.72,3.42,15,2,2022,10,15,9,20,7,Away Win,2022-2023
B1,2022-10-15,Cercle Brugge,Eupen,5,1,H,18.0,2.0,10.0,2.0,20.0,9.0,2.0,2.0,2.0,2.0,0.0,0.0,1.8,3.6,4.2,1.85,3.7,4.0,1.85,3.65,3.8,1.87,3.87,4.14,,,,1.83,3.6,4.1,1.9,3.9,4.2,1.84,3.71,4.02,17,1,2022,10,15,3,6,7,Home Win,2022-2023
B1,2022-10-15,St Truiden,Charleroi,2,1,H,10.0,7.0,3.0,2.0,11.0,14.0,4.0,4.0,1.0,2.0,0.0,0.0,2.1,3.3,3.5,2.15,3.4,3.3,2.15,3.3,3.3,2.18,3.35,3.61,,,,2.2,3.25,3.3,2.3,3.48,3.61,2.15,3.33,3.4,17,1,2022,10,15,16,4,7,Home Win,2022-2023
B1,2022-10-15,Oud-Heverlee Leuven,Genk,0,1,A,19.0,13.0,7.0,1.0,9.0,15.0,11.0,9.0,3.0,2.0,0.0,1.0,4.33,4.2,1.66,4.4,4.1,1.7,4.0,4.1,1.7,4.5,4.39,1.7,,,,4.4,3.9,1.7,4.6,4.4,1.75,4.3,4.19,1.7,19,2,2022,10,15,13,7,7,Away Win,2022-2023
B1,2022-10-16,Standard,Antwerp,3,0,H,6.0,13.0,4.0,2.0,14.0,14.0,2.0,6.0,2.0,3.0,0.0,0.0,2.87,3.5,2.3,2.85,3.5,2.35,2.75,3.5,2.35,2.93,3.68,2.32,,,,2.9,3.3,2.38,3.08,3.7,2.4,2.88,3.52,2.33,12,1,2022,10,16,18,1,1,Home Win,2022-2023
B1,2022-10-16,Gent,Mechelen,3,0,H,19.0,8.0,9.0,1.0,12.0,14.0,5.0,2.0,1.0,3.0,0.0,1.0,1.45,4.5,6.0,1.52,4.33,6.0,1.47,4.5,6.0,1.5,4.59,6.07,,,,1.5,4.2,6.5,1.55,4.7,6.5,1.49,4.45,5.97,15,1,2022,10,16,8,10,1,Home Win,2022-2023
B1,2022-10-16,Anderlecht,Club Brugge,0,1,A,12.0,11.0,4.0,4.0,15.0,15.0,6.0,7.0,1.0,3.0,0.0,1.0,2.5,3.5,2.7,2.55,3.5,2.6,2.45,3.45,2.6,2.56,3.8,2.56,,,,2.55,3.4,2.6,2.7,3.8,2.7,2.53,3.57,2.58,17,2,2022,10,16,0,5,1,Away Win,2022-2023
B1,2022-10-16,Oostende,St. Gilloise,1,6,A,11.0,17.0,3.0,8.0,10.0,9.0,6.0,4.0,2.0,2.0,0.0,0.0,4.33,3.75,1.75,4.1,3.75,1.82,3.95,3.75,1.8,4.29,3.87,1.8,,,,4.33,3.6,1.8,4.65,3.99,1.83,4.17,3.78,1.79,20,2,2022,10,16,12,17,1,Away Win,2022-2023
B1,2022-10-18,Charleroi,Kortrijk,2,2,D,11.0,12.0,5.0,6.0,22.0,7.0,4.0,9.0,3.0,1.0,0.0,0.0,1.66,4.0,4.5,1.71,3.9,4.8,1.75,3.75,4.1,1.69,4.13,4.94,1.78,3.7,4.2,1.65,3.9,4.75,1.75,4.13,4.94,1.69,3.95,4.65,17,0,2022,10,18,4,9,3,Draw,2022-2023
B1,2022-10-18,Eupen,Oud-Heverlee Leuven,4,2,H,22.0,8.0,9.0,4.0,10.0,11.0,6.0,3.0,3.0,2.0,0.0,0.0,2.62,3.5,2.45,2.8,3.6,2.45,2.85,3.55,2.25,2.73,3.65,2.54,2.75,3.4,2.4,2.63,3.6,2.45,3.0,3.7,2.54,2.71,3.55,2.45,17,1,2022,10,18,6,13,3,Home Win,2022-2023
B1,2022-10-18,Genk,Westerlo,6,1,H,23.0,6.0,10.0,5.0,8.0,7.0,7.0,1.0,1.0,0.0,0.0,1.0,1.57,4.2,5.0,1.62,4.4,4.8,1.6,4.2,4.8,1.61,4.5,5.16,1.57,4.0,5.5,1.55,4.33,5.25,1.62,4.6,5.5,1.59,4.32,5.02,19,1,2022,10,18,7,21,3,Home Win,2022-2023
B1,2022-10-18,Seraing,Cercle Brugge,0,1,A,5.0,13.0,3.0,2.0,13.0,20.0,1.0,1.0,5.0,3.0,1.0,0.0,3.8,3.6,1.9,3.9,3.6,1.95,2.65,3.35,2.5,4.03,3.68,1.94,3.6,3.4,2.0,3.9,3.5,1.9,4.2,3.68,1.97,3.83,3.56,1.93,19,2,2022,10,18,15,3,3,Away Win,2022-2023
B1,2022-10-19,St. Gilloise,Gent,2,0,H,17.0,2.0,3.0,2.0,7.0,13.0,3.0,4.0,1.0,2.0,0.0,1.0,2.05,3.4,3.4,2.15,3.6,3.2,2.15,3.45,3.2,2.2,3.45,3.44,2.1,3.4,3.3,2.15,3.3,3.3,2.3,3.69,3.45,2.13,3.47,3.29,17,1,2022,10,19,17,8,4,Home Win,2022-2023
B1,2022-10-19,Club Brugge,St Truiden,3,0,H,12.0,7.0,7.0,2.0,14.0,14.0,8.0,1.0,2.0,2.0,0.0,1.0,1.5,4.5,5.75,1.46,4.5,6.5,1.45,4.4,6.5,1.48,4.73,6.62,1.44,4.2,7.0,1.45,4.2,7.0,1.5,4.75,7.0,1.46,4.49,6.55,19,1,2022,10,19,5,16,4,Home Win,2022-2023
B1,2022-10-19,Mechelen,Standard,2,0,H,14.0,8.0,7.0,1.0,9.0,9.0,8.0,5.0,1.0,2.0,0.0,0.0,2.55,3.4,2.62,2.5,3.6,2.6,2.5,3.45,2.6,2.59,3.88,2.56,2.55,3.4,2.6,2.6,3.3,2.6,2.6,3.88,2.7,2.54,3.6,2.58,19,1,2022,10,19,10,18,4,Home Win,2022-2023
B1,2022-10-20,Antwerp,Oostende,3,0,H,17.0,6.0,4.0,2.0,15.0,17.0,7.0,3.0,1.0,2.0,0.0,0.0,1.57,4.2,5.0,1.58,4.1,5.5,1.57,4.1,5.25,1.58,4.32,5.39,1.57,3.9,5.5,1.57,3.9,5.75,1.62,4.4,5.75,1.57,4.17,5.35,17,1,2022,10,20,1,12,5,Home Win,2022-2023
B1,2022-10-20,Waregem,Anderlecht,3,2,H,12.0,11.0,5.0,4.0,19.0,14.0,5.0,5.0,8.0,1.0,0.0,1.0,5.25,4.2,1.57,4.8,4.33,1.61,5.0,4.2,1.57,4.85,4.4,1.62,5.25,4.0,1.6,5.25,4.0,1.6,5.25,4.5,1.64,4.93,4.24,1.6,19,1,2022,10,20,20,0,5,Home Win,2022-2023
B1,2022-10-21,Cercle Brugge,Charleroi,4,1,H,20.0,11.0,8.0,3.0,9.0,9.0,6.0,6.0,3.0,1.0,0.0,0.0,2.0,3.4,3.8,2.0,3.7,3.6,2.05,3.5,3.35,2.02,3.78,3.65,,,,1.95,3.6,3.5,2.15,3.82,3.8,1.99,3.64,3.55,19,1,2022,10,21,3,4,6,Home Win,2022-2023
B1,2022-10-22,Kortrijk,Westerlo,0,2,A,6.0,18.0,3.0,5.0,11.0,14.0,6.0,6.0,0.0,2.0,1.0,0.0,2.87,3.5,2.3,2.85,3.7,2.3,2.8,3.5,2.3,3.04,3.69,2.31,,,,2.9,3.4,2.3,3.04,3.72,2.5,2.89,3.57,2.3,15,2,2022,10,22,9,21,7,Away Win,2022-2023
B1,2022-10-22,Mechelen,Eupen,2,1,H,20.0,9.0,10.0,2.0,7.0,10.0,7.0,8.0,3.0,4.0,1.0,0.0,1.85,3.8,3.75,1.95,3.7,3.6,1.95,3.65,3.5,1.93,3.95,3.78,,,,1.87,3.5,3.9,1.95,3.95,4.15,1.92,3.75,3.69,17,1,2022,10,22,10,6,7,Home Win,2022-2023
B1,2022-10-22,St Truiden,Oud-Heverlee Leuven,0,0,D,13.0,14.0,3.0,2.0,10.0,12.0,3.0,5.0,2.0,2.0,1.0,0.0,2.0,3.4,3.6,2.05,3.7,3.4,2.05,3.55,3.25,2.02,3.87,3.56,,,,2.0,3.5,3.5,2.15,3.87,3.6,2.03,3.66,3.4,17,0,2022,10,22,16,13,7,Draw,2022-2023
B1,2022-10-22,St. Gilloise,Club Brugge,2,2,D,6.0,13.0,4.0,2.0,8.0,9.0,4.0,4.0,4.0,2.0,1.0,0.0,2.6,3.4,2.6,2.5,3.5,2.65,2.5,3.4,2.5,2.6,3.58,2.71,,,,2.6,3.3,2.6,2.7,3.69,2.73,2.57,3.46,2.61,19,0,2022,10,22,17,5,7,Draw,2022-2023
B1,2022-10-23,Antwerp,Genk,1,3,A,20.0,8.0,4.0,5.0,10.0,19.0,8.0,4.0,1.0,1.0,0.0,0.0,2.62,3.4,2.45,2.55,3.6,2.55,2.6,3.45,2.5,2.74,3.49,2.63,,,,2.63,3.4,2.55,2.74,3.75,2.65,2.64,3.5,2.51,12,2,2022,10,23,1,7,1,Away Win,2022-2023
B1,2022-10-23,Gent,Seraing,2,1,H,14.0,5.0,4.0,3.0,5.0,11.0,9.0,3.0,1.0,1.0,0.0,0.0,1.36,5.0,7.0,1.38,5.0,7.5,1.37,5.0,7.0,1.4,5.05,7.08,,,,1.36,4.75,8.0,1.42,5.2,8.25,1.39,4.94,7.23,15,1,2022,10,23,8,15,1,Home Win,2022-2023
B1,2022-10-23,Standard,Anderlecht,5,0,H,,,,,,,,,,,,,3.0,3.5,2.2,3.2,3.5,2.2,2.9,3.45,2.25,2.99,3.74,2.26,,,,3.0,3.4,2.25,3.2,3.78,2.33,2.98,3.55,2.24,17,1,2022,10,23,18,0,1,Home Win,2022-2023
B1,2022-10-23,Oostende,Waregem,2,1,H,8.0,7.0,5.0,4.0,15.0,20.0,5.0,5.0,2.0,3.0,0.0,0.0,2.05,3.5,3.4,2.05,3.6,3.3,2.1,3.55,3.15,2.08,3.79,3.32,,,,2.1,3.5,3.3,2.25,3.85,3.4,2.09,3.64,3.25,20,1,2022,10,23,12,20,1,Home Win,2022-2023
B1,2022-10-28,Genk,Mechelen,3,1,H,14.0,10.0,6.0,5.0,9.0,15.0,8.0,7.0,2.0,2.0,1.0,0.0,1.36,5.25,7.0,1.39,5.25,7.5,1.37,4.9,7.75,1.36,5.6,8.1,1.38,4.8,7.5,1.33,5.25,8.0,1.39,5.75,9.0,1.35,5.28,7.6,19,1,2022,10,28,7,10,6,Home Win,2022-2023
B1,2022-10-29,Waregem,Standard,0,3,A,6.0,18.0,3.0,7.0,13.0,11.0,4.0,10.0,1.0,1.0,1.0,0.0,3.0,3.6,2.2,3.0,3.6,2.2,2.9,3.55,2.2,3.1,3.89,2.2,3.0,3.5,2.2,3.1,3.4,2.2,3.23,3.89,2.24,3.02,3.61,2.19,15,2,2022,10,29,20,18,7,Away Win,2022-2023
B1,2022-10-29,Kortrijk,Cercle Brugge,1,1,D,14.0,16.0,5.0,3.0,17.0,16.0,3.0,6.0,4.0,2.0,0.0,0.0,3.6,3.6,1.95,3.5,3.6,1.98,3.45,3.6,1.97,3.66,3.71,2.03,3.7,3.5,1.95,3.7,3.5,1.95,3.7,3.82,2.09,3.56,3.64,1.97,17,0,2022,10,29,9,3,7,Draw,2022-2023
B1,2022-10-29,Westerlo,St Truiden,2,3,A,11.0,13.0,3.0,4.0,5.0,9.0,4.0,2.0,4.0,3.0,0.0,0.0,2.2,3.25,3.4,2.15,3.4,3.3,2.15,3.25,3.2,2.25,3.44,3.34,2.2,3.2,3.3,2.2,3.2,3.3,2.3,3.6,3.4,2.19,3.33,3.26,17,2,2022,10,29,21,16,7,Away Win,2022-2023
B1,2022-10-29,Club Brugge,Oostende,4,2,H,16.0,6.0,6.0,3.0,5.0,13.0,4.0,2.0,2.0,2.0,0.0,0.0,1.25,6.0,10.0,1.29,5.75,9.5,1.3,5.75,8.75,1.28,6.42,9.18,1.25,5.5,11.0,1.25,5.75,10.5,1.3,6.42,10.5,1.26,5.91,9.57,19,1,2022,10,29,5,12,7,Home Win,2022-2023
B1,2022-10-30,Anderlecht,Eupen,4,2,H,19.0,12.0,8.0,2.0,15.0,6.0,10.0,4.0,2.0,2.0,0.0,0.0,1.44,4.75,6.0,1.46,4.6,6.5,1.5,4.5,5.75,1.44,4.96,6.9,1.44,4.33,7.0,1.44,4.33,7.0,1.5,4.96,7.3,1.44,4.64,6.48,12,1,2022,10,30,0,6,1,Home Win,2022-2023
B1,2022-10-30,Seraing,St. Gilloise,1,2,A,12.0,13.0,2.0,3.0,16.0,11.0,6.0,7.0,3.0,2.0,0.0,0.0,6.0,4.2,1.53,5.75,4.1,1.55,5.75,4.1,1.53,5.92,4.23,1.55,6.0,4.0,1.53,6.0,3.9,1.55,6.7,4.35,1.57,5.68,4.11,1.54,15,2,2022,10,30,15,17,1,Away Win,2022-2023
B1,2022-10-30,Oud-Heverlee Leuven,Gent,1,1,D,12.0,10.0,5.0,4.0,14.0,17.0,1.0,6.0,5.0,4.0,0.0,0.0,3.75,3.6,1.95,3.75,3.75,1.9,3.45,3.6,1.97,3.58,3.79,1.99,3.7,3.5,1.95,3.7,3.5,1.95,3.8,3.8,1.99,3.58,3.67,1.95,17,0,2022,10,30,13,8,1,Draw,2022-2023
B1,2022-10-30,Charleroi,Antwerp,1,0,H,8.0,14.0,3.0,6.0,13.0,4.0,4.0,8.0,3.0,3.0,0.0,0.0,3.4,3.5,2.05,3.3,3.7,2.05,3.2,3.55,2.05,3.27,3.69,2.13,3.4,3.5,2.05,3.3,3.4,2.1,3.45,3.7,2.2,3.27,3.57,2.08,20,1,2022,10,30,4,1,1,Home Win,2022-2023
B1,2022-11-04,Genk,Charleroi,4,1,H,13.0,6.0,8.0,2.0,3.0,7.0,5.0,4.0,1.0,1.0,0.0,0.0,1.4,4.75,7.5,1.41,5.25,6.75,1.4,5.0,6.75,1.4,5.26,7.51,1.44,4.5,6.5,1.36,4.8,8.0,1.43,5.31,8.0,1.39,5.06,7.06,19,1,2022,11,4,7,4,6,Home Win,2022-2023
B1,2022-11-05,Mechelen,Waregem,2,2,D,22.0,14.0,6.0,7.0,11.0,10.0,11.0,5.0,1.0,4.0,0.0,1.0,1.72,3.75,4.5,1.8,4.0,4.0,1.77,3.8,3.85,1.78,4.28,4.17,1.8,3.8,4.0,1.75,3.8,4.2,1.82,4.3,4.5,1.77,4.0,4.06,15,0,2022,11,5,10,20,7,Draw,2022-2023
B1,2022-11-05,Cercle Brugge,Oud-Heverlee Leuven,2,1,H,8.0,9.0,4.0,4.0,8.0,14.0,6.0,6.0,2.0,2.0,0.0,0.0,1.83,3.8,3.8,1.82,3.9,3.9,1.9,3.85,3.55,1.88,4.18,3.62,1.85,3.7,3.8,1.85,3.6,4.0,1.95,4.3,4.0,1.86,3.94,3.69,17,1,2022,11,5,3,13,7,Home Win,2022-2023
B1,2022-11-05,Seraing,St Truiden,1,2,A,6.0,15.0,2.0,5.0,14.0,19.0,5.0,7.0,5.0,1.0,1.0,0.0,3.6,3.2,2.1,3.6,3.3,2.1,3.4,3.25,2.1,3.73,3.4,2.12,3.6,3.2,2.1,3.7,3.2,2.05,3.95,3.45,2.12,3.6,3.32,2.07,17,2,2022,11,5,15,16,7,Away Win,2022-2023
B1,2022-11-05,Eupen,Standard,2,0,H,13.0,8.0,5.0,4.0,13.0,10.0,7.0,2.0,0.0,3.0,1.0,1.0,3.1,3.4,2.25,3.0,3.5,2.25,2.95,3.45,2.2,3.07,3.84,2.24,3.0,3.4,2.25,3.1,3.4,2.2,3.15,3.84,2.28,3.01,3.57,2.23,19,1,2022,11,5,6,18,7,Home Win,2022-2023
B1,2022-11-06,Gent,Club Brugge,2,0,H,11.0,8.0,2.0,4.0,11.0,12.0,4.0,3.0,1.0,5.0,0.0,0.0,2.7,3.5,2.5,2.7,3.5,2.5,2.65,3.4,2.45,2.86,3.61,2.45,2.7,3.3,2.5,2.8,3.25,2.45,2.88,3.62,2.5,2.77,3.45,2.44,12,1,2022,11,6,8,5,1,Home Win,2022-2023
B1,2022-11-06,St. Gilloise,Westerlo,1,1,D,25.0,13.0,1.0,5.0,12.0,14.0,10.0,4.0,4.0,3.0,0.0,0.0,1.57,4.0,5.5,1.6,4.1,5.25,1.6,4.0,5.25,1.56,4.28,5.71,1.6,3.9,5.25,1.57,3.9,5.75,1.6,4.33,6.5,1.57,4.13,5.45,15,0,2022,11,6,17,21,1,Draw,2022-2023
B1,2022-11-06,Antwerp,Anderlecht,0,0,D,14.0,4.0,3.0,1.0,13.0,13.0,4.0,1.0,2.0,3.0,0.0,0.0,2.15,3.4,3.3,2.25,3.4,3.2,2.2,3.3,3.05,2.2,3.53,3.25,2.25,3.3,3.1,2.2,3.3,3.2,2.28,3.68,3.35,2.19,3.41,3.2,17,0,2022,11,6,1,0,1,Draw,2022-2023
B1,2022-11-06,Oostende,Kortrijk,3,1,H,22.0,8.0,9.0,4.0,13.0,15.0,8.0,6.0,3.0,3.0,0.0,1.0,2.1,3.4,3.3,2.15,3.6,3.2,2.15,3.45,3.1,2.22,3.54,3.22,2.15,3.4,3.2,2.15,3.4,3.2,2.23,3.82,3.3,2.15,3.55,3.16,20,1,2022,11,6,12,9,1,Home Win,2022-2023
B1,2022-11-11,Oud-Heverlee Leuven,Seraing,5,0,H,25.0,4.0,14.0,1.0,11.0,8.0,14.0,3.0,1.0,6.0,0.0,1.0,1.55,4.0,5.75,1.58,4.0,5.75,1.55,4.1,5.5,1.59,4.32,5.63,1.6,4.0,5.25,1.53,4.1,5.75,1.66,4.33,5.75,1.57,4.13,5.45,19,1,2022,11,11,13,15,6,Home Win,2022-2023
B1,2022-11-12,Westerlo,Oostende,6,0,H,16.0,7.0,8.0,0.0,8.0,14.0,5.0,3.0,1.0,2.0,0.0,0.0,1.75,4.0,4.2,1.8,3.8,4.2,1.8,3.8,3.9,1.78,4.11,4.31,1.75,3.8,4.2,1.75,3.6,4.4,1.85,4.2,4.4,1.77,3.92,4.12,15,1,2022,11,12,21,12,7,Home Win,2022-2023
B1,2022-11-12,St Truiden,Cercle Brugge,0,1,A,12.0,6.0,1.0,1.0,13.0,11.0,10.0,2.0,0.0,4.0,1.0,1.0,2.4,3.4,2.8,2.4,3.3,2.9,2.45,3.25,2.85,2.54,3.34,2.94,2.4,3.25,2.88,2.45,3.2,2.88,2.54,3.47,2.95,2.44,3.29,2.86,17,2,2022,11,12,16,3,7,Away Win,2022-2023
B1,2022-11-12,Waregem,Eupen,5,5,D,19.0,16.0,9.0,8.0,12.0,8.0,11.0,2.0,2.0,2.0,0.0,0.0,2.3,3.75,2.8,2.3,3.7,2.8,2.35,3.55,2.75,2.31,3.9,2.91,2.3,3.5,2.88,2.3,3.5,2.9,2.4,3.91,2.92,2.28,3.68,2.84,17,0,2022,11,12,20,6,7,Draw,2022-2023
B1,2022-11-12,Charleroi,Mechelen,0,5,A,,,,,,,,,,,,,2.2,3.5,3.0,2.3,3.6,2.9,2.25,3.45,2.9,2.26,3.74,3.09,2.3,3.4,2.9,2.25,3.4,3.0,2.3,3.8,3.35,2.23,3.58,2.99,19,2,2022,11,12,4,10,7,Away Win,2022-2023
B1,2022-11-13,Club Brugge,Antwerp,2,2,D,9.0,11.0,5.0,6.0,11.0,11.0,3.0,4.0,4.0,2.0,0.0,0.0,1.83,3.75,4.0,1.82,3.7,4.2,1.85,3.7,3.75,1.83,3.97,4.0,1.83,3.6,4.0,1.83,3.6,4.1,1.88,3.99,4.2,1.82,3.79,3.99,12,0,2022,11,13,5,1,1,Draw,2022-2023
B1,2022-11-13,Standard,St. Gilloise,2,3,A,10.0,13.0,5.0,7.0,10.0,17.0,8.0,4.0,3.0,4.0,0.0,0.0,3.4,3.5,2.0,3.5,3.4,2.05,3.3,3.5,2.05,3.35,3.78,2.07,3.4,3.5,2.05,3.5,3.4,2.05,3.6,3.82,2.11,3.34,3.6,2.06,15,2,2022,11,13,18,17,1,Away Win,2022-2023
B1,2022-11-13,Anderlecht,Genk,0,2,A,12.0,13.0,5.0,4.0,10.0,14.0,5.0,6.0,2.0,3.0,0.0,1.0,2.62,3.5,2.5,2.6,3.5,2.55,2.6,3.4,2.45,2.61,3.5,2.66,2.6,3.4,2.55,2.63,3.4,2.5,2.75,3.69,2.69,2.62,3.45,2.54,17,2,2022,11,13,0,7,1,Away Win,2022-2023
B1,2022-11-13,Kortrijk,Gent,0,4,A,8.0,19.0,3.0,10.0,8.0,15.0,8.0,6.0,2.0,0.0,1.0,1.0,5.0,3.8,1.66,5.0,4.0,1.66,4.7,3.85,1.67,4.67,4.06,1.7,4.8,3.75,1.67,4.8,3.75,1.67,5.0,4.2,1.72,4.64,3.93,1.69,20,2,2022,11,13,9,8,1,Away Win,2022-2023
B1,2022-12-23,Seraing,Eupen,0,1,A,8.0,15.0,1.0,5.0,9.0,16.0,4.0,9.0,3.0,1.0,0.0,0.0,2.7,3.25,2.45,2.85,3.4,2.5,2.75,3.3,2.5,2.79,3.57,2.53,2.7,3.4,2.45,2.7,3.4,2.45,3.0,3.66,2.55,2.74,3.43,2.47,17,2,2022,12,23,15,6,6,Away Win,2022-2023
B1,2022-12-23,Gent,Standard,0,0,D,21.0,1.0,5.0,0.0,12.0,12.0,13.0,1.0,0.0,5.0,0.0,0.0,1.53,4.0,5.25,1.55,4.2,6.0,1.55,4.0,6.0,1.53,4.3,6.62,1.53,4.0,6.0,1.5,4.2,6.0,1.58,4.41,6.8,1.52,4.19,6.01,19,0,2022,12,23,8,18,6,Draw,2022-2023
B1,2022-12-23,Mechelen,Cercle Brugge,1,1,D,20.0,12.0,9.0,4.0,8.0,8.0,9.0,8.0,2.0,4.0,0.0,1.0,2.55,3.4,2.55,2.65,3.5,2.65,2.55,3.3,2.55,2.65,3.62,2.64,2.55,3.4,2.62,2.55,3.5,2.55,2.65,3.7,2.75,2.59,3.47,2.58,19,0,2022,12,23,10,3,6,Draw,2022-2023
B1,2022-12-26,Club Brugge,Oud-Heverlee Leuven,1,1,D,20.0,12.0,7.0,5.0,10.0,17.0,3.0,3.0,3.0,2.0,0.0,0.0,1.44,4.75,5.75,1.44,4.8,6.5,1.43,4.8,6.0,1.46,4.84,6.23,1.44,4.5,6.5,1.4,4.75,6.5,1.48,5.0,7.0,1.44,4.75,6.21,12,0,2022,12,26,5,13,2,Draw,2022-2023
B1,2022-12-26,St. Gilloise,Oostende,3,0,H,12.0,4.0,5.0,1.0,9.0,13.0,10.0,2.0,3.0,4.0,0.0,0.0,1.33,5.0,7.0,1.36,5.0,8.25,1.35,5.5,7.5,1.32,5.62,8.85,1.33,5.0,8.5,1.33,5.25,8.0,1.36,5.8,9.1,1.33,5.28,8.08,15,1,2022,12,26,17,12,2,Home Win,2022-2023
B1,2022-12-26,Kortrijk,Genk,1,0,H,18.0,14.0,8.0,6.0,13.0,11.0,5.0,6.0,4.0,1.0,0.0,0.0,6.5,4.33,1.4,6.25,4.6,1.47,6.0,4.7,1.45,6.33,5.05,1.44,7.0,4.4,1.42,7.0,4.75,1.4,7.0,5.1,1.49,6.27,4.73,1.44,17,1,2022,12,26,9,7,2,Home Win,2022-2023
B1,2022-12-26,Charleroi,Anderlecht,0,1,A,9.0,9.0,2.0,2.0,13.0,8.0,3.0,0.0,2.0,1.0,0.0,0.0,2.9,3.4,2.15,3.0,3.5,2.25,2.9,3.45,2.2,3.07,3.84,2.18,2.9,3.4,2.15,3.0,3.5,2.2,3.16,3.88,2.26,3.01,3.59,2.18,19,2,2022,12,26,4,0,2,Away Win,2022-2023
B1,2022-12-27,St Truiden,Waregem,2,0,H,12.0,6.0,6.0,1.0,10.0,10.0,6.0,3.0,0.0,1.0,0.0,1.0,1.67,3.6,4.5,1.68,3.9,4.8,1.67,3.85,4.7,1.62,4.14,5.22,1.67,3.7,5.0,1.65,3.8,5.0,1.71,4.2,5.3,1.65,3.92,4.83,19,1,2022,12,27,16,20,3,Home Win,2022-2023
B1,2022-12-27,Westerlo,Antwerp,3,3,D,10.0,15.0,4.0,7.0,10.0,8.0,3.0,6.0,1.0,1.0,0.0,0.0,3.1,3.5,2.05,3.2,3.7,2.1,3.0,3.55,2.15,,,,3.1,3.5,2.15,3.2,3.6,2.1,3.35,3.95,2.18,3.1,3.65,2.11,19,0,2022,12,27,21,1,3,Draw,2022-2023
B1,2023-01-06,Standard,St Truiden,1,1,D,6.0,9.0,1.0,3.0,11.0,13.0,9.0,2.0,0.0,2.0,0.0,0.0,2.2,3.25,3.0,2.4,3.2,3.1,2.35,3.15,2.95,2.43,3.17,3.27,2.4,3.2,2.9,2.38,3.13,3.1,2.58,3.26,3.4,2.37,3.17,3.09,19,0,2023,1,6,18,16,6,Draw,2022-2023
B1,2023-01-07,Eupen,Charleroi,1,2,A,10.0,20.0,3.0,4.0,11.0,12.0,5.0,7.0,1.0,2.0,0.0,0.0,2.55,3.4,2.45,2.65,3.7,2.45,2.55,3.5,2.45,2.69,3.66,2.58,2.7,3.4,2.45,2.7,3.3,2.55,2.9,3.7,2.58,2.64,3.53,2.5,15,2,2023,1,7,6,4,7,Away Win,2022-2023
B1,2023-01-07,Cercle Brugge,Westerlo,0,1,A,11.0,4.0,5.0,2.0,8.0,9.0,6.0,4.0,1.0,3.0,0.0,0.0,2.05,3.5,3.1,2.15,3.6,3.2,2.1,3.55,3.05,2.18,3.65,3.32,2.1,3.5,3.2,2.2,3.3,3.2,2.2,3.7,3.45,2.13,3.58,3.21,17,2,2023,1,7,3,21,7,Away Win,2022-2023
B1,2023-01-07,Oostende,Seraing,1,2,A,17.0,4.0,3.0,2.0,21.0,20.0,5.0,2.0,6.0,5.0,2.0,0.0,1.75,3.75,4.2,1.78,3.8,4.2,1.75,3.8,3.95,1.85,3.97,4.14,1.8,3.6,4.2,1.8,3.6,4.2,1.85,4.0,4.33,1.8,3.83,4.11,17,2,2023,1,7,12,15,7,Away Win,2022-2023
B1,2023-01-07,Antwerp,Gent,2,0,H,11.0,9.0,5.0,1.0,10.0,10.0,3.0,6.0,2.0,1.0,0.0,0.0,2.45,3.25,2.63,2.45,3.4,2.8,2.45,3.35,2.7,2.51,3.35,2.89,2.4,3.4,2.75,2.5,3.2,2.8,2.62,3.6,2.91,2.46,3.36,2.79,19,1,2023,1,7,1,8,7,Home Win,2022-2023
B1,2023-01-08,Genk,Club Brugge,3,1,H,12.0,7.0,6.0,4.0,13.0,10.0,5.0,4.0,2.0,4.0,0.0,1.0,2.1,3.5,3.0,2.1,3.8,3.1,2.2,3.6,2.95,2.2,3.76,3.08,2.15,3.6,3.1,2.2,3.5,3.0,2.25,3.88,3.11,2.18,3.67,3.04,12,1,2023,1,8,7,5,1,Home Win,2022-2023
B1,2023-01-08,Waregem,Mechelen,2,0,H,16.0,7.0,4.0,4.0,21.0,16.0,3.0,3.0,2.0,6.0,0.0,0.0,2.75,3.5,2.2,2.8,3.8,2.25,2.7,3.7,2.25,2.88,3.94,2.25,2.8,3.6,2.3,2.88,3.5,2.3,2.91,3.99,2.31,2.83,3.76,2.25,15,1,2023,1,8,20,10,1,Home Win,2022-2023
B1,2023-01-08,Anderlecht,St. Gilloise,1,3,A,6.0,21.0,2.0,10.0,12.0,12.0,0.0,6.0,5.0,3.0,1.0,0.0,2.6,3.3,2.45,2.65,3.5,2.55,2.6,3.35,2.5,2.79,3.49,2.5,2.7,3.3,2.55,2.7,3.25,2.55,3.0,3.55,2.6,2.7,3.41,2.51,17,2,2023,1,8,0,17,1,Away Win,2022-2023
B1,2023-01-08,Oud-Heverlee Leuven,Kortrijk,2,3,A,16.0,15.0,4.0,6.0,10.0,16.0,5.0,6.0,1.0,3.0,0.0,0.0,1.65,4.0,4.2,1.68,4.1,4.6,1.7,3.95,4.1,1.67,4.25,4.66,1.7,3.8,4.6,1.67,3.8,4.8,1.72,4.33,4.8,1.68,4.08,4.53,20,2,2023,1,8,13,9,1,Away Win,2022-2023
B1,2023-01-13,Westerlo,Oud-Heverlee Leuven,1,2,A,14.0,10.0,4.0,4.0,10.0,7.0,9.0,3.0,3.0,2.0,0.0,1.0,1.95,3.75,3.5,2.0,3.7,3.4,2.05,3.6,3.25,2.01,3.93,3.53,2.0,3.6,3.4,2.0,3.7,3.4,2.06,4.0,3.53,2.0,3.77,3.39,19,2,2023,1,13,21,13,6,Away Win,2022-2023
B1,2023-01-14,Seraing,Standard,1,1,D,8.0,16.0,2.0,1.0,9.0,15.0,3.0,11.0,5.0,1.0,0.0,0.0,3.8,3.6,1.91,4.0,3.6,1.88,3.65,3.5,1.9,4.07,3.6,1.92,4.0,3.4,1.91,3.9,3.5,1.9,4.17,3.67,2.0,3.91,3.55,1.91,15,0,2023,1,14,15,18,7,Draw,2022-2023
B1,2023-01-14,Eupen,St Truiden,0,2,A,7.0,10.0,3.0,4.0,9.0,9.0,3.0,3.0,1.0,1.0,0.0,0.0,2.9,3.4,2.3,2.9,3.4,2.4,2.85,3.3,2.35,3.03,3.35,2.41,2.9,3.3,2.35,2.9,3.3,2.38,3.2,3.45,2.44,2.95,3.32,2.37,17,2,2023,1,14,6,16,7,Away Win,2022-2023
B1,2023-01-14,Mechelen,Oostende,2,1,H,16.0,14.0,6.0,4.0,6.0,17.0,10.0,1.0,1.0,1.0,0.0,1.0,1.73,3.8,4.33,1.77,3.9,4.33,1.75,3.8,4.0,1.74,4.09,4.4,1.75,3.75,4.33,1.73,3.9,4.33,1.78,4.2,4.5,1.74,3.97,4.26,17,1,2023,1,14,10,12,7,Home Win,2022-2023
B1,2023-01-14,Genk,Waregem,1,0,H,9.0,7.0,3.0,1.0,17.0,16.0,1.0,5.0,2.0,2.0,0.0,0.0,1.25,6.5,8.0,1.26,6.5,9.5,1.25,6.25,9.5,1.26,6.4,9.3,1.24,5.8,11.0,1.22,6.5,10.0,1.28,6.75,11.0,1.25,6.39,9.45,19,1,2023,1,14,7,20,7,Home Win,2022-2023
B1,2023-01-15,Club Brugge,Anderlecht,1,1,D,17.0,4.0,6.0,0.0,13.0,15.0,3.0,4.0,2.0,3.0,0.0,0.0,1.91,3.75,3.6,1.98,3.6,3.6,2.0,3.55,3.4,1.93,3.78,3.8,2.0,3.5,3.5,1.91,3.6,3.75,2.0,3.84,3.82,1.95,3.68,3.63,12,0,2023,1,15,5,0,1,Draw,2022-2023
B1,2023-01-15,Gent,Kortrijk,2,1,H,15.0,12.0,6.0,5.0,14.0,12.0,7.0,5.0,3.0,1.0,0.0,0.0,1.36,5.0,8.5,1.34,5.25,8.5,1.35,5.25,7.75,1.32,5.43,9.12,1.35,4.75,8.5,1.33,5.0,8.5,1.37,5.7,9.4,1.34,5.16,8.26,15,1,2023,1,15,8,9,1,Home Win,2022-2023
B1,2023-01-15,St. Gilloise,Antwerp,2,0,H,17.0,7.0,6.0,5.0,13.0,11.0,8.0,9.0,5.0,4.0,0.0,0.0,2.15,3.4,3.25,2.15,3.4,3.25,2.15,3.4,3.1,2.16,3.51,3.36,2.15,3.4,3.25,2.05,3.25,3.1,2.2,3.62,3.65,2.13,3.44,3.29,17,1,2023,1,15,17,1,1,Home Win,2022-2023
B1,2023-01-15,Charleroi,Cercle Brugge,2,1,H,10.0,12.0,6.0,3.0,9.0,12.0,9.0,7.0,1.0,1.0,0.0,0.0,2.63,3.3,2.63,2.65,3.4,2.55,2.5,3.3,2.55,2.64,3.42,2.68,2.6,3.4,2.55,2.55,3.4,2.6,2.65,3.6,2.75,2.58,3.4,2.63,20,1,2023,1,15,4,3,1,Home Win,2022-2023
B1,2023-01-17,Oud-Heverlee Leuven,Eupen,1,1,D,17.0,7.0,7.0,3.0,9.0,10.0,8.0,7.0,2.0,2.0,0.0,0.0,1.62,4.0,4.75,1.68,4.0,4.75,1.65,4.0,4.5,1.67,4.39,4.78,1.73,3.8,4.33,1.62,4.2,4.75,1.7,4.4,4.8,1.66,4.15,4.61,17,0,2023,1,17,13,6,3,Draw,2022-2023
B1,2023-01-17,Standard,Mechelen,2,0,H,12.0,10.0,5.0,1.0,12.0,13.0,7.0,7.0,2.0,0.0,0.0,0.0,1.85,3.6,3.8,1.93,3.7,3.7,1.95,3.6,3.45,1.98,3.75,3.8,2.05,3.4,3.5,1.93,3.6,3.7,1.98,3.87,3.85,1.94,3.69,3.67,19,1,2023,1,17,18,10,3,Home Win,2022-2023
B1,2023-01-17,Westerlo,Genk,2,3,A,14.0,8.0,5.0,3.0,7.0,9.0,11.0,4.0,3.0,0.0,0.0,0.0,3.3,3.75,2.0,3.5,3.6,2.0,3.25,3.6,2.05,3.45,3.97,2.03,3.7,3.5,1.95,3.4,3.7,2.0,3.5,3.97,2.06,3.37,3.74,2.01,19,2,2023,1,17,21,7,3,Away Win,2022-2023
B1,2023-01-18,Cercle Brugge,St. Gilloise,1,1,D,6.0,15.0,1.0,7.0,15.0,10.0,3.0,6.0,2.0,0.0,0.0,0.0,3.3,3.5,2.05,3.5,3.5,2.05,3.25,3.45,2.1,3.6,3.56,2.1,3.5,3.4,2.05,3.4,3.5,2.05,3.6,3.68,2.17,3.42,3.49,2.08,17,0,2023,1,18,3,17,4,Draw,2022-2023
B1,2023-01-18,Oostende,Antwerp,0,3,A,16.0,12.0,3.0,6.0,13.0,17.0,6.0,5.0,1.0,0.0,0.0,0.0,4.2,3.8,1.75,4.33,3.7,1.8,3.95,3.7,1.77,4.1,4.01,1.84,4.2,3.6,1.8,4.2,3.75,1.75,4.33,4.01,1.85,4.09,3.82,1.8,17,2,2023,1,18,12,1,4,Away Win,2022-2023
B1,2023-01-18,Anderlecht,Waregem,2,3,A,19.0,11.0,9.0,5.0,9.0,16.0,5.0,2.0,1.0,2.0,0.0,0.0,1.5,4.5,5.25,1.55,4.4,5.5,1.53,4.4,5.25,1.59,4.63,5.21,1.47,4.4,6.0,1.53,4.2,5.5,1.6,4.63,5.5,1.55,4.41,5.27,19,2,2023,1,18,0,20,4,Away Win,2022-2023
B1,2023-01-18,Kortrijk,Seraing,3,2,H,21.0,12.0,7.0,7.0,11.0,12.0,6.0,8.0,1.0,2.0,0.0,1.0,1.85,3.75,3.8,1.8,3.7,4.33,1.83,3.6,3.85,1.83,3.7,4.53,1.83,3.5,4.2,1.8,3.6,4.2,1.87,3.84,4.53,1.83,3.66,4.17,19,1,2023,1,18,9,15,4,Home Win,2022-2023
B1,2023-01-19,Gent,Charleroi,0,0,D,11.0,9.0,6.0,3.0,7.0,11.0,9.0,5.0,2.0,4.0,0.0,0.0,1.55,4.2,5.25,1.58,4.1,5.5,1.55,4.2,5.25,1.55,4.27,5.91,1.57,3.9,5.8,1.53,4.1,5.75,1.6,4.33,6.0,1.56,4.17,5.52,17,0,2023,1,19,8,4,5,Draw,2022-2023
B1,2023-01-19,St Truiden,Club Brugge,1,1,D,8.0,13.0,4.0,4.0,14.0,6.0,1.0,8.0,1.0,1.0,0.0,0.0,3.5,3.5,2.0,3.4,3.5,2.05,3.3,3.4,2.05,3.76,3.35,2.08,3.4,3.3,2.1,3.5,3.4,2.05,3.77,3.56,2.12,3.53,3.39,2.07,19,0,2023,1,19,16,5,5,Draw,2022-2023
B1,2023-01-21,Waregem,Westerlo,1,1,D,11.0,13.0,3.0,5.0,15.0,10.0,5.0,5.0,1.0,1.0,0.0,0.0,2.88,3.4,2.2,2.87,3.6,2.3,2.8,3.45,2.3,2.98,3.62,2.37,,,,2.9,3.3,2.38,3.0,3.65,2.38,2.89,3.52,2.31,15,0,2023,1,21,20,21,7,Draw,2022-2023
B1,2023-01-21,Mechelen,Kortrijk,3,2,H,15.0,8.0,8.0,3.0,14.0,15.0,9.0,0.0,2.0,4.0,0.0,0.0,1.75,3.5,4.2,1.83,3.8,4.0,1.8,3.75,3.85,1.8,4.11,4.22,,,,1.8,3.75,4.2,1.83,4.11,4.25,1.8,3.88,4.06,17,1,2023,1,21,10,9,7,Home Win,2022-2023
B1,2023-01-21,Oostende,Cercle Brugge,1,2,A,9.0,10.0,4.0,6.0,11.0,15.0,4.0,6.0,3.0,1.0,0.0,0.0,3.0,3.4,2.1,3.1,3.6,2.2,2.95,3.5,2.2,3.16,3.75,2.22,,,,3.1,3.4,2.2,3.17,3.75,2.25,3.07,3.59,2.19,17,2,2023,1,21,12,3,7,Away Win,2022-2023
B1,2023-01-21,St. Gilloise,Oud-Heverlee Leuven,1,0,H,18.0,11.0,7.0,4.0,7.0,15.0,12.0,5.0,1.0,3.0,0.0,0.0,1.5,4.5,5.25,1.49,4.5,6.25,1.47,4.5,6.0,1.53,4.64,5.85,,,,1.5,4.2,6.0,1.54,4.64,6.5,1.5,4.5,5.88,19,1,2023,1,21,17,13,7,Home Win,2022-2023
B1,2023-01-22,Antwerp,Standard,4,1,H,8.0,10.0,6.0,3.0,20.0,9.0,2.0,2.0,3.0,2.0,0.0,1.0,1.67,3.6,4.75,1.68,3.75,5.0,1.7,3.7,4.4,1.68,3.88,5.05,,,,1.7,3.6,5.0,1.74,3.95,5.1,1.7,3.77,4.82,12,1,2023,1,22,1,18,1,Home Win,2022-2023
B1,2023-01-22,Seraing,Anderlecht,0,1,A,9.0,14.0,4.0,4.0,17.0,11.0,4.0,6.0,3.0,1.0,0.0,0.0,5.25,4.0,1.55,5.5,4.0,1.6,5.25,3.95,1.6,5.86,4.12,1.57,,,,5.75,3.8,1.57,5.9,4.2,1.62,5.5,4.01,1.58,15,2,2023,1,22,15,0,1,Away Win,2022-2023
B1,2023-01-22,Club Brugge,Charleroi,2,2,D,12.0,9.0,6.0,3.0,7.0,18.0,2.0,3.0,2.0,4.0,0.0,1.0,1.4,4.5,6.5,1.46,4.6,6.75,1.43,4.6,6.75,1.41,4.85,7.35,,,,1.44,4.33,7.0,1.46,5.0,7.5,1.42,4.67,6.86,17,0,2023,1,22,5,4,1,Draw,2022-2023
B1,2023-01-22,St Truiden,Gent,0,3,A,5.0,13.0,1.0,4.0,12.0,10.0,1.0,5.0,2.0,0.0,1.0,0.0,3.4,3.2,2.1,3.4,3.4,2.15,3.2,3.3,2.15,3.48,3.31,2.19,,,,3.4,3.2,2.15,3.51,3.42,2.21,3.37,3.33,2.14,20,2,2023,1,22,16,8,1,Away Win,2022-2023
B1,2023-01-27,Standard,Eupen,3,1,H,13.0,8.0,7.0,3.0,15.0,11.0,8.0,2.0,1.0,2.0,0.0,0.0,1.65,3.75,4.5,1.77,3.8,4.75,1.7,3.8,4.7,1.68,3.98,5.2,1.73,3.6,4.75,1.65,3.8,5.0,1.76,3.98,5.2,1.68,3.84,4.87,19,1,2023,1,27,18,6,6,Home Win,2022-2023
B1,2023-01-28,Westerlo,Mechelen,2,0,H,26.0,8.0,8.0,2.0,4.0,10.0,11.0,5.0,1.0,3.0,0.0,1.0,1.85,3.6,3.6,1.98,3.6,3.6,1.95,3.55,3.5,2.01,3.72,3.74,1.95,3.5,3.7,1.95,3.5,3.7,2.03,3.87,3.74,1.97,3.63,3.6,15,1,2023,1,28,21,10,7,Home Win,2022-2023
B1,2023-01-28,Kortrijk,Oostende,2,2,D,14.0,22.0,3.0,7.0,12.0,8.0,2.0,5.0,1.0,0.0,0.0,0.0,2.0,3.4,3.3,2.1,3.7,3.25,2.1,3.5,3.35,2.09,3.86,3.38,,,,2.1,3.5,3.3,2.15,3.86,3.38,2.08,3.66,3.26,17,0,2023,1,28,9,12,7,Draw,2022-2023
B1,2023-01-28,Oud-Heverlee Leuven,St Truiden,1,1,D,13.0,8.0,5.0,4.0,7.0,18.0,6.0,3.0,0.0,3.0,0.0,0.0,2.25,3.3,2.9,2.35,3.4,2.95,2.35,3.25,2.9,2.34,3.49,3.14,2.35,3.3,2.9,,,,2.37,3.52,3.14,2.31,3.38,2.99,17,0,2023,1,28,13,16,7,Draw,2022-2023
B1,2023-01-28,Charleroi,St. Gilloise,0,1,A,5.0,9.0,1.0,3.0,17.0,8.0,2.0,8.0,3.0,3.0,0.0,0.0,3.3,3.4,2.0,3.5,3.6,2.05,3.25,3.45,2.05,3.64,3.68,2.05,3.5,3.4,2.05,3.5,3.4,2.05,3.65,3.7,2.09,3.47,3.53,2.04,19,2,2023,1,28,4,17,7,Away Win,2022-2023
B1,2023-01-29,Anderlecht,Antwerp,0,0,D,7.0,12.0,0.0,4.0,12.0,10.0,6.0,2.0,4.0,3.0,1.0,1.0,2.63,3.25,2.45,2.75,3.25,2.55,2.7,3.2,2.5,2.72,3.62,2.5,2.7,3.4,2.45,2.8,3.2,2.5,2.81,3.65,2.55,2.72,3.41,2.48,12,0,2023,1,29,0,1,1,Draw,2022-2023
B1,2023-01-29,Cercle Brugge,Gent,3,2,H,10.0,9.0,6.0,5.0,18.0,7.0,4.0,2.0,1.0,1.0,0.0,0.0,3.1,3.25,2.15,3.2,3.3,2.25,3.05,3.3,2.25,3.28,3.39,2.25,3.0,3.3,2.3,3.13,3.2,2.3,3.31,3.5,2.3,3.16,3.33,2.23,15,1,2023,1,29,3,8,1,Home Win,2022-2023
B1,2023-01-29,Waregem,Club Brugge,1,2,A,11.0,12.0,4.0,2.0,8.0,17.0,4.0,8.0,2.0,4.0,1.0,0.0,4.5,3.75,1.65,4.8,3.9,1.7,4.6,3.9,1.67,4.99,4.37,1.61,4.6,3.8,1.7,4.8,3.9,1.65,5.1,4.4,1.7,4.72,4.11,1.64,17,2,2023,1,29,20,5,1,Away Win,2022-2023
B1,2023-01-29,Genk,Seraing,4,0,H,12.0,6.0,9.0,0.0,7.0,15.0,3.0,4.0,0.0,2.0,0.0,0.0,1.22,5.75,10.0,1.23,6.5,13.0,1.22,6.5,11.0,1.21,6.63,12.63,1.2,5.8,15.0,1.2,6.0,13.0,1.24,7.0,13.0,1.21,6.4,12.02,20,1,2023,1,29,7,15,1,Home Win,2022-2023
B1,2023-02-01,Eupen,Genk,1,1,D,10.0,14.0,4.0,5.0,15.0,13.0,3.0,7.0,5.0,4.0,0.0,0.0,5.5,3.8,1.53,5.25,4.33,1.57,5.0,4.2,1.57,5.83,4.47,1.56,,,,5.5,4.2,1.53,5.83,4.6,1.59,5.38,4.31,1.55,17,0,2023,2,1,6,7,4,Draw,2022-2023
B1,2023-02-03,Oostende,Anderlecht,0,2,A,11.0,12.0,4.0,3.0,18.0,13.0,3.0,2.0,3.0,1.0,0.0,0.0,3.4,3.6,1.91,3.6,3.75,2.0,3.4,3.6,1.97,3.65,4.0,1.96,3.7,3.5,1.95,3.6,3.7,1.93,3.65,4.0,2.06,3.52,3.75,1.96,19,2,2023,2,3,12,0,6,Away Win,2022-2023
B1,2023-02-04,Cercle Brugge,Standard,1,1,D,13.0,8.0,3.0,2.0,21.0,14.0,4.0,1.0,3.0,3.0,0.0,0.0,2.05,3.5,3.1,2.1,3.5,3.4,2.1,3.45,3.1,2.14,3.5,3.55,2.15,3.3,3.3,2.1,3.3,3.4,2.19,3.66,3.55,2.12,3.47,3.33,15,0,2023,2,4,3,18,7,Draw,2022-2023
B1,2023-02-04,Eupen,Westerlo,1,1,D,7.0,15.0,3.0,6.0,18.0,7.0,4.0,7.0,1.0,0.0,0.0,0.0,2.9,3.5,2.15,3.1,3.6,2.2,2.9,3.45,2.25,3.16,3.66,2.25,2.9,3.4,2.3,3.1,3.3,2.25,3.16,3.75,2.28,3.05,3.53,2.22,17,0,2023,2,4,6,21,7,Draw,2022-2023
B1,2023-02-04,Seraing,Oud-Heverlee Leuven,2,1,H,14.0,19.0,4.0,5.0,10.0,10.0,7.0,11.0,1.0,0.0,0.0,0.0,4.0,3.6,1.85,4.1,3.6,1.85,3.8,3.55,1.9,4.32,3.79,1.85,4.0,3.5,1.88,4.1,3.5,1.85,4.32,3.79,1.93,4.07,3.63,1.86,17,1,2023,2,4,15,13,7,Home Win,2022-2023
B1,2023-02-04,St Truiden,Kortrijk,1,0,H,7.0,9.0,2.0,4.0,11.0,9.0,2.0,2.0,1.0,3.0,0.0,0.0,1.73,3.6,4.33,1.77,3.7,4.5,1.75,3.6,4.2,1.8,3.75,4.68,1.78,3.6,4.4,,,,1.81,3.81,4.7,1.78,3.65,4.45,19,1,2023,2,4,16,9,7,Home Win,2022-2023
B1,2023-02-05,Antwerp,Club Brugge,0,0,D,7.0,4.0,2.0,1.0,12.0,22.0,2.0,5.0,1.0,5.0,0.0,0.0,2.5,3.3,2.63,2.55,3.2,2.7,2.5,3.4,2.6,2.66,3.28,2.84,2.6,3.3,2.62,2.55,3.25,2.7,2.66,3.55,2.84,2.57,3.32,2.7,12,0,2023,2,5,1,5,1,Draw,2022-2023
B1,2023-02-05,Mechelen,Charleroi,2,2,D,10.0,17.0,7.0,8.0,12.0,11.0,4.0,7.0,0.0,3.0,1.0,0.0,2.15,3.4,3.1,2.25,3.5,3.1,2.2,3.45,2.95,2.3,3.62,2.99,2.25,3.4,3.0,2.25,3.3,3.1,2.32,3.69,3.1,2.25,3.52,3.0,15,0,2023,2,5,10,4,1,Draw,2022-2023
B1,2023-02-05,Gent,Genk,2,3,A,20.0,11.0,6.0,5.0,12.0,12.0,4.0,3.0,1.0,1.0,0.0,0.0,2.25,3.4,2.8,2.3,3.5,2.95,2.3,3.4,2.8,2.39,3.6,2.88,2.4,3.4,2.75,2.38,3.3,2.9,2.41,3.67,2.95,2.33,3.49,2.88,17,2,2023,2,5,8,7,1,Away Win,2022-2023
B1,2023-02-05,St. Gilloise,Waregem,4,0,H,14.0,7.0,8.0,1.0,8.0,9.0,2.0,3.0,0.0,1.0,0.0,0.0,1.36,4.75,7.0,1.37,5.0,7.75,1.35,5.0,7.75,1.37,5.23,7.76,1.36,4.6,8.5,1.33,4.8,9.0,1.39,5.3,9.0,1.36,5.03,7.69,18,1,2023,2,5,17,20,1,Home Win,2022-2023
B1,2023-02-10,Oud-Heverlee Leuven,Cercle Brugge,0,0,D,7.0,11.0,1.0,5.0,12.0,10.0,6.0,7.0,1.0,0.0,0.0,0.0,2.25,3.25,2.8,2.4,3.5,2.87,2.35,3.4,2.75,2.4,3.46,3.05,,,,2.3,3.3,3.0,2.41,3.6,3.05,2.36,3.42,2.91,19,0,2023,2,10,13,3,6,Draw,2022-2023
B1,2023-02-10,Club Brugge,St. Gilloise,1,1,D,10.0,19.0,4.0,2.0,13.0,10.0,5.0,3.0,1.0,4.0,0.0,0.0,2.3,3.3,2.9,2.6,3.4,2.7,2.45,3.3,2.7,2.63,3.46,2.75,,,,2.55,3.25,2.7,2.64,3.46,2.9,2.54,3.34,2.73,19,0,2023,2,10,5,17,6,Draw,2022-2023
B1,2023-02-10,Eupen,Mechelen,2,1,H,11.0,14.0,3.0,4.0,16.0,16.0,4.0,2.0,0.0,4.0,0.0,0.0,2.55,3.4,2.5,2.6,3.5,2.65,2.5,3.4,2.55,2.63,3.52,2.71,,,,2.55,3.4,2.6,2.66,3.6,2.71,2.57,3.45,2.62,19,1,2023,2,10,6,10,6,Home Win,2022-2023
B1,2023-02-11,Westerlo,Gent,3,3,D,8.0,16.0,5.0,9.0,7.0,6.0,3.0,6.0,1.0,1.0,0.0,0.0,2.8,3.3,2.38,2.85,3.4,2.4,2.75,3.3,2.4,3.0,3.45,2.44,,,,2.9,3.2,2.4,3.0,3.45,2.47,2.89,3.34,2.41,15,0,2023,2,11,21,8,7,Draw,2022-2023
B1,2023-02-11,Charleroi,Seraing,3,0,H,11.0,2.0,4.0,1.0,8.0,13.0,10.0,2.0,1.0,0.0,0.0,0.0,1.5,4.0,5.75,1.52,4.33,6.0,1.53,4.2,6.0,1.51,4.41,6.71,,,,1.5,4.0,6.5,1.55,4.41,6.71,1.52,4.21,6.16,17,1,2023,2,11,4,15,7,Home Win,2022-2023
B1,2023-02-12,Genk,Antwerp,0,1,A,16.0,8.0,3.0,3.0,17.0,14.0,9.0,3.0,2.0,3.0,0.0,0.0,1.91,3.5,3.75,1.98,3.6,3.7,2.0,3.5,3.45,2.03,3.66,3.57,,,,1.95,3.5,3.7,2.04,3.77,3.75,1.99,3.6,3.57,12,2,2023,2,12,7,1,1,Away Win,2022-2023
B1,2023-02-12,Anderlecht,St Truiden,3,1,H,24.0,3.0,9.0,2.0,3.0,11.0,4.0,2.0,1.0,1.0,0.0,0.0,1.83,3.4,4.0,1.85,3.6,4.2,1.95,3.45,3.7,1.81,3.61,4.56,,,,,,,1.95,3.65,4.6,1.86,3.51,4.22,15,1,2023,2,12,0,16,1,Home Win,2022-2023
B1,2023-02-12,Standard,Kortrijk,0,2,A,9.0,11.0,1.0,4.0,10.0,20.0,7.0,3.0,0.0,2.0,1.0,0.0,1.62,4.0,4.75,1.68,4.0,4.6,1.63,4.1,4.7,1.63,4.39,4.82,,,,1.62,3.9,5.25,1.68,4.4,5.25,1.64,4.17,4.74,17,2,2023,2,12,18,9,1,Away Win,2022-2023
B1,2023-02-12,Waregem,Oostende,1,1,D,8.0,5.0,2.0,3.0,11.0,17.0,3.0,4.0,0.0,1.0,0.0,0.0,1.95,3.6,3.5,2.0,3.8,3.3,2.05,3.65,3.25,2.04,3.66,3.53,,,,2.0,3.5,3.5,2.07,3.8,3.57,2.02,3.64,3.4,18,0,2023,2,12,20,12,1,Draw,2022-2023
B1,2023-02-17,Mechelen,Genk,2,2,D,11.0,13.0,5.0,3.0,8.0,6.0,4.0,4.0,1.0,0.0,0.0,0.0,4.2,3.6,1.8,4.0,3.75,1.87,3.85,3.65,1.83,4.01,4.0,1.86,,,,4.0,3.8,1.8,4.2,4.0,1.87,4.01,3.83,1.82,19,0,2023,2,17,10,7,6,Draw,2022-2023
B1,2023-02-18,Antwerp,Eupen,2,0,H,17.0,4.0,2.0,0.0,11.0,11.0,7.0,4.0,3.0,3.0,0.0,1.0,1.36,5.0,8.0,1.36,4.8,8.75,1.35,5.0,8.0,1.37,5.26,8.43,,,,1.33,4.8,9.0,1.38,5.3,9.0,1.36,5.0,8.17,15,1,2023,2,18,1,6,7,Home Win,2022-2023
B1,2023-02-18,Oostende,Charleroi,0,0,D,17.0,8.0,6.0,3.0,7.0,10.0,11.0,3.0,0.0,0.0,0.0,0.0,3.1,3.5,2.25,2.95,3.6,2.25,2.9,3.4,2.25,3.07,3.77,2.26,,,,3.0,3.4,2.25,3.1,3.77,2.3,2.99,3.59,2.24,17,0,2023,2,18,12,4,7,Draw,2022-2023
B1,2023-02-18,Seraing,Waregem,1,1,D,6.0,12.0,2.0,3.0,18.0,16.0,4.0,7.0,3.0,3.0,1.0,1.0,3.1,3.4,2.2,3.2,3.6,2.15,3.0,3.45,2.2,3.23,3.74,2.19,,,,3.13,3.4,2.2,3.25,3.76,2.23,3.12,3.58,2.18,17,0,2023,2,18,15,20,7,Draw,2022-2023
B1,2023-02-18,St. Gilloise,Standard,2,4,A,15.0,9.0,6.0,6.0,12.0,11.0,3.0,0.0,2.0,5.0,0.0,0.0,1.53,4.2,6.0,1.57,4.0,6.0,1.53,4.1,5.75,1.53,4.34,6.43,,,,1.53,3.9,6.0,1.58,4.4,6.43,1.54,4.16,5.95,19,2,2023,2,18,17,18,7,Away Win,2022-2023
B1,2023-02-19,Cercle Brugge,Club Brugge,2,2,D,28.0,7.0,10.0,5.0,10.0,12.0,17.0,4.0,2.0,2.0,0.0,0.0,3.5,3.4,2.05,3.25,3.5,2.15,3.2,3.4,2.1,3.49,3.5,2.11,,,,3.4,3.3,2.1,3.52,3.57,2.2,3.35,3.46,2.11,12,0,2023,2,19,3,5,1,Draw,2022-2023
B1,2023-02-19,Gent,Oud-Heverlee Leuven,2,0,H,12.0,14.0,6.0,4.0,15.0,12.0,5.0,9.0,2.0,1.0,0.0,0.0,1.57,4.0,5.25,1.62,4.1,5.0,1.6,4.0,5.25,1.62,4.18,5.2,,,,1.57,3.9,5.75,1.64,4.3,5.75,1.6,4.08,5.19,15,1,2023,2,19,8,13,1,Home Win,2022-2023
B1,2023-02-19,Kortrijk,Anderlecht,2,2,D,13.0,12.0,7.0,5.0,14.0,8.0,6.0,4.0,2.0,0.0,0.0,0.0,4.0,3.6,1.85,3.6,3.7,1.95,3.55,3.6,1.95,3.7,3.94,1.92,,,,3.7,3.5,1.95,4.0,4.0,1.99,3.65,3.75,1.92,17,0,2023,2,19,9,0,1,Draw,2022-2023
B1,2023-02-19,St Truiden,Westerlo,0,1,A,6.0,13.0,1.0,3.0,8.0,6.0,1.0,6.0,1.0,0.0,1.0,0.0,2.63,3.3,2.63,2.65,3.3,2.65,2.55,3.2,2.6,2.78,3.22,2.68,,,,,,,2.8,3.35,2.71,2.68,3.25,2.64,18,2,2023,2,19,16,21,1,Away Win,2022-2023
B1,2023-02-24,Waregem,Kortrijk,3,3,D,15.0,9.0,4.0,5.0,19.0,18.0,8.0,5.0,3.0,4.0,0.0,0.0,2.2,3.5,3.1,2.25,3.7,3.1,2.15,3.5,2.95,2.18,3.63,3.34,,,,2.1,3.5,3.2,2.25,3.7,3.35,2.16,3.57,3.17,19,0,2023,2,24,20,9,6,Draw,2022-2023
B1,2023-02-25,Seraing,Mechelen,0,2,A,7.0,9.0,0.0,4.0,11.0,14.0,4.0,3.0,2.0,1.0,0.0,0.0,3.75,3.6,1.95,3.6,3.7,1.98,3.4,3.6,1.97,3.7,3.73,2.02,,,,3.75,3.4,1.95,3.75,3.75,2.03,3.59,3.64,1.98,15,2,2023,2,25,15,10,7,Away Win,2022-2023
B1,2023-02-25,Eupen,Cercle Brugge,2,2,D,7.0,14.0,3.0,4.0,10.0,13.0,4.0,6.0,1.0,1.0,1.0,0.0,3.4,3.5,2.05,3.3,3.6,2.1,3.15,3.5,2.1,3.53,3.7,2.08,,,,3.5,3.4,2.05,3.53,3.71,2.15,3.38,3.55,2.08,17,0,2023,2,25,6,3,7,Draw,2022-2023
B1,2023-02-25,Genk,Oostende,3,0,H,10.0,12.0,5.0,4.0,13.0,15.0,4.0,4.0,2.0,3.0,0.0,0.0,1.33,5.5,7.0,1.34,5.5,8.0,1.33,5.5,7.25,1.34,5.68,8.75,,,,1.33,5.0,8.5,1.36,5.7,9.1,1.33,5.42,8.05,17,1,2023,2,25,7,12,7,Home Win,2022-2023
B1,2023-02-25,Westerlo,St. Gilloise,4,2,H,9.0,20.0,6.0,8.0,9.0,9.0,4.0,6.0,2.0,2.0,0.0,0.0,3.5,3.6,1.95,3.5,3.6,2.0,3.35,3.55,2.0,3.61,3.77,2.03,,,,3.6,3.4,2.0,3.61,3.77,2.04,3.5,3.61,2.01,19,1,2023,2,25,21,17,7,Home Win,2022-2023
B1,2023-02-26,Club Brugge,Gent,2,0,H,16.0,6.0,6.0,2.0,9.0,10.0,9.0,3.0,2.0,0.0,0.0,0.0,2.15,3.75,3.1,2.15,3.5,3.2,2.1,3.55,3.05,2.13,3.46,3.48,,,,2.1,3.3,3.4,2.17,3.75,3.5,2.12,3.49,3.3,12,1,2023,2,26,5,8,1,Home Win,2022-2023
B1,2023-02-26,Oud-Heverlee Leuven,Antwerp,1,1,D,9.0,17.0,4.0,4.0,9.0,13.0,3.0,7.0,1.0,0.0,0.0,0.0,3.5,3.5,2.0,3.4,3.6,2.05,3.25,3.5,2.05,3.59,3.65,2.03,,,,3.5,3.4,2.05,3.65,3.69,2.13,3.45,3.56,2.04,15,0,2023,2,26,13,1,1,Draw,2022-2023
B1,2023-02-26,Anderlecht,Standard,2,2,D,14.0,8.0,7.0,4.0,5.0,8.0,7.0,3.0,2.0,2.0,0.0,0.0,1.83,3.75,4.0,1.85,3.7,4.0,1.85,3.6,3.7,1.88,3.84,3.96,,,,1.85,3.5,4.0,1.9,3.94,4.1,1.86,3.73,3.91,17,0,2023,2,26,0,18,1,Draw,2022-2023
B1,2023-02-26,Charleroi,St Truiden,1,0,H,17.0,11.0,7.0,2.0,15.0,13.0,3.0,2.0,0.0,2.0,0.0,0.0,2.05,3.5,3.6,2.1,3.4,3.5,2.1,3.4,3.2,2.02,3.48,3.8,,,,,,,2.14,3.55,3.84,2.05,3.42,3.56,18,1,2023,2,26,4,16,1,Home Win,2022-2023
B1,2023-03-03,Oostende,Club Brugge,3,0,H,13.0,11.0,6.0,3.0,12.0,16.0,0.0,5.0,2.0,2.0,0.0,0.0,4.5,4.0,1.67,4.4,4.1,1.75,4.3,4.0,1.7,4.56,4.33,1.7,,,,4.5,4.0,1.67,4.6,4.33,1.75,4.41,4.07,1.7,19,1,2023,3,3,12,5,6,Home Win,2022-2023
B1,2023-03-04,Kortrijk,Charleroi,0,1,A,18.0,11.0,3.0,6.0,7.0,12.0,4.0,2.0,0.0,4.0,0.0,0.0,3.1,3.4,2.25,2.9,3.5,2.3,2.9,3.45,2.25,3.21,3.68,2.22,,,,3.1,3.3,2.25,3.3,3.68,2.3,3.07,3.52,2.22,15,2,2023,3,4,9,4,7,Away Win,2022-2023
B1,2023-03-04,Cercle Brugge,Seraing,3,1,H,19.0,3.0,7.0,2.0,14.0,11.0,11.0,3.0,1.0,1.0,0.0,0.0,1.4,4.75,8.0,1.41,4.6,7.5,1.4,4.7,7.75,1.37,4.84,9.64,,,,1.36,4.5,8.5,1.41,4.9,9.7,1.38,4.65,8.42,17,1,2023,3,4,3,15,7,Home Win,2022-2023
B1,2023-03-04,Oud-Heverlee Leuven,Waregem,4,2,H,13.0,12.0,8.0,4.0,11.0,10.0,3.0,5.0,2.0,1.0,0.0,0.0,1.83,3.6,4.2,1.87,3.8,3.9,1.9,3.65,3.7,1.87,3.97,4.0,,,,1.85,3.6,4.0,1.9,3.97,4.2,1.87,3.78,3.87,17,1,2023,3,4,13,20,7,Home Win,2022-2023
B1,2023-03-04,Standard,Westerlo,2,0,H,23.0,7.0,5.0,0.0,12.0,11.0,7.0,1.0,0.0,2.0,1.0,0.0,2.55,3.3,2.7,2.4,3.6,2.75,2.45,3.4,2.6,2.6,3.67,2.66,,,,2.55,3.4,2.6,2.64,3.7,2.75,2.52,3.52,2.64,19,1,2023,3,4,18,21,7,Home Win,2022-2023
B1,2023-03-05,St Truiden,Genk,2,2,D,10.0,9.0,4.0,5.0,17.0,11.0,2.0,2.0,3.0,1.0,0.0,0.0,4.0,3.4,1.91,4.0,3.6,1.9,3.65,3.45,1.9,4.06,3.63,1.95,,,,,,,4.1,3.63,1.97,3.91,3.52,1.92,12,0,2023,3,5,16,7,1,Draw,2022-2023
B1,2023-03-05,Antwerp,Mechelen,5,0,H,16.0,11.0,10.0,5.0,9.0,11.0,6.0,3.0,1.0,2.0,0.0,0.0,1.53,4.2,5.75,1.53,4.4,5.75,1.53,4.3,5.5,1.53,4.32,6.12,,,,1.53,4.0,6.0,1.55,4.5,6.2,1.53,4.29,5.78,15,1,2023,3,5,1,10,1,Home Win,2022-2023
B1,2023-03-05,Gent,Anderlecht,1,0,H,14.0,10.0,5.0,3.0,8.0,9.0,4.0,2.0,1.0,4.0,0.0,1.0,2.05,3.4,3.5,2.1,3.5,3.4,2.05,3.4,3.3,2.1,3.64,3.4,,,,2.1,3.3,3.4,2.12,3.73,3.5,2.08,3.52,3.38,17,1,2023,3,5,8,0,1,Home Win,2022-2023
B1,2023-03-05,St. Gilloise,Eupen,2,1,H,12.0,8.0,6.0,3.0,11.0,16.0,5.0,2.0,1.0,1.0,0.0,0.0,1.25,5.5,12.0,1.28,5.75,10.5,1.27,5.75,10.0,1.23,6.29,11.47,,,,1.25,5.5,11.5,1.29,6.8,13.0,1.25,5.99,10.89,18,1,2023,3,5,17,6,1,Home Win,2022-2023
B1,2023-03-10,Charleroi,Oud-Heverlee Leuven,0,1,A,25.0,9.0,5.0,2.0,8.0,11.0,7.0,4.0,1.0,4.0,0.0,0.0,1.85,3.6,3.6,1.95,3.7,3.8,1.95,3.55,3.5,1.94,3.72,3.96,,,,1.9,3.5,3.9,1.98,3.76,4.0,1.92,3.6,3.77,19,2,2023,3,10,4,13,6,Away Win,2022-2023
B1,2023-03-11,Mechelen,St Truiden,1,0,H,8.0,7.0,4.0,1.0,10.0,16.0,8.0,4.0,1.0,2.0,0.0,0.0,2.15,3.25,3.1,2.25,3.3,3.2,2.25,3.25,3.05,2.28,3.37,3.35,,,,,,,2.3,3.4,3.35,2.24,3.28,3.16,15,1,2023,3,11,10,16,7,Home Win,2022-2023
B1,2023-03-11,Eupen,Oostende,4,4,D,29.0,14.0,10.0,9.0,9.0,10.0,9.0,2.0,0.0,3.0,0.0,1.0,2.5,3.4,2.6,2.55,3.5,2.65,2.45,3.35,2.6,2.62,3.6,2.68,,,,2.55,3.3,2.7,2.62,3.65,2.7,2.53,3.46,2.63,17,0,2023,3,11,6,12,7,Draw,2022-2023
B1,2023-03-11,Westerlo,Kortrijk,3,1,H,9.0,19.0,7.0,6.0,9.0,10.0,7.0,7.0,3.0,2.0,0.0,0.0,1.67,4.0,4.33,1.65,4.0,5.0,1.67,3.95,4.6,1.69,4.25,4.57,,,,1.67,3.8,4.8,1.72,4.3,5.0,1.67,4.05,4.56,17,1,2023,3,11,21,9,7,Home Win,2022-2023
B1,2023-03-11,Seraing,Antwerp,0,2,A,8.0,18.0,1.0,5.0,15.0,12.0,4.0,5.0,3.0,1.0,1.0,0.0,7.5,4.33,1.4,7.25,4.5,1.44,7.25,4.4,1.43,8.31,4.63,1.42,,,,8.5,4.2,1.4,8.5,4.63,1.44,7.7,4.42,1.41,19,2,2023,3,11,15,1,7,Away Win,2022-2023
B1,2023-03-12,Club Brugge,Standard,2,0,H,13.0,17.0,4.0,4.0,11.0,10.0,6.0,6.0,1.0,1.0,0.0,0.0,1.7,3.8,4.33,1.68,4.0,4.75,1.73,3.85,4.1,1.71,4.09,4.53,,,,1.73,3.75,4.5,1.75,4.2,4.75,1.71,3.93,4.4,12,1,2023,3,12,5,18,1,Home Win,2022-2023
B1,2023-03-12,Waregem,Gent,2,6,A,11.0,12.0,4.0,8.0,14.0,11.0,4.0,1.0,1.0,1.0,0.0,0.0,3.2,3.6,1.95,3.5,3.6,1.98,3.25,3.55,2.05,3.53,3.54,2.09,,,,3.5,3.4,2.05,3.56,3.7,2.11,3.39,3.54,2.04,15,2,2023,3,12,20,8,1,Away Win,2022-2023
B1,2023-03-12,Genk,St. Gilloise,1,2,A,12.0,13.0,6.0,5.0,13.0,15.0,14.0,5.0,3.0,3.0,0.0,0.0,2.2,3.4,3.0,2.3,3.5,3.0,2.3,3.35,2.9,2.35,3.54,2.98,,,,2.3,3.3,3.0,2.4,3.6,3.1,2.29,3.45,2.95,17,2,2023,3,12,7,17,1,Away Win,2022-2023
B1,2023-03-12,Anderlecht,Cercle Brugge,2,0,H,18.0,7.0,9.0,2.0,8.0,17.0,5.0,4.0,0.0,2.0,0.0,1.0,2.05,3.5,3.3,2.05,3.5,3.4,2.1,3.45,3.25,2.07,3.59,3.52,,,,2.05,3.3,3.6,2.11,3.65,3.6,2.06,3.49,3.39,18,1,2023,3,12,0,3,1,Home Win,2022-2023
B1,2023-03-17,Cercle Brugge,Genk,1,1,D,18.0,10.0,4.0,2.0,5.0,9.0,6.0,9.0,2.0,1.0,0.0,0.0,2.7,3.4,2.38,2.7,3.5,2.45,2.65,3.45,2.4,2.76,3.7,2.5,,,,2.7,3.5,2.4,2.8,3.71,2.51,2.71,3.54,2.43,19,0,2023,3,17,3,7,6,Draw,2022-2023
B1,2023-03-18,Kortrijk,Club Brugge,1,0,H,10.0,13.0,6.0,3.0,11.0,11.0,1.0,6.0,2.0,2.0,0.0,0.0,4.2,3.8,1.65,4.33,4.0,1.75,3.95,4.0,1.73,4.41,4.5,1.7,,,,4.4,3.9,1.7,4.56,4.5,1.77,4.28,4.13,1.71,15,1,2023,3,18,9,5,7,Home Win,2022-2023
B1,2023-03-18,Oostende,Westerlo,1,2,A,22.0,7.0,12.0,2.0,9.0,9.0,7.0,5.0,1.0,2.0,0.0,0.0,2.88,3.3,2.25,2.9,3.5,2.3,2.85,3.4,2.3,2.87,3.87,2.34,,,,2.9,3.4,2.3,3.0,3.89,2.34,2.86,3.62,2.29,17,2,2023,3,18,12,21,7,Away Win,2022-2023
B1,2023-03-18,St Truiden,Seraing,2,1,H,12.0,9.0,7.0,1.0,14.0,8.0,4.0,2.0,2.0,2.0,0.0,0.0,1.53,3.75,5.75,1.58,3.75,6.25,1.55,3.8,6.0,1.57,3.98,6.25,,,,,,,1.6,4.25,6.5,1.56,3.81,6.15,17,1,2023,3,18,16,15,7,Home Win,2022-2023
B1,2023-03-18,Standard,Waregem,2,2,D,21.0,9.0,8.0,5.0,14.0,12.0,6.0,5.0,3.0,2.0,0.0,0.0,1.67,3.75,4.5,1.72,3.9,4.5,1.7,3.85,4.2,1.73,4.01,4.59,,,,1.7,3.8,4.6,1.77,4.14,4.7,1.71,3.93,4.45,19,0,2023,3,18,18,20,7,Draw,2022-2023
B1,2023-03-19,Antwerp,Charleroi,0,1,A,28.0,5.0,8.0,2.0,8.0,9.0,8.0,0.0,0.0,4.0,0.0,1.0,1.67,3.75,4.5,1.7,3.8,4.8,1.7,3.85,4.3,1.71,4.0,4.77,,,,1.7,3.6,4.8,1.78,4.0,5.08,1.7,3.83,4.62,12,2,2023,3,19,1,4,1,Away Win,2022-2023
B1,2023-03-19,Oud-Heverlee Leuven,Anderlecht,0,2,A,9.0,12.0,5.0,5.0,11.0,13.0,4.0,7.0,3.0,2.0,0.0,0.0,3.0,3.4,2.15,3.0,3.5,2.3,2.95,3.4,2.2,3.12,3.57,2.25,,,,3.1,3.3,2.25,3.15,3.63,2.3,3.04,3.47,2.22,15,2,2023,3,19,13,0,1,Away Win,2022-2023
B1,2023-03-19,St. Gilloise,Mechelen,2,1,H,15.0,5.0,6.0,1.0,11.0,11.0,3.0,5.0,1.0,2.0,0.0,0.0,1.36,4.75,7.0,1.4,5.0,7.5,1.4,4.8,7.0,1.4,5.02,7.41,,,,1.36,4.75,8.0,1.41,5.2,8.02,1.39,4.84,7.31,17,1,2023,3,19,17,10,1,Home Win,2022-2023
B1,2023-03-19,Gent,Eupen,3,0,H,25.0,11.0,5.0,3.0,6.0,9.0,16.0,5.0,2.0,0.0,0.0,0.0,1.36,4.75,8.0,1.36,5.0,8.5,1.35,5.0,8.0,1.34,5.15,9.02,,,,1.33,4.8,9.0,1.37,5.4,9.5,1.34,4.98,8.43,18,1,2023,3,19,8,6,1,Home Win,2022-2023
B1,2023-03-31,Waregem,Antwerp,0,2,A,7.0,13.0,3.0,5.0,11.0,15.0,6.0,5.0,4.0,1.0,0.0,0.0,4.2,4.0,1.65,4.5,3.8,1.73,3.85,3.9,1.77,4.68,4.18,1.71,3.7,3.5,1.95,4.6,3.9,1.67,4.7,4.18,1.77,4.42,3.95,1.71,19,2,2023,3,31,20,1,6,Away Win,2022-2023
B1,2023-04-01,Cercle Brugge,Kortrijk,2,0,H,19.0,6.0,6.0,4.0,17.0,13.0,6.0,2.0,2.0,2.0,0.0,0.0,1.57,4.0,4.75,1.62,4.1,5.0,1.63,4.1,4.8,1.61,4.31,5.4,1.65,3.8,5.0,1.57,4.0,5.5,1.65,4.31,5.5,1.6,4.15,5.11,15,1,2023,4,1,3,9,7,Home Win,2022-2023
B1,2023-04-01,Seraing,Gent,0,5,A,6.0,18.0,0.0,10.0,5.0,6.0,3.0,13.0,0.0,1.0,0.0,0.0,8.0,4.33,1.33,8.25,4.8,1.38,8.0,4.7,1.37,8.99,4.73,1.4,6.5,3.9,1.52,8.5,4.6,1.36,8.99,4.9,1.41,8.31,4.67,1.37,17,2,2023,4,1,15,8,7,Away Win,2022-2023
B1,2023-04-01,Westerlo,Charleroi,2,3,A,17.0,12.0,7.0,5.0,5.0,16.0,7.0,4.0,2.0,5.0,0.0,0.0,2.1,3.5,3.1,2.1,3.6,3.25,2.1,3.45,3.1,2.19,3.67,3.29,2.1,3.4,3.3,2.15,3.4,3.2,2.19,3.71,3.3,2.13,3.54,3.19,17,2,2023,4,1,21,4,7,Away Win,2022-2023
B1,2023-04-01,Oostende,Standard,1,3,A,15.0,13.0,4.0,7.0,11.0,6.0,6.0,7.0,3.0,1.0,1.0,0.0,3.1,3.4,2.1,3.1,3.6,2.2,2.95,3.45,2.2,3.04,3.8,2.23,3.1,3.4,2.2,3.1,3.4,2.2,3.1,3.82,2.25,3.01,3.6,2.2,19,2,2023,4,1,12,18,7,Away Win,2022-2023
B1,2023-04-02,Genk,Oud-Heverlee Leuven,2,1,H,22.0,11.0,8.0,5.0,10.0,9.0,11.0,5.0,4.0,2.0,0.0,0.0,1.5,4.0,6.0,1.51,4.5,5.75,1.5,4.4,5.75,1.51,4.64,5.85,1.5,4.2,6.0,1.5,4.33,5.75,1.54,4.75,6.4,1.5,4.46,5.78,12,1,2023,4,2,7,13,1,Home Win,2022-2023
B1,2023-04-02,Eupen,Anderlecht,0,1,A,9.0,13.0,1.0,4.0,16.0,8.0,2.0,6.0,1.0,0.0,0.0,0.0,3.8,3.6,1.8,4.0,3.75,1.83,3.7,3.7,1.85,4.33,3.9,1.79,4.0,3.6,1.83,4.2,3.6,1.8,4.4,3.98,1.89,4.05,3.77,1.81,15,2,2023,4,2,6,0,1,Away Win,2022-2023
B1,2023-04-02,Mechelen,Club Brugge,0,3,A,4.0,18.0,1.0,5.0,9.0,6.0,1.0,8.0,1.0,1.0,0.0,0.0,3.5,3.5,1.91,3.5,3.7,1.98,3.35,3.65,1.97,3.72,3.8,1.94,3.7,3.5,1.95,3.75,3.5,1.91,3.8,4.0,2.0,3.59,3.71,1.93,17,2,2023,4,2,10,5,1,Away Win,2022-2023
B1,2023-04-02,St. Gilloise,St Truiden,2,1,H,11.0,6.0,7.0,1.0,14.0,8.0,13.0,1.0,2.0,3.0,0.0,1.0,1.44,4.5,6.5,1.47,4.4,6.75,1.47,4.2,6.25,1.45,4.27,7.87,1.47,4.0,7.0,,,,1.48,4.5,8.0,1.45,4.31,6.99,18,1,2023,4,2,17,16,1,Home Win,2022-2023
B1,2023-04-07,Club Brugge,Seraing,2,0,H,26.0,5.0,11.0,0.0,10.0,8.0,21.0,1.0,0.0,0.0,0.0,0.0,1.11,9.5,21.0,1.12,9.75,21.0,1.15,8.0,16.0,1.12,9.49,24.9,,,,1.09,9.0,23.0,1.15,10.0,26.0,1.11,9.05,21.38,19,1,2023,4,7,5,15,6,Home Win,2022-2023
B1,2023-04-08,Kortrijk,Eupen,0,0,D,14.0,13.0,1.0,3.0,17.0,9.0,7.0,6.0,3.0,2.0,0.0,0.0,2.0,3.5,3.6,2.05,3.7,3.4,2.0,3.55,3.3,2.04,3.79,3.47,,,,2.0,3.5,3.5,2.08,3.83,3.6,2.03,3.63,3.38,15,0,2023,4,8,9,6,7,Draw,2022-2023
B1,2023-04-08,Oud-Heverlee Leuven,Mechelen,4,1,H,17.0,16.0,11.0,6.0,8.0,13.0,2.0,8.0,1.0,3.0,0.0,0.0,2.1,3.5,3.3,2.15,3.7,3.1,2.15,3.55,2.95,2.19,3.82,3.18,,,,2.15,3.5,3.13,2.23,3.86,3.3,2.15,3.63,3.11,15,1,2023,4,8,13,10,7,Home Win,2022-2023
B1,2023-04-08,Charleroi,Waregem,3,2,H,18.0,8.0,8.0,5.0,11.0,15.0,3.0,5.0,3.0,1.0,0.0,0.0,1.73,3.8,4.75,1.68,4.2,4.6,1.7,3.85,4.6,1.66,4.55,4.64,,,,1.65,3.9,4.75,1.73,4.6,4.75,1.66,4.18,4.53,17,1,2023,4,8,4,20,7,Home Win,2022-2023
B1,2023-04-08,Gent,St. Gilloise,1,1,D,10.0,5.0,3.0,3.0,4.0,11.0,4.0,3.0,0.0,2.0,0.0,0.0,2.55,3.3,2.7,2.5,3.6,2.65,2.5,3.4,2.6,2.63,3.62,2.66,,,,2.55,3.3,2.7,2.63,3.62,2.75,2.53,3.45,2.63,19,0,2023,4,8,8,17,7,Draw,2022-2023
B1,2023-04-09,Anderlecht,Westerlo,0,0,D,16.0,13.0,2.0,6.0,11.0,18.0,10.0,1.0,2.0,2.0,0.0,0.0,1.67,3.75,5.0,1.71,4.0,4.5,1.67,3.95,4.2,1.7,4.1,4.62,,,,1.67,3.8,4.75,1.73,4.2,5.0,1.69,3.96,4.48,12,0,2023,4,9,0,21,1,Draw,2022-2023
B1,2023-04-09,Antwerp,Cercle Brugge,2,1,H,11.0,10.0,4.0,4.0,10.0,19.0,6.0,1.0,1.0,3.0,0.0,0.0,1.7,3.6,4.75,1.71,3.8,4.75,1.73,3.85,4.2,1.7,3.86,4.95,,,,1.67,3.6,5.25,1.73,4.0,5.25,1.69,3.79,4.74,15,1,2023,4,9,1,3,1,Home Win,2022-2023
B1,2023-04-09,Standard,Genk,2,0,H,11.0,19.0,4.0,7.0,17.0,13.0,4.0,7.0,3.0,3.0,0.0,0.0,2.63,3.4,2.55,2.65,3.7,2.45,2.65,3.5,2.45,2.6,3.78,2.53,,,,2.7,3.4,2.45,2.75,3.8,2.57,2.62,3.6,2.46,17,1,2023,4,9,18,7,1,Home Win,2022-2023
B1,2023-04-09,St Truiden,Oostende,5,0,H,18.0,11.0,11.0,4.0,14.0,12.0,6.0,2.0,1.0,1.0,0.0,0.0,2.25,3.25,3.25,2.25,3.4,3.1,2.25,3.3,3.0,2.33,3.35,3.16,,,,,,,2.36,3.45,3.25,2.26,3.32,3.11,18,1,2023,4,9,16,12,1,Home Win,2022-2023
B1,2023-04-14,Standard,Charleroi,3,1,H,10.0,17.0,6.0,5.0,15.0,11.0,5.0,5.0,4.0,1.0,1.0,0.0,2.05,3.5,3.5,2.05,3.7,3.5,2.05,3.5,3.25,2.06,3.7,3.58,,,,2.0,3.6,3.4,2.1,3.73,3.58,2.03,3.59,3.42,19,1,2023,4,14,18,4,6,Home Win,2022-2023
B1,2023-04-15,Eupen,Waregem,1,5,A,11.0,16.0,3.0,9.0,15.0,13.0,4.0,3.0,3.0,1.0,0.0,0.0,2.38,3.4,2.9,2.4,3.6,2.75,2.4,3.45,2.7,2.44,3.59,2.9,,,,2.4,3.4,2.8,2.44,3.7,2.9,2.37,3.51,2.82,15,2,2023,4,15,6,20,7,Away Win,2022-2023
B1,2023-04-15,Cercle Brugge,St Truiden,3,1,H,10.0,5.0,5.0,1.0,11.0,15.0,4.0,1.0,3.0,0.0,0.0,0.0,1.67,3.75,5.0,1.72,3.75,4.8,1.67,3.8,4.4,1.72,3.94,4.99,,,,,,,1.74,3.96,5.1,1.69,3.81,4.85,17,1,2023,4,15,3,16,7,Home Win,2022-2023
B1,2023-04-15,Oostende,Oud-Heverlee Leuven,0,4,A,13.0,19.0,3.0,8.0,10.0,8.0,7.0,6.0,1.0,0.0,0.0,0.0,2.4,3.5,2.75,2.4,3.8,2.65,2.4,3.6,2.65,2.37,4.21,2.62,,,,2.45,3.6,2.63,2.46,4.21,2.75,2.37,3.85,2.63,17,2,2023,4,15,12,13,7,Away Win,2022-2023
B1,2023-04-15,Westerlo,Club Brugge,0,0,D,7.0,22.0,1.0,10.0,13.0,8.0,4.0,13.0,4.0,3.0,0.0,0.0,3.3,3.4,2.15,3.0,3.6,2.2,3.0,3.5,2.15,3.29,3.71,2.17,,,,3.13,3.4,2.2,3.3,3.75,2.27,3.17,3.57,2.15,19,0,2023,4,15,21,5,7,Draw,2022-2023
B1,2023-04-16,Genk,Anderlecht,5,2,H,14.0,13.0,9.0,6.0,16.0,17.0,7.0,2.0,2.0,3.0,0.0,0.0,1.85,3.6,4.0,1.85,3.9,3.8,1.9,3.8,3.6,1.83,4.08,3.91,,,,1.85,3.75,3.8,1.9,4.2,4.11,1.83,3.92,3.83,12,1,2023,4,16,7,0,1,Home Win,2022-2023
B1,2023-04-16,Mechelen,Gent,1,1,D,2.0,14.0,1.0,5.0,10.0,7.0,3.0,6.0,1.0,1.0,0.0,0.0,4.75,3.8,1.67,4.75,4.0,1.68,4.7,3.95,1.65,5.04,4.2,1.63,,,,5.0,4.0,1.62,5.4,4.33,1.68,4.87,4.08,1.63,15,0,2023,4,16,10,8,1,Draw,2022-2023
B1,2023-04-16,Antwerp,Kortrijk,1,0,H,14.0,5.0,3.0,2.0,13.0,13.0,12.0,2.0,0.0,1.0,0.0,0.0,1.29,5.75,9.0,1.31,5.5,9.5,1.27,5.75,10.0,1.29,5.45,11.18,,,,1.25,5.5,11.5,1.34,5.8,12.0,1.28,5.49,10.31,17,1,2023,4,16,1,9,1,Home Win,2022-2023
B1,2023-04-16,St. Gilloise,Seraing,2,1,H,19.0,6.0,8.0,2.0,9.0,13.0,11.0,2.0,1.0,1.0,0.0,0.0,1.08,10.0,23.0,1.12,10.0,21.0,1.1,10.0,19.0,1.12,9.45,19.3,,,,1.08,9.5,23.0,1.13,10.0,23.0,1.11,9.35,20.19,18,1,2023,4,16,17,15,1,Home Win,2022-2023
B1,2023-04-22,Seraing,Westerlo,1,1,D,10.0,12.0,4.0,1.0,14.0,12.0,6.0,4.0,4.0,1.0,0.0,0.0,5.5,4.0,1.55,5.25,4.2,1.53,5.75,4.1,1.55,5.5,4.36,1.6,,,,5.5,4.2,1.53,5.75,4.36,1.62,5.33,4.2,1.57,17,0,2023,4,22,15,21,7,Draw,2022-2023
B1,2023-04-23,St Truiden,Antwerp,0,1,A,10.0,10.0,0.0,4.0,11.0,6.0,6.0,2.0,2.0,0.0,0.0,0.0,4.33,3.5,1.8,4.1,3.6,1.77,4.3,3.6,1.8,4.32,3.84,1.81,,,,,,,4.5,3.84,1.89,4.17,3.65,1.81,12,2,2023,4,23,16,1,1,Away Win,2022-2023
B1,2023-04-23,Anderlecht,Mechelen,2,3,A,19.0,15.0,9.0,7.0,11.0,12.0,6.0,3.0,0.0,0.0,0.0,0.0,1.36,5.0,7.0,1.35,5.5,7.5,1.35,5.5,7.25,1.35,5.24,8.18,,,,1.33,5.0,8.5,1.37,5.6,8.6,1.34,5.18,7.79,17,2,2023,4,23,0,10,1,Away Win,2022-2023
B1,2023-04-23,Charleroi,Genk,2,2,D,13.0,4.0,6.0,2.0,15.0,13.0,6.0,4.0,3.0,1.0,0.0,0.0,3.6,3.6,1.91,3.25,3.8,1.95,3.4,3.75,1.95,3.59,4.0,1.93,,,,3.6,3.6,1.95,3.66,4.1,1.98,3.5,3.81,1.93,17,0,2023,4,23,4,7,1,Draw,2022-2023
B1,2023-04-23,Club Brugge,Eupen,7,0,H,33.0,6.0,13.0,0.0,8.0,15.0,4.0,4.0,0.0,3.0,0.0,0.0,1.3,5.0,9.5,1.31,5.75,8.75,1.3,5.75,8.25,1.3,5.64,9.77,,,,1.29,5.5,9.0,1.32,5.8,10.0,1.29,5.51,9.12,17,1,2023,4,23,5,6,1,Home Win,2022-2023
B1,2023-04-23,Gent,Oostende,1,2,A,19.0,13.0,4.0,6.0,4.0,10.0,3.0,5.0,2.0,3.0,0.0,0.0,1.2,6.0,12.0,1.22,6.75,12.0,1.22,6.75,11.0,1.21,7.1,11.31,,,,1.2,6.5,12.0,1.23,7.5,14.0,1.21,6.71,11.56,17,2,2023,4,23,8,12,1,Away Win,2022-2023
B1,2023-04-23,Kortrijk,St. Gilloise,2,4,A,9.0,16.0,5.0,8.0,9.0,14.0,0.0,3.0,1.0,3.0,0.0,0.0,5.25,4.2,1.53,5.25,4.4,1.57,5.75,4.4,1.53,5.46,4.5,1.55,,,,5.5,4.2,1.53,6.0,4.6,1.57,5.4,4.38,1.53,17,2,2023,4,23,9,17,1,Away Win,2022-2023
B1,2023-04-23,Oud-Heverlee Leuven,Standard,3,2,H,12.0,14.0,5.0,5.0,9.0,9.0,6.0,7.0,0.0,2.0,0.0,0.0,2.5,3.6,2.5,2.55,3.75,2.5,2.65,3.55,2.45,2.65,3.74,2.51,,,,2.6,3.5,2.5,2.65,3.78,2.65,2.57,3.6,2.5,17,1,2023,4,23,13,18,1,Home Win,2022-2023
B1,2023-04-23,Waregem,Cercle Brugge,2,3,A,11.0,22.0,3.0,8.0,16.0,21.0,3.0,3.0,2.0,4.0,0.0,0.0,3.0,3.6,2.15,3.0,3.8,2.15,2.9,3.6,2.2,2.94,3.87,2.24,,,,3.0,3.6,2.2,3.05,3.97,2.25,2.94,3.73,2.18,17,2,2023,4,23,20,3,1,Away Win,2022-2023
B1,2023-07-28,St. Gilloise,Anderlecht,2,0,H,10.0,5.0,3.0,2.0,16.0,13.0,3.0,3.0,5.0,3.0,0.0,0.0,2.1,3.3,3.2,2.2,3.5,3.1,2.25,3.4,3.05,2.22,3.63,3.24,1.95,3.25,3.25,2.2,3.4,3.1,2.28,3.63,3.24,2.21,3.46,3.1,19,1,2023,7,28,17,0,6,Home Win,2023-2024
B1,2023-07-29,Eupen,Westerlo,2,2,D,13.0,22.0,6.0,5.0,14.0,7.0,1.0,4.0,1.0,0.0,0.0,0.0,3.4,3.3,2.05,3.2,3.5,2.15,3.25,3.4,2.15,3.56,3.56,2.12,3.0,3.2,2.1,3.4,3.4,2.1,3.56,3.58,2.19,3.36,3.46,2.11,15,0,2023,7,29,6,21,7,Draw,2023-2024
B1,2023-07-29,Charleroi,Oud-Heverlee Leuven,1,1,D,4.0,19.0,2.0,5.0,7.0,12.0,2.0,6.0,3.0,1.0,1.0,0.0,1.95,3.5,3.5,1.98,3.7,3.6,2.05,3.55,3.4,2.03,3.73,3.65,2.05,3.25,3.0,1.95,3.6,3.6,2.05,3.73,3.85,1.99,3.59,3.56,17,0,2023,7,29,4,13,7,Draw,2023-2024
B1,2023-07-29,RWD Molenbeek,Genk,0,4,A,10.0,28.0,4.0,10.0,11.0,11.0,2.0,6.0,1.0,0.0,0.0,0.0,3.5,3.6,1.85,3.5,3.7,1.98,3.5,3.6,2.0,3.67,3.9,1.98,3.5,3.4,1.83,3.7,3.6,1.93,3.83,3.9,2.0,3.6,3.69,1.94,19,2,2023,7,29,14,7,7,Away Win,2023-2024
B1,2023-07-30,Antwerp,Cercle Brugge,1,0,H,15.0,8.0,4.0,1.0,15.0,13.0,7.0,7.0,0.0,2.0,0.0,0.0,1.75,3.5,4.2,1.82,3.75,4.1,1.9,3.6,4.0,1.85,3.6,4.36,1.75,3.4,3.8,1.8,3.6,4.2,1.9,3.79,4.4,1.82,3.61,4.18,12,1,2023,7,30,1,3,1,Home Win,2023-2024
B1,2023-07-30,Gent,Kortrijk,3,2,H,17.0,10.0,4.0,3.0,5.0,9.0,7.0,5.0,1.0,4.0,0.0,0.0,1.33,4.75,8.0,1.35,5.0,8.5,1.33,5.25,8.25,1.33,5.51,8.63,1.3,4.4,7.0,1.3,5.25,9.0,1.36,5.7,9.0,1.32,5.23,8.52,15,1,2023,7,30,8,9,1,Home Win,2023-2024
B1,2023-07-30,Club Brugge,Mechelen,1,1,D,21.0,9.0,5.0,2.0,8.0,9.0,4.0,3.0,2.0,2.0,1.0,0.0,1.45,4.5,5.25,1.47,4.5,6.5,1.5,4.4,6.0,1.47,4.68,6.33,1.4,4.33,5.5,1.45,4.4,6.5,1.52,4.9,6.5,1.47,4.57,6.16,17,0,2023,7,30,5,10,1,Draw,2023-2024
B1,2023-07-30,St Truiden,Standard,1,0,H,11.0,7.0,3.0,3.0,13.0,11.0,3.0,2.0,1.0,1.0,0.0,0.0,2.63,3.2,2.63,2.65,3.3,2.6,2.6,3.2,2.65,2.71,3.27,2.71,2.6,3.1,2.4,,,,2.75,3.4,2.74,2.64,3.26,2.63,18,1,2023,7,30,16,18,1,Home Win,2023-2024
B1,2023-08-04,Standard,St. Gilloise,0,1,A,8.0,24.0,3.0,8.0,9.0,12.0,2.0,13.0,4.0,1.0,1.0,0.0,3.75,3.6,1.91,3.5,3.6,2.0,3.5,3.55,2.0,3.87,3.67,1.98,,,,3.6,3.6,1.95,3.87,3.83,2.08,3.55,3.61,1.99,19,2,2023,8,4,18,17,6,Away Win,2023-2024
B1,2023-08-05,Genk,Eupen,0,1,A,28.0,5.0,3.0,2.0,11.0,11.0,7.0,2.0,1.0,2.0,0.0,0.0,1.33,5.25,8.5,1.31,5.75,8.75,1.3,6.0,8.75,1.29,6.28,9.53,,,,1.29,5.5,9.0,1.33,6.28,10.5,1.29,5.67,8.88,15,2,2023,8,5,7,6,7,Away Win,2023-2024
B1,2023-08-05,Cercle Brugge,Charleroi,2,0,H,19.0,8.0,3.0,3.0,11.0,13.0,4.0,5.0,0.0,3.0,0.0,0.0,1.85,3.8,4.0,1.87,3.9,3.8,1.9,3.7,3.75,1.92,3.8,3.98,,,,1.85,3.7,3.9,1.92,4.0,4.0,1.87,3.75,3.8,17,1,2023,8,5,3,4,7,Home Win,2023-2024
B1,2023-08-05,Oud-Heverlee Leuven,RWD Molenbeek,1,2,A,18.0,15.0,5.0,4.0,14.0,18.0,15.0,6.0,4.0,1.0,0.0,0.0,1.75,4.0,4.2,1.78,3.9,4.2,1.8,3.8,4.1,1.82,4.01,4.23,,,,1.75,3.8,4.2,1.83,4.1,4.25,1.78,3.87,4.1,19,2,2023,8,5,13,14,7,Away Win,2023-2024
B1,2023-08-06,Anderlecht,Antwerp,1,0,H,9.0,5.0,2.0,3.0,9.0,19.0,3.0,6.0,1.0,1.0,0.0,0.0,2.55,3.4,2.63,2.45,3.6,2.65,2.5,3.45,2.6,2.65,3.7,2.55,,,,2.55,3.4,2.6,2.65,3.75,2.67,2.55,3.5,2.58,12,1,2023,8,6,0,1,1,Home Win,2023-2024
B1,2023-08-06,Mechelen,Gent,0,1,A,14.0,12.0,2.0,3.0,14.0,14.0,7.0,3.0,2.0,3.0,0.0,0.0,3.8,4.0,1.8,3.8,3.9,1.85,3.75,3.85,1.83,3.78,4.04,1.87,,,,3.9,3.8,1.8,4.0,4.2,1.88,3.81,3.88,1.83,15,2,2023,8,6,10,8,1,Away Win,2023-2024
B1,2023-08-06,Westerlo,Club Brugge,0,1,A,11.0,20.0,3.0,8.0,7.0,9.0,4.0,5.0,1.0,0.0,0.0,0.0,3.6,3.75,1.95,3.5,3.8,1.95,3.4,3.7,2.0,3.69,3.7,1.98,,,,3.5,3.7,1.95,3.8,3.9,2.07,3.48,3.72,1.97,17,2,2023,8,6,21,5,1,Away Win,2023-2024
B1,2023-08-06,Kortrijk,St Truiden,0,1,A,8.0,14.0,1.0,4.0,10.0,12.0,0.0,14.0,1.0,2.0,0.0,0.0,2.8,3.4,2.45,2.85,3.4,2.4,2.85,3.35,2.45,2.85,3.35,2.53,,,,,,,2.9,3.57,2.53,2.8,3.36,2.44,18,2,2023,8,6,9,16,1,Away Win,2023-2024
B1,2023-08-11,Antwerp,Kortrijk,6,0,H,25.0,4.0,9.0,1.0,8.0,11.0,4.0,1.0,0.0,2.0,0.0,0.0,1.25,5.25,9.5,1.28,6.0,9.75,1.3,5.5,9.0,1.26,6.31,11.17,,,,1.25,5.75,10.5,1.3,6.31,11.17,1.26,5.86,10.02,19,1,2023,8,11,1,9,6,Home Win,2023-2024
B1,2023-08-12,RWD Molenbeek,Mechelen,1,0,H,18.0,9.0,8.0,4.0,12.0,11.0,7.0,4.0,3.0,1.0,0.0,0.0,2.15,3.5,2.9,2.25,3.7,2.95,2.3,3.5,2.9,2.25,3.89,3.01,,,,2.2,3.5,3.0,2.38,4.0,3.01,2.24,3.67,2.9,15,1,2023,8,12,14,10,7,Home Win,2023-2024
B1,2023-08-12,St. Gilloise,Oud-Heverlee Leuven,5,1,H,16.0,4.0,9.0,1.0,10.0,15.0,0.0,3.0,1.0,4.0,0.0,0.0,1.5,4.0,5.75,1.46,4.8,6.25,1.47,4.6,6.0,1.51,4.42,6.74,,,,1.44,4.6,6.0,1.53,4.9,7.5,1.47,4.61,6.06,17,1,2023,8,12,17,13,7,Home Win,2023-2024
B1,2023-08-13,St Truiden,Anderlecht,0,1,A,14.0,9.0,5.0,3.0,13.0,15.0,6.0,1.0,4.0,5.0,0.0,1.0,3.2,3.4,2.05,3.4,3.4,2.15,3.2,3.35,2.2,3.46,3.45,2.15,,,,3.2,3.4,2.15,3.46,3.68,2.21,3.26,3.41,2.15,12,2,2023,8,13,16,0,1,Away Win,2023-2024
B1,2023-08-13,Cercle Brugge,Genk,0,1,A,13.0,10.0,2.0,3.0,8.0,20.0,5.0,3.0,2.0,3.0,0.0,0.0,2.75,3.5,2.25,2.85,3.6,2.3,2.8,3.55,2.35,2.72,3.73,2.45,,,,2.75,3.6,2.3,2.85,3.92,2.45,2.75,3.67,2.33,15,2,2023,8,13,3,7,1,Away Win,2023-2024
B1,2023-08-13,Eupen,Club Brugge,0,5,A,9.0,13.0,1.0,7.0,9.0,13.0,4.0,6.0,0.0,2.0,0.0,0.0,5.25,4.0,1.5,5.25,4.2,1.58,5.25,4.2,1.6,5.62,4.33,1.56,,,,5.5,4.2,1.53,5.62,4.7,1.61,5.28,4.29,1.55,15,2,2023,8,13,6,5,1,Away Win,2023-2024
B1,2023-08-13,Charleroi,Standard,1,1,D,18.0,7.0,3.0,2.0,11.0,12.0,13.0,2.0,3.0,2.0,1.0,1.0,1.95,3.5,3.4,2.05,3.5,3.5,2.1,3.5,3.35,2.07,3.64,3.47,,,,2.05,3.5,3.4,2.11,3.91,3.52,2.04,3.59,3.36,17,0,2023,8,13,4,18,1,Draw,2023-2024
B1,2023-08-13,Westerlo,Gent,1,3,A,14.0,18.0,4.0,9.0,10.0,14.0,4.0,10.0,1.0,1.0,0.0,0.0,3.3,3.4,2.0,3.4,3.75,2.0,3.4,3.65,2.0,3.56,3.96,1.95,,,,3.5,3.75,1.93,3.6,4.1,2.04,3.44,3.79,1.96,18,2,2023,8,13,21,8,1,Away Win,2023-2024
B1,2023-08-18,Oud-Heverlee Leuven,Antwerp,1,1,D,10.0,13.0,2.0,4.0,16.0,10.0,7.0,7.0,4.0,2.0,1.0,0.0,5.25,4.0,1.62,4.6,4.1,1.68,4.7,4.0,1.67,4.93,4.24,1.67,,,,4.75,4.0,1.65,5.25,4.3,1.7,4.66,4.07,1.66,19,0,2023,8,18,13,1,6,Draw,2023-2024
B1,2023-08-19,Standard,Cercle Brugge,0,1,A,7.0,16.0,3.0,4.0,10.0,11.0,3.0,2.0,2.0,2.0,0.0,0.0,2.9,3.4,2.38,2.85,3.6,2.35,2.85,3.45,2.4,2.94,3.55,2.43,,,,2.88,3.4,2.3,2.94,3.65,2.43,2.85,3.49,2.35,15,2,2023,8,19,18,3,7,Away Win,2023-2024
B1,2023-08-19,Mechelen,St. Gilloise,4,0,H,10.0,14.0,7.0,1.0,9.0,10.0,4.0,6.0,0.0,2.0,0.0,0.0,4.33,3.75,1.75,4.33,4.1,1.73,4.1,3.9,1.77,4.29,4.01,1.81,,,,4.4,3.8,1.73,4.4,4.1,1.81,4.2,3.93,1.75,19,1,2023,8,19,10,17,7,Home Win,2023-2024
B1,2023-08-20,Anderlecht,Westerlo,2,1,H,24.0,18.0,7.0,3.0,7.0,13.0,6.0,2.0,1.0,3.0,0.0,0.0,1.83,3.75,4.0,1.85,3.9,3.8,1.9,3.75,3.75,1.92,3.59,4.13,,,,1.87,3.6,3.9,1.95,3.95,4.2,1.87,3.69,3.86,12,1,2023,8,20,0,21,1,Home Win,2023-2024
B1,2023-08-20,Genk,Charleroi,0,0,D,23.0,7.0,7.0,3.0,11.0,13.0,11.0,4.0,0.0,0.0,0.0,0.0,1.53,4.2,5.5,1.57,4.4,5.25,1.57,4.3,5.25,1.59,4.53,5.02,,,,1.53,4.2,5.5,1.61,4.6,5.6,1.56,4.37,5.19,15,0,2023,8,20,7,4,1,Draw,2023-2024
B1,2023-08-20,Gent,St Truiden,2,2,D,19.0,14.0,5.0,3.0,11.0,9.0,7.0,2.0,2.0,2.0,0.0,0.0,1.4,4.75,7.5,1.42,4.75,7.25,1.43,4.7,7.0,1.44,4.89,6.52,,,,1.4,4.6,8.0,1.45,5.1,7.5,1.41,4.71,6.99,15,0,2023,8,20,8,16,1,Draw,2023-2024
B1,2023-08-20,Club Brugge,RWD Molenbeek,7,1,H,23.0,9.0,9.0,3.0,10.0,12.0,8.0,3.0,0.0,1.0,0.0,0.0,1.29,5.75,9.5,1.27,6.0,9.75,1.27,6.0,9.0,1.29,5.77,9.29,,,,1.29,5.5,10.0,1.31,6.25,10.5,1.28,5.78,9.33,17,1,2023,8,20,5,14,1,Home Win,2023-2024
B1,2023-08-20,Kortrijk,Eupen,1,3,A,13.0,15.0,4.0,8.0,15.0,15.0,5.0,9.0,5.0,4.0,1.0,0.0,2.25,3.5,3.0,2.25,3.6,2.95,2.25,3.5,2.95,2.33,3.77,2.85,,,,2.3,3.4,2.9,2.35,3.78,3.05,2.27,3.58,2.89,18,2,2023,8,20,9,6,1,Away Win,2023-2024
B1,2023-08-26,Westerlo,Mechelen,2,3,A,11.0,17.0,4.0,5.0,8.0,9.0,5.0,4.0,0.0,3.0,0.0,0.0,2.2,3.5,3.1,2.1,3.75,3.2,2.15,3.6,3.05,2.25,3.83,3.04,,,,2.15,3.5,3.1,2.27,3.9,3.2,2.17,3.69,3.04,15,2,2023,8,26,21,10,7,Away Win,2023-2024
B1,2023-08-26,Eupen,Oud-Heverlee Leuven,3,1,H,17.0,22.0,4.0,5.0,15.0,9.0,3.0,5.0,1.0,2.0,0.0,0.0,3.0,3.6,2.2,2.9,3.75,2.25,2.95,3.65,2.2,3.02,3.81,2.27,,,,3.0,3.6,2.2,3.05,3.84,2.29,2.96,3.68,2.22,17,1,2023,8,26,6,13,7,Home Win,2023-2024
B1,2023-08-26,Kortrijk,Standard,1,1,D,19.0,23.0,6.0,6.0,7.0,12.0,7.0,10.0,0.0,2.0,0.0,0.0,3.0,3.4,2.3,2.9,3.6,2.3,2.95,3.5,2.25,3.0,3.65,2.35,,,,3.0,3.4,2.25,3.1,3.69,2.36,2.97,3.54,2.27,19,0,2023,8,26,9,18,7,Draw,2023-2024
B1,2023-08-27,St Truiden,Cercle Brugge,0,2,A,20.0,25.0,4.0,8.0,8.0,18.0,8.0,8.0,1.0,1.0,0.0,0.0,3.25,3.3,2.2,3.0,3.4,2.3,3.15,3.35,2.25,3.19,3.38,2.3,,,,3.13,3.4,2.2,3.25,3.47,2.3,3.16,3.36,2.24,15,2,2023,8,27,16,3,1,Away Win,2023-2024
B1,2023-08-27,Anderlecht,Charleroi,2,1,H,15.0,18.0,8.0,5.0,12.0,16.0,4.0,7.0,0.0,2.0,0.0,0.0,1.75,3.75,4.5,1.8,3.9,4.1,1.75,3.8,4.2,1.72,4.11,4.43,,,,1.75,3.75,4.33,1.8,4.2,4.6,1.75,3.9,4.32,17,1,2023,8,27,0,4,1,Home Win,2023-2024
B1,2023-09-01,Oud-Heverlee Leuven,Kortrijk,3,0,H,20.0,13.0,9.0,7.0,10.0,14.0,4.0,1.0,1.0,3.0,0.0,0.0,1.6,4.5,4.5,1.62,4.5,4.6,1.63,4.4,4.5,1.63,4.61,4.83,,,,1.6,4.33,4.75,1.64,4.61,4.83,1.61,4.45,4.65,19,1,2023,9,1,13,9,6,Home Win,2023-2024
B1,2023-09-02,Cercle Brugge,Westerlo,2,1,H,21.0,7.0,6.0,1.0,16.0,16.0,14.0,1.0,0.0,1.0,0.0,0.0,1.55,4.2,5.5,1.6,4.33,5.0,1.57,4.3,5.0,1.58,4.43,5.54,,,,1.53,4.2,5.5,1.6,4.6,5.6,1.56,4.38,5.24,15,1,2023,9,2,3,21,7,Home Win,2023-2024
B1,2023-09-02,Mechelen,Eupen,1,0,H,22.0,9.0,6.0,1.0,10.0,13.0,6.0,4.0,0.0,1.0,0.0,0.0,1.8,3.8,4.0,1.77,3.9,4.1,1.8,3.85,3.9,1.78,4.13,4.21,,,,1.8,3.8,4.1,1.82,4.2,4.21,1.77,3.98,4.06,17,1,2023,9,2,10,6,7,Home Win,2023-2024
B1,2023-09-02,Standard,RWD Molenbeek,1,1,D,11.0,8.0,4.0,3.0,9.0,22.0,5.0,0.0,1.0,3.0,0.0,0.0,1.95,3.6,3.6,2.0,3.7,3.5,2.0,3.65,3.45,2.07,3.56,3.7,,,,1.95,3.6,3.5,2.07,3.76,3.75,2.01,3.63,3.51,19,0,2023,9,2,18,14,7,Draw,2023-2024
B1,2023-09-03,Gent,Club Brugge,2,1,H,14.0,14.0,4.0,7.0,14.0,12.0,5.0,6.0,2.0,0.0,1.0,0.0,2.4,3.5,2.75,2.4,3.7,2.7,2.45,3.55,2.75,2.41,3.77,2.79,,,,2.4,3.5,2.75,2.48,3.77,2.81,2.39,3.62,2.73,12,1,2023,9,3,8,5,1,Home Win,2023-2024
B1,2023-09-03,St. Gilloise,Antwerp,2,2,D,24.0,8.0,7.0,5.0,9.0,12.0,8.0,4.0,1.0,2.0,0.0,0.0,2.3,3.4,3.0,2.35,3.4,3.0,2.3,3.3,3.0,2.34,3.22,3.27,,,,2.3,3.3,3.0,2.38,3.43,3.29,2.32,3.3,3.08,15,0,2023,9,3,17,1,1,Draw,2023-2024
B1,2023-09-03,Genk,Anderlecht,1,1,D,12.0,8.0,4.0,4.0,6.0,15.0,7.0,7.0,5.0,6.0,1.0,0.0,1.91,3.6,3.8,1.9,3.8,3.6,1.95,3.7,3.6,1.97,3.56,3.87,,,,1.91,3.7,3.6,1.99,3.89,3.91,1.93,3.68,3.69,17,0,2023,9,3,7,0,1,Draw,2023-2024
B1,2023-09-03,Charleroi,St Truiden,1,1,D,18.0,8.0,5.0,5.0,12.0,6.0,3.0,5.0,2.0,0.0,0.0,1.0,2.25,3.3,3.2,2.25,3.4,3.1,2.3,3.3,3.05,2.23,3.43,3.28,,,,2.25,3.3,3.1,2.33,3.5,3.28,2.24,3.38,3.14,18,0,2023,9,3,4,16,1,Draw,2023-2024
B1,2023-09-15,Westerlo,Antwerp,0,3,A,9.0,15.0,2.0,4.0,13.0,9.0,4.0,5.0,3.0,0.0,0.0,0.0,5.5,4.0,1.57,5.25,4.4,1.57,5.5,4.2,1.57,5.39,4.45,1.6,,,,5.75,4.0,1.55,5.75,4.5,1.61,5.28,4.28,1.57,19,2,2023,9,15,21,1,6,Away Win,2023-2024
B1,2023-09-16,RWD Molenbeek,Cercle Brugge,2,1,H,10.0,15.0,5.0,4.0,18.0,12.0,5.0,4.0,3.0,3.0,0.0,0.0,4.2,3.75,1.8,4.0,3.9,1.8,3.9,3.8,1.85,4.18,4.22,1.79,,,,4.1,3.75,1.8,4.2,4.22,1.84,4.05,3.93,1.79,15,1,2023,9,16,14,3,7,Home Win,2023-2024
B1,2023-09-16,St. Gilloise,Genk,0,2,A,25.0,7.0,4.0,2.0,15.0,15.0,7.0,3.0,1.0,6.0,0.0,0.0,1.91,3.6,3.75,1.98,3.7,3.5,1.97,3.6,3.5,2.0,3.85,3.63,,,,1.95,3.5,3.7,2.01,3.87,3.75,1.97,3.7,3.56,17,2,2023,9,16,17,7,7,Away Win,2023-2024
B1,2023-09-16,Club Brugge,Charleroi,4,2,H,25.0,14.0,10.0,8.0,8.0,6.0,5.0,5.0,2.0,3.0,0.0,0.0,1.4,4.75,6.5,1.43,5.0,6.5,1.43,4.9,6.5,1.41,5.26,7.15,,,,1.4,4.75,7.0,1.44,5.4,7.15,1.4,4.96,6.78,19,1,2023,9,16,5,4,7,Home Win,2023-2024
B1,2023-09-17,Eupen,Standard,1,3,A,13.0,16.0,3.0,6.0,5.0,12.0,6.0,6.0,1.0,4.0,0.0,1.0,3.0,3.4,2.3,2.9,3.5,2.35,2.9,3.45,2.35,3.08,3.37,2.36,,,,2.9,3.4,2.3,3.1,3.61,2.38,2.95,3.42,2.32,12,2,2023,9,17,6,18,1,Away Win,2023-2024
B1,2023-09-17,Kortrijk,Anderlecht,2,2,D,9.0,18.0,4.0,6.0,13.0,6.0,3.0,11.0,5.0,1.0,1.0,1.0,4.5,4.0,1.7,4.5,4.1,1.7,4.3,4.0,1.7,4.66,4.22,1.68,,,,4.75,3.9,1.67,4.75,4.4,1.73,4.52,4.09,1.68,15,0,2023,9,17,9,0,1,Draw,2023-2024
B1,2023-09-17,Oud-Heverlee Leuven,Gent,1,1,D,9.0,22.0,2.0,4.0,7.0,11.0,3.0,16.0,4.0,3.0,0.0,0.0,4.33,3.75,1.75,4.2,3.9,1.77,4.1,3.85,1.8,4.4,4.13,1.73,,,,4.2,3.9,1.73,4.5,4.2,1.81,4.22,3.98,1.75,17,0,2023,9,17,13,8,1,Draw,2023-2024
B1,2023-09-17,St Truiden,Mechelen,2,0,H,16.0,13.0,4.0,7.0,8.0,12.0,1.0,7.0,1.0,2.0,0.0,0.0,2.4,3.4,2.88,2.37,3.4,2.9,2.35,3.35,2.9,2.45,3.44,2.9,,,,2.38,3.3,2.9,2.45,3.56,3.0,2.38,3.41,2.87,18,1,2023,9,17,16,10,1,Home Win,2023-2024
B1,2023-09-22,Standard,Westerlo,0,0,D,14.0,3.0,5.0,2.0,6.0,23.0,5.0,2.0,0.0,3.0,0.0,0.0,1.8,4.0,3.8,1.85,3.9,3.75,1.9,3.85,3.6,1.83,4.25,3.92,,,,1.83,3.8,3.9,1.92,4.25,3.92,1.84,3.99,3.78,19,0,2023,9,22,18,21,6,Draw,2023-2024
B1,2023-09-23,Charleroi,Kortrijk,1,0,H,14.0,13.0,5.0,3.0,16.0,13.0,8.0,7.0,2.0,1.0,0.0,0.0,1.62,4.33,4.75,1.68,4.1,4.6,1.65,4.1,4.7,1.65,4.34,5.05,,,,1.62,4.0,5.0,1.7,4.34,5.1,1.64,4.16,4.77,15,1,2023,9,23,4,9,7,Home Win,2023-2024
B1,2023-09-23,Mechelen,Oud-Heverlee Leuven,1,2,A,16.0,15.0,4.0,8.0,12.0,7.0,6.0,6.0,5.0,3.0,0.0,0.0,1.91,3.75,3.6,1.93,3.9,3.5,1.9,3.85,3.55,1.93,3.81,3.9,,,,1.9,3.6,3.75,1.95,4.0,3.9,1.91,3.84,3.67,17,2,2023,9,23,10,13,7,Away Win,2023-2024
B1,2023-09-23,Antwerp,RWD Molenbeek,0,0,D,14.0,5.0,3.0,1.0,4.0,14.0,9.0,1.0,0.0,1.0,0.0,0.0,1.3,5.0,9.0,1.34,5.25,8.5,1.33,5.25,8.25,1.33,5.63,8.62,,,,1.33,5.0,9.0,1.35,5.8,10.5,1.32,5.33,8.56,19,0,2023,9,23,1,14,7,Draw,2023-2024
B1,2023-09-24,Genk,St Truiden,3,3,D,20.0,16.0,7.0,6.0,17.0,11.0,5.0,1.0,2.0,4.0,0.0,0.0,1.55,4.33,5.25,1.61,4.2,5.25,1.57,4.2,5.25,1.58,4.34,5.35,,,,1.55,4.0,5.75,1.61,4.4,5.6,1.57,4.23,5.33,12,0,2023,9,24,7,16,1,Draw,2023-2024
B1,2023-09-24,Cercle Brugge,St. Gilloise,0,2,A,6.0,15.0,1.0,7.0,8.0,17.0,3.0,2.0,3.0,3.0,1.0,0.0,2.63,3.6,2.45,2.7,3.5,2.5,2.7,3.45,2.45,2.88,3.53,2.42,,,,2.8,3.4,2.4,2.92,3.6,2.6,2.76,3.49,2.44,15,2,2023,9,24,3,17,1,Away Win,2023-2024
B1,2023-09-24,Anderlecht,Club Brugge,1,1,D,8.0,9.0,1.0,3.0,12.0,11.0,3.0,3.0,1.0,1.0,0.0,0.0,3.1,3.6,2.15,3.0,3.7,2.2,3.0,3.55,2.2,2.91,3.74,2.31,,,,3.0,3.4,2.25,3.12,3.8,2.33,2.96,3.65,2.23,17,0,2023,9,24,0,5,1,Draw,2023-2024
B1,2023-09-24,Gent,Eupen,2,1,H,13.0,14.0,6.0,3.0,9.0,16.0,3.0,7.0,1.0,4.0,1.0,0.0,1.29,5.5,11.0,1.29,6.0,9.5,1.3,6.0,9.5,1.28,5.94,9.23,,,,1.25,5.75,10.5,1.31,6.2,11.0,1.28,5.73,9.63,18,1,2023,9,24,8,6,1,Home Win,2023-2024
B1,2023-09-27,Antwerp,Gent,0,0,D,14.0,6.0,4.0,2.0,10.0,4.0,6.0,0.0,3.0,1.0,0.0,0.0,2.1,3.6,3.2,2.1,3.7,3.2,2.15,3.55,3.1,2.12,3.7,3.42,,,,2.15,3.3,3.2,2.16,3.75,3.42,2.12,3.61,3.21,19,0,2023,9,27,1,8,4,Draw,2023-2024
B1,2023-09-28,RWD Molenbeek,St. Gilloise,2,3,A,10.0,16.0,7.0,8.0,8.0,14.0,3.0,8.0,2.0,3.0,0.0,0.0,4.75,3.8,1.7,4.5,4.1,1.7,4.5,3.9,1.7,4.79,4.22,1.66,,,,4.6,4.0,1.67,4.9,4.3,1.71,4.64,4.06,1.68,17,2,2023,9,28,14,17,5,Away Win,2023-2024
B1,2023-09-28,Club Brugge,Genk,1,1,D,18.0,15.0,3.0,5.0,16.0,7.0,10.0,3.0,4.0,1.0,0.0,0.0,1.85,3.6,4.2,1.82,3.9,4.0,1.85,3.75,3.85,1.79,4.03,4.16,,,,1.8,3.9,3.9,1.85,4.1,4.3,1.79,3.92,4.03,19,0,2023,9,28,5,7,5,Draw,2023-2024
B1,2023-09-29,Kortrijk,Cercle Brugge,2,1,H,10.0,10.0,4.0,2.0,13.0,19.0,3.0,7.0,3.0,1.0,0.0,0.0,5.0,4.0,1.62,4.75,4.2,1.63,4.7,4.1,1.63,4.68,4.39,1.68,,,,4.8,4.2,1.6,5.0,4.5,1.68,4.68,4.25,1.63,19,1,2023,9,29,9,3,6,Home Win,2023-2024
B1,2023-09-30,Eupen,Anderlecht,1,3,A,9.0,20.0,3.0,6.0,11.0,15.0,2.0,4.0,1.0,0.0,0.0,0.0,4.2,4.0,1.73,4.2,3.9,1.77,4.0,3.9,1.8,4.48,3.99,1.78,,,,4.4,3.75,1.73,4.52,4.06,1.79,4.3,3.92,1.75,15,2,2023,9,30,6,0,7,Away Win,2023-2024
B1,2023-09-30,Oud-Heverlee Leuven,Standard,1,2,A,11.0,14.0,5.0,3.0,10.0,11.0,6.0,3.0,2.0,1.0,0.0,0.0,2.3,3.6,2.88,2.25,3.7,2.87,2.3,3.6,2.85,2.38,3.69,2.92,,,,2.3,3.5,2.88,2.38,3.84,2.93,2.29,3.65,2.85,17,2,2023,9,30,13,18,7,Away Win,2023-2024
B1,2023-09-30,Mechelen,Antwerp,0,0,D,14.0,22.0,3.0,4.0,3.0,5.0,5.0,13.0,0.0,1.0,0.0,0.0,3.6,4.0,1.85,3.7,3.8,1.9,3.65,3.85,1.9,3.93,3.8,1.93,,,,3.75,3.6,1.9,3.93,4.0,1.94,3.77,3.77,1.89,19,0,2023,9,30,10,1,7,Draw,2023-2024
B1,2023-10-01,St. Gilloise,Charleroi,3,1,H,17.0,4.0,7.0,3.0,13.0,13.0,8.0,7.0,1.0,2.0,0.0,0.0,1.55,4.2,5.5,1.62,4.2,5.0,1.6,4.3,5.0,1.57,4.43,5.34,,,,1.57,4.0,5.5,1.63,4.6,5.5,1.58,4.31,5.12,12,1,2023,10,1,17,4,1,Home Win,2023-2024
B1,2023-10-01,Genk,Westerlo,3,3,D,18.0,10.0,6.0,7.0,7.0,12.0,4.0,7.0,2.0,2.0,1.0,0.0,1.44,4.5,7.0,1.47,4.6,6.25,1.45,4.7,6.25,1.45,4.87,6.35,,,,1.44,4.5,6.5,1.48,5.0,7.0,1.45,4.7,6.32,15,0,2023,10,1,7,21,1,Draw,2023-2024
B1,2023-10-01,Club Brugge,St Truiden,1,1,D,20.0,12.0,7.0,3.0,12.0,8.0,11.0,4.0,3.0,1.0,0.0,0.0,1.36,4.75,8.5,1.41,4.8,7.0,1.4,4.8,7.25,1.38,5.12,7.61,,,,1.36,4.8,8.0,1.42,5.3,8.5,1.39,4.91,7.36,17,0,2023,10,1,5,16,1,Draw,2023-2024
B1,2023-10-01,RWD Molenbeek,Gent,1,1,D,9.0,19.0,3.0,9.0,9.0,10.0,4.0,4.0,3.0,1.0,0.0,0.0,4.5,4.0,1.7,4.75,4.1,1.66,4.5,4.0,1.7,4.5,4.23,1.69,,,,4.75,3.9,1.65,4.9,4.33,1.71,4.57,4.11,1.67,18,0,2023,10,1,14,8,1,Draw,2023-2024
B1,2023-10-06,Charleroi,RWD Molenbeek,2,1,H,22.0,6.0,7.0,3.0,9.0,7.0,14.0,2.0,1.0,3.0,0.0,1.0,1.91,3.75,3.75,1.93,3.75,3.7,1.95,3.7,3.55,1.91,3.88,3.95,1.85,3.7,3.8,1.87,3.7,3.75,1.95,3.88,4.02,1.89,3.76,3.75,19,1,2023,10,6,4,14,6,Home Win,2023-2024
B1,2023-10-07,Cercle Brugge,Oud-Heverlee Leuven,3,2,H,18.0,13.0,7.0,5.0,9.0,9.0,6.0,6.0,2.0,3.0,0.0,0.0,1.57,4.33,5.0,1.58,4.5,5.0,1.6,4.4,4.8,1.62,4.4,5.2,1.53,4.4,5.5,1.57,4.2,5.0,1.63,4.51,5.3,1.58,4.36,5.01,15,1,2023,10,7,3,13,7,Home Win,2023-2024
B1,2023-10-07,Westerlo,Kortrijk,1,0,H,13.0,13.0,4.0,3.0,15.0,10.0,1.0,10.0,2.0,4.0,0.0,0.0,1.8,4.0,3.8,1.83,4.1,3.7,1.9,3.95,3.6,1.85,4.29,3.79,1.8,4.0,3.75,1.85,3.75,3.75,1.86,4.33,3.95,1.83,4.08,3.73,17,1,2023,10,7,21,9,7,Home Win,2023-2024
B1,2023-10-07,Anderlecht,Mechelen,3,1,H,19.0,13.0,9.0,3.0,14.0,10.0,8.0,1.0,2.0,3.0,0.0,0.0,1.73,4.0,4.2,1.72,4.1,4.33,1.73,3.9,4.3,1.75,4.05,4.58,1.7,4.0,4.33,1.73,3.75,4.4,1.76,4.1,4.6,1.73,3.96,4.33,19,1,2023,10,7,0,10,7,Home Win,2023-2024
B1,2023-10-08,Standard,Club Brugge,2,1,H,7.0,16.0,5.0,7.0,13.0,14.0,1.0,6.0,4.0,1.0,0.0,0.0,4.75,4.0,1.65,4.6,4.1,1.68,4.6,4.0,1.67,4.92,4.2,1.66,4.33,4.0,1.7,4.6,4.0,1.67,5.0,4.21,1.71,4.62,4.07,1.67,12,1,2023,10,8,18,5,1,Home Win,2023-2024
B1,2023-10-08,Antwerp,Eupen,4,1,H,27.0,5.0,12.0,2.0,8.0,10.0,8.0,2.0,0.0,2.0,0.0,0.0,1.25,6.5,9.5,1.24,6.25,11.5,1.25,6.25,10.0,1.23,6.64,10.66,1.2,6.5,13.0,1.22,6.0,11.5,1.26,7.0,12.0,1.23,6.33,10.72,15,1,2023,10,8,1,6,1,Home Win,2023-2024
B1,2023-10-08,Gent,Genk,1,1,D,18.0,20.0,9.0,6.0,9.0,14.0,4.0,9.0,1.0,3.0,0.0,0.0,1.95,3.75,3.5,1.98,3.9,3.4,2.05,3.7,3.3,2.05,3.76,3.42,1.95,3.8,3.4,2.0,3.6,3.4,2.06,4.0,3.54,2.0,3.75,3.39,17,0,2023,10,8,8,7,1,Draw,2023-2024
B1,2023-10-08,St Truiden,St. Gilloise,0,4,A,9.0,12.0,1.0,7.0,3.0,15.0,3.0,5.0,1.0,4.0,0.0,0.0,4.0,3.75,1.83,4.0,3.75,1.85,3.9,3.7,1.9,4.22,3.82,1.82,3.9,3.75,1.83,4.1,3.6,1.83,4.3,3.9,1.87,4.05,3.74,1.82,18,2,2023,10,8,16,17,1,Away Win,2023-2024
B1,2023-10-20,St. Gilloise,Eupen,4,1,H,21.0,6.0,11.0,1.0,14.0,14.0,3.0,1.0,0.0,3.0,0.0,1.0,1.18,6.5,13.0,1.21,7.0,13.0,1.22,6.5,12.0,1.2,7.49,13.66,1.25,5.8,10.0,1.18,6.5,15.0,1.22,7.6,15.0,1.19,6.95,13.28,19,1,2023,10,20,17,6,6,Home Win,2023-2024
B1,2023-10-21,Kortrijk,Club Brugge,1,0,H,6.0,18.0,2.0,4.0,14.0,9.0,1.0,9.0,4.0,2.0,0.0,0.0,7.0,5.0,1.4,6.5,4.8,1.44,6.75,5.0,1.4,7.22,5.36,1.4,7.0,4.8,1.4,7.5,5.0,1.36,7.5,5.4,1.44,6.96,5.05,1.39,15,1,2023,10,21,9,5,7,Home Win,2023-2024
B1,2023-10-21,RWD Molenbeek,Westerlo,1,1,D,12.0,9.0,6.0,5.0,10.0,8.0,7.0,4.0,2.0,2.0,0.0,0.0,2.25,3.5,2.9,2.25,3.7,2.95,2.3,3.55,2.9,2.39,3.67,2.92,2.25,3.6,2.9,2.3,3.5,2.88,2.39,3.73,3.0,2.29,3.6,2.89,17,0,2023,10,21,14,21,7,Draw,2023-2024
B1,2023-10-21,Charleroi,Antwerp,3,2,H,10.0,11.0,5.0,5.0,6.0,12.0,5.0,2.0,2.0,2.0,0.0,0.0,3.2,3.4,2.15,3.25,3.5,2.15,3.15,3.4,2.15,3.43,3.57,2.16,3.25,3.5,2.1,3.2,3.4,2.15,3.45,3.6,2.18,3.28,3.49,2.13,19,1,2023,10,21,4,1,7,Home Win,2023-2024
B1,2023-10-22,Genk,Mechelen,4,0,H,19.0,10.0,9.0,3.0,6.0,10.0,4.0,3.0,1.0,2.0,0.0,0.0,1.53,4.2,5.75,1.55,4.4,5.5,1.53,4.3,5.5,1.54,4.67,5.72,1.5,4.33,5.8,1.53,4.2,5.75,1.57,4.7,6.0,1.53,4.42,5.53,12,1,2023,10,22,7,10,1,Home Win,2023-2024
B1,2023-10-22,Cercle Brugge,Gent,2,0,H,16.0,10.0,5.0,4.0,17.0,15.0,6.0,7.0,3.0,2.0,0.0,1.0,2.6,3.5,2.5,2.65,3.6,2.45,2.6,3.5,2.5,2.65,3.71,2.52,2.7,3.6,2.38,2.63,3.4,2.5,2.76,3.75,2.55,2.64,3.56,2.48,15,1,2023,10,22,3,8,1,Home Win,2023-2024
B1,2023-10-22,Standard,Anderlecht,3,2,H,15.0,13.0,8.0,7.0,12.0,14.0,3.0,8.0,2.0,3.0,0.0,0.0,3.0,3.4,2.25,3.0,3.5,2.25,3.0,3.4,2.3,3.14,3.47,2.29,3.0,3.4,2.25,3.0,3.3,2.3,3.15,3.65,2.31,3.01,3.47,2.26,17,1,2023,10,22,18,0,1,Home Win,2023-2024
B1,2023-10-22,Oud-Heverlee Leuven,St Truiden,4,0,H,11.0,18.0,4.0,3.0,9.0,12.0,3.0,7.0,1.0,3.0,0.0,0.0,2.3,3.5,2.88,2.3,3.6,2.9,2.3,3.5,2.9,2.24,3.58,3.13,2.3,3.5,2.9,2.25,3.3,3.1,2.33,3.65,3.19,2.26,3.51,3.0,18,1,2023,10,22,13,16,1,Home Win,2023-2024
B1,2023-10-27,St Truiden,RWD Molenbeek,2,1,H,9.0,10.0,5.0,3.0,9.0,7.0,4.0,0.0,0.0,0.0,0.0,0.0,1.85,3.6,4.0,1.83,3.75,4.1,1.9,3.65,3.85,1.87,3.78,4.25,,,,1.83,3.6,4.1,1.91,3.87,4.3,1.86,3.7,3.99,19,1,2023,10,27,16,14,6,Home Win,2023-2024
B1,2023-10-28,Mechelen,Cercle Brugge,0,2,A,11.0,22.0,7.0,4.0,13.0,15.0,8.0,3.0,1.0,3.0,0.0,0.0,3.3,3.6,2.1,3.0,3.7,2.2,3.05,3.55,2.15,3.25,3.91,2.13,,,,3.2,3.5,2.1,3.3,3.91,2.2,3.14,3.7,2.13,15,2,2023,10,28,10,3,7,Away Win,2023-2024
B1,2023-10-28,Eupen,Charleroi,2,0,H,8.0,17.0,5.0,5.0,11.0,13.0,4.0,8.0,3.0,2.0,0.0,0.0,3.3,3.75,2.0,3.25,3.8,2.05,3.2,3.65,2.05,3.54,3.77,2.06,,,,3.5,3.5,2.0,3.55,3.84,2.07,3.37,3.71,2.03,17,1,2023,10,28,6,4,7,Home Win,2023-2024
B1,2023-10-28,Anderlecht,Oud-Heverlee Leuven,5,1,H,18.0,13.0,9.0,7.0,13.0,13.0,5.0,1.0,1.0,1.0,0.0,0.0,1.53,4.33,5.5,1.53,4.5,5.5,1.5,4.5,5.75,1.51,4.63,6.35,,,,1.5,4.33,5.75,1.55,4.7,6.35,1.5,4.47,5.89,19,1,2023,10,28,0,13,7,Home Win,2023-2024
B1,2023-10-29,Club Brugge,Antwerp,2,1,H,11.0,8.0,5.0,2.0,11.0,9.0,3.0,3.0,4.0,1.0,0.0,0.0,1.91,3.6,3.8,1.98,3.7,3.5,2.0,3.6,3.5,1.98,3.77,3.63,,,,1.95,3.5,3.7,2.04,3.81,3.8,1.97,3.68,3.57,12,1,2023,10,29,5,1,1,Home Win,2023-2024
B1,2023-10-29,Westerlo,St. Gilloise,1,3,A,12.0,22.0,4.0,7.0,11.0,10.0,5.0,8.0,1.0,1.0,0.0,0.0,5.0,4.0,1.62,4.6,4.2,1.66,4.9,4.1,1.63,4.9,4.29,1.63,,,,4.8,4.0,1.65,5.0,4.4,1.67,4.73,4.15,1.64,15,2,2023,10,29,21,17,1,Away Win,2023-2024
B1,2023-10-29,Gent,Standard,3,1,H,18.0,12.0,9.0,7.0,16.0,15.0,4.0,4.0,2.0,2.0,0.0,0.0,1.62,4.33,4.5,1.61,4.33,5.0,1.63,4.3,4.8,1.64,4.24,4.94,,,,1.62,4.0,5.0,1.65,4.4,5.1,1.62,4.27,4.8,17,1,2023,10,29,8,18,1,Home Win,2023-2024
B1,2023-10-29,Kortrijk,Genk,0,3,A,12.0,15.0,3.0,9.0,10.0,16.0,8.0,5.0,3.0,2.0,0.0,0.0,6.0,4.33,1.5,5.25,4.6,1.53,5.75,4.6,1.5,5.98,4.69,1.49,,,,6.0,4.5,1.45,6.2,4.8,1.53,5.78,4.59,1.49,18,2,2023,10,29,9,7,1,Away Win,2023-2024
B1,2023-11-03,St Truiden,Eupen,1,1,D,16.0,5.0,4.0,1.0,10.0,13.0,5.0,1.0,1.0,1.0,0.0,0.0,1.62,4.2,5.0,1.66,4.0,4.8,1.67,3.95,4.6,1.65,4.2,5.18,1.6,3.9,4.6,1.62,4.0,5.0,1.67,4.2,5.3,1.64,4.06,4.87,19,0,2023,11,3,16,6,6,Draw,2023-2024
B1,2023-11-04,RWD Molenbeek,Kortrijk,1,1,D,9.0,5.0,5.0,2.0,14.0,7.0,4.0,2.0,3.0,1.0,0.0,0.0,1.91,3.8,3.6,1.93,3.8,3.6,1.95,3.75,3.5,1.93,3.86,3.77,1.85,3.7,3.5,1.9,3.6,3.75,1.95,3.95,3.82,1.91,3.8,3.65,15,0,2023,11,4,14,9,7,Draw,2023-2024
B1,2023-11-04,Oud-Heverlee Leuven,Westerlo,0,2,A,10.0,10.0,2.0,6.0,11.0,13.0,7.0,7.0,3.0,7.0,0.0,0.0,2.1,3.6,3.25,2.05,3.9,3.2,2.1,3.7,3.1,2.1,3.81,3.3,2.0,3.8,3.0,2.1,3.6,3.2,2.13,3.9,3.3,2.08,3.77,3.18,17,2,2023,11,4,13,21,7,Away Win,2023-2024
B1,2023-11-04,Antwerp,Genk,3,2,H,14.0,17.0,5.0,8.0,13.0,12.0,5.0,5.0,3.0,4.0,0.0,0.0,2.15,3.5,3.2,2.15,3.7,3.0,2.2,3.65,3.0,2.19,3.77,3.2,2.1,3.6,2.9,2.15,3.5,3.1,2.23,3.78,3.25,2.16,3.68,3.07,19,1,2023,11,4,1,7,7,Home Win,2023-2024
B1,2023-11-05,Cercle Brugge,Anderlecht,0,3,A,16.0,7.0,2.0,5.0,14.0,13.0,7.0,1.0,2.0,3.0,0.0,0.0,2.4,3.5,2.75,2.4,3.6,2.7,2.4,3.5,2.75,2.52,3.63,2.77,2.25,3.6,2.7,2.45,3.3,2.8,2.52,3.65,2.88,2.39,3.55,2.76,12,2,2023,11,5,3,0,1,Away Win,2023-2024
B1,2023-11-05,Standard,Mechelen,1,1,D,10.0,11.0,4.0,4.0,10.0,19.0,10.0,1.0,1.0,4.0,0.0,0.0,1.7,3.8,4.5,1.73,4.0,4.33,1.73,3.95,4.3,1.69,4.08,4.71,1.73,3.75,4.0,1.7,3.8,4.5,1.77,4.2,4.75,1.71,4.0,4.46,15,0,2023,11,5,18,10,1,Draw,2023-2024
B1,2023-11-05,St. Gilloise,Club Brugge,2,1,H,19.0,5.0,6.0,2.0,11.0,6.0,9.0,4.0,3.0,4.0,0.0,0.0,2.25,3.6,3.0,2.3,3.7,2.87,2.2,3.55,3.0,2.31,3.7,2.93,2.15,3.6,2.88,2.3,3.5,2.9,2.34,3.75,3.15,2.26,3.62,2.92,17,1,2023,11,5,17,5,1,Home Win,2023-2024
B1,2023-11-05,Charleroi,Gent,1,3,A,11.0,17.0,3.0,9.0,5.0,4.0,0.0,6.0,3.0,0.0,0.0,0.0,3.4,3.5,2.05,3.1,3.8,2.1,3.2,3.65,2.1,3.39,3.68,2.09,3.2,3.7,1.95,3.3,3.5,2.1,3.5,3.8,2.11,3.28,3.68,2.07,18,2,2023,11,5,4,8,1,Away Win,2023-2024
B1,2023-11-10,Westerlo,St Truiden,3,3,D,17.0,10.0,4.0,7.0,11.0,13.0,9.0,3.0,3.0,2.0,0.0,0.0,2.6,3.4,2.6,2.55,3.5,2.6,2.55,3.4,2.55,2.65,3.52,2.69,2.6,3.5,2.4,2.6,3.4,2.55,2.7,3.62,2.69,2.59,3.47,2.57,19,0,2023,11,10,21,16,6,Draw,2023-2024
B1,2023-11-11,Antwerp,Standard,6,0,H,15.0,2.0,9.0,0.0,13.0,10.0,6.0,2.0,2.0,2.0,0.0,0.0,1.6,4.0,5.0,1.65,4.1,4.8,1.63,4.0,5.0,1.63,4.28,5.29,1.57,4.0,4.8,1.62,3.9,5.25,1.66,4.3,5.3,1.63,4.06,4.99,15,1,2023,11,11,1,18,7,Home Win,2023-2024
B1,2023-11-11,Eupen,RWD Molenbeek,1,3,A,11.0,20.0,4.0,10.0,12.0,14.0,8.0,5.0,1.0,4.0,0.0,0.0,2.63,3.4,2.55,2.5,3.5,2.65,2.6,3.45,2.55,2.6,3.62,2.68,2.5,3.5,2.45,2.6,3.4,2.55,2.7,3.65,2.68,2.58,3.5,2.59,17,2,2023,11,11,6,14,7,Away Win,2023-2024
B1,2023-11-11,Mechelen,Charleroi,1,0,H,19.0,6.0,7.0,3.0,11.0,10.0,8.0,2.0,2.0,1.0,0.0,1.0,2.63,3.4,2.6,2.6,3.5,2.55,2.6,3.4,2.6,2.71,3.65,2.56,2.45,3.5,2.5,2.6,3.4,2.55,2.71,3.65,2.6,2.61,3.5,2.56,19,1,2023,11,11,10,4,7,Home Win,2023-2024
B1,2023-11-12,Club Brugge,Cercle Brugge,0,0,D,14.0,20.0,7.0,3.0,11.0,12.0,10.0,3.0,2.0,5.0,0.0,0.0,1.73,4.0,4.33,1.75,4.0,4.2,1.73,3.95,4.2,1.72,4.09,4.47,1.65,4.0,4.2,1.73,3.8,4.4,1.76,4.2,4.6,1.72,3.98,4.35,12,0,2023,11,12,5,3,1,Draw,2023-2024
B1,2023-11-12,Genk,Oud-Heverlee Leuven,3,1,H,18.0,6.0,6.0,3.0,14.0,19.0,3.0,2.0,2.0,4.0,0.0,0.0,1.4,4.75,7.0,1.41,5.25,6.5,1.4,5.25,6.5,1.39,5.53,6.66,1.33,5.0,6.5,1.36,5.0,7.0,1.42,5.7,7.0,1.39,5.25,6.52,15,1,2023,11,12,7,13,1,Home Win,2023-2024
B1,2023-11-12,Gent,Anderlecht,1,1,D,10.0,7.0,5.0,2.0,12.0,10.0,8.0,3.0,1.0,2.0,0.0,0.0,2.15,3.6,3.2,2.15,3.6,3.1,2.15,3.55,3.15,2.19,3.63,3.2,2.05,3.6,3.0,2.2,3.4,3.13,2.21,3.81,3.25,2.15,3.6,3.14,17,0,2023,11,12,8,0,1,Draw,2023-2024
B1,2023-11-12,St. Gilloise,Kortrijk,3,0,H,18.0,11.0,8.0,1.0,10.0,9.0,6.0,6.0,2.0,1.0,0.0,0.0,1.2,7.0,11.0,1.22,6.75,12.5,1.2,7.0,12.0,1.2,7.29,12.28,1.17,6.5,12.0,1.18,6.5,15.0,1.22,7.7,15.0,1.2,6.84,12.42,18,1,2023,11,12,17,9,1,Home Win,2023-2024
B1,2023-11-24,St Truiden,Antwerp,1,1,D,11.0,12.0,5.0,1.0,8.0,11.0,4.0,7.0,2.0,2.0,0.0,0.0,4.0,3.5,1.85,4.0,3.5,1.9,3.85,3.5,1.95,4.1,3.67,1.93,3.5,3.6,1.91,4.0,3.5,1.87,4.1,3.8,1.94,3.95,3.55,1.9,19,0,2023,11,24,16,1,6,Draw,2023-2024
B1,2023-11-25,Cercle Brugge,Eupen,2,0,H,30.0,6.0,10.0,4.0,12.0,13.0,5.0,3.0,4.0,3.0,0.0,0.0,1.36,5.0,7.0,1.41,5.0,7.0,1.4,5.0,7.0,1.38,5.15,7.14,1.35,4.75,7.0,1.36,4.8,8.0,1.41,5.3,8.0,1.38,5.02,7.3,15,1,2023,11,25,3,6,7,Home Win,2023-2024
B1,2023-11-25,Charleroi,Westerlo,3,2,H,14.0,11.0,4.0,4.0,15.0,11.0,5.0,4.0,3.0,2.0,0.0,0.0,1.8,3.75,4.0,1.83,3.8,4.0,1.9,3.75,3.85,1.85,3.79,4.12,1.8,3.6,3.9,1.85,3.6,4.0,1.9,3.93,4.26,1.84,3.75,3.99,17,1,2023,11,25,4,21,7,Home Win,2023-2024
B1,2023-11-25,Standard,Genk,1,0,H,13.0,11.0,4.0,2.0,20.0,12.0,5.0,5.0,2.0,2.0,0.0,0.0,3.6,3.75,1.91,3.4,3.75,1.98,3.45,3.7,1.97,3.7,3.89,1.93,3.3,3.6,1.95,3.7,3.6,1.91,3.78,3.97,2.0,3.58,3.78,1.93,19,1,2023,11,25,18,7,7,Home Win,2023-2024
B1,2023-11-26,Gent,St. Gilloise,1,1,D,11.0,12.0,3.0,4.0,8.0,14.0,5.0,8.0,2.0,3.0,0.0,0.0,2.55,3.4,2.63,2.5,3.6,2.6,2.5,3.5,2.6,2.59,3.6,2.55,2.38,3.6,2.5,2.55,3.4,2.6,2.61,3.7,2.65,2.54,3.53,2.59,12,0,2023,11,26,8,17,1,Draw,2023-2024
B1,2023-11-26,Oud-Heverlee Leuven,Club Brugge,0,1,A,10.0,14.0,3.0,6.0,19.0,13.0,7.0,6.0,4.0,2.0,0.0,0.0,4.5,4.0,1.67,4.33,4.1,1.71,4.4,4.1,1.7,4.37,4.2,1.68,4.8,4.2,1.53,4.5,4.0,1.67,4.66,4.33,1.78,4.4,4.14,1.68,15,2,2023,11,26,13,5,1,Away Win,2023-2024
B1,2023-11-26,Anderlecht,RWD Molenbeek,2,1,H,25.0,7.0,8.0,2.0,6.0,12.0,10.0,1.0,1.0,4.0,0.0,1.0,1.4,5.0,7.0,1.39,5.0,7.5,1.4,4.9,7.0,1.39,4.87,7.22,1.4,4.5,6.5,1.36,4.75,8.0,1.42,5.2,8.0,1.38,4.89,7.37,17,1,2023,11,26,0,14,1,Home Win,2023-2024
B1,2023-11-26,Kortrijk,Mechelen,0,3,A,15.0,10.0,3.0,5.0,12.0,12.0,4.0,3.0,2.0,2.0,0.0,0.0,2.9,3.5,2.3,2.8,3.6,2.37,2.85,3.45,2.35,3.01,3.4,2.34,2.7,3.5,2.3,2.9,3.3,2.38,3.17,3.6,2.43,2.92,3.41,2.34,18,2,2023,11,26,9,10,1,Away Win,2023-2024
B1,2023-12-01,Westerlo,Anderlecht,1,3,A,23.0,26.0,7.0,10.0,3.0,11.0,7.0,2.0,0.0,0.0,0.0,0.0,4.75,4.0,1.7,4.6,3.9,1.71,4.6,3.9,1.7,5.13,3.88,1.71,4.2,4.0,1.67,4.75,3.9,1.67,5.13,4.1,1.74,4.69,3.9,1.7,19,2,2023,12,1,21,0,6,Away Win,2023-2024
B1,2023-12-02,RWD Molenbeek,Charleroi,0,0,D,10.0,18.0,4.0,8.0,4.0,8.0,3.0,10.0,0.0,2.0,0.0,0.0,2.75,3.4,2.5,2.75,3.5,2.4,2.7,3.4,2.45,2.88,3.4,2.55,2.62,3.5,2.38,2.75,3.4,2.45,2.88,3.57,2.55,2.79,3.41,2.46,15,0,2023,12,2,14,4,7,Draw,2023-2024
B1,2023-12-02,Eupen,Kortrijk,1,1,D,14.0,14.0,3.0,3.0,14.0,10.0,7.0,11.0,1.0,1.0,0.0,0.0,2.25,3.3,3.2,2.2,3.75,2.95,2.25,3.4,3.05,2.28,3.67,3.09,2.1,3.7,2.88,2.25,3.4,3.0,2.29,3.75,3.2,2.24,3.56,3.02,17,0,2023,12,2,6,9,7,Draw,2023-2024
B1,2023-12-02,Antwerp,Oud-Heverlee Leuven,1,0,H,18.0,10.0,5.0,4.0,6.0,9.0,7.0,6.0,0.0,3.0,0.0,0.0,1.36,5.0,8.5,1.38,5.25,7.0,1.35,5.25,7.5,1.34,5.81,8.32,1.33,5.0,7.0,1.33,5.25,8.0,1.38,5.81,8.5,1.35,5.35,7.69,19,1,2023,12,2,1,13,7,Home Win,2023-2024
B1,2023-12-03,Genk,Gent,2,2,D,13.0,17.0,6.0,6.0,15.0,12.0,1.0,9.0,2.0,2.0,0.0,0.0,2.15,3.5,3.2,2.1,3.8,3.1,2.2,3.55,3.05,2.21,3.75,3.19,2.1,3.7,2.88,2.15,3.6,3.1,2.21,3.89,3.2,2.14,3.7,3.09,12,0,2023,12,3,7,8,1,Draw,2023-2024
B1,2023-12-03,Mechelen,St Truiden,0,2,A,6.0,13.0,5.0,5.0,10.0,8.0,1.0,5.0,1.0,2.0,0.0,0.0,2.15,3.3,3.4,2.15,3.5,3.25,2.15,3.35,3.25,2.22,3.38,3.36,2.1,3.4,3.1,2.15,3.3,3.3,2.25,3.6,3.4,2.16,3.43,3.3,15,2,2023,12,3,10,16,1,Away Win,2023-2024
B1,2023-12-03,Club Brugge,Standard,2,0,H,13.0,7.0,5.0,2.0,13.0,10.0,4.0,3.0,2.0,2.0,0.0,0.0,1.44,4.75,6.5,1.44,5.0,6.25,1.45,4.8,6.0,1.45,4.97,6.21,1.4,4.75,6.0,1.44,4.6,6.5,1.48,5.1,6.5,1.44,4.84,6.21,17,1,2023,12,3,5,18,1,Home Win,2023-2024
B1,2023-12-03,St. Gilloise,Cercle Brugge,2,1,H,12.0,13.0,6.0,6.0,13.0,15.0,5.0,4.0,1.0,3.0,0.0,0.0,1.62,4.0,5.0,1.65,4.1,4.8,1.65,4.0,4.8,1.65,4.06,5.14,1.62,4.0,4.4,1.65,3.9,4.8,1.7,4.31,5.2,1.64,4.05,4.86,18,1,2023,12,3,17,3,1,Home Win,2023-2024
B1,2023-12-08,Kortrijk,Westerlo,1,2,A,16.0,8.0,6.0,3.0,8.0,13.0,5.0,1.0,1.0,3.0,0.0,0.0,2.8,3.25,2.5,2.75,3.4,2.5,2.75,3.3,2.5,2.87,3.38,2.57,2.6,3.6,2.3,2.7,3.4,2.45,2.87,3.5,2.59,2.76,3.35,2.51,19,2,2023,12,8,9,21,6,Away Win,2023-2024
B1,2023-12-09,Cercle Brugge,Antwerp,1,3,A,15.0,14.0,2.0,8.0,13.0,6.0,6.0,2.0,4.0,1.0,0.0,0.0,2.7,3.4,2.5,2.65,3.6,2.45,2.65,3.45,2.5,2.79,3.44,2.61,2.5,3.6,2.38,2.7,3.4,2.45,2.79,3.65,2.61,2.7,3.42,2.51,15,2,2023,12,9,3,1,7,Away Win,2023-2024
B1,2023-12-09,St Truiden,Oud-Heverlee Leuven,1,1,D,26.0,4.0,13.0,3.0,5.0,10.0,15.0,2.0,0.0,2.0,0.0,1.0,1.85,3.75,4.0,1.83,3.8,3.9,1.9,3.75,3.8,1.83,4.11,4.09,1.8,3.7,3.7,1.85,3.6,4.0,1.98,4.11,4.13,1.84,3.85,3.91,17,0,2023,12,9,16,13,7,Draw,2023-2024
B1,2023-12-09,Gent,RWD Molenbeek,4,0,H,22.0,3.0,10.0,1.0,11.0,14.0,9.0,1.0,0.0,5.0,0.0,0.0,1.33,5.5,7.0,1.36,5.25,7.75,1.35,5.5,7.25,1.33,6.02,8.28,1.29,5.5,7.5,1.33,5.25,8.0,1.36,6.02,8.4,1.33,5.55,7.76,19,1,2023,12,9,8,14,7,Home Win,2023-2024
B1,2023-12-10,Mechelen,Club Brugge,0,0,D,9.0,13.0,4.0,2.0,11.0,9.0,2.0,9.0,3.0,5.0,0.0,0.0,4.75,4.33,1.62,4.75,4.1,1.66,4.7,4.1,1.63,5.18,4.23,1.61,4.5,4.0,1.6,5.0,3.9,1.62,5.3,4.33,1.66,4.88,4.13,1.63,12,0,2023,12,10,10,5,1,Draw,2023-2024
B1,2023-12-10,Eupen,Genk,1,3,A,11.0,18.0,4.0,10.0,12.0,8.0,8.0,8.0,0.0,2.0,0.0,0.0,6.5,5.25,1.4,6.75,5.5,1.39,6.75,5.5,1.37,7.43,5.43,1.36,6.5,5.5,1.33,7.5,5.0,1.36,7.7,5.6,1.41,7.16,5.26,1.37,15,2,2023,12,10,6,7,1,Away Win,2023-2024
B1,2023-12-10,Anderlecht,Standard,2,2,D,12.0,13.0,4.0,4.0,8.0,14.0,1.0,1.0,2.0,3.0,0.0,0.0,1.57,4.0,5.5,1.55,4.33,5.5,1.6,4.2,5.25,1.56,4.28,5.79,1.44,4.33,5.8,1.53,4.2,5.5,1.59,4.4,5.8,1.56,4.23,5.43,17,0,2023,12,10,0,18,1,Draw,2023-2024
B1,2023-12-10,Charleroi,St. Gilloise,1,3,A,9.0,17.0,3.0,9.0,7.0,12.0,6.0,7.0,3.0,2.0,0.0,0.0,5.0,4.0,1.62,4.8,4.1,1.63,5.0,4.0,1.63,5.36,4.07,1.62,4.8,4.0,1.57,5.25,3.9,1.62,5.4,4.2,1.66,5.08,4.01,1.63,18,2,2023,12,10,4,17,1,Away Win,2023-2024
B1,2023-12-15,Westerlo,Eupen,2,0,H,20.0,15.0,4.0,7.0,15.0,8.0,4.0,4.0,3.0,1.0,0.0,0.0,1.73,3.8,4.33,1.77,3.9,4.2,1.77,3.8,4.1,1.8,3.84,4.54,1.8,3.8,3.7,1.75,3.8,4.2,1.84,4.03,4.54,1.77,3.83,4.28,19,1,2023,12,15,21,6,6,Home Win,2023-2024
B1,2023-12-16,Oud-Heverlee Leuven,Cercle Brugge,1,2,A,9.0,12.0,3.0,5.0,12.0,14.0,4.0,6.0,4.0,3.0,0.0,0.0,4.0,4.0,1.8,3.9,3.9,1.85,3.8,3.9,1.83,4.09,4.27,1.79,3.6,3.8,1.8,4.0,3.75,1.8,4.21,4.3,1.85,3.97,4.02,1.79,15,2,2023,12,16,13,3,7,Away Win,2023-2024
B1,2023-12-16,RWD Molenbeek,St Truiden,3,0,H,7.0,12.0,6.0,1.0,14.0,8.0,4.0,4.0,3.0,2.0,0.0,0.0,3.4,3.4,2.15,3.3,3.4,2.15,3.25,3.4,2.15,3.42,3.43,2.22,3.1,3.5,2.05,3.4,3.25,2.15,3.45,3.51,2.23,3.33,3.38,2.16,17,1,2023,12,16,14,16,7,Home Win,2023-2024
B1,2023-12-16,Standard,Charleroi,0,0,D,6.0,7.0,1.0,2.0,11.0,21.0,4.0,2.0,1.0,1.0,0.0,0.0,2.1,3.4,3.5,2.15,3.6,3.1,2.15,3.4,3.25,2.16,3.52,3.48,2.05,3.5,3.1,2.15,3.3,3.3,2.23,3.63,3.51,2.13,3.46,3.33,19,0,2023,12,16,18,4,7,Draw,2023-2024
B1,2023-12-17,Club Brugge,Gent,2,0,H,13.0,8.0,4.0,2.0,10.0,11.0,4.0,5.0,0.0,0.0,0.0,1.0,1.67,4.0,4.75,1.7,4.0,4.6,1.67,3.95,4.6,1.68,4.2,4.89,1.62,3.9,4.5,1.7,3.8,4.5,1.7,4.3,5.0,1.67,4.04,4.66,12,1,2023,12,17,5,8,1,Home Win,2023-2024
B1,2023-12-17,St. Gilloise,Mechelen,1,0,H,24.0,15.0,8.0,8.0,14.0,10.0,8.0,5.0,2.0,1.0,0.0,0.0,1.33,5.0,9.0,1.34,5.25,8.5,1.35,5.25,8.0,1.33,5.4,8.6,1.29,5.0,8.5,1.33,5.0,9.0,1.36,5.6,9.5,1.33,5.16,8.55,15,1,2023,12,17,17,10,1,Home Win,2023-2024
B1,2023-12-17,Antwerp,Anderlecht,1,1,D,19.0,10.0,5.0,4.0,9.0,13.0,7.0,2.0,2.0,4.0,0.0,0.0,1.91,3.5,3.8,1.95,3.6,3.7,1.97,3.55,3.65,1.99,3.57,3.8,1.85,3.6,3.6,1.95,3.4,3.75,2.02,3.75,3.9,1.96,3.57,3.71,17,0,2023,12,17,1,0,1,Draw,2023-2024
B1,2023-12-17,Genk,Kortrijk,4,0,H,27.0,5.0,9.0,1.0,7.0,12.0,7.0,2.0,0.0,2.0,0.0,0.0,1.22,6.5,10.0,1.23,6.5,11.5,1.25,6.5,10.0,1.23,6.73,10.54,1.18,6.5,11.0,1.22,6.0,12.0,1.25,7.1,13.0,1.23,6.49,11.0,18,1,2023,12,17,7,9,1,Home Win,2023-2024
B1,2023-12-20,Cercle Brugge,Kortrijk,3,0,H,24.0,6.0,13.0,1.0,8.0,14.0,7.0,5.0,2.0,3.0,0.0,0.0,1.36,5.0,8.0,1.36,5.25,8.0,1.35,5.25,8.0,1.35,5.53,8.71,1.29,5.0,8.5,1.33,5.0,8.5,1.37,5.53,8.8,1.34,5.16,8.29,17,1,2023,12,20,3,9,4,Home Win,2023-2024
B1,2023-12-20,Mechelen,Standard,3,0,H,28.0,14.0,8.0,3.0,8.0,8.0,5.0,3.0,2.0,0.0,0.0,1.0,2.45,3.3,2.8,2.45,3.4,2.75,2.5,3.35,2.8,2.57,3.36,2.89,2.3,3.4,2.7,2.45,3.25,2.8,2.57,3.45,2.96,2.46,3.32,2.82,19,1,2023,12,20,10,18,4,Home Win,2023-2024
B1,2023-12-21,Gent,Oud-Heverlee Leuven,4,0,H,21.0,9.0,6.0,2.0,6.0,12.0,8.0,3.0,0.0,1.0,0.0,0.0,1.3,5.5,9.0,1.31,6.0,8.5,1.3,6.0,8.0,1.29,6.02,8.57,1.25,5.5,8.5,1.29,5.5,9.0,1.32,6.3,9.0,1.3,5.79,8.52,19,1,2023,12,21,8,13,5,Home Win,2023-2024
B1,2023-12-22,RWD Molenbeek,Club Brugge,1,6,A,10.0,15.0,3.0,10.0,9.0,8.0,2.0,8.0,1.0,2.0,0.0,0.0,7.5,5.0,1.36,8.25,5.0,1.37,7.0,4.8,1.4,8.5,5.2,1.37,8.0,4.8,1.3,8.5,5.0,1.33,8.8,5.2,1.4,8.03,4.94,1.36,19,2,2023,12,22,14,5,6,Away Win,2023-2024
B1,2023-12-23,Eupen,St. Gilloise,1,2,A,1.0,20.0,1.0,8.0,15.0,8.0,3.0,14.0,5.0,1.0,0.0,0.0,11.0,5.75,1.25,11.0,6.0,1.26,10.0,6.0,1.27,11.63,6.62,1.24,11.0,6.0,1.2,12.0,5.75,1.22,12.0,6.9,1.27,11.01,6.13,1.24,15,2,2023,12,23,6,17,7,Away Win,2023-2024
B1,2023-12-23,Antwerp,Westerlo,2,2,D,15.0,12.0,6.0,6.0,5.0,7.0,8.0,2.0,2.0,1.0,0.0,0.0,1.33,5.25,8.0,1.36,5.25,7.75,1.35,5.25,8.0,1.37,5.38,8.0,1.3,5.0,8.0,1.33,4.8,8.5,1.39,5.45,8.5,1.35,5.13,7.9,17,0,2023,12,23,1,21,7,Draw,2023-2024
B1,2023-12-23,St Truiden,Charleroi,1,0,H,16.0,4.0,7.0,0.0,4.0,17.0,6.0,3.0,0.0,0.0,0.0,0.0,2.15,3.4,3.3,2.2,3.4,3.2,2.2,3.3,3.2,2.32,3.34,3.3,2.1,3.4,3.1,2.25,3.2,3.2,2.33,3.45,3.32,2.22,3.33,3.21,17,1,2023,12,23,16,4,7,Home Win,2023-2024
B1,2023-12-23,Anderlecht,Genk,2,1,H,9.0,20.0,3.0,7.0,7.0,15.0,1.0,8.0,1.0,2.0,0.0,0.0,2.25,3.5,3.1,2.2,3.6,3.0,2.25,3.5,3.0,2.35,3.58,3.04,2.15,3.6,2.88,2.3,3.4,2.9,2.35,3.69,3.1,2.26,3.53,2.97,19,1,2023,12,23,0,7,7,Home Win,2023-2024
B1,2023-12-26,Genk,Antwerp,3,0,H,16.0,3.0,8.0,1.0,8.0,9.0,3.0,3.0,1.0,3.0,0.0,0.0,2.1,3.5,3.4,2.1,3.7,3.2,2.1,3.55,3.2,2.18,3.81,3.2,2.05,3.5,3.1,2.1,3.6,3.2,2.18,3.82,3.4,2.11,3.65,3.2,12,1,2023,12,26,7,1,3,Home Win,2023-2024
B1,2023-12-26,Kortrijk,Gent,0,2,A,7.0,20.0,3.0,9.0,9.0,10.0,4.0,5.0,1.0,1.0,0.0,0.0,7.5,5.0,1.36,7.75,5.25,1.36,7.75,5.25,1.35,8.48,5.57,1.35,8.5,5.0,1.29,8.5,5.0,1.33,8.6,5.57,1.36,8.13,5.2,1.34,15,2,2023,12,26,9,8,3,Away Win,2023-2024
B1,2023-12-26,Oud-Heverlee Leuven,Eupen,3,0,H,18.0,14.0,7.0,6.0,6.0,15.0,7.0,3.0,2.0,2.0,0.0,0.0,1.8,4.0,3.8,1.85,3.9,3.8,1.85,3.9,3.7,1.85,3.99,4.09,1.8,3.8,3.7,1.8,3.9,3.9,1.88,4.1,4.2,1.83,3.91,3.88,15,1,2023,12,26,13,6,3,Home Win,2023-2024
B1,2023-12-26,Westerlo,RWD Molenbeek,3,0,H,13.0,11.0,3.0,4.0,7.0,12.0,6.0,0.0,0.0,0.0,0.0,1.0,1.85,3.6,4.0,1.88,3.7,3.9,1.9,3.6,3.85,1.88,3.83,4.15,1.8,3.5,3.9,1.85,3.6,4.0,1.94,3.83,4.15,1.87,3.63,3.96,17,1,2023,12,26,21,14,3,Home Win,2023-2024
B1,2023-12-26,Club Brugge,St. Gilloise,1,1,D,9.0,7.0,2.0,3.0,15.0,14.0,6.0,0.0,1.0,5.0,0.0,1.0,2.3,3.25,3.2,2.3,3.5,3.0,2.3,3.3,3.0,2.34,3.45,3.06,2.2,3.4,2.88,2.25,3.4,3.0,2.36,3.55,3.2,2.29,3.42,3.01,19,0,2023,12,26,5,17,3,Draw,2023-2024
B1,2023-12-27,Standard,St Truiden,1,1,D,11.0,18.0,2.0,8.0,14.0,14.0,4.0,4.0,1.0,3.0,0.0,0.0,2.38,3.1,3.2,2.35,3.4,2.9,2.35,3.25,3.0,2.37,3.34,3.1,2.25,3.3,2.88,2.3,3.3,3.0,2.4,3.55,3.2,2.34,3.32,3.01,17,0,2023,12,27,18,16,4,Draw,2023-2024
B1,2023-12-27,Anderlecht,Cercle Brugge,2,0,H,7.0,19.0,4.0,7.0,9.0,13.0,2.0,12.0,1.0,1.0,0.0,0.0,1.8,3.8,4.0,1.87,3.8,3.8,1.9,3.7,3.75,1.89,3.96,3.77,1.83,3.7,3.6,1.85,3.6,4.0,1.93,3.99,4.1,1.88,3.77,3.77,19,1,2023,12,27,0,3,4,Home Win,2023-2024
B1,2023-12-27,Charleroi,Mechelen,3,1,H,16.0,11.0,6.0,5.0,10.0,9.0,5.0,7.0,2.0,1.0,0.0,0.0,2.1,3.3,3.5,2.1,3.4,3.4,2.15,3.3,3.4,2.19,3.36,3.44,2.0,3.4,3.4,2.1,3.4,3.3,2.2,3.65,3.5,2.11,3.4,3.41,19,1,2023,12,27,4,10,4,Home Win,2023-2024
B1,2024-01-19,Gent,Mechelen,1,2,A,23.0,9.0,7.0,2.0,4.0,15.0,8.0,4.0,2.0,4.0,0.0,0.0,1.55,4.0,5.75,1.55,4.33,5.5,,,,1.55,4.39,6.07,1.4,4.4,6.5,1.5,4.2,6.0,1.57,4.4,6.5,1.53,4.26,5.71,19,2,2024,1,19,8,10,6,Away Win,2023-2024
B1,2024-01-20,Genk,Cercle Brugge,1,1,D,12.0,19.0,3.0,6.0,15.0,15.0,4.0,5.0,2.0,2.0,0.0,0.0,1.8,3.75,4.33,1.83,3.9,3.8,,,,1.83,3.97,4.18,1.75,3.9,3.75,1.8,3.75,4.0,1.85,4.1,4.33,1.81,3.9,3.95,15,0,2024,1,20,7,3,7,Draw,2023-2024
B1,2024-01-20,Standard,Kortrijk,0,1,A,20.0,5.0,4.0,2.0,7.0,13.0,7.0,4.0,0.0,1.0,0.0,0.0,1.57,3.8,6.0,1.58,4.2,5.25,,,,1.56,4.28,6.11,1.5,4.0,5.5,1.53,4.0,6.0,1.58,4.33,6.2,1.55,4.13,5.68,17,2,2024,1,20,18,9,7,Away Win,2023-2024
B1,2024-01-20,Club Brugge,Westerlo,3,0,H,14.0,2.0,9.0,0.0,4.0,12.0,3.0,0.0,0.0,3.0,0.0,1.0,1.29,5.25,10.0,1.29,5.75,9.5,,,,1.27,6.25,9.94,1.22,5.8,9.5,1.25,5.5,10.5,1.3,6.4,10.5,1.27,5.76,9.63,19,1,2024,1,20,5,21,7,Home Win,2023-2024
B1,2024-01-21,Antwerp,Charleroi,4,1,H,20.0,8.0,8.0,5.0,7.0,12.0,5.0,6.0,1.0,2.0,0.0,0.0,1.73,3.75,4.75,1.77,3.8,4.4,,,,1.71,4.03,4.87,1.7,3.75,4.2,1.7,3.75,4.6,1.78,4.03,4.87,1.72,3.82,4.55,12,1,2024,1,21,1,4,1,Home Win,2023-2024
B1,2024-01-21,St. Gilloise,St Truiden,2,1,H,16.0,5.0,5.0,2.0,5.0,9.0,7.0,1.0,2.0,5.0,0.0,0.0,1.33,5.25,8.5,1.34,5.25,9.0,,,,1.34,5.23,9.04,1.29,5.0,8.5,1.33,4.8,9.0,1.35,5.4,9.5,1.32,5.09,8.79,15,1,2024,1,21,17,16,1,Home Win,2023-2024
B1,2024-01-21,Oud-Heverlee Leuven,Anderlecht,1,1,D,8.0,12.0,4.0,4.0,8.0,10.0,5.0,3.0,2.0,2.0,0.0,0.0,4.75,3.6,1.7,4.5,4.2,1.68,,,,4.69,4.15,1.68,4.33,4.0,1.62,4.5,3.9,1.7,4.75,4.23,1.71,4.54,4.02,1.68,17,0,2024,1,21,13,0,1,Draw,2023-2024
B1,2024-01-24,RWD Molenbeek,Eupen,0,1,A,8.0,11.0,3.0,6.0,13.0,14.0,1.0,4.0,2.0,3.0,0.0,0.0,1.91,3.5,4.0,1.9,3.75,3.75,,,,1.87,3.74,4.07,1.8,3.7,3.75,1.87,3.5,4.0,1.94,3.85,4.1,1.87,3.69,3.86,14,2,2024,1,24,14,6,4,Away Win,2023-2024
B1,2024-01-26,Cercle Brugge,Standard,1,1,D,26.0,11.0,7.0,2.0,8.0,13.0,5.0,4.0,2.0,1.0,0.0,0.0,1.53,4.2,5.75,1.55,4.33,5.5,,,,1.53,4.52,6.17,1.5,4.2,5.5,1.5,4.33,5.75,1.56,4.52,6.2,1.52,4.34,5.7,19,0,2024,1,26,3,18,6,Draw,2023-2024
B1,2024-01-27,Kortrijk,Oud-Heverlee Leuven,0,0,D,13.0,8.0,3.0,2.0,7.0,16.0,6.0,5.0,3.0,1.0,0.0,0.0,2.75,3.5,2.38,2.75,3.6,2.37,,,,2.99,3.63,2.37,2.7,3.6,2.25,2.88,3.4,2.3,2.99,3.65,2.43,2.81,3.53,2.35,15,0,2024,1,27,9,13,7,Draw,2023-2024
B1,2024-01-27,Charleroi,Club Brugge,1,4,A,14.0,17.0,6.0,7.0,10.0,11.0,3.0,5.0,0.0,1.0,0.0,0.0,5.5,4.2,1.5,5.75,4.33,1.53,,,,6.26,4.48,1.53,5.8,4.33,1.44,6.0,4.2,1.5,6.26,4.5,1.58,5.9,4.28,1.51,19,2,2024,1,27,4,5,7,Away Win,2023-2024
B1,2024-01-27,Gent,Westerlo,2,2,D,14.0,11.0,5.0,6.0,16.0,19.0,5.0,3.0,3.0,7.0,0.0,0.0,1.36,5.0,6.5,1.39,5.0,7.25,,,,1.4,5.24,7.6,1.33,5.0,7.0,1.36,5.0,7.5,1.41,5.3,7.6,1.38,5.0,7.16,19,0,2024,1,27,8,21,7,Draw,2023-2024
B1,2024-01-28,St Truiden,Genk,1,1,D,12.0,10.0,4.0,3.0,13.0,14.0,5.0,7.0,2.0,4.0,0.0,2.0,3.75,3.5,1.95,3.7,3.6,1.95,,,,4.01,3.66,1.91,3.6,3.6,1.85,3.75,3.6,1.91,4.1,3.75,2.0,3.8,3.6,1.92,12,0,2024,1,28,16,7,1,Draw,2023-2024
B1,2024-01-28,Eupen,Antwerp,1,0,H,9.0,15.0,3.0,2.0,16.0,8.0,3.0,6.0,4.0,2.0,0.0,0.0,7.5,4.75,1.36,7.5,5.25,1.38,,,,7.52,5.27,1.37,7.5,5.0,1.3,8.0,5.25,1.33,9.0,5.5,1.39,7.53,5.08,1.36,15,1,2024,1,28,6,1,1,Home Win,2023-2024
B1,2024-01-28,Anderlecht,St. Gilloise,2,2,D,11.0,14.0,2.0,8.0,15.0,13.0,7.0,6.0,3.0,2.0,0.0,0.0,3.1,3.5,2.1,3.2,3.5,2.15,,,,3.21,3.67,2.17,3.1,3.5,2.05,3.13,3.5,2.15,3.25,3.72,2.21,3.16,3.54,2.15,17,0,2024,1,28,0,17,1,Draw,2023-2024
B1,2024-01-28,Mechelen,RWD Molenbeek,3,1,H,24.0,6.0,8.0,3.0,9.0,12.0,14.0,0.0,0.0,2.0,0.0,1.0,1.67,3.75,5.0,1.68,3.8,5.0,,,,1.72,3.84,4.8,1.6,3.8,4.75,1.67,3.75,4.8,1.74,3.9,5.0,1.69,3.77,4.83,18,1,2024,1,28,10,14,1,Home Win,2023-2024
B1,2024-01-30,Club Brugge,Kortrijk,3,3,D,31.0,7.0,10.0,5.0,7.0,10.0,11.0,0.0,1.0,2.0,0.0,0.0,1.13,8.5,17.0,1.13,9.25,19.0,,,,1.12,10.0,21.28,1.08,8.5,19.0,1.1,9.0,20.0,1.13,10.0,23.0,1.11,8.89,19.73,19,0,2024,1,30,5,9,3,Draw,2023-2024
B1,2024-01-30,Westerlo,Cercle Brugge,4,2,H,9.0,14.0,5.0,3.0,10.0,25.0,2.0,6.0,3.0,5.0,1.0,0.0,4.0,3.75,1.8,4.0,3.7,1.85,,,,4.22,3.8,1.87,3.9,3.6,1.8,4.1,3.7,1.8,4.2,3.82,1.91,3.97,3.71,1.84,19,1,2024,1,30,21,3,3,Home Win,2023-2024
B1,2024-01-31,Charleroi,Eupen,1,0,H,12.0,7.0,3.0,2.0,12.0,12.0,2.0,10.0,1.0,0.0,0.0,0.0,1.62,4.0,5.0,1.63,4.1,5.0,,,,1.68,4.04,5.13,1.57,3.9,4.8,1.65,3.8,5.0,1.69,4.1,5.13,1.64,3.98,4.91,17,1,2024,1,31,4,6,4,Home Win,2023-2024
B1,2024-01-31,Oud-Heverlee Leuven,Genk,2,1,H,12.0,15.0,4.0,2.0,15.0,21.0,2.0,4.0,2.0,5.0,0.0,0.0,4.5,4.0,1.67,4.5,4.2,1.68,,,,4.95,4.22,1.67,4.5,4.0,1.6,4.75,3.9,1.65,5.0,4.28,1.7,4.6,4.09,1.66,17,1,2024,1,31,13,7,4,Home Win,2023-2024
B1,2024-01-31,St. Gilloise,RWD Molenbeek,3,2,H,11.0,8.0,5.0,2.0,11.0,15.0,3.0,2.0,2.0,2.0,0.0,0.0,1.2,7.0,12.0,1.2,7.25,13.5,,,,1.19,7.65,13.86,1.14,6.5,15.0,1.18,6.5,15.0,1.2,7.65,15.0,1.18,6.96,13.28,20,1,2024,1,31,17,14,4,Home Win,2023-2024
B1,2024-01-31,Standard,Antwerp,0,1,A,15.0,4.0,4.0,2.0,11.0,14.0,4.0,2.0,1.0,3.0,0.0,1.0,4.0,3.6,1.85,4.0,3.7,1.85,,,,3.9,3.89,1.92,3.8,3.6,1.8,3.9,3.5,1.9,4.01,3.9,1.94,3.87,3.66,1.88,20,2,2024,1,31,18,1,4,Away Win,2023-2024
B1,2024-02-01,Mechelen,Anderlecht,2,2,D,14.0,16.0,7.0,4.0,10.0,9.0,5.0,4.0,2.0,1.0,0.0,0.0,3.25,3.5,2.15,3.3,3.5,2.15,,,,3.28,3.48,2.21,3.1,3.4,2.1,3.3,3.3,2.15,3.4,3.53,2.23,3.24,3.44,2.15,19,0,2024,2,1,10,0,5,Draw,2023-2024
B1,2024-02-01,St Truiden,Gent,4,1,H,23.0,4.0,12.0,1.0,6.0,6.0,9.0,1.0,2.0,0.0,0.0,1.0,3.6,3.6,1.95,3.5,3.6,2.0,,,,3.58,3.62,2.04,3.5,3.5,1.91,3.6,3.4,2.0,3.62,3.69,2.07,3.51,3.56,2.0,19,1,2024,2,1,16,8,5,Home Win,2023-2024
B1,2024-02-03,RWD Molenbeek,Standard,2,2,D,12.0,13.0,4.0,4.0,15.0,12.0,4.0,3.0,1.0,4.0,0.0,0.0,3.0,3.3,2.3,3.1,3.4,2.3,,,,3.14,3.33,2.42,,,,3.1,3.2,2.3,3.2,3.42,2.42,3.06,3.31,2.31,15,0,2024,2,3,14,18,7,Draw,2023-2024
B1,2024-02-03,Kortrijk,Charleroi,1,0,H,11.0,7.0,4.0,1.0,10.0,20.0,5.0,4.0,1.0,1.0,0.0,0.0,3.2,3.5,2.1,3.2,3.6,2.15,,,,3.33,3.57,2.21,,,,3.25,3.3,2.2,3.35,3.6,2.21,3.21,3.48,2.16,17,1,2024,2,3,9,4,7,Home Win,2023-2024
B1,2024-02-03,Westerlo,Oud-Heverlee Leuven,0,3,A,11.0,9.0,7.0,6.0,8.0,12.0,15.0,5.0,0.0,2.0,0.0,0.0,2.0,3.6,3.4,2.0,3.8,3.3,,,,2.06,3.77,3.54,,,,2.0,3.5,3.5,2.06,3.81,3.54,2.02,3.69,3.39,17,2,2024,2,3,21,13,7,Away Win,2023-2024
B1,2024-02-03,Genk,St. Gilloise,0,1,A,10.0,12.0,3.0,4.0,18.0,13.0,8.0,3.0,1.0,4.0,0.0,0.0,2.8,3.4,2.38,2.8,3.6,2.37,,,,2.87,3.54,2.49,,,,2.8,3.4,2.4,2.87,3.65,2.49,2.79,3.47,2.41,19,2,2024,2,3,7,17,7,Away Win,2023-2024
B1,2024-02-04,Antwerp,Club Brugge,2,1,H,11.0,13.0,3.0,4.0,9.0,18.0,5.0,9.0,2.0,4.0,0.0,1.0,3.6,3.5,1.91,3.6,3.6,1.98,,,,3.86,3.69,1.98,,,,3.7,3.4,1.95,3.86,3.75,2.02,3.66,3.57,1.97,12,1,2024,2,4,1,5,1,Home Win,2023-2024
B1,2024-02-04,Eupen,Mechelen,0,1,A,18.0,4.0,5.0,1.0,17.0,8.0,8.0,4.0,1.0,0.0,1.0,0.0,3.0,3.4,2.25,2.95,3.6,2.3,,,,3.09,3.5,2.3,,,,3.0,3.4,2.25,3.2,3.6,2.32,3.01,3.47,2.26,15,2,2024,2,4,6,10,1,Away Win,2023-2024
B1,2024-02-04,Anderlecht,Gent,1,0,H,11.0,13.0,3.0,4.0,6.0,12.0,5.0,5.0,1.0,4.0,0.0,0.0,2.2,3.5,3.0,2.2,3.5,3.1,,,,2.27,3.42,3.21,,,,2.25,3.3,3.1,2.32,3.61,3.21,2.23,3.44,3.07,17,1,2024,2,4,0,8,1,Home Win,2023-2024
B1,2024-02-04,Cercle Brugge,St Truiden,4,1,H,17.0,6.0,6.0,3.0,17.0,8.0,6.0,8.0,2.0,2.0,0.0,0.0,1.85,3.6,3.8,1.85,3.75,4.0,,,,1.85,3.8,4.08,,,,1.85,3.6,3.9,1.9,3.87,4.1,1.86,3.72,3.86,18,1,2024,2,4,3,16,1,Home Win,2023-2024
B1,2024-02-09,St Truiden,Kortrijk,1,0,H,15.0,10.0,3.0,2.0,8.0,11.0,5.0,3.0,0.0,2.0,0.0,0.0,1.5,4.33,6.0,1.52,4.33,6.25,,,,1.53,4.44,6.28,1.5,4.0,5.5,1.5,4.2,6.0,1.55,4.5,6.5,1.5,4.28,6.05,19,1,2024,2,9,16,9,6,Home Win,2023-2024
B1,2024-02-10,Standard,Oud-Heverlee Leuven,1,0,H,11.0,8.0,5.0,2.0,10.0,18.0,7.0,9.0,3.0,3.0,0.0,0.0,1.91,3.6,3.75,1.95,3.6,3.7,,,,2.0,3.55,3.93,1.83,3.7,3.6,1.95,3.4,3.75,2.02,3.75,3.95,1.95,3.56,3.72,15,1,2024,2,10,18,13,7,Home Win,2023-2024
B1,2024-02-10,St. Gilloise,Westerlo,2,2,D,17.0,9.0,3.0,4.0,14.0,8.0,4.0,4.0,4.0,2.0,0.0,0.0,1.29,6.0,9.0,1.3,5.75,9.5,,,,1.26,6.27,10.93,1.25,5.5,9.0,1.25,5.5,11.0,1.3,6.27,11.0,1.27,5.7,9.97,17,0,2024,2,10,17,21,7,Draw,2023-2024
B1,2024-02-10,Club Brugge,Eupen,4,0,H,21.0,4.0,6.0,1.0,8.0,11.0,7.0,4.0,0.0,2.0,0.0,0.0,1.22,7.0,9.5,1.23,6.75,11.5,,,,1.22,7.44,11.44,1.18,6.5,11.0,1.2,6.0,13.0,1.23,7.5,13.0,1.21,6.75,11.2,19,1,2024,2,10,5,6,7,Home Win,2023-2024
B1,2024-02-11,RWD Molenbeek,Antwerp,0,4,A,2.0,13.0,1.0,9.0,15.0,11.0,5.0,3.0,3.0,0.0,1.0,0.0,5.0,4.2,1.62,5.0,4.2,1.62,,,,5.54,4.29,1.61,5.5,4.2,1.5,5.5,3.9,1.57,5.54,4.33,1.65,5.11,4.13,1.6,12,2,2024,2,11,14,1,1,Away Win,2023-2024
B1,2024-02-11,Mechelen,Genk,1,1,D,11.0,14.0,2.0,1.0,10.0,12.0,5.0,3.0,1.0,2.0,0.0,0.0,3.75,3.6,1.91,3.6,3.7,1.95,,,,3.67,3.67,1.99,3.5,3.7,1.85,3.7,3.5,1.95,3.9,3.75,2.01,3.62,3.64,1.95,15,0,2024,2,11,10,7,1,Draw,2023-2024
B1,2024-02-11,Charleroi,Anderlecht,1,3,A,16.0,8.0,6.0,4.0,11.0,7.0,5.0,2.0,0.0,0.0,0.0,0.0,3.75,3.4,2.0,3.5,3.5,2.05,,,,3.73,3.53,2.02,3.4,3.5,1.95,3.5,3.4,2.05,3.75,3.63,2.1,3.53,3.47,2.03,17,2,2024,2,11,4,0,1,Away Win,2023-2024
B1,2024-02-11,Gent,Cercle Brugge,1,2,A,20.0,11.0,10.0,2.0,11.0,11.0,12.0,3.0,1.0,3.0,0.0,1.0,2.05,3.75,3.25,2.1,3.7,3.2,,,,2.18,3.73,3.13,2.05,3.6,3.1,2.15,3.4,3.2,2.19,3.81,3.25,2.12,3.68,3.13,18,2,2024,2,11,8,3,1,Away Win,2023-2024
B1,2024-02-16,Westerlo,Standard,2,1,H,13.0,12.0,5.0,2.0,14.0,10.0,3.0,5.0,1.0,1.0,0.0,0.0,2.38,3.3,3.0,2.37,3.3,2.95,,,,2.47,3.3,3.07,2.3,3.5,2.7,2.38,3.2,3.0,2.47,3.44,3.08,2.4,3.26,2.96,19,1,2024,2,16,21,18,6,Home Win,2023-2024
B1,2024-02-17,Genk,RWD Molenbeek,3,1,H,21.0,11.0,9.0,5.0,9.0,12.0,6.0,8.0,1.0,2.0,0.0,0.0,1.29,6.0,9.5,1.28,5.75,10.5,,,,1.26,6.23,10.85,1.22,5.5,10.0,1.25,5.5,11.0,1.29,6.3,11.0,1.27,5.71,10.09,15,1,2024,2,17,7,14,7,Home Win,2023-2024
B1,2024-02-17,Oud-Heverlee Leuven,Charleroi,0,0,D,17.0,6.0,0.0,0.0,17.0,15.0,13.0,1.0,2.0,5.0,0.0,1.0,2.4,3.4,2.88,2.3,3.5,2.95,,,,2.46,3.32,3.08,2.2,3.5,2.8,2.38,3.3,2.88,2.46,3.53,3.08,2.37,3.35,2.92,17,0,2024,2,17,13,4,7,Draw,2023-2024
B1,2024-02-17,Antwerp,Mechelen,0,1,A,15.0,6.0,3.0,4.0,9.0,12.0,6.0,2.0,2.0,2.0,0.0,0.0,1.57,4.0,5.75,1.58,4.1,5.5,,,,1.58,4.27,5.79,1.5,4.0,5.5,1.57,3.9,5.75,1.6,4.3,5.79,1.57,4.1,5.52,19,2,2024,2,17,1,10,7,Away Win,2023-2024
B1,2024-02-18,Cercle Brugge,Club Brugge,1,1,D,7.0,13.0,4.0,3.0,14.0,11.0,0.0,4.0,0.0,4.0,0.0,1.0,3.4,3.75,2.05,3.3,3.75,2.05,,,,3.35,3.72,2.09,3.2,3.6,2.0,3.5,3.4,2.05,3.51,3.75,2.1,3.31,3.66,2.05,12,0,2024,2,18,3,5,1,Draw,2023-2024
B1,2024-02-18,Kortrijk,St. Gilloise,1,3,A,6.0,18.0,2.0,9.0,11.0,15.0,5.0,6.0,4.0,1.0,0.0,0.0,7.5,5.25,1.36,7.5,5.25,1.37,,,,7.76,5.2,1.37,7.5,5.0,1.33,8.5,4.8,1.33,8.5,5.5,1.39,7.64,5.04,1.36,15,2,2024,2,18,9,17,1,Away Win,2023-2024
B1,2024-02-18,Anderlecht,St Truiden,4,1,H,17.0,12.0,8.0,4.0,9.0,11.0,2.0,2.0,1.0,1.0,0.0,0.0,1.62,3.75,5.75,1.65,4.0,5.0,,,,1.61,4.22,5.28,1.57,3.9,5.0,1.62,3.8,5.25,1.65,4.3,5.75,1.62,4.0,5.11,17,1,2024,2,18,0,16,1,Home Win,2023-2024
B1,2024-02-18,Eupen,Gent,0,2,A,4.0,8.0,3.0,4.0,18.0,14.0,4.0,3.0,3.0,1.0,0.0,0.0,5.0,4.0,1.67,4.5,4.0,1.7,,,,4.75,4.04,1.69,4.4,3.9,1.65,4.75,3.8,1.67,5.0,4.13,1.74,4.64,3.97,1.68,18,2,2024,2,18,6,8,1,Away Win,2023-2024
B1,2024-02-23,Charleroi,Genk,0,1,A,6.0,19.0,4.0,7.0,14.0,13.0,3.0,6.0,2.0,2.0,0.0,0.0,3.6,3.5,2.05,3.4,3.6,2.05,,,,3.59,3.67,2.07,,,,3.5,3.5,2.0,3.7,3.67,2.1,3.47,3.55,2.04,19,2,2024,2,23,4,7,6,Away Win,2023-2024
B1,2024-02-24,RWD Molenbeek,Oud-Heverlee Leuven,1,1,D,10.0,9.0,3.0,3.0,10.0,9.0,5.0,6.0,0.0,3.0,0.0,0.0,2.75,3.4,2.45,2.75,3.5,2.45,,,,2.87,3.43,2.54,,,,2.8,3.25,2.45,2.87,3.55,2.54,2.79,3.39,2.44,15,0,2024,2,24,14,13,7,Draw,2023-2024
B1,2024-02-24,St Truiden,Westerlo,1,0,H,15.0,12.0,3.0,3.0,9.0,11.0,8.0,2.0,1.0,1.0,0.0,0.0,2.05,3.3,3.75,2.1,3.4,3.5,,,,2.08,3.58,3.65,,,,2.1,3.3,3.5,2.11,3.61,3.75,2.05,3.46,3.49,17,1,2024,2,24,16,21,7,Home Win,2023-2024
B1,2024-02-24,Mechelen,Kortrijk,3,0,H,9.0,11.0,4.0,1.0,2.0,8.0,4.0,4.0,0.0,0.0,0.0,0.0,1.65,3.8,5.0,1.62,4.1,5.25,,,,1.66,4.07,5.34,,,,1.62,3.8,5.25,1.67,4.1,5.34,1.63,3.94,5.06,19,1,2024,2,24,10,9,7,Home Win,2023-2024
B1,2024-02-25,Club Brugge,Anderlecht,1,2,A,16.0,11.0,6.0,6.0,14.0,16.0,5.0,3.0,0.0,4.0,0.0,0.0,1.67,3.75,5.0,1.68,4.0,4.8,,,,1.76,3.93,4.7,,,,1.73,3.75,4.5,1.77,4.03,5.0,1.71,3.88,4.57,12,2,2024,2,25,5,0,1,Away Win,2023-2024
B1,2024-02-25,Gent,Antwerp,2,2,D,13.0,8.0,5.0,5.0,13.0,8.0,7.0,4.0,1.0,2.0,0.0,0.0,2.45,3.25,2.88,2.35,3.4,2.9,,,,2.53,3.4,2.81,,,,2.45,3.3,2.8,2.53,3.57,2.95,2.43,3.4,2.8,15,0,2024,2,25,8,1,1,Draw,2023-2024
B1,2024-02-25,St. Gilloise,Standard,2,1,H,12.0,8.0,7.0,4.0,9.0,17.0,5.0,4.0,1.0,3.0,0.0,0.0,1.36,4.75,8.0,1.4,4.6,8.0,,,,1.39,4.94,7.61,,,,1.36,4.6,8.5,1.4,5.1,8.5,1.38,4.77,7.76,17,1,2024,2,25,17,18,1,Home Win,2023-2024
B1,2024-02-25,Eupen,Cercle Brugge,0,2,A,12.0,17.0,1.0,8.0,10.0,12.0,5.0,4.0,2.0,3.0,0.0,0.0,4.75,3.75,1.7,5.0,3.9,1.68,,,,4.71,3.99,1.71,,,,4.8,3.75,1.67,5.0,4.1,1.72,4.66,3.91,1.68,18,2,2024,2,25,6,3,1,Away Win,2023-2024
B1,2024-03-01,Westerlo,Charleroi,0,1,A,15.0,7.0,3.0,1.0,11.0,12.0,5.0,1.0,1.0,4.0,0.0,0.0,1.85,3.4,4.2,1.95,3.5,3.9,,,,1.95,3.52,4.19,,,,1.9,3.5,3.9,1.98,3.58,4.23,1.92,3.45,3.97,19,2,2024,3,1,21,4,6,Away Win,2023-2024
B1,2024-03-02,Cercle Brugge,Mechelen,2,3,A,12.0,15.0,5.0,6.0,9.0,9.0,7.0,6.0,1.0,2.0,0.0,0.0,1.91,3.6,4.0,1.9,3.6,3.8,,,,1.96,3.63,4.02,,,,1.95,3.4,3.75,1.98,3.73,4.1,1.92,3.57,3.82,15,2,2024,3,2,3,10,7,Away Win,2023-2024
B1,2024-03-02,Oud-Heverlee Leuven,St. Gilloise,0,2,A,9.0,9.0,2.0,2.0,10.0,11.0,4.0,6.0,3.0,3.0,0.0,0.0,6.5,4.33,1.5,5.75,4.4,1.52,,,,6.04,4.72,1.52,,,,6.0,4.2,1.5,6.5,4.75,1.53,5.74,4.46,1.5,17,2,2024,3,2,13,17,7,Away Win,2023-2024
B1,2024-03-02,Standard,Gent,4,2,H,19.0,11.0,7.0,7.0,13.0,10.0,9.0,5.0,3.0,1.0,0.0,1.0,3.1,3.4,2.2,3.1,3.5,2.2,,,,3.2,3.5,2.29,,,,3.13,3.25,2.25,3.3,3.5,2.29,3.13,3.43,2.21,19,1,2024,3,2,18,8,7,Home Win,2023-2024
B1,2024-03-03,Genk,Club Brugge,0,3,A,10.0,12.0,5.0,5.0,13.0,8.0,4.0,6.0,2.0,2.0,0.0,0.0,3.0,3.6,2.2,2.87,3.7,2.3,,,,3.09,3.67,2.28,,,,3.0,3.4,2.25,3.11,3.7,2.3,2.98,3.57,2.24,12,2,2024,3,3,7,5,1,Away Win,2023-2024
B1,2024-03-03,Antwerp,St Truiden,3,0,H,19.0,4.0,11.0,0.0,13.0,15.0,11.0,3.0,0.0,0.0,0.0,0.0,1.62,4.0,4.75,1.63,4.0,5.0,,,,1.67,4.01,5.01,,,,1.62,3.8,5.25,1.68,4.1,5.25,1.64,3.95,4.94,15,1,2024,3,3,1,16,1,Home Win,2023-2024
B1,2024-03-03,Anderlecht,Eupen,1,0,H,14.0,15.0,5.0,3.0,12.0,20.0,8.0,4.0,2.0,1.0,0.0,0.0,1.3,5.25,8.5,1.32,5.5,9.0,,,,1.29,5.72,9.87,,,,1.29,5.25,10.0,1.32,5.9,10.0,1.3,5.45,9.22,17,1,2024,3,3,0,6,1,Home Win,2023-2024
B1,2024-03-03,Kortrijk,RWD Molenbeek,3,2,H,17.0,12.0,7.0,4.0,10.0,14.0,8.0,5.0,1.0,3.0,0.0,0.0,2.4,3.5,2.75,2.45,3.4,2.75,,,,2.48,3.39,2.89,,,,2.45,3.25,2.8,2.5,3.5,2.91,2.44,3.39,2.77,18,1,2024,3,3,9,14,1,Home Win,2023-2024
B1,2024-03-08,Mechelen,Westerlo,3,1,H,10.0,21.0,4.0,4.0,7.0,8.0,3.0,3.0,0.0,1.0,0.0,0.0,1.91,3.6,4.0,1.93,3.5,3.9,,,,1.96,3.46,4.23,,,,1.9,3.5,3.9,2.01,3.66,4.23,1.93,3.48,3.95,19,1,2024,3,8,10,21,6,Home Win,2023-2024
B1,2024-03-09,Kortrijk,Antwerp,0,1,A,3.0,15.0,1.0,5.0,9.0,10.0,3.0,10.0,0.0,1.0,0.0,0.0,7.0,4.33,1.5,6.0,4.5,1.5,,,,6.79,4.79,1.47,,,,6.5,4.33,1.45,7.5,4.8,1.5,6.47,4.54,1.46,15,2,2024,3,9,9,1,7,Away Win,2023-2024
B1,2024-03-09,Charleroi,Cercle Brugge,0,0,D,6.0,11.0,2.0,2.0,15.0,17.0,2.0,8.0,1.0,1.0,0.0,1.0,3.6,3.6,1.95,3.6,3.6,1.98,,,,3.74,3.63,2.04,,,,3.6,3.4,2.0,3.74,3.68,2.05,3.57,3.56,2.0,17,0,2024,3,9,4,3,7,Draw,2023-2024
B1,2024-03-09,RWD Molenbeek,Anderlecht,0,3,A,10.0,11.0,2.0,5.0,11.0,9.0,4.0,3.0,3.0,1.0,0.0,0.0,5.75,4.2,1.53,5.5,4.2,1.57,,,,6.15,4.49,1.53,,,,6.0,4.2,1.5,7.0,4.5,1.57,5.8,4.32,1.52,19,2,2024,3,9,14,0,7,Away Win,2023-2024
B1,2024-03-10,Genk,Standard,1,0,H,19.0,6.0,5.0,4.0,6.0,11.0,7.0,5.0,0.0,2.0,0.0,0.0,1.65,4.0,5.25,1.63,4.0,5.0,,,,1.63,4.23,5.44,,,,1.6,3.9,5.25,1.65,4.23,5.5,1.61,4.07,5.18,12,1,2024,3,10,7,18,1,Home Win,2023-2024
B1,2024-03-10,Club Brugge,Oud-Heverlee Leuven,3,1,H,20.0,7.0,8.0,2.0,13.0,10.0,10.0,5.0,0.0,2.0,0.0,0.0,1.33,5.5,7.5,1.32,5.5,8.75,,,,1.29,6.0,9.06,,,,1.3,5.25,9.0,1.33,6.2,9.2,1.3,5.63,8.6,15,1,2024,3,10,5,13,1,Home Win,2023-2024
B1,2024-03-10,St. Gilloise,Gent,1,1,D,18.0,11.0,5.0,6.0,4.0,11.0,8.0,3.0,3.0,1.0,0.0,0.0,1.62,4.2,4.75,1.62,4.2,5.0,,,,1.65,4.11,5.02,,,,1.62,3.9,5.25,1.68,4.2,5.3,1.63,4.08,4.94,17,0,2024,3,10,17,8,1,Draw,2023-2024
B1,2024-03-10,Eupen,St Truiden,1,0,H,7.0,17.0,2.0,5.0,12.0,15.0,4.0,3.0,3.0,1.0,0.0,0.0,3.5,3.3,2.1,3.4,3.4,2.1,,,,3.46,3.39,2.17,,,,3.5,3.25,2.1,3.55,3.5,2.19,3.41,3.38,2.11,18,1,2024,3,10,6,16,1,Home Win,2023-2024
B1,2024-03-16,Standard,Eupen,4,0,H,13.0,9.0,5.0,5.0,2.0,17.0,5.0,5.0,0.0,0.0,0.0,0.0,1.73,3.8,4.5,1.72,3.8,4.6,,,,1.72,3.84,5.14,,,,1.7,3.6,4.8,1.74,3.93,5.14,1.71,3.78,4.73,17,1,2024,3,16,18,6,7,Home Win,2023-2024
B1,2024-03-16,Anderlecht,Kortrijk,0,1,A,17.0,11.0,5.0,4.0,7.0,13.0,5.0,6.0,1.0,2.0,0.0,0.0,1.25,5.5,10.0,1.26,6.25,10.5,,,,1.25,6.45,11.44,,,,1.22,6.0,11.5,1.27,6.6,12.0,1.24,6.08,10.76,19,2,2024,3,16,0,9,7,Away Win,2023-2024
B1,2024-03-17,St Truiden,Club Brugge,2,1,H,13.0,19.0,5.0,8.0,5.0,10.0,4.0,8.0,0.0,1.0,0.0,0.0,5.5,4.0,1.6,5.0,4.1,1.65,,,,5.54,4.22,1.62,,,,5.25,3.9,1.6,5.54,4.3,1.65,5.19,4.05,1.61,12,1,2024,3,17,16,5,1,Home Win,2023-2024
B1,2024-03-17,Antwerp,St. Gilloise,1,1,D,9.0,13.0,3.0,4.0,12.0,12.0,4.0,3.0,3.0,5.0,0.0,1.0,2.6,3.5,2.55,2.65,3.5,2.5,,,,2.66,3.53,2.6,,,,2.7,3.3,2.55,2.75,3.59,2.62,2.64,3.44,2.54,15,0,2024,3,17,1,17,1,Draw,2023-2024
B1,2024-03-17,Cercle Brugge,RWD Molenbeek,4,0,H,20.0,4.0,8.0,1.0,6.0,11.0,11.0,4.0,1.0,4.0,0.0,1.0,1.36,5.25,7.5,1.36,5.25,7.75,,,,1.36,5.3,7.85,,,,1.33,4.8,8.5,1.38,5.5,8.5,1.35,5.16,7.73,17,1,2024,3,17,3,14,1,Home Win,2023-2024
B1,2024-03-17,Gent,Charleroi,5,0,H,13.0,12.0,9.0,5.0,8.0,10.0,1.0,6.0,0.0,2.0,0.0,0.0,1.57,4.0,5.75,1.57,4.2,5.5,,,,1.57,4.23,5.7,,,,1.55,4.0,5.75,1.62,4.33,5.9,1.56,4.11,5.55,17,1,2024,3,17,8,4,1,Home Win,2023-2024
B1,2024-03-17,Oud-Heverlee Leuven,Mechelen,1,0,H,14.0,16.0,4.0,5.0,14.0,9.0,3.0,6.0,4.0,1.0,0.0,0.0,2.75,3.4,2.45,2.75,3.4,2.5,,,,2.78,3.42,2.55,,,,2.75,3.25,2.5,2.81,3.54,2.56,2.75,3.35,2.49,17,1,2024,3,17,13,10,1,Home Win,2023-2024
B1,2024-03-17,Westerlo,Genk,1,1,D,12.0,9.0,4.0,2.0,10.0,13.0,5.0,6.0,4.0,1.0,0.0,1.0,3.5,3.75,1.95,3.7,3.7,1.93,,,,3.87,3.35,2.05,,,,3.7,3.5,1.95,3.9,3.8,2.06,3.67,3.52,1.98,17,0,2024,3,17,21,7,1,Draw,2023-2024
B1,2024-03-29,Gent,Standard,5,1,H,15.0,11.0,8.0,4.0,12.0,5.0,4.0,2.0,2.0,1.0,0.0,0.0,1.62,4.0,5.0,1.65,4.0,5.0,,,,1.65,4.15,5.06,1.65,3.9,4.8,1.62,4.0,5.0,1.68,4.2,5.06,1.65,4.03,4.85,19,1,2024,3,29,8,18,6,Home Win,2023-2024
B1,2024-03-30,Oud-Heverlee Leuven,Mechelen,2,3,A,18.0,11.0,5.0,8.0,8.0,16.0,7.0,7.0,1.0,5.0,0.0,1.0,2.75,3.2,2.63,2.65,3.5,2.55,,,,2.81,3.34,2.61,2.62,3.5,2.45,2.6,3.4,2.45,2.81,3.55,2.63,2.71,3.37,2.54,17,2,2024,3,30,13,10,7,Away Win,2023-2024
B1,2024-03-30,Anderlecht,Antwerp,1,0,H,20.0,8.0,8.0,2.0,8.0,7.0,4.0,3.0,2.0,4.0,0.0,1.0,2.3,3.4,3.0,2.3,3.5,2.95,,,,2.35,3.42,3.11,2.25,3.6,2.88,2.25,3.4,2.88,2.38,3.62,3.11,2.31,3.44,2.96,19,1,2024,3,30,0,1,7,Home Win,2023-2024
B1,2024-03-31,St Truiden,Westerlo,2,0,H,14.0,13.0,6.0,5.0,11.0,10.0,7.0,3.0,0.0,1.0,0.0,0.0,2.2,3.5,3.2,2.25,3.5,3.0,,,,2.2,3.5,3.23,2.2,3.5,3.0,2.15,3.4,3.0,2.26,3.55,3.23,2.21,3.45,3.12,17,1,2024,3,31,16,21,1,Home Win,2023-2024
B1,2024-04-01,Cercle Brugge,Club Brugge,1,1,D,10.0,28.0,4.0,7.0,11.0,7.0,0.0,8.0,0.0,1.0,0.0,0.0,3.6,3.6,2.0,3.6,3.7,1.98,,,,3.59,3.64,2.01,3.4,3.7,2.0,3.4,3.5,1.95,3.62,3.75,2.05,3.54,3.63,1.98,12,0,2024,4,1,3,5,2,Draw,2023-2024
B1,2024-04-01,Genk,St. Gilloise,1,0,H,7.0,12.0,3.0,4.0,11.0,18.0,2.0,9.0,1.0,1.0,0.0,1.0,2.75,3.4,2.5,2.75,3.6,2.4,,,,2.81,3.56,2.42,2.8,3.6,2.3,2.7,3.4,2.38,2.85,3.66,2.5,2.76,3.52,2.4,17,1,2024,4,1,7,17,2,Home Win,2023-2024
B1,2024-04-05,Mechelen,St Truiden,2,3,A,17.0,16.0,6.0,7.0,9.0,13.0,5.0,4.0,2.0,2.0,0.0,0.0,2.05,3.5,3.4,2.1,3.5,3.4,,,,2.12,3.43,3.63,2.0,3.5,3.5,2.05,3.5,3.4,2.19,3.57,3.69,2.08,3.45,3.47,19,2,2024,4,5,10,16,6,Away Win,2023-2024
B1,2024-04-06,Charleroi,RWD Molenbeek,0,0,D,14.0,10.0,3.0,3.0,14.0,12.0,11.0,6.0,1.0,4.0,0.0,0.0,1.67,3.75,5.0,1.68,3.9,4.8,,,,1.72,3.82,4.99,1.65,3.9,4.75,1.65,3.7,4.75,1.74,4.0,5.0,1.69,3.84,4.79,15,0,2024,4,6,4,14,7,Draw,2023-2024
B1,2024-04-06,Standard,Oud-Heverlee Leuven,0,0,D,13.0,8.0,6.0,2.0,12.0,13.0,6.0,2.0,2.0,2.0,0.0,0.0,1.67,3.6,5.0,1.73,3.9,4.5,,,,1.7,4.03,4.86,1.8,3.75,4.0,1.65,3.75,4.6,1.78,4.1,5.0,1.7,3.87,4.7,17,0,2024,4,6,18,13,7,Draw,2023-2024
B1,2024-04-06,Antwerp,Genk,0,1,A,11.0,18.0,2.0,6.0,14.0,12.0,6.0,5.0,3.0,1.0,0.0,0.0,2.25,3.4,3.1,2.25,3.5,2.95,,,,2.28,3.5,3.18,2.15,3.5,3.1,2.2,3.4,2.9,2.28,3.63,3.18,2.24,3.46,3.06,19,2,2024,4,6,1,7,7,Away Win,2023-2024
B1,2024-04-07,St. Gilloise,Cercle Brugge,2,3,A,14.0,8.0,9.0,4.0,10.0,20.0,4.0,3.0,2.0,5.0,0.0,0.0,1.73,3.8,4.75,1.75,3.75,4.5,,,,1.73,3.99,4.7,1.75,3.8,4.2,1.67,3.75,4.4,1.8,4.0,4.75,1.73,3.84,4.51,12,2,2024,4,7,17,3,1,Away Win,2023-2024
B1,2024-04-07,Eupen,Kortrijk,1,1,D,7.0,12.0,2.0,4.0,9.0,10.0,2.0,4.0,1.0,2.0,0.0,0.0,2.3,3.2,3.1,2.3,3.5,2.95,,,,2.41,3.28,3.04,2.25,3.5,3.0,2.3,3.3,2.88,2.44,3.52,3.1,2.34,3.34,2.97,15,0,2024,4,7,6,9,1,Draw,2023-2024
B1,2024-04-07,Club Brugge,Anderlecht,3,1,H,20.0,13.0,8.0,7.0,8.0,12.0,3.0,2.0,1.0,5.0,0.0,0.0,1.91,3.6,4.0,1.9,3.6,3.9,,,,1.88,3.74,3.92,1.85,3.7,3.8,1.87,3.5,3.7,1.98,3.82,4.1,1.9,3.66,3.85,17,1,2024,4,7,5,0,1,Home Win,2023-2024
B1,2024-04-07,Westerlo,Gent,0,3,A,3.0,21.0,3.0,7.0,16.0,13.0,1.0,8.0,5.0,2.0,2.0,0.0,4.0,3.75,1.85,,,,,,,3.77,3.83,1.9,3.75,3.75,1.85,3.75,3.6,1.83,4.0,3.84,1.95,3.77,3.73,1.89,18,2,2024,4,7,21,8,1,Away Win,2023-2024
B1,2024-04-12,St Truiden,Standard,3,3,D,16.0,17.0,8.0,10.0,10.0,11.0,4.0,3.0,4.0,4.0,0.0,0.0,2.15,3.4,3.3,2.2,3.5,3.1,,,,2.19,3.57,3.3,2.1,3.5,3.25,2.15,3.4,3.25,2.25,3.57,3.37,2.17,3.46,3.21,19,0,2024,4,12,16,18,6,Draw,2023-2024
B1,2024-04-13,RWD Molenbeek,Eupen,3,1,H,11.0,8.0,5.0,3.0,16.0,13.0,7.0,4.0,1.0,3.0,0.0,0.0,2.38,3.3,3.0,2.3,3.5,2.95,,,,2.41,3.31,3.11,2.25,3.6,2.9,2.3,3.3,2.88,2.41,3.5,3.12,2.34,3.35,2.99,15,1,2024,4,13,14,6,7,Home Win,2023-2024
B1,2024-04-13,Mechelen,Westerlo,3,2,H,23.0,14.0,6.0,7.0,13.0,7.0,13.0,6.0,1.0,4.0,0.0,1.0,1.73,3.6,4.75,1.77,3.75,4.4,,,,1.73,3.92,4.78,1.75,3.8,4.2,1.7,3.7,4.4,1.78,3.97,4.78,1.74,3.78,4.49,17,1,2024,4,13,10,21,7,Home Win,2023-2024
B1,2024-04-13,Genk,Cercle Brugge,1,1,D,13.0,10.0,5.0,2.0,7.0,16.0,6.0,5.0,0.0,4.0,0.0,1.0,1.85,3.6,4.0,1.9,3.9,3.7,,,,1.89,3.94,3.87,1.85,3.8,3.7,1.83,3.7,3.6,1.94,3.96,4.0,1.88,3.8,3.76,19,0,2024,4,13,7,3,7,Draw,2023-2024
B1,2024-04-14,Club Brugge,Antwerp,3,0,H,13.0,8.0,6.0,3.0,10.0,14.0,5.0,3.0,2.0,2.0,0.0,0.0,1.8,3.75,4.2,1.77,3.9,4.2,,,,1.78,3.93,4.47,1.75,3.8,4.2,1.73,3.7,4.1,1.8,3.96,4.5,1.77,3.81,4.25,12,1,2024,4,14,5,1,1,Home Win,2023-2024
B1,2024-04-14,Kortrijk,Charleroi,1,2,A,9.0,12.0,2.0,5.0,11.0,12.0,4.0,3.0,0.0,1.0,0.0,0.0,2.9,3.2,2.5,2.85,3.4,2.4,,,,2.88,3.24,2.54,2.8,3.4,2.38,2.75,3.25,2.4,2.94,3.45,2.56,2.85,3.3,2.45,15,2,2024,4,14,9,4,1,Away Win,2023-2024
B1,2024-04-14,Anderlecht,St. Gilloise,2,1,H,7.0,15.0,5.0,5.0,10.0,16.0,6.0,6.0,4.0,3.0,1.0,0.0,2.75,3.3,2.5,2.7,3.5,2.45,,,,2.75,3.28,2.62,2.7,3.5,2.4,2.6,3.4,2.45,2.8,3.55,2.64,2.69,3.37,2.54,17,1,2024,4,14,0,17,1,Home Win,2023-2024
B1,2024-04-14,Oud-Heverlee Leuven,Gent,2,1,H,12.0,16.0,3.0,6.0,8.0,6.0,0.0,6.0,2.0,2.0,0.0,0.0,4.0,3.75,1.85,3.75,4.0,1.85,,,,4.1,3.93,1.8,3.7,3.9,1.83,3.8,3.8,1.75,4.15,4.0,1.85,3.91,3.88,1.82,18,1,2024,4,14,13,8,1,Home Win,2023-2024
B1,2024-04-20,Oud-Heverlee Leuven,St Truiden,1,0,H,20.0,3.0,11.0,0.0,11.0,11.0,6.0,3.0,1.0,2.0,0.0,0.0,2.63,3.3,2.63,2.55,3.5,2.65,,,,2.67,3.53,2.63,,,,2.55,3.4,2.5,2.67,3.59,2.67,2.59,3.42,2.59,15,1,2024,4,20,13,16,7,Home Win,2023-2024
B1,2024-04-20,Westerlo,Standard,3,3,D,19.0,17.0,6.0,8.0,8.0,12.0,6.0,7.0,1.0,1.0,0.0,0.0,2.6,3.4,2.6,2.6,3.6,2.5,,,,2.66,3.57,2.61,,,,2.55,3.4,2.5,2.68,3.65,2.62,2.59,3.49,2.56,17,0,2024,4,20,21,18,7,Draw,2023-2024
B1,2024-04-20,Gent,Mechelen,3,1,H,15.0,7.0,5.0,3.0,8.0,4.0,6.0,5.0,1.0,1.0,0.0,0.0,1.55,4.0,6.0,1.58,4.2,5.25,,,,1.58,4.18,5.79,,,,1.53,4.0,5.25,1.58,4.3,6.0,1.56,4.13,5.56,19,1,2024,4,20,8,10,7,Home Win,2023-2024
B1,2024-04-20,Genk,Anderlecht,2,1,H,22.0,9.0,10.0,2.0,10.0,10.0,4.0,3.0,1.0,1.0,0.0,0.0,2.15,3.6,3.2,2.1,3.6,3.2,,,,2.18,3.52,3.37,,,,2.05,3.5,3.13,2.21,3.69,3.37,2.13,3.53,3.23,19,1,2024,4,20,7,0,7,Home Win,2023-2024
B1,2024-04-21,Cercle Brugge,Antwerp,0,1,A,16.0,12.0,4.0,8.0,12.0,5.0,7.0,2.0,4.0,1.0,0.0,0.0,2.63,3.3,2.63,2.55,3.5,2.6,,,,2.66,3.42,2.71,,,,2.5,3.4,2.55,2.67,3.55,2.71,2.59,3.39,2.61,12,2,2024,4,21,3,1,1,Away Win,2023-2024
B1,2024-04-21,Kortrijk,RWD Molenbeek,2,4,A,16.0,14.0,8.0,8.0,11.0,10.0,11.0,4.0,2.0,4.0,0.0,0.0,2.1,3.4,3.4,2.1,3.5,3.3,,,,2.08,3.36,3.67,,,,2.05,3.3,3.4,2.16,3.58,3.73,2.07,3.41,3.46,15,2,2024,4,21,9,14,1,Away Win,2023-2024
B1,2024-04-21,St. Gilloise,Club Brugge,1,2,A,18.0,9.0,6.0,2.0,14.0,11.0,10.0,8.0,3.0,3.0,0.0,1.0,2.3,3.4,3.0,2.3,3.5,2.9,,,,2.31,3.39,3.1,,,,2.2,3.4,2.9,2.34,3.56,3.13,2.28,3.41,2.98,17,2,2024,4,21,17,5,1,Away Win,2023-2024
B1,2024-04-21,Charleroi,Eupen,1,0,H,19.0,9.0,7.0,3.0,12.0,8.0,7.0,4.0,1.0,1.0,0.0,0.0,1.67,3.75,5.0,1.7,3.8,4.8,,,,1.67,3.9,5.0,,,,1.65,3.7,4.75,1.71,3.95,5.1,1.67,3.8,4.82,18,1,2024,4,21,4,6,1,Home Win,2023-2024
B1,2024-04-23,St Truiden,Gent,0,2,A,17.0,15.0,5.0,5.0,12.0,8.0,5.0,4.0,2.0,1.0,0.0,0.0,3.75,3.75,1.91,3.7,3.9,1.88,,,,3.86,3.81,1.93,3.75,3.75,1.85,3.6,3.9,1.87,3.88,4.0,1.94,3.69,3.83,1.89,19,2,2024,4,23,16,8,3,Away Win,2023-2024
B1,2024-04-23,Standard,Mechelen,0,0,D,21.0,6.0,6.0,1.0,9.0,6.0,8.0,4.0,0.0,2.0,0.0,0.0,2.4,3.5,2.75,2.45,3.5,2.75,,,,2.48,3.44,2.89,2.4,3.4,2.75,2.4,3.5,2.7,2.5,3.59,2.92,2.43,3.42,2.79,19,0,2024,4,23,18,10,3,Draw,2023-2024
B1,2024-04-23,Westerlo,Oud-Heverlee Leuven,1,1,D,15.0,20.0,3.0,7.0,7.0,14.0,9.0,4.0,2.0,3.0,0.0,0.0,2.45,3.6,2.7,2.37,3.7,2.7,,,,2.53,3.55,2.77,2.38,3.7,2.62,2.4,3.6,2.7,2.54,3.7,2.77,2.45,3.54,2.71,19,0,2024,4,23,21,13,3,Draw,2023-2024
B1,2024-04-24,Anderlecht,Cercle Brugge,3,0,H,12.0,7.0,5.0,4.0,6.0,12.0,4.0,2.0,1.0,4.0,0.0,0.0,1.91,3.6,3.8,1.98,3.6,3.6,,,,1.93,3.67,3.98,1.95,3.7,3.5,1.87,3.6,3.6,1.98,3.81,3.98,1.93,3.61,3.73,19,1,2024,4,24,0,3,4,Home Win,2023-2024
B1,2024-04-24,Club Brugge,Genk,4,0,H,15.0,12.0,7.0,4.0,12.0,16.0,0.0,4.0,0.0,1.0,0.0,0.0,1.75,3.8,4.33,1.82,3.9,4.0,,,,1.79,3.9,4.41,1.8,3.9,4.0,1.75,3.75,4.0,1.83,4.01,4.41,1.79,3.85,4.12,19,1,2024,4,24,5,7,4,Home Win,2023-2024
B1,2024-04-25,Antwerp,St. Gilloise,0,3,A,6.0,13.0,1.0,7.0,9.0,19.0,5.0,5.0,3.0,4.0,0.0,0.0,2.8,3.5,2.38,2.8,3.5,2.4,,,,3.02,3.3,2.41,2.88,3.5,2.3,2.88,3.3,2.3,3.04,3.5,2.44,2.87,3.35,2.38,19,2,2024,4,25,1,17,5,Away Win,2023-2024
B1,2024-04-26,Eupen,Charleroi,1,2,A,12.0,12.0,2.0,4.0,13.0,15.0,4.0,5.0,2.0,1.0,0.0,0.0,3.4,3.2,2.2,3.3,3.2,2.25,,,,3.5,3.21,2.26,2.7,3.4,2.3,3.3,3.2,2.2,3.53,3.4,2.29,3.35,3.19,2.23,19,2,2024,4,26,6,4,6,Away Win,2023-2024
B1,2024-04-27,Mechelen,Oud-Heverlee Leuven,3,0,H,17.0,17.0,7.0,4.0,10.0,12.0,4.0,3.0,1.0,1.0,0.0,0.0,1.95,3.75,3.6,2.0,3.6,3.5,,,,1.98,3.83,3.64,,,,1.93,3.6,3.4,2.02,3.83,3.67,1.96,3.67,3.53,15,1,2024,4,27,10,13,7,Home Win,2023-2024
B1,2024-04-27,Standard,St Truiden,1,1,D,19.0,11.0,6.0,6.0,6.0,10.0,5.0,4.0,0.0,2.0,0.0,0.0,2.25,3.4,3.1,,,,,,,2.25,3.49,3.25,,,,2.15,3.3,3.1,2.25,3.55,3.25,2.2,3.41,3.15,17,0,2024,4,27,18,16,7,Draw,2023-2024
B1,2024-04-27,Gent,Westerlo,3,2,H,15.0,23.0,6.0,7.0,9.0,12.0,3.0,10.0,2.0,3.0,0.0,0.0,1.36,5.25,7.0,1.37,5.25,7.25,,,,1.35,5.72,7.81,,,,1.33,5.0,7.5,1.4,5.8,8.0,1.34,5.36,7.38,19,1,2024,4,27,8,21,7,Home Win,2023-2024
B1,2024-04-28,Genk,Club Brugge,0,3,A,14.0,11.0,3.0,4.0,8.0,10.0,6.0,3.0,1.0,2.0,0.0,0.0,2.9,3.6,2.25,2.87,3.7,2.25,,,,2.95,3.53,2.34,,,,2.88,3.5,2.2,3.01,3.75,2.37,2.89,3.54,2.27,12,2,2024,4,28,7,5,1,Away Win,2023-2024
B1,2024-04-28,Cercle Brugge,Anderlecht,1,1,D,18.0,9.0,4.0,5.0,9.0,9.0,4.0,3.0,1.0,1.0,0.0,0.0,2.8,3.5,2.38,,,,,,,2.91,3.47,2.4,,,,2.75,3.4,2.3,2.92,3.64,2.45,2.8,3.43,2.37,15,0,2024,4,28,3,0,1,Draw,2023-2024
B1,2024-04-28,St. Gilloise,Antwerp,4,1,H,14.0,3.0,10.0,2.0,14.0,9.0,3.0,2.0,2.0,4.0,0.0,0.0,1.67,4.0,4.75,1.71,4.0,4.5,,,,1.68,4.01,4.77,,,,1.65,3.8,4.5,1.73,4.1,4.9,1.68,3.91,4.65,17,1,2024,4,28,17,1,1,Home Win,2023-2024
B1,2024-04-28,RWD Molenbeek,Kortrijk,0,1,A,15.0,10.0,4.0,3.0,13.0,10.0,6.0,5.0,2.0,2.0,0.0,0.0,2.38,3.4,2.9,2.35,3.4,2.9,,,,2.4,3.4,2.95,,,,2.3,3.3,2.88,2.43,3.51,2.99,2.35,3.38,2.88,18,2,2024,4,28,14,9,1,Away Win,2023-2024
B1,2024-05-03,Westerlo,St Truiden,2,2,D,19.0,8.0,6.0,4.0,4.0,11.0,6.0,4.0,2.0,2.0,0.0,0.0,2.38,3.75,2.63,2.37,3.75,2.7,,,,2.39,3.8,2.79,2.62,3.5,2.5,2.38,3.75,2.63,2.42,3.83,2.85,2.36,3.71,2.7,19,0,2024,5,3,21,16,6,Draw,2023-2024
B1,2024-05-04,RWD Molenbeek,Charleroi,1,3,A,14.0,12.0,6.0,5.0,8.0,9.0,4.0,5.0,0.0,1.0,0.0,0.0,2.5,3.4,2.7,2.55,3.4,2.65,,,,2.59,3.42,2.78,2.7,3.4,2.5,2.45,3.3,2.7,2.59,3.5,2.8,2.5,3.37,2.71,15,2,2024,5,4,14,4,7,Away Win,2023-2024
B1,2024-05-04,Mechelen,Gent,2,4,A,15.0,13.0,8.0,5.0,11.0,10.0,6.0,2.0,2.0,0.0,0.0,0.0,3.3,3.6,2.05,3.25,3.8,2.05,,,,3.38,3.84,2.07,3.3,3.6,2.05,3.13,3.7,2.0,3.41,3.86,2.07,3.26,3.72,2.04,17,2,2024,5,4,10,8,7,Away Win,2023-2024
B1,2024-05-04,Cercle Brugge,Genk,4,1,H,16.0,13.0,6.0,6.0,16.0,16.0,4.0,1.0,1.0,3.0,0.0,0.0,2.5,3.6,2.6,2.5,3.7,2.55,,,,2.55,3.51,2.76,2.5,3.7,2.5,2.45,3.5,2.55,2.57,3.73,2.77,2.5,3.51,2.64,19,1,2024,5,4,3,7,7,Home Win,2023-2024
B1,2024-05-05,Antwerp,Club Brugge,1,2,A,10.0,10.0,5.0,4.0,10.0,11.0,2.0,3.0,3.0,1.0,0.0,0.0,3.8,3.6,1.91,3.7,3.6,1.95,,,,3.81,3.64,1.94,3.1,3.5,2.15,3.6,3.5,1.9,4.1,3.77,1.99,3.72,3.61,1.91,12,2,2024,5,5,1,5,1,Away Win,2023-2024
B1,2024-05-05,Oud-Heverlee Leuven,Standard,3,1,H,16.0,8.0,7.0,1.0,10.0,14.0,4.0,1.0,1.0,1.0,0.0,0.0,2.3,3.5,2.88,2.4,3.5,2.75,,,,2.45,3.39,2.89,2.38,3.6,2.7,2.3,3.4,2.75,2.48,3.65,2.94,2.36,3.44,2.82,15,1,2024,5,5,13,18,1,Home Win,2023-2024
B1,2024-05-05,St. Gilloise,Anderlecht,0,0,D,19.0,12.0,8.0,9.0,12.0,8.0,8.0,3.0,4.0,1.0,0.0,0.0,1.7,3.8,4.5,1.78,3.8,4.2,,,,1.7,3.96,4.66,1.75,3.8,4.2,1.67,3.75,4.5,1.78,4.1,4.75,1.71,3.84,4.47,17,0,2024,5,5,17,0,1,Draw,2023-2024
B1,2024-05-05,Kortrijk,Eupen,1,0,H,18.0,10.0,4.0,2.0,15.0,12.0,7.0,3.0,4.0,3.0,0.0,1.0,2.05,3.4,3.6,2.1,3.5,3.4,,,,2.02,3.54,3.64,2.15,3.5,3.1,2.0,3.4,3.4,2.1,3.65,3.69,2.02,3.5,3.47,18,1,2024,5,5,9,6,1,Home Win,2023-2024
B1,2024-05-11,Charleroi,Kortrijk,3,1,H,12.0,9.0,8.0,4.0,11.0,8.0,5.0,5.0,0.0,1.0,0.0,0.0,2.25,3.4,3.1,2.2,3.5,3.2,,,,2.29,3.72,3.0,2.0,3.6,3.5,2.2,3.3,3.0,2.29,3.77,3.2,2.23,3.53,3.01,17,1,2024,5,11,4,9,7,Home Win,2023-2024
B1,2024-05-11,Eupen,RWD Molenbeek,2,0,H,12.0,18.0,4.0,7.0,11.0,13.0,2.0,7.0,0.0,1.0,0.0,0.0,3.3,3.8,1.95,3.4,3.7,2.05,,,,3.62,3.71,2.02,3.1,3.6,2.15,3.3,3.5,2.0,3.67,3.8,2.05,3.46,3.68,1.98,17,1,2024,5,11,6,14,7,Home Win,2023-2024
B1,2024-05-11,Anderlecht,Genk,2,1,H,17.0,19.0,4.0,3.0,5.0,14.0,4.0,3.0,1.0,2.0,0.0,0.0,1.95,3.5,3.6,2.0,3.6,3.5,,,,2.06,3.6,3.61,2.05,3.6,3.3,2.0,3.5,3.3,2.09,3.71,3.61,2.02,3.56,3.45,19,1,2024,5,11,0,7,7,Home Win,2023-2024
B1,2024-05-12,Gent,Oud-Heverlee Leuven,0,1,A,12.0,8.0,2.0,4.0,10.0,12.0,10.0,1.0,2.0,3.0,0.0,0.0,1.4,5.0,6.5,1.41,5.25,6.5,,,,1.4,5.38,6.88,1.36,5.5,7.0,1.36,5.0,6.5,1.41,5.4,7.0,1.39,5.13,6.61,12,2,2024,5,12,8,13,1,Away Win,2023-2024
B1,2024-05-12,St Truiden,Mechelen,2,1,H,11.0,7.0,5.0,3.0,9.0,12.0,2.0,1.0,1.0,0.0,0.0,0.0,2.3,3.5,2.88,2.4,3.7,2.7,,,,2.34,3.69,2.84,2.38,3.7,2.62,2.25,3.6,2.7,2.4,3.77,2.89,2.32,3.62,2.78,15,1,2024,5,12,16,10,1,Home Win,2023-2024
B1,2024-05-12,Antwerp,Cercle Brugge,1,2,A,16.0,13.0,4.0,5.0,9.0,13.0,6.0,2.0,1.0,2.0,0.0,0.0,2.25,3.5,3.0,2.25,3.6,3.0,,,,2.27,3.58,3.02,2.2,3.6,3.0,2.2,3.5,2.88,2.3,3.67,3.08,2.24,3.52,2.97,17,2,2024,5,12,1,3,1,Away Win,2023-2024
B1,2024-05-13,Club Brugge,St. Gilloise,2,2,D,24.0,17.0,4.0,6.0,7.0,14.0,8.0,3.0,1.0,2.0,0.0,0.0,2.1,3.5,3.3,2.15,3.5,3.25,,,,2.11,3.59,3.36,2.1,3.5,3.2,2.05,3.4,3.2,2.15,3.67,3.39,2.11,3.49,3.24,19,0,2024,5,13,5,17,2,Draw,2023-2024
B1,2024-05-17,St Truiden,Oud-Heverlee Leuven,1,1,D,9.0,9.0,3.0,3.0,10.0,12.0,2.0,1.0,2.0,0.0,0.0,0.0,2.1,3.6,3.1,2.15,3.7,3.1,,,,2.17,3.77,3.19,2.05,3.7,3.2,2.1,3.75,3.1,2.2,3.83,3.26,2.13,3.68,3.09,19,0,2024,5,17,16,13,6,Draw,2023-2024
B1,2024-05-18,Westerlo,Mechelen,0,2,A,10.0,17.0,2.0,7.0,8.0,10.0,10.0,5.0,0.0,1.0,0.0,0.0,2.6,3.6,2.45,2.6,3.75,2.45,,,,2.65,3.83,2.5,2.6,3.7,2.45,2.5,3.7,2.38,2.66,3.87,2.5,2.59,3.7,2.45,17,2,2024,5,18,21,10,7,Away Win,2023-2024
B1,2024-05-18,Standard,Gent,1,4,A,9.0,18.0,2.0,6.0,11.0,6.0,5.0,11.0,1.0,0.0,0.0,0.0,3.5,4.0,1.85,3.5,3.9,1.93,,,,3.78,4.1,1.88,3.5,3.9,1.91,3.6,3.8,1.83,3.9,4.11,1.95,3.64,3.96,1.86,19,2,2024,5,18,18,8,7,Away Win,2023-2024
B1,2024-05-19,Cercle Brugge,St. Gilloise,1,2,A,9.0,14.0,3.0,5.0,17.0,18.0,5.0,5.0,3.0,3.0,0.0,0.0,3.3,3.5,2.05,3.25,3.7,2.1,,,,3.49,3.7,2.07,3.25,3.6,2.05,3.25,3.5,2.0,3.49,3.77,2.16,3.3,3.6,2.07,12,2,2024,5,19,3,17,1,Away Win,2023-2024
B1,2024-05-19,Anderlecht,Club Brugge,0,1,A,13.0,14.0,4.0,2.0,10.0,10.0,4.0,4.0,1.0,3.0,0.0,0.0,2.88,3.5,2.3,3.0,3.5,2.25,,,,2.91,3.48,2.38,3.0,3.5,2.2,2.9,3.4,2.2,3.1,3.61,2.38,2.93,3.49,2.28,17,2,2024,5,19,0,5,1,Away Win,2023-2024
B1,2024-05-20,Genk,Antwerp,1,0,H,9.0,16.0,3.0,6.0,10.0,13.0,2.0,8.0,3.0,1.0,0.0,0.0,1.8,3.9,3.9,1.85,3.9,3.9,,,,1.83,3.79,4.1,1.91,3.7,3.6,1.8,3.7,3.8,1.89,3.91,4.2,1.83,3.79,3.91,17,1,2024,5,20,7,1,2,Home Win,2023-2024
B1,2024-05-25,Gent,St Truiden,2,0,H,7.0,15.0,4.0,2.0,9.0,12.0,4.0,4.0,0.0,0.0,0.0,0.0,1.5,4.5,5.25,1.52,4.8,5.25,,,,1.52,4.74,5.3,1.5,4.6,5.5,1.5,4.4,5.25,1.55,4.9,5.8,1.51,4.63,5.26,19,1,2024,5,25,8,16,7,Home Win,2023-2024
B1,2024-05-25,Mechelen,Standard,3,2,H,20.0,7.0,9.0,4.0,8.0,6.0,9.0,4.0,2.0,0.0,0.0,0.0,1.85,3.7,3.8,1.88,3.9,3.75,,,,1.88,3.89,3.79,1.85,3.9,3.6,1.83,3.75,3.6,1.92,3.98,3.87,1.86,3.81,3.71,19,1,2024,5,25,10,18,7,Home Win,2023-2024
B1,2024-05-25,Oud-Heverlee Leuven,Westerlo,1,2,A,10.0,21.0,3.0,7.0,11.0,11.0,1.0,6.0,4.0,5.0,2.0,0.0,2.05,3.7,3.2,2.05,3.8,3.2,,,,2.07,3.74,3.32,2.05,3.8,3.1,2.0,3.75,3.1,2.14,3.97,3.4,2.04,3.74,3.22,19,2,2024,5,25,13,21,7,Away Win,2023-2024
B1,2024-05-26,Antwerp,Anderlecht,3,1,H,21.0,15.0,5.0,5.0,8.0,9.0,4.0,2.0,3.0,0.0,0.0,0.0,3.75,3.5,1.75,4.0,3.8,1.83,,,,3.94,4.0,1.82,4.0,4.0,1.75,3.9,3.6,1.8,4.08,4.1,1.88,3.88,3.81,1.82,17,1,2024,5,26,1,0,1,Home Win,2023-2024
B1,2024-05-26,Club Brugge,Cercle Brugge,0,0,D,10.0,7.0,3.0,1.0,9.0,11.0,5.0,2.0,1.0,0.0,0.0,0.0,1.5,4.33,5.0,1.53,4.5,5.5,,,,1.51,4.56,5.74,1.5,4.5,5.5,1.5,4.33,5.25,1.53,4.75,5.9,1.51,4.48,5.5,17,0,2024,5,26,5,3,1,Draw,2023-2024
B1,2024-05-26,St. Gilloise,Genk,2,0,H,21.0,9.0,8.0,2.0,18.0,10.0,10.0,4.0,3.0,1.0,0.0,1.0,1.65,3.8,4.5,1.73,4.0,4.4,,,,1.67,4.15,4.66,1.67,4.0,4.4,1.65,3.9,4.4,1.73,4.3,4.75,1.68,4.0,4.5,17,1,2024,5,26,17,7,1,Home Win,2023-2024
B1,2024-06-02,Genk,Gent,0,1,A,10.0,13.0,4.0,5.0,20.0,12.0,4.0,2.0,5.0,2.0,0.0,0.0,2.25,3.5,2.75,2.35,3.7,2.8,,,,2.37,3.54,2.89,2.3,3.7,2.75,2.25,3.6,2.7,2.4,3.77,2.95,2.32,3.54,2.81,12,2,2024,6,2,7,8,1,Away Win,2023-2024
