Div,Date,HomeTeam,AwayTeam,FTHG,FTAG,FTR,HS,AS,HST,AST,HF,AF,HC,AC,HY,AY,HR,AR,B365H,B365D,B365A,Hour,FTR_numeric,Year,Month,Day,HomeTeam_enc,AwayTeam_enc,DayOfWeek_Num,FTR_category,Result,Season,Team_Home,Overall Rating_Home,Attack_Home,Midfield_Home,Defence_Home,Num of Players_Home,Build-up Style_Home,Team_Away,Overall Rating_Away,Attack_Away,Midfield_Away,Defence_Away,Num of Players_Away,Build-up Style_Away,HomeTeam_Advantage,HomeTeam_Form,AwayTeam_Form
B1,2019-07-26,Genk,Kortrijk,2,1,H,10.0,8.0,2.0,4.0,7.0,22.0,6.0,2.0,0.0,1.0,0.0,0.0,1.36,4.75,8.5,19,1,2019,7,26,7,9,6,Home Win,Home Win,2019-2020,Genk,72.0,72.0,72.0,70.0,25.0,Balanced,,69.64389067524115,70.3330689928628,69.83108643933386,68.45757335448057,26.94528152260111,Balanced,,,
B1,2019-07-27,Cercle Brugge,Standard,0,2,A,13.0,14.0,5.0,9.0,16.0,15.0,3.0,7.0,2.0,2.0,1.0,0.0,3.75,3.75,1.85,17,2,2019,7,27,3,18,7,Away Win,Away Win,2019-2020,Cercle Brugge,66.0,67.0,66.0,65.0,25.0,Balanced,,69.64389067524115,70.3330689928628,69.83108643933386,68.45757335448057,26.94528152260111,Balanced,,,
B1,2019-07-27,St Truiden,Mouscron,0,1,A,10.0,10.0,4.0,6.0,10.0,21.0,5.0,5.0,2.0,4.0,0.0,0.0,1.9,3.75,3.75,19,2,2019,7,27,16,11,7,Away Win,Away Win,2019-2020,St Truiden,67.0,67.0,67.0,66.0,26.0,Fast Build-Up,Mouscron,64.0,65.0,64.0,63.0,25.0,Long Ball,,,
B1,2019-07-27,Waregem,Mechelen,0,2,A,7.0,10.0,2.0,5.0,14.0,21.0,4.0,2.0,3.0,1.0,0.0,0.0,2.15,3.6,3.1,19,2,2019,7,27,20,10,7,Away Win,Away Win,2019-2020,Waregem,68.0,69.0,68.0,67.0,28.0,Balanced,Mechelen,69.0,70.0,69.0,68.0,26.0,Balanced,,,
B1,2019-07-27,Waasland-Beveren,Club Brugge,1,3,A,7.0,25.0,2.0,22.0,18.0,12.0,1.0,14.0,3.0,1.0,0.0,0.0,6.5,4.0,1.5,19,2,2019,7,27,19,5,7,Away Win,Away Win,2019-2020,Waasland-Beveren,65.0,66.0,65.0,64.0,24.0,Long Ball,Club Brugge,75.0,74.0,76.0,72.0,28.0,Balanced,,,
B1,2019-07-28,Anderlecht,Oostende,1,2,A,15.0,8.0,6.0,6.0,12.0,17.0,5.0,2.0,1.0,3.0,0.0,0.0,1.36,4.5,9.0,13,2,2019,7,28,0,12,1,Away Win,Away Win,2019-2020,Anderlecht,72.0,72.0,72.0,71.0,29.0,Balanced,Oostende,67.0,68.0,67.0,66.0,27.0,Long Ball,,,
B1,2019-07-28,Charleroi,Gent,1,1,D,7.0,5.0,4.0,4.0,20.0,21.0,5.0,6.0,0.0,2.0,0.0,0.0,3.1,3.25,2.3,17,0,2019,7,28,4,8,1,Draw,Draw,2019-2020,Charleroi,70.0,71.0,70.0,69.0,27.0,Fast Build-Up,Gent,74.0,75.0,74.0,71.0,27.0,Balanced,,,
B1,2019-07-28,Eupen,Antwerp,1,4,A,12.0,14.0,3.0,8.0,18.0,10.0,3.0,10.0,1.0,2.0,0.0,0.0,3.8,3.3,1.95,19,2,2019,7,28,6,1,1,Away Win,Away Win,2019-2020,Eupen,65.0,65.0,65.0,64.0,26.0,Balanced,Antwerp,71.0,72.0,71.0,70.0,28.0,Long Ball,,,
B1,2019-08-02,Club Brugge,St Truiden,6,0,H,16.0,4.0,10.0,2.0,19.0,12.0,6.0,2.0,1.0,3.0,1.0,0.0,1.25,5.5,12.0,19,1,2019,8,2,5,16,6,Home Win,Home Win,2019-2020,Club Brugge,75.0,74.0,76.0,72.0,28.0,Balanced,St Truiden,67.0,67.0,67.0,66.0,26.0,Fast Build-Up,,100.0,0.0
B1,2019-08-03,Standard,Waregem,4,0,H,16.0,3.0,7.0,1.0,19.0,18.0,4.0,2.0,0.0,2.0,0.0,1.0,1.53,4.33,5.5,17,1,2019,8,3,18,20,7,Home Win,Home Win,2019-2020,,69.65567176186646,70.34285714285714,69.84285714285714,68.46746031746032,26.95,Balanced,Waregem,68.0,69.0,68.0,67.0,28.0,Balanced,,100.0,0.0
B1,2019-08-03,Kortrijk,Charleroi,1,1,D,7.0,11.0,4.0,6.0,21.0,18.0,10.0,3.0,1.0,2.0,0.0,0.0,2.3,3.4,3.0,19,0,2019,8,3,9,4,7,Draw,Draw,2019-2020,,69.65567176186646,70.34285714285714,69.84285714285714,68.46746031746032,26.95,Balanced,Charleroi,70.0,71.0,70.0,69.0,27.0,Fast Build-Up,,0.0,33.33333333333333
B1,2019-08-03,Oostende,Cercle Brugge,3,1,H,11.0,9.0,7.0,4.0,9.0,18.0,3.0,2.0,0.0,2.0,0.0,1.0,2.15,3.5,3.2,19,1,2019,8,3,12,3,7,Home Win,Home Win,2019-2020,Oostende,67.0,68.0,67.0,66.0,27.0,Long Ball,Cercle Brugge,66.0,67.0,66.0,65.0,25.0,Balanced,,100.0,0.0
B1,2019-08-03,Mechelen,Genk,3,1,H,11.0,9.0,5.0,5.0,14.0,13.0,5.0,4.0,1.0,0.0,0.0,0.0,4.33,3.4,1.85,19,1,2019,8,3,10,7,7,Home Win,Home Win,2019-2020,Mechelen,69.0,70.0,69.0,68.0,26.0,Balanced,Genk,72.0,72.0,72.0,70.0,25.0,Balanced,,100.0,100.0
B1,2019-08-04,Gent,Eupen,6,1,H,18.0,8.0,11.0,5.0,13.0,13.0,6.0,2.0,0.0,2.0,0.0,0.0,1.4,4.75,7.0,13,1,2019,8,4,8,6,1,Home Win,Home Win,2019-2020,Gent,74.0,75.0,74.0,71.0,27.0,Balanced,Eupen,65.0,65.0,65.0,64.0,26.0,Balanced,,33.33333333333333,0.0
B1,2019-08-04,Mouscron,Anderlecht,0,0,D,7.0,9.0,2.0,3.0,15.0,18.0,4.0,4.0,2.0,4.0,0.0,0.0,3.4,3.5,2.05,17,0,2019,8,4,11,0,1,Draw,Draw,2019-2020,Mouscron,64.0,65.0,64.0,63.0,25.0,Long Ball,Anderlecht,72.0,72.0,72.0,71.0,29.0,Balanced,,100.0,0.0
B1,2019-08-04,Antwerp,Waasland-Beveren,4,1,H,15.0,10.0,11.0,6.0,20.0,11.0,6.0,4.0,0.0,2.0,0.0,0.0,1.33,5.0,9.0,19,1,2019,8,4,1,19,1,Home Win,Home Win,2019-2020,Antwerp,71.0,72.0,71.0,70.0,28.0,Long Ball,Waasland-Beveren,65.0,66.0,65.0,64.0,24.0,Long Ball,,100.0,0.0
B1,2019-08-09,Anderlecht,Mechelen,0,0,D,12.0,1.0,4.0,0.0,12.0,11.0,8.0,1.0,0.0,2.0,0.0,1.0,1.75,4.2,4.0,19,0,2019,8,9,0,10,6,Draw,Draw,2019-2020,Anderlecht,72.0,72.0,72.0,71.0,29.0,Balanced,Mechelen,69.0,70.0,69.0,68.0,26.0,Balanced,0.0,16.666666666666664,100.0
B1,2019-08-10,Oostende,Club Brugge,0,2,A,8.0,10.0,4.0,8.0,11.0,17.0,3.0,6.0,0.0,0.0,0.0,0.0,7.0,4.2,1.45,17,2,2019,8,10,12,5,7,Away Win,Away Win,2019-2020,Oostende,67.0,68.0,67.0,66.0,27.0,Long Ball,Club Brugge,75.0,74.0,76.0,72.0,28.0,Balanced,100.0,100.0,100.0
B1,2019-08-10,Cercle Brugge,Kortrijk,1,3,A,13.0,11.0,6.0,9.0,17.0,18.0,2.0,3.0,1.0,1.0,0.0,0.0,2.5,3.5,2.62,19,2,2019,8,10,3,9,7,Away Win,Away Win,2019-2020,Cercle Brugge,66.0,67.0,66.0,65.0,25.0,Balanced,,69.64389067524115,70.3330689928628,69.83108643933386,68.45757335448057,26.94528152260111,Balanced,0.0,0.0,16.666666666666664
B1,2019-08-10,Eupen,Waasland-Beveren,1,1,D,4.0,7.0,1.0,4.0,17.0,20.0,4.0,7.0,2.0,1.0,0.0,0.0,1.83,3.6,4.2,19,0,2019,8,10,6,19,7,Draw,Draw,2019-2020,Eupen,65.0,65.0,65.0,64.0,26.0,Balanced,Waasland-Beveren,65.0,66.0,65.0,64.0,24.0,Long Ball,0.0,0.0,0.0
B1,2019-08-10,Genk,Waregem,0,2,A,10.0,8.0,3.0,7.0,16.0,20.0,3.0,2.0,1.0,2.0,0.0,0.0,1.22,6.0,13.0,19,2,2019,8,10,7,20,7,Away Win,Away Win,2019-2020,Genk,72.0,72.0,72.0,70.0,25.0,Balanced,Waregem,68.0,69.0,68.0,67.0,28.0,Balanced,100.0,50.0,0.0
B1,2019-08-11,St Truiden,Standard,2,1,H,6.0,25.0,5.0,9.0,16.0,16.0,0.0,5.0,4.0,4.0,0.0,1.0,4.33,3.8,1.72,13,1,2019,8,11,16,18,1,Home Win,Home Win,2019-2020,St Truiden,67.0,67.0,67.0,66.0,26.0,Fast Build-Up,,69.64389067524115,70.3330689928628,69.83108643933386,68.45757335448057,26.94528152260111,Balanced,0.0,0.0,100.0
B1,2019-08-11,Charleroi,Antwerp,2,1,H,10.0,6.0,4.0,2.0,8.0,20.0,5.0,4.0,0.0,1.0,0.0,0.0,2.55,3.4,2.62,17,1,2019,8,11,4,1,1,Home Win,Home Win,2019-2020,Charleroi,70.0,71.0,70.0,69.0,27.0,Fast Build-Up,Antwerp,71.0,72.0,71.0,70.0,28.0,Long Ball,33.33333333333333,33.33333333333333,100.0
B1,2019-08-11,Mouscron,Gent,2,1,H,6.0,11.0,2.0,4.0,15.0,15.0,2.0,7.0,0.0,1.0,0.0,0.0,3.5,3.75,2.0,19,1,2019,8,11,11,8,1,Home Win,Home Win,2019-2020,Mouscron,64.0,65.0,64.0,63.0,25.0,Long Ball,Gent,74.0,75.0,74.0,71.0,27.0,Balanced,33.33333333333333,66.66666666666666,66.66666666666666
B1,2019-08-16,Club Brugge,Eupen,0,0,D,11.0,7.0,1.0,3.0,12.0,19.0,7.0,3.0,3.0,4.0,0.0,0.0,1.14,8.0,11.0,19,0,2019,8,16,5,6,6,Draw,Draw,2019-2020,Club Brugge,75.0,74.0,76.0,72.0,28.0,Balanced,Eupen,65.0,65.0,65.0,64.0,26.0,Balanced,100.0,100.0,11.11111111111111
B1,2019-08-17,Kortrijk,Anderlecht,4,2,H,8.0,9.0,5.0,5.0,15.0,21.0,1.0,3.0,1.0,1.0,0.0,0.0,3.0,3.5,2.1,17,1,2019,8,17,9,0,7,Home Win,Home Win,2019-2020,,69.65567176186646,70.34285714285714,69.84285714285714,68.46746031746032,26.95,Balanced,Anderlecht,72.0,72.0,72.0,71.0,29.0,Balanced,33.33333333333333,44.44444444444444,22.22222222222222
B1,2019-08-17,Mechelen,Cercle Brugge,3,1,H,7.0,3.0,4.0,2.0,8.0,22.0,5.0,3.0,0.0,4.0,0.0,0.0,1.4,4.33,9.0,19,1,2019,8,17,10,3,7,Home Win,Home Win,2019-2020,Mechelen,69.0,70.0,69.0,68.0,26.0,Balanced,Cercle Brugge,66.0,67.0,66.0,65.0,25.0,Balanced,100.0,77.77777777777779,0.0
B1,2019-08-17,Waasland-Beveren,Genk,0,4,A,7.0,16.0,2.0,5.0,14.0,4.0,3.0,3.0,2.0,0.0,0.0,0.0,6.5,4.75,1.36,19,2,2019,8,17,19,7,7,Away Win,Away Win,2019-2020,Waasland-Beveren,65.0,66.0,65.0,64.0,24.0,Long Ball,Genk,72.0,72.0,72.0,70.0,25.0,Balanced,0.0,11.11111111111111,33.33333333333333
B1,2019-08-18,Standard,Mouscron,4,1,H,10.0,2.0,6.0,0.0,8.0,16.0,3.0,4.0,0.0,1.0,0.0,0.0,1.45,4.5,5.25,13,1,2019,8,18,18,11,1,Home Win,Home Win,2019-2020,,69.65567176186646,70.34285714285714,69.84285714285714,68.46746031746032,26.95,Balanced,Mouscron,64.0,65.0,64.0,63.0,25.0,Long Ball,100.0,66.66666666666666,77.77777777777779
B1,2019-08-18,Antwerp,St Truiden,2,0,H,15.0,6.0,4.0,3.0,14.0,13.0,5.0,4.0,0.0,4.0,0.0,1.0,1.45,4.33,5.5,17,1,2019,8,18,1,16,1,Home Win,Home Win,2019-2020,Antwerp,71.0,72.0,71.0,70.0,28.0,Long Ball,St Truiden,67.0,67.0,67.0,66.0,26.0,Fast Build-Up,100.0,66.66666666666666,33.33333333333333
B1,2019-08-18,Gent,Oostende,2,0,H,11.0,5.0,4.0,2.0,6.0,15.0,5.0,4.0,0.0,1.0,0.0,0.0,1.33,5.5,7.5,19,1,2019,8,18,8,12,1,Home Win,Home Win,2019-2020,Gent,74.0,75.0,74.0,71.0,27.0,Balanced,Oostende,67.0,68.0,67.0,66.0,27.0,Long Ball,100.0,44.44444444444444,66.66666666666666
B1,2019-08-19,Waregem,Charleroi,3,1,H,5.0,4.0,3.0,2.0,13.0,15.0,3.0,5.0,2.0,1.0,0.0,0.0,2.8,3.3,2.3,19,1,2019,8,19,20,4,2,Home Win,Home Win,2019-2020,Waregem,68.0,69.0,68.0,67.0,28.0,Balanced,Charleroi,70.0,71.0,70.0,69.0,27.0,Fast Build-Up,0.0,33.33333333333333,55.55555555555556
B1,2019-08-23,Genk,Anderlecht,1,0,H,6.0,8.0,4.0,2.0,8.0,16.0,5.0,10.0,0.0,1.0,0.0,0.0,1.72,3.8,4.5,19,1,2019,8,23,7,0,6,Home Win,Home Win,2019-2020,Genk,72.0,72.0,72.0,70.0,25.0,Balanced,Anderlecht,72.0,72.0,72.0,71.0,29.0,Balanced,50.0,50.0,16.666666666666664
B1,2019-08-24,Cercle Brugge,Waasland-Beveren,1,0,H,7.0,10.0,2.0,2.0,13.0,8.0,3.0,7.0,2.0,1.0,0.0,0.0,2.0,3.6,3.5,19,1,2019,8,24,3,19,7,Home Win,Home Win,2019-2020,Cercle Brugge,66.0,67.0,66.0,65.0,25.0,Balanced,Waasland-Beveren,65.0,66.0,65.0,64.0,24.0,Long Ball,0.0,0.0,8.333333333333332
B1,2019-08-24,St Truiden,Waregem,0,0,D,13.0,8.0,2.0,2.0,15.0,15.0,5.0,4.0,2.0,1.0,0.0,0.0,2.25,3.5,3.0,19,0,2019,8,24,16,20,7,Draw,Draw,2019-2020,St Truiden,67.0,67.0,67.0,66.0,26.0,Fast Build-Up,Waregem,68.0,69.0,68.0,67.0,28.0,Balanced,50.0,25.0,50.0
B1,2019-08-24,Oostende,Mechelen,2,1,H,13.0,11.0,8.0,6.0,18.0,12.0,6.0,9.0,2.0,3.0,0.0,0.0,3.1,3.5,2.2,19,1,2019,8,24,12,10,7,Home Win,Home Win,2019-2020,Oostende,67.0,68.0,67.0,66.0,27.0,Long Ball,Mechelen,69.0,70.0,69.0,68.0,26.0,Balanced,50.0,50.0,83.33333333333334
B1,2019-08-25,Standard,Kortrijk,2,1,H,8.0,6.0,5.0,2.0,9.0,18.0,7.0,3.0,2.0,3.0,1.0,0.0,1.5,4.5,5.75,17,1,2019,8,25,18,9,1,Home Win,Home Win,2019-2020,,69.65567176186646,70.34285714285714,69.84285714285714,68.46746031746032,26.95,Balanced,,69.64389067524115,70.3330689928628,69.83108643933386,68.45757335448057,26.94528152260111,Balanced,100.0,75.0,58.333333333333336
B1,2019-08-25,Mouscron,Eupen,2,0,H,5.0,6.0,4.0,2.0,17.0,11.0,6.0,6.0,3.0,3.0,0.0,0.0,1.72,3.75,4.5,19,1,2019,8,25,11,6,1,Home Win,Home Win,2019-2020,Mouscron,64.0,65.0,64.0,63.0,25.0,Long Ball,Eupen,65.0,65.0,65.0,64.0,26.0,Balanced,66.66666666666666,58.333333333333336,16.666666666666664
B1,2019-08-30,Mechelen,Mouscron,2,2,D,8.0,10.0,4.0,5.0,13.0,16.0,5.0,7.0,1.0,1.0,0.0,0.0,1.95,3.75,3.5,19,0,2019,8,30,10,11,6,Draw,Draw,2019-2020,Mechelen,69.0,70.0,69.0,68.0,26.0,Balanced,Mouscron,64.0,65.0,64.0,63.0,25.0,Long Ball,100.0,66.66666666666666,66.66666666666666
B1,2019-08-31,Eupen,St Truiden,0,2,A,16.0,10.0,6.0,3.0,14.0,7.0,7.0,1.0,2.0,1.0,0.0,0.0,2.3,3.6,2.8,17,2,2019,8,31,6,16,7,Away Win,Away Win,2019-2020,Eupen,65.0,65.0,65.0,64.0,26.0,Balanced,St Truiden,67.0,67.0,67.0,66.0,26.0,Fast Build-Up,16.666666666666664,13.333333333333334,26.666666666666668
B1,2019-08-31,Kortrijk,Oostende,2,2,D,6.0,12.0,3.0,3.0,16.0,15.0,7.0,1.0,1.0,1.0,0.0,0.0,2.05,3.6,3.4,19,0,2019,8,31,9,12,7,Draw,Draw,2019-2020,,69.65567176186646,70.34285714285714,69.84285714285714,68.46746031746032,26.95,Balanced,Oostende,67.0,68.0,67.0,66.0,27.0,Long Ball,66.66666666666666,46.666666666666664,60.0
B1,2019-08-31,Waasland-Beveren,Charleroi,0,4,A,5.0,7.0,1.0,6.0,18.0,11.0,7.0,4.0,1.0,0.0,0.0,0.0,4.0,3.75,1.83,19,2,2019,8,31,19,4,7,Away Win,Away Win,2019-2020,Waasland-Beveren,65.0,66.0,65.0,64.0,24.0,Long Ball,Charleroi,70.0,71.0,70.0,69.0,27.0,Fast Build-Up,0.0,6.666666666666667,41.66666666666667
B1,2019-09-01,Club Brugge,Genk,1,1,D,10.0,13.0,5.0,3.0,16.0,13.0,6.0,5.0,2.0,4.0,0.0,0.0,1.75,3.75,4.33,13,0,2019,9,1,5,7,1,Draw,Draw,2019-2020,Club Brugge,75.0,74.0,76.0,72.0,28.0,Balanced,Genk,72.0,72.0,72.0,70.0,25.0,Balanced,66.66666666666666,83.33333333333334,60.0
B1,2019-09-01,Anderlecht,Standard,1,0,H,10.0,11.0,4.0,5.0,15.0,12.0,1.0,3.0,2.0,2.0,0.0,0.0,2.05,3.6,3.4,17,1,2019,9,1,0,18,1,Home Win,Home Win,2019-2020,Anderlecht,72.0,72.0,72.0,71.0,29.0,Balanced,,69.64389067524115,70.3330689928628,69.83108643933386,68.45757335448057,26.94528152260111,Balanced,16.666666666666664,13.333333333333334,80.0
B1,2019-09-01,Gent,Cercle Brugge,3,2,H,17.0,7.0,8.0,3.0,12.0,16.0,4.0,2.0,1.0,4.0,0.0,0.0,1.28,6.0,8.5,19,1,2019,9,1,8,3,1,Home Win,Home Win,2019-2020,Gent,74.0,75.0,74.0,71.0,27.0,Balanced,Cercle Brugge,66.0,67.0,66.0,65.0,25.0,Balanced,100.0,58.333333333333336,20.0
B1,2019-09-01,Waregem,Antwerp,2,0,H,10.0,3.0,4.0,2.0,7.0,16.0,5.0,6.0,0.0,2.0,0.0,0.0,2.7,3.8,2.3,19,1,2019,9,1,20,1,1,Home Win,Home Win,2019-2020,Waregem,68.0,69.0,68.0,67.0,28.0,Balanced,Antwerp,71.0,72.0,71.0,70.0,28.0,Long Ball,50.0,46.666666666666664,75.0
B1,2019-09-13,Charleroi,Genk,2,1,H,3.0,11.0,3.0,4.0,14.0,8.0,1.0,3.0,6.0,1.0,0.0,0.0,2.7,3.6,2.37,19,1,2019,9,13,4,7,6,Home Win,Home Win,2019-2020,Charleroi,70.0,71.0,70.0,69.0,27.0,Fast Build-Up,Genk,72.0,72.0,72.0,70.0,25.0,Balanced,66.66666666666666,53.333333333333336,46.666666666666664
B1,2019-09-14,Oostende,Standard,1,4,A,4.0,10.0,3.0,8.0,11.0,10.0,2.0,9.0,0.0,2.0,0.0,0.0,4.33,4.2,1.66,17,2,2019,9,14,12,18,7,Away Win,Away Win,2019-2020,Oostende,67.0,68.0,67.0,66.0,27.0,Long Ball,,69.64389067524115,70.3330689928628,69.83108643933386,68.45757335448057,26.94528152260111,Balanced,66.66666666666666,46.666666666666664,60.0
B1,2019-09-14,Eupen,Waregem,1,1,D,9.0,4.0,2.0,2.0,18.0,20.0,5.0,2.0,3.0,2.0,0.0,1.0,2.75,3.75,2.3,19,0,2019,9,14,6,20,7,Draw,Draw,2019-2020,Eupen,65.0,65.0,65.0,64.0,26.0,Balanced,Waregem,68.0,69.0,68.0,67.0,28.0,Balanced,11.11111111111111,13.333333333333334,66.66666666666666
B1,2019-09-14,St Truiden,Waasland-Beveren,1,1,D,4.0,12.0,2.0,4.0,12.0,11.0,6.0,9.0,2.0,1.0,0.0,0.0,1.6,4.2,5.0,19,0,2019,9,14,16,19,7,Draw,Draw,2019-2020,St Truiden,67.0,67.0,67.0,66.0,26.0,Fast Build-Up,Waasland-Beveren,65.0,66.0,65.0,64.0,24.0,Long Ball,44.44444444444444,46.666666666666664,6.666666666666667
B1,2019-09-14,Cercle Brugge,Club Brugge,0,2,A,11.0,8.0,4.0,4.0,13.0,6.0,3.0,9.0,1.0,2.0,0.0,0.0,8.5,6.0,1.28,19,2,2019,9,14,3,5,7,Away Win,Away Win,2019-2020,Cercle Brugge,66.0,67.0,66.0,65.0,25.0,Balanced,Club Brugge,75.0,74.0,76.0,72.0,28.0,Balanced,33.33333333333333,20.0,73.33333333333333
B1,2019-09-15,Anderlecht,Antwerp,1,2,A,10.0,13.0,2.0,8.0,13.0,13.0,11.0,4.0,4.0,4.0,1.0,0.0,2.0,3.6,3.5,13,2,2019,9,15,0,1,1,Away Win,Away Win,2019-2020,Anderlecht,72.0,72.0,72.0,71.0,29.0,Balanced,Antwerp,71.0,72.0,71.0,70.0,28.0,Long Ball,44.44444444444444,33.33333333333333,60.0
B1,2019-09-15,Gent,Mechelen,3,0,H,13.0,4.0,9.0,0.0,10.0,9.0,7.0,4.0,1.0,3.0,0.0,0.0,1.5,4.33,6.0,17,1,2019,9,15,8,10,1,Home Win,Home Win,2019-2020,Gent,74.0,75.0,74.0,71.0,27.0,Balanced,Mechelen,69.0,70.0,69.0,68.0,26.0,Balanced,100.0,66.66666666666666,53.333333333333336
B1,2019-09-15,Mouscron,Kortrijk,2,0,H,8.0,7.0,4.0,2.0,14.0,16.0,6.0,5.0,3.0,3.0,0.0,1.0,2.1,3.5,3.3,19,1,2019,9,15,11,9,1,Home Win,Home Win,2019-2020,Mouscron,64.0,65.0,64.0,63.0,25.0,Long Ball,,69.64389067524115,70.3330689928628,69.83108643933386,68.45757335448057,26.94528152260111,Balanced,77.77777777777779,53.333333333333336,53.333333333333336
B1,2019-09-20,Kortrijk,Mechelen,2,3,A,11.0,9.0,7.0,6.0,19.0,18.0,6.0,2.0,0.0,3.0,0.0,0.0,2.4,3.3,2.87,19,2,2019,9,20,9,10,6,Away Win,Away Win,2019-2020,,69.65567176186646,70.34285714285714,69.84285714285714,68.46746031746032,26.95,Balanced,Mechelen,69.0,70.0,69.0,68.0,26.0,Balanced,55.55555555555556,46.666666666666664,33.33333333333333
B1,2019-09-21,Charleroi,St Truiden,0,3,A,12.0,5.0,2.0,5.0,13.0,13.0,12.0,2.0,2.0,3.0,0.0,0.0,1.57,4.0,5.75,17,2,2019,9,21,4,16,7,Away Win,Away Win,2019-2020,Charleroi,70.0,71.0,70.0,69.0,27.0,Fast Build-Up,St Truiden,67.0,67.0,67.0,66.0,26.0,Fast Build-Up,77.77777777777779,66.66666666666666,53.333333333333336
B1,2019-09-21,Antwerp,Cercle Brugge,3,1,H,13.0,5.0,8.0,1.0,14.0,13.0,5.0,2.0,1.0,2.0,0.0,0.0,1.36,4.75,8.0,19,1,2019,9,21,1,3,7,Home Win,Home Win,2019-2020,Antwerp,71.0,72.0,71.0,70.0,28.0,Long Ball,Cercle Brugge,66.0,67.0,66.0,65.0,25.0,Balanced,100.0,60.0,20.0
B1,2019-09-21,Waasland-Beveren,Mouscron,1,1,D,7.0,6.0,2.0,4.0,11.0,11.0,2.0,4.0,1.0,2.0,0.0,0.0,3.4,3.5,2.05,19,0,2019,9,21,19,11,7,Draw,Draw,2019-2020,Waasland-Beveren,65.0,66.0,65.0,64.0,24.0,Long Ball,Mouscron,64.0,65.0,64.0,63.0,25.0,Long Ball,0.0,13.333333333333334,66.66666666666666
B1,2019-09-21,Genk,Oostende,3,1,H,14.0,14.0,3.0,5.0,11.0,11.0,8.0,4.0,2.0,2.0,0.0,0.0,1.33,4.75,10.0,19,1,2019,9,21,7,12,7,Home Win,Home Win,2019-2020,Genk,72.0,72.0,72.0,70.0,25.0,Balanced,Oostende,67.0,68.0,67.0,66.0,27.0,Long Ball,66.66666666666666,46.666666666666664,26.666666666666668
B1,2019-09-22,Standard,Eupen,3,0,H,15.0,4.0,8.0,1.0,9.0,14.0,6.0,3.0,0.0,2.0,0.0,1.0,1.28,5.75,9.0,13,1,2019,9,22,18,6,1,Home Win,Home Win,2019-2020,,69.65567176186646,70.34285714285714,69.84285714285714,68.46746031746032,26.95,Balanced,Eupen,65.0,65.0,65.0,64.0,26.0,Balanced,100.0,60.0,20.0
B1,2019-09-22,Club Brugge,Anderlecht,2,1,H,17.0,5.0,8.0,4.0,11.0,14.0,8.0,3.0,1.0,2.0,0.0,0.0,1.5,4.33,6.0,17,1,2019,9,22,5,0,1,Home Win,Home Win,2019-2020,Club Brugge,75.0,74.0,76.0,72.0,28.0,Balanced,Anderlecht,72.0,72.0,72.0,71.0,29.0,Balanced,55.55555555555556,73.33333333333333,26.666666666666668
B1,2019-09-22,Waregem,Gent,2,2,D,6.0,13.0,2.0,5.0,11.0,17.0,3.0,2.0,1.0,1.0,0.0,1.0,3.4,3.75,2.0,19,0,2019,9,22,20,8,1,Draw,Draw,2019-2020,Waregem,68.0,69.0,68.0,67.0,28.0,Balanced,Gent,74.0,75.0,74.0,71.0,27.0,Balanced,66.66666666666666,73.33333333333333,80.0
B1,2019-09-28,Mechelen,Club Brugge,0,5,A,2.0,22.0,0.0,12.0,6.0,19.0,1.0,12.0,2.0,1.0,1.0,0.0,6.0,4.33,1.5,17,2,2019,9,28,10,5,7,Away Win,Away Win,2019-2020,Mechelen,69.0,70.0,69.0,68.0,26.0,Balanced,Club Brugge,75.0,74.0,76.0,72.0,28.0,Balanced,77.77777777777779,46.666666666666664,73.33333333333333
B1,2019-09-28,Cercle Brugge,Eupen,1,2,A,7.0,7.0,3.0,4.0,22.0,19.0,1.0,2.0,4.0,4.0,1.0,0.0,2.0,3.6,3.25,19,2,2019,9,28,3,6,7,Away Win,Away Win,2019-2020,Cercle Brugge,66.0,67.0,66.0,65.0,25.0,Balanced,Eupen,65.0,65.0,65.0,64.0,26.0,Balanced,25.0,20.0,13.333333333333334
B1,2019-09-28,Gent,Kortrijk,2,0,H,13.0,3.0,8.0,2.0,9.0,14.0,2.0,5.0,2.0,0.0,0.0,0.0,1.3,5.5,9.0,19,1,2019,9,28,8,9,7,Home Win,Home Win,2019-2020,Gent,74.0,75.0,74.0,71.0,27.0,Balanced,,69.64389067524115,70.3330689928628,69.83108643933386,68.45757335448057,26.94528152260111,Balanced,100.0,66.66666666666666,26.666666666666668
B1,2019-09-28,Mouscron,Waregem,2,2,D,9.0,13.0,4.0,7.0,23.0,13.0,4.0,6.0,3.0,1.0,0.0,0.0,2.15,3.5,2.9,19,0,2019,9,28,11,20,7,Draw,Draw,2019-2020,Mouscron,64.0,65.0,64.0,63.0,25.0,Long Ball,Waregem,68.0,69.0,68.0,67.0,28.0,Balanced,83.33333333333334,53.333333333333336,60.0
B1,2019-09-28,St Truiden,Genk,3,3,D,8.0,8.0,4.0,4.0,19.0,10.0,10.0,13.0,6.0,1.0,0.0,0.0,4.75,3.8,1.7,19,0,2019,9,28,16,7,7,Draw,Draw,2019-2020,St Truiden,67.0,67.0,67.0,66.0,26.0,Fast Build-Up,Genk,72.0,72.0,72.0,70.0,25.0,Balanced,41.66666666666667,53.333333333333336,66.66666666666666
B1,2019-09-29,Anderlecht,Waasland-Beveren,0,0,D,12.0,4.0,5.0,2.0,14.0,17.0,7.0,1.0,2.0,3.0,0.0,0.0,1.36,4.75,6.5,13,0,2019,9,29,0,19,1,Draw,Draw,2019-2020,Anderlecht,72.0,72.0,72.0,71.0,29.0,Balanced,Waasland-Beveren,65.0,66.0,65.0,64.0,24.0,Long Ball,33.33333333333333,20.0,13.333333333333334
B1,2019-09-29,Standard,Charleroi,1,1,D,9.0,10.0,3.0,5.0,13.0,21.0,9.0,2.0,2.0,4.0,0.0,1.0,1.57,4.0,4.75,17,0,2019,9,29,18,4,1,Draw,Draw,2019-2020,,69.65567176186646,70.34285714285714,69.84285714285714,68.46746031746032,26.95,Balanced,Charleroi,70.0,71.0,70.0,69.0,27.0,Fast Build-Up,100.0,80.0,60.0
B1,2019-09-29,Oostende,Antwerp,1,1,D,12.0,7.0,5.0,2.0,14.0,12.0,2.0,5.0,0.0,0.0,0.0,0.0,3.8,3.8,1.75,19,0,2019,9,29,12,1,1,Draw,Draw,2019-2020,Oostende,67.0,68.0,67.0,66.0,27.0,Long Ball,Antwerp,71.0,72.0,71.0,70.0,28.0,Long Ball,50.0,26.666666666666668,60.0
B1,2019-10-04,Charleroi,Anderlecht,1,2,A,11.0,11.0,3.0,6.0,23.0,17.0,4.0,4.0,2.0,5.0,0.0,0.0,2.37,3.3,2.87,19,2,2019,10,4,4,0,6,Away Win,Away Win,2019-2020,Charleroi,70.0,71.0,70.0,69.0,27.0,Fast Build-Up,Anderlecht,72.0,72.0,72.0,71.0,29.0,Balanced,58.333333333333336,46.666666666666664,26.666666666666668
B1,2019-10-05,Eupen,Mechelen,0,2,A,13.0,10.0,5.0,4.0,10.0,11.0,10.0,6.0,1.0,5.0,0.0,1.0,2.7,3.4,2.5,17,2,2019,10,5,6,10,7,Away Win,Away Win,2019-2020,Eupen,65.0,65.0,65.0,64.0,26.0,Balanced,Mechelen,69.0,70.0,69.0,68.0,26.0,Balanced,16.666666666666664,26.666666666666668,26.666666666666668
B1,2019-10-05,Waasland-Beveren,Oostende,3,1,H,14.0,7.0,8.0,5.0,16.0,16.0,8.0,1.0,1.0,3.0,0.0,0.0,2.5,3.3,2.75,19,1,2019,10,5,19,12,7,Home Win,Home Win,2019-2020,Waasland-Beveren,65.0,66.0,65.0,64.0,24.0,Long Ball,Oostende,67.0,68.0,67.0,66.0,27.0,Long Ball,8.333333333333332,20.0,33.33333333333333
B1,2019-10-05,Waregem,Cercle Brugge,6,0,H,11.0,8.0,7.0,3.0,8.0,17.0,4.0,7.0,1.0,3.0,0.0,0.0,1.6,4.0,5.5,19,1,2019,10,5,20,3,7,Home Win,Home Win,2019-2020,Waregem,68.0,69.0,68.0,67.0,28.0,Balanced,Cercle Brugge,66.0,67.0,66.0,65.0,25.0,Balanced,58.333333333333336,46.666666666666664,20.0
B1,2019-10-05,Kortrijk,St Truiden,4,0,H,16.0,6.0,9.0,0.0,16.0,12.0,3.0,2.0,3.0,2.0,0.0,1.0,1.83,3.6,4.0,19,1,2019,10,5,9,16,7,Home Win,Home Win,2019-2020,,69.65567176186646,70.34285714285714,69.84285714285714,68.46746031746032,26.95,Balanced,St Truiden,67.0,67.0,67.0,66.0,26.0,Fast Build-Up,41.66666666666667,6.666666666666667,60.0
B1,2019-10-06,Club Brugge,Gent,4,0,H,11.0,15.0,7.0,8.0,16.0,9.0,5.0,5.0,4.0,3.0,0.0,0.0,1.6,4.0,5.25,13,1,2019,10,6,5,8,1,Home Win,Home Win,2019-2020,Club Brugge,75.0,74.0,76.0,72.0,28.0,Balanced,Gent,74.0,75.0,74.0,71.0,27.0,Balanced,66.66666666666666,73.33333333333333,86.66666666666667
B1,2019-10-06,Antwerp,Standard,2,2,D,14.0,9.0,5.0,3.0,15.0,19.0,5.0,4.0,3.0,2.0,0.0,0.0,2.15,3.4,3.25,17,0,2019,10,6,1,18,1,Draw,Draw,2019-2020,Antwerp,71.0,72.0,71.0,70.0,28.0,Long Ball,,69.64389067524115,70.3330689928628,69.83108643933386,68.45757335448057,26.94528152260111,Balanced,100.0,66.66666666666666,66.66666666666666
B1,2019-10-06,Genk,Mouscron,2,1,H,12.0,7.0,6.0,3.0,12.0,12.0,1.0,4.0,1.0,2.0,0.0,0.0,1.45,4.33,6.0,19,1,2019,10,6,7,11,1,Home Win,Home Win,2019-2020,Genk,72.0,72.0,72.0,70.0,25.0,Balanced,Mouscron,64.0,65.0,64.0,63.0,25.0,Long Ball,75.0,53.333333333333336,60.0
B1,2019-10-18,Mouscron,Club Brugge,0,1,A,5.0,11.0,1.0,6.0,13.0,15.0,4.0,5.0,0.0,1.0,0.0,0.0,7.0,4.75,1.4,19,2,2019,10,18,11,5,6,Away Win,Away Win,2019-2020,Mouscron,64.0,65.0,64.0,63.0,25.0,Long Ball,Club Brugge,75.0,74.0,76.0,72.0,28.0,Balanced,73.33333333333333,40.0,86.66666666666667
B1,2019-10-19,Standard,Genk,1,0,H,10.0,7.0,4.0,2.0,11.0,10.0,4.0,6.0,2.0,1.0,0.0,0.0,2.1,3.75,3.1,17,1,2019,10,19,18,7,7,Home Win,Home Win,2019-2020,,69.65567176186646,70.34285714285714,69.84285714285714,68.46746031746032,26.95,Balanced,Genk,72.0,72.0,72.0,70.0,25.0,Balanced,86.66666666666667,53.333333333333336,53.333333333333336
B1,2019-10-19,Kortrijk,Waregem,2,0,H,9.0,7.0,7.0,3.0,10.0,8.0,11.0,5.0,1.0,4.0,0.0,1.0,2.1,3.8,3.1,19,1,2019,10,19,9,20,7,Home Win,Home Win,2019-2020,,69.65567176186646,70.34285714285714,69.84285714285714,68.46746031746032,26.95,Balanced,Waregem,68.0,69.0,68.0,67.0,28.0,Balanced,53.333333333333336,26.666666666666668,60.0
B1,2019-10-19,Oostende,Eupen,2,3,A,10.0,10.0,5.0,5.0,8.0,19.0,11.0,5.0,1.0,3.0,0.0,1.0,2.0,3.6,3.4,19,2,2019,10,19,12,6,7,Away Win,Away Win,2019-2020,Oostende,67.0,68.0,67.0,66.0,27.0,Long Ball,Eupen,65.0,65.0,65.0,64.0,26.0,Balanced,46.666666666666664,13.333333333333334,26.666666666666668
B1,2019-10-19,Gent,Waasland-Beveren,2,0,H,11.0,9.0,9.0,2.0,14.0,8.0,8.0,1.0,1.0,2.0,0.0,0.0,1.18,8.0,11.0,19,1,2019,10,19,8,19,7,Home Win,Home Win,2019-2020,Gent,74.0,75.0,74.0,71.0,27.0,Balanced,Waasland-Beveren,65.0,66.0,65.0,64.0,24.0,Long Ball,100.0,66.66666666666666,40.0
B1,2019-10-20,Mechelen,Antwerp,3,1,H,9.0,8.0,7.0,3.0,12.0,14.0,6.0,1.0,3.0,3.0,0.0,0.0,3.6,3.6,1.95,13,1,2019,10,20,10,1,1,Home Win,Home Win,2019-2020,Mechelen,69.0,70.0,69.0,68.0,26.0,Balanced,Antwerp,71.0,72.0,71.0,70.0,28.0,Long Ball,58.333333333333336,46.666666666666664,53.333333333333336
B1,2019-10-20,Anderlecht,St Truiden,4,1,H,11.0,8.0,8.0,3.0,10.0,14.0,3.0,3.0,1.0,2.0,0.0,0.0,1.4,4.75,7.0,17,1,2019,10,20,0,16,1,Home Win,Home Win,2019-2020,Anderlecht,72.0,72.0,72.0,71.0,29.0,Balanced,St Truiden,67.0,67.0,67.0,66.0,26.0,Fast Build-Up,33.33333333333333,46.666666666666664,53.333333333333336
B1,2019-10-20,Cercle Brugge,Charleroi,0,3,A,10.0,9.0,4.0,7.0,13.0,12.0,10.0,2.0,2.0,2.0,0.0,0.0,3.5,3.8,1.95,19,2,2019,10,20,3,4,1,Away Win,Away Win,2019-2020,Cercle Brugge,66.0,67.0,66.0,65.0,25.0,Balanced,Charleroi,70.0,71.0,70.0,69.0,27.0,Fast Build-Up,20.0,0.0,46.666666666666664
B1,2019-10-25,Eupen,Anderlecht,0,0,D,10.0,8.0,7.0,2.0,15.0,12.0,3.0,4.0,4.0,0.0,0.0,0.0,4.2,3.3,1.9,19,0,2019,10,25,6,0,6,Draw,Draw,2019-2020,Eupen,65.0,65.0,65.0,64.0,26.0,Balanced,Anderlecht,72.0,72.0,72.0,71.0,29.0,Balanced,13.333333333333334,46.666666666666664,46.666666666666664
B1,2019-10-26,Charleroi,Mouscron,1,0,H,9.0,9.0,5.0,3.0,11.0,16.0,1.0,10.0,2.0,2.0,0.0,0.0,1.9,3.4,4.0,17,1,2019,10,26,4,11,7,Home Win,Home Win,2019-2020,Charleroi,70.0,71.0,70.0,69.0,27.0,Fast Build-Up,Mouscron,64.0,65.0,64.0,63.0,25.0,Long Ball,46.666666666666664,46.666666666666664,33.33333333333333
B1,2019-10-26,Antwerp,Kortrijk,3,1,H,14.0,7.0,7.0,3.0,8.0,12.0,6.0,4.0,1.0,1.0,0.0,0.0,1.4,4.5,7.5,19,1,2019,10,26,1,9,7,Home Win,Home Win,2019-2020,Antwerp,71.0,72.0,71.0,70.0,28.0,Long Ball,,69.64389067524115,70.3330689928628,69.83108643933386,68.45757335448057,26.94528152260111,Balanced,83.33333333333334,53.333333333333336,40.0
B1,2019-10-26,Waregem,Oostende,2,0,H,7.0,5.0,2.0,4.0,12.0,18.0,4.0,2.0,0.0,1.0,0.0,0.0,1.75,4.0,4.0,19,1,2019,10,26,20,12,7,Home Win,Home Win,2019-2020,Waregem,68.0,69.0,68.0,67.0,28.0,Balanced,Oostende,67.0,68.0,67.0,66.0,27.0,Long Ball,66.66666666666666,40.0,6.666666666666667
B1,2019-10-26,Genk,Cercle Brugge,1,0,H,13.0,11.0,6.0,4.0,7.0,16.0,8.0,4.0,0.0,2.0,0.0,0.0,1.16,7.0,15.0,19,1,2019,10,26,7,3,7,Home Win,Home Win,2019-2020,Genk,72.0,72.0,72.0,70.0,25.0,Balanced,Cercle Brugge,66.0,67.0,66.0,65.0,25.0,Balanced,80.0,46.666666666666664,0.0
B1,2019-10-27,Club Brugge,Standard,1,1,D,9.0,6.0,3.0,2.0,8.0,12.0,5.0,5.0,1.0,2.0,0.0,0.0,1.45,4.2,6.5,13,0,2019,10,27,5,18,1,Draw,Draw,2019-2020,Club Brugge,75.0,74.0,76.0,72.0,28.0,Balanced,,69.64389067524115,70.3330689928628,69.83108643933386,68.45757335448057,26.94528152260111,Balanced,73.33333333333333,100.0,73.33333333333333
B1,2019-10-27,St Truiden,Gent,0,0,D,8.0,19.0,3.0,6.0,10.0,14.0,4.0,11.0,0.0,1.0,0.0,0.0,6.0,4.0,1.55,17,0,2019,10,27,16,8,1,Draw,Draw,2019-2020,St Truiden,67.0,67.0,67.0,66.0,26.0,Fast Build-Up,Gent,74.0,75.0,74.0,71.0,27.0,Balanced,40.0,33.33333333333333,66.66666666666666
B1,2019-10-27,Waasland-Beveren,Mechelen,1,3,A,8.0,7.0,5.0,2.0,15.0,20.0,10.0,4.0,2.0,1.0,0.0,0.0,3.4,3.5,2.05,19,2,2019,10,27,19,10,1,Away Win,Away Win,2019-2020,Waasland-Beveren,65.0,66.0,65.0,64.0,24.0,Long Ball,Mechelen,69.0,70.0,69.0,68.0,26.0,Balanced,26.666666666666668,40.0,60.0
B1,2019-10-29,Cercle Brugge,Mouscron,2,2,D,10.0,4.0,7.0,3.0,19.0,19.0,4.0,5.0,2.0,4.0,0.0,0.0,2.8,3.6,2.3,19,0,2019,10,29,3,11,3,Draw,Draw,2019-2020,Cercle Brugge,66.0,67.0,66.0,65.0,25.0,Balanced,Mouscron,64.0,65.0,64.0,63.0,25.0,Long Ball,20.0,0.0,13.333333333333334
B1,2019-10-29,Kortrijk,Eupen,1,2,A,7.0,7.0,2.0,5.0,16.0,16.0,6.0,2.0,1.0,4.0,0.0,0.0,1.85,4.0,3.6,19,2,2019,10,29,9,6,3,Away Win,Away Win,2019-2020,,69.65567176186646,70.34285714285714,69.84285714285714,68.46746031746032,26.95,Balanced,Eupen,65.0,65.0,65.0,64.0,26.0,Balanced,66.66666666666666,40.0,46.666666666666664
B1,2019-10-29,Oostende,Charleroi,0,1,A,8.0,7.0,5.0,3.0,15.0,13.0,6.0,5.0,2.0,1.0,0.0,1.0,3.25,3.4,2.2,19,2,2019,10,29,12,4,3,Away Win,Away Win,2019-2020,Oostende,67.0,68.0,67.0,66.0,27.0,Long Ball,Charleroi,70.0,71.0,70.0,69.0,27.0,Fast Build-Up,26.666666666666668,6.666666666666667,46.666666666666664
B1,2019-10-30,Genk,Antwerp,2,2,D,11.0,13.0,7.0,6.0,13.0,21.0,7.0,5.0,0.0,4.0,0.0,1.0,1.95,3.6,3.6,19,0,2019,10,30,7,1,4,Draw,Draw,2019-2020,Genk,72.0,72.0,72.0,70.0,25.0,Balanced,Antwerp,71.0,72.0,71.0,70.0,28.0,Long Ball,80.0,66.66666666666666,53.333333333333336
B1,2019-10-30,Mechelen,St Truiden,1,2,A,15.0,10.0,5.0,4.0,15.0,14.0,3.0,7.0,1.0,3.0,0.0,0.0,1.75,4.0,4.2,19,2,2019,10,30,10,16,4,Away Win,Away Win,2019-2020,Mechelen,69.0,70.0,69.0,68.0,26.0,Balanced,St Truiden,67.0,67.0,67.0,66.0,26.0,Fast Build-Up,66.66666666666666,80.0,33.33333333333333
B1,2019-10-30,Standard,Waasland-Beveren,2,0,H,15.0,3.0,8.0,2.0,8.0,17.0,11.0,1.0,1.0,2.0,0.0,0.0,1.2,6.5,11.0,19,1,2019,10,30,18,19,4,Home Win,Home Win,2019-2020,,69.65567176186646,70.34285714285714,69.84285714285714,68.46746031746032,26.95,Balanced,Waasland-Beveren,65.0,66.0,65.0,64.0,24.0,Long Ball,86.66666666666667,60.0,33.33333333333333
B1,2019-10-30,Waregem,Club Brugge,0,2,A,5.0,13.0,2.0,5.0,10.0,13.0,6.0,8.0,1.0,2.0,0.0,0.0,5.75,4.5,1.45,19,2,2019,10,30,20,5,4,Away Win,Away Win,2019-2020,Waregem,68.0,69.0,68.0,67.0,28.0,Balanced,Club Brugge,75.0,74.0,76.0,72.0,28.0,Balanced,86.66666666666667,53.333333333333336,86.66666666666667
B1,2019-10-31,Anderlecht,Gent,3,3,D,10.0,13.0,8.0,7.0,18.0,19.0,4.0,5.0,1.0,2.0,0.0,0.0,2.75,3.6,2.37,19,0,2019,10,31,0,8,5,Draw,Draw,2019-2020,Anderlecht,72.0,72.0,72.0,71.0,29.0,Balanced,Gent,74.0,75.0,74.0,71.0,27.0,Balanced,53.333333333333336,53.333333333333336,53.333333333333336
B1,2019-11-02,Eupen,Genk,2,0,H,6.0,7.0,2.0,3.0,12.0,13.0,5.0,5.0,0.0,1.0,0.0,0.0,4.33,3.6,1.8,17,1,2019,11,2,6,7,7,Home Win,Home Win,2019-2020,Eupen,65.0,65.0,65.0,64.0,26.0,Balanced,Genk,72.0,72.0,72.0,70.0,25.0,Balanced,20.0,66.66666666666666,53.333333333333336
B1,2019-11-02,Mouscron,Antwerp,3,1,H,8.0,8.0,6.0,6.0,18.0,14.0,5.0,5.0,3.0,1.0,0.0,0.0,3.8,3.6,1.9,19,1,2019,11,2,11,1,7,Home Win,Home Win,2019-2020,Mouscron,64.0,65.0,64.0,63.0,25.0,Long Ball,Antwerp,71.0,72.0,71.0,70.0,28.0,Long Ball,66.66666666666666,13.333333333333334,40.0
B1,2019-11-02,St Truiden,Oostende,1,0,H,5.0,10.0,2.0,6.0,9.0,16.0,4.0,6.0,1.0,3.0,0.0,0.0,1.95,3.8,3.25,19,1,2019,11,2,16,12,7,Home Win,Home Win,2019-2020,St Truiden,67.0,67.0,67.0,66.0,26.0,Fast Build-Up,Oostende,67.0,68.0,67.0,66.0,27.0,Long Ball,46.666666666666664,33.33333333333333,6.666666666666667
B1,2019-11-02,Waasland-Beveren,Waregem,1,2,A,13.0,9.0,5.0,6.0,13.0,8.0,7.0,4.0,2.0,2.0,0.0,0.0,2.9,3.75,2.2,19,2,2019,11,2,19,20,7,Away Win,Away Win,2019-2020,Waasland-Beveren,65.0,66.0,65.0,64.0,24.0,Long Ball,Waregem,68.0,69.0,68.0,67.0,28.0,Balanced,26.666666666666668,26.666666666666668,46.666666666666664
B1,2019-11-02,Club Brugge,Kortrijk,3,0,H,15.0,4.0,8.0,1.0,7.0,22.0,5.0,4.0,0.0,4.0,0.0,0.0,1.16,7.0,15.0,19,1,2019,11,2,5,9,7,Home Win,Home Win,2019-2020,Club Brugge,75.0,74.0,76.0,72.0,28.0,Balanced,,69.64389067524115,70.3330689928628,69.83108643933386,68.45757335448057,26.94528152260111,Balanced,60.0,86.66666666666667,40.0
B1,2019-11-03,Anderlecht,Cercle Brugge,2,1,H,15.0,8.0,13.0,5.0,7.0,16.0,12.0,6.0,1.0,3.0,0.0,0.0,1.36,5.25,7.5,13,1,2019,11,3,0,3,1,Home Win,Home Win,2019-2020,Anderlecht,72.0,72.0,72.0,71.0,29.0,Balanced,Cercle Brugge,66.0,67.0,66.0,65.0,25.0,Balanced,53.333333333333336,60.0,6.666666666666667
B1,2019-11-03,Gent,Standard,3,1,H,11.0,14.0,3.0,4.0,13.0,22.0,5.0,4.0,3.0,5.0,1.0,1.0,1.75,4.0,4.0,17,1,2019,11,3,8,18,1,Home Win,Home Win,2019-2020,Gent,74.0,75.0,74.0,71.0,27.0,Balanced,,69.64389067524115,70.3330689928628,69.83108643933386,68.45757335448057,26.94528152260111,Balanced,100.0,53.333333333333336,60.0
B1,2019-11-03,Mechelen,Charleroi,2,2,D,11.0,9.0,5.0,7.0,17.0,19.0,8.0,4.0,2.0,0.0,0.0,0.0,2.3,3.6,2.8,19,0,2019,11,3,10,4,1,Draw,Draw,2019-2020,Mechelen,69.0,70.0,69.0,68.0,26.0,Balanced,Charleroi,70.0,71.0,70.0,69.0,27.0,Fast Build-Up,46.666666666666664,60.0,66.66666666666666
B1,2019-11-08,Waregem,Anderlecht,1,2,A,11.0,6.0,6.0,5.0,9.0,14.0,5.0,2.0,2.0,1.0,0.0,0.0,3.0,3.75,2.2,19,2,2019,11,8,20,0,6,Away Win,Away Win,2019-2020,Waregem,68.0,69.0,68.0,67.0,28.0,Balanced,Anderlecht,72.0,72.0,72.0,71.0,29.0,Balanced,66.66666666666666,60.0,73.33333333333333
B1,2019-11-09,Charleroi,Eupen,1,0,H,13.0,8.0,7.0,3.0,8.0,9.0,6.0,9.0,0.0,1.0,0.0,0.0,1.75,3.75,4.33,17,1,2019,11,9,4,6,7,Home Win,Home Win,2019-2020,Charleroi,70.0,71.0,70.0,69.0,27.0,Fast Build-Up,Eupen,65.0,65.0,65.0,64.0,26.0,Balanced,60.0,66.66666666666666,66.66666666666666
B1,2019-11-09,Cercle Brugge,St Truiden,2,1,H,16.0,12.0,8.0,4.0,14.0,7.0,10.0,7.0,1.0,2.0,0.0,0.0,2.37,3.6,2.75,19,1,2019,11,9,3,16,7,Home Win,Home Win,2019-2020,Cercle Brugge,66.0,67.0,66.0,65.0,25.0,Balanced,St Truiden,67.0,67.0,67.0,66.0,26.0,Fast Build-Up,26.666666666666668,6.666666666666667,46.666666666666664
B1,2019-11-09,Kortrijk,Waasland-Beveren,1,3,A,9.0,7.0,4.0,6.0,19.0,14.0,5.0,5.0,1.0,4.0,0.0,0.0,1.6,4.33,4.75,19,2,2019,11,9,9,19,7,Away Win,Away Win,2019-2020,,69.65567176186646,70.34285714285714,69.84285714285714,68.46746031746032,26.95,Balanced,Waasland-Beveren,65.0,66.0,65.0,64.0,24.0,Long Ball,46.666666666666664,40.0,20.0
B1,2019-11-09,Oostende,Mouscron,2,2,D,7.0,14.0,5.0,7.0,10.0,15.0,3.0,7.0,1.0,1.0,0.0,0.0,2.6,3.6,2.5,19,0,2019,11,9,12,11,7,Draw,Draw,2019-2020,Oostende,67.0,68.0,67.0,66.0,27.0,Long Ball,Mouscron,64.0,65.0,64.0,63.0,25.0,Long Ball,26.666666666666668,0.0,26.666666666666668
B1,2019-11-10,Antwerp,Club Brugge,2,1,H,9.0,7.0,3.0,4.0,16.0,19.0,4.0,9.0,6.0,3.0,0.0,0.0,3.5,3.6,2.0,13,1,2019,11,10,1,5,1,Home Win,Home Win,2019-2020,Antwerp,71.0,72.0,71.0,70.0,28.0,Long Ball,Club Brugge,75.0,74.0,76.0,72.0,28.0,Balanced,86.66666666666667,33.33333333333333,86.66666666666667
B1,2019-11-10,Genk,Gent,0,2,A,10.0,8.0,7.0,7.0,19.0,11.0,6.0,2.0,3.0,0.0,0.0,0.0,2.37,3.6,2.7,17,2,2019,11,10,7,8,1,Away Win,Away Win,2019-2020,Genk,72.0,72.0,72.0,70.0,25.0,Balanced,Gent,74.0,75.0,74.0,71.0,27.0,Balanced,86.66666666666667,46.666666666666664,53.333333333333336
B1,2019-11-10,Standard,Mechelen,1,2,A,12.0,6.0,3.0,3.0,14.0,15.0,8.0,2.0,1.0,2.0,0.0,0.0,1.57,4.0,5.5,19,2,2019,11,10,18,10,1,Away Win,Away Win,2019-2020,,69.65567176186646,70.34285714285714,69.84285714285714,68.46746031746032,26.95,Balanced,Mechelen,69.0,70.0,69.0,68.0,26.0,Balanced,86.66666666666667,53.333333333333336,66.66666666666666
B1,2019-11-21,Antwerp,Gent,3,2,H,10.0,12.0,6.0,5.0,20.0,11.0,4.0,4.0,4.0,5.0,0.0,0.0,2.8,3.4,2.4,19,1,2019,11,21,1,8,5,Home Win,Home Win,2019-2020,Antwerp,71.0,72.0,71.0,70.0,28.0,Long Ball,Gent,74.0,75.0,74.0,71.0,27.0,Balanced,86.66666666666667,46.666666666666664,73.33333333333333
B1,2019-11-22,Club Brugge,Oostende,2,0,H,17.0,4.0,8.0,2.0,7.0,6.0,9.0,2.0,1.0,0.0,0.0,1.0,1.16,7.5,13.0,19,1,2019,11,22,5,12,6,Home Win,Home Win,2019-2020,Club Brugge,75.0,74.0,76.0,72.0,28.0,Balanced,Oostende,67.0,68.0,67.0,66.0,27.0,Long Ball,73.33333333333333,66.66666666666666,6.666666666666667
B1,2019-11-23,Eupen,Standard,1,2,A,5.0,15.0,2.0,4.0,19.0,12.0,3.0,2.0,3.0,0.0,0.0,0.0,4.5,3.6,1.8,17,2,2019,11,23,6,18,7,Away Win,Away Win,2019-2020,Eupen,65.0,65.0,65.0,64.0,26.0,Balanced,,69.64389067524115,70.3330689928628,69.83108643933386,68.45757335448057,26.94528152260111,Balanced,33.33333333333333,66.66666666666666,46.666666666666664
B1,2019-11-23,Mechelen,Waregem,0,2,A,10.0,15.0,4.0,6.0,12.0,17.0,1.0,6.0,2.0,3.0,0.0,0.0,1.8,3.75,4.2,19,2,2019,11,23,10,20,7,Away Win,Away Win,2019-2020,Mechelen,69.0,70.0,69.0,68.0,26.0,Balanced,Waregem,68.0,69.0,68.0,67.0,28.0,Balanced,33.33333333333333,66.66666666666666,40.0
B1,2019-11-23,Waasland-Beveren,Cercle Brugge,1,1,D,6.0,8.0,3.0,7.0,14.0,20.0,2.0,3.0,2.0,3.0,0.0,0.0,2.25,3.4,3.1,19,0,2019,11,23,19,3,7,Draw,Draw,2019-2020,Waasland-Beveren,65.0,66.0,65.0,64.0,24.0,Long Ball,Cercle Brugge,66.0,67.0,66.0,65.0,25.0,Balanced,26.666666666666668,20.0,26.666666666666668
B1,2019-11-23,Mouscron,Genk,2,2,D,3.0,6.0,2.0,3.0,14.0,10.0,6.0,7.0,1.0,0.0,0.0,0.0,3.6,3.5,2.0,19,0,2019,11,23,11,7,7,Draw,Draw,2019-2020,Mouscron,64.0,65.0,64.0,63.0,25.0,Long Ball,Genk,72.0,72.0,72.0,70.0,25.0,Balanced,66.66666666666666,33.33333333333333,26.666666666666668
B1,2019-11-24,Gent,Antwerp,1,1,D,9.0,10.0,3.0,4.0,15.0,18.0,5.0,2.0,1.0,6.0,0.0,0.0,1.95,3.5,3.75,13,0,2019,11,24,8,1,1,Draw,Draw,2019-2020,Gent,74.0,75.0,74.0,71.0,27.0,Balanced,Antwerp,71.0,72.0,71.0,70.0,28.0,Long Ball,100.0,53.333333333333336,66.66666666666666
B1,2019-11-24,Anderlecht,Kortrijk,0,0,D,19.0,3.0,7.0,3.0,8.0,19.0,9.0,2.0,1.0,3.0,0.0,0.0,1.53,4.2,5.75,17,0,2019,11,24,0,9,1,Draw,Draw,2019-2020,Anderlecht,72.0,72.0,72.0,71.0,29.0,Balanced,,69.64389067524115,70.3330689928628,69.83108643933386,68.45757335448057,26.94528152260111,Balanced,53.333333333333336,73.33333333333333,20.0
B1,2019-11-24,St Truiden,Charleroi,1,3,A,7.0,17.0,2.0,7.0,11.0,21.0,6.0,10.0,2.0,0.0,0.0,0.0,2.7,3.4,2.5,19,2,2019,11,24,16,4,1,Away Win,Away Win,2019-2020,St Truiden,67.0,67.0,67.0,66.0,26.0,Fast Build-Up,Charleroi,70.0,71.0,70.0,69.0,27.0,Fast Build-Up,46.666666666666664,46.666666666666664,86.66666666666667
B1,2019-11-29,Antwerp,Mechelen,1,0,H,14.0,5.0,7.0,3.0,13.0,15.0,6.0,3.0,1.0,1.0,0.0,0.0,1.53,4.33,5.5,19,1,2019,11,29,1,10,6,Home Win,Home Win,2019-2020,Antwerp,71.0,72.0,71.0,70.0,28.0,Long Ball,Mechelen,69.0,70.0,69.0,68.0,26.0,Balanced,86.66666666666667,53.333333333333336,46.666666666666664
B1,2019-11-30,Club Brugge,Mouscron,1,0,H,9.0,6.0,4.0,1.0,8.0,11.0,9.0,1.0,0.0,2.0,0.0,0.0,1.12,8.0,19.0,17,1,2019,11,30,5,11,7,Home Win,Home Win,2019-2020,Club Brugge,75.0,74.0,76.0,72.0,28.0,Balanced,Mouscron,64.0,65.0,64.0,63.0,25.0,Long Ball,86.66666666666667,66.66666666666666,40.0
B1,2019-11-30,Charleroi,Waasland-Beveren,2,0,H,11.0,7.0,6.0,0.0,18.0,9.0,6.0,2.0,1.0,2.0,0.0,0.0,1.4,4.5,8.0,19,1,2019,11,30,4,19,7,Home Win,Home Win,2019-2020,Charleroi,70.0,71.0,70.0,69.0,27.0,Fast Build-Up,Waasland-Beveren,65.0,66.0,65.0,64.0,24.0,Long Ball,60.0,86.66666666666667,26.666666666666668
B1,2019-11-30,Waregem,Eupen,1,0,H,10.0,7.0,6.0,2.0,11.0,22.0,4.0,4.0,2.0,2.0,0.0,0.0,2.0,3.5,3.6,19,1,2019,11,30,20,6,7,Home Win,Home Win,2019-2020,Waregem,68.0,69.0,68.0,67.0,28.0,Balanced,Eupen,65.0,65.0,65.0,64.0,26.0,Balanced,46.666666666666664,60.0,46.666666666666664
B1,2019-11-30,Genk,St Truiden,1,2,A,20.0,6.0,8.0,3.0,7.0,14.0,12.0,1.0,1.0,1.0,0.0,0.0,1.33,4.75,9.0,19,2,2019,11,30,7,16,7,Away Win,Away Win,2019-2020,Genk,72.0,72.0,72.0,70.0,25.0,Balanced,St Truiden,67.0,67.0,67.0,66.0,26.0,Fast Build-Up,66.66666666666666,33.33333333333333,46.666666666666664
B1,2019-12-01,Oostende,Anderlecht,3,2,H,10.0,7.0,5.0,5.0,12.0,9.0,4.0,8.0,2.0,2.0,0.0,0.0,4.0,3.5,1.9,13,1,2019,12,1,12,0,1,Home Win,Home Win,2019-2020,Oostende,67.0,68.0,67.0,66.0,27.0,Long Ball,Anderlecht,72.0,72.0,72.0,71.0,29.0,Balanced,13.333333333333334,6.666666666666667,60.0
B1,2019-12-01,Standard,Cercle Brugge,2,1,H,14.0,15.0,11.0,8.0,13.0,17.0,3.0,4.0,1.0,4.0,0.0,0.0,1.33,5.0,9.0,17,1,2019,12,1,18,3,1,Home Win,Home Win,2019-2020,,69.65567176186646,70.34285714285714,69.84285714285714,68.46746031746032,26.95,Balanced,Cercle Brugge,66.0,67.0,66.0,65.0,25.0,Balanced,66.66666666666666,46.666666666666664,33.33333333333333
B1,2019-12-01,Kortrijk,Gent,0,2,A,7.0,11.0,4.0,6.0,16.0,15.0,6.0,5.0,3.0,3.0,0.0,0.0,3.8,3.8,1.85,19,2,2019,12,1,9,8,1,Away Win,Away Win,2019-2020,,69.65567176186646,70.34285714285714,69.84285714285714,68.46746031746032,26.95,Balanced,Gent,74.0,75.0,74.0,71.0,27.0,Balanced,40.0,6.666666666666667,53.333333333333336
B1,2019-12-06,Waasland-Beveren,Antwerp,0,4,A,4.0,9.0,0.0,6.0,22.0,13.0,6.0,2.0,1.0,1.0,0.0,0.0,6.0,4.0,1.53,19,2,2019,12,6,19,1,6,Away Win,Away Win,2019-2020,Waasland-Beveren,65.0,66.0,65.0,64.0,24.0,Long Ball,Antwerp,71.0,72.0,71.0,70.0,28.0,Long Ball,33.33333333333333,26.666666666666668,66.66666666666666
B1,2019-12-07,Mechelen,Kortrijk,1,1,D,9.0,6.0,4.0,4.0,13.0,19.0,7.0,5.0,0.0,3.0,0.0,0.0,1.9,3.75,3.75,17,0,2019,12,7,10,9,7,Draw,Draw,2019-2020,Mechelen,69.0,70.0,69.0,68.0,26.0,Balanced,,69.64389067524115,70.3330689928628,69.83108643933386,68.45757335448057,26.94528152260111,Balanced,26.666666666666668,26.666666666666668,6.666666666666667
B1,2019-12-07,Cercle Brugge,Genk,1,2,A,16.0,10.0,9.0,5.0,13.0,13.0,3.0,3.0,1.0,3.0,0.0,0.0,5.0,4.0,1.61,19,2,2019,12,7,3,7,7,Away Win,Away Win,2019-2020,Cercle Brugge,66.0,67.0,66.0,65.0,25.0,Balanced,Genk,72.0,72.0,72.0,70.0,25.0,Balanced,26.666666666666668,33.33333333333333,13.333333333333334
B1,2019-12-07,Gent,Waregem,2,0,H,12.0,10.0,6.0,4.0,14.0,16.0,5.0,5.0,2.0,1.0,0.0,0.0,1.33,5.0,9.0,19,1,2019,12,7,8,20,7,Home Win,Home Win,2019-2020,Gent,74.0,75.0,74.0,71.0,27.0,Balanced,Waregem,68.0,69.0,68.0,67.0,28.0,Balanced,86.66666666666667,66.66666666666666,60.0
B1,2019-12-07,St Truiden,Club Brugge,1,2,A,7.0,8.0,2.0,3.0,15.0,20.0,2.0,6.0,3.0,4.0,0.0,0.0,9.5,4.75,1.33,19,2,2019,12,7,16,5,7,Away Win,Away Win,2019-2020,St Truiden,67.0,67.0,67.0,66.0,26.0,Fast Build-Up,Club Brugge,75.0,74.0,76.0,72.0,28.0,Balanced,40.0,60.0,80.0
B1,2019-12-08,Mouscron,Standard,2,2,D,11.0,11.0,5.0,5.0,15.0,10.0,7.0,5.0,2.0,0.0,0.0,2.0,4.5,3.75,1.75,13,0,2019,12,8,11,18,1,Draw,Draw,2019-2020,Mouscron,64.0,65.0,64.0,63.0,25.0,Long Ball,,69.64389067524115,70.3330689928628,69.83108643933386,68.45757335448057,26.94528152260111,Balanced,53.333333333333336,40.0,60.0
B1,2019-12-08,Anderlecht,Charleroi,0,0,D,9.0,8.0,3.0,3.0,11.0,20.0,8.0,5.0,0.0,3.0,0.0,0.0,1.85,3.6,4.0,17,0,2019,12,8,0,4,1,Draw,Draw,2019-2020,Anderlecht,72.0,72.0,72.0,71.0,29.0,Balanced,Charleroi,70.0,71.0,70.0,69.0,27.0,Fast Build-Up,60.0,53.333333333333336,86.66666666666667
B1,2019-12-08,Eupen,Oostende,1,0,H,10.0,11.0,2.0,5.0,15.0,10.0,6.0,8.0,0.0,1.0,0.0,0.0,2.0,3.6,3.4,19,1,2019,12,8,6,12,1,Home Win,Home Win,2019-2020,Eupen,65.0,65.0,65.0,64.0,26.0,Balanced,Oostende,67.0,68.0,67.0,66.0,27.0,Long Ball,33.33333333333333,40.0,26.666666666666668
B1,2019-12-13,Kortrijk,Mouscron,1,2,A,12.0,7.0,7.0,3.0,16.0,18.0,8.0,3.0,1.0,2.0,0.0,0.0,1.9,3.8,3.8,19,2,2019,12,13,9,11,6,Away Win,Away Win,2019-2020,,69.65567176186646,70.34285714285714,69.84285714285714,68.46746031746032,26.95,Balanced,Mouscron,64.0,65.0,64.0,63.0,25.0,Long Ball,40.0,13.333333333333334,40.0
B1,2019-12-14,Antwerp,Eupen,1,0,H,7.0,3.0,4.0,1.0,18.0,19.0,5.0,1.0,2.0,6.0,0.0,1.0,1.33,5.0,9.0,17,1,2019,12,14,1,6,7,Home Win,Home Win,2019-2020,Antwerp,71.0,72.0,71.0,70.0,28.0,Long Ball,Eupen,65.0,65.0,65.0,64.0,26.0,Balanced,86.66666666666667,86.66666666666667,40.0
B1,2019-12-14,Charleroi,Cercle Brugge,3,0,H,8.0,7.0,7.0,1.0,12.0,18.0,4.0,3.0,1.0,1.0,0.0,0.0,1.44,4.5,6.5,19,1,2019,12,14,4,3,7,Home Win,Home Win,2019-2020,Charleroi,70.0,71.0,70.0,69.0,27.0,Fast Build-Up,Cercle Brugge,66.0,67.0,66.0,65.0,25.0,Balanced,60.0,73.33333333333333,26.666666666666668
B1,2019-12-14,Waregem,St Truiden,5,1,H,21.0,3.0,13.0,2.0,12.0,12.0,7.0,3.0,2.0,1.0,0.0,0.0,1.75,3.8,4.33,19,1,2019,12,14,20,16,7,Home Win,Home Win,2019-2020,Waregem,68.0,69.0,68.0,67.0,28.0,Balanced,St Truiden,67.0,67.0,67.0,66.0,26.0,Fast Build-Up,60.0,60.0,40.0
B1,2019-12-14,Genk,Waasland-Beveren,4,1,H,8.0,5.0,5.0,4.0,12.0,21.0,6.0,1.0,1.0,2.0,0.0,0.0,1.22,6.5,11.0,19,1,2019,12,14,7,19,7,Home Win,Home Win,2019-2020,Genk,72.0,72.0,72.0,70.0,25.0,Balanced,Waasland-Beveren,65.0,66.0,65.0,64.0,24.0,Long Ball,46.666666666666664,26.666666666666668,26.666666666666668
B1,2019-12-15,Standard,Anderlecht,1,1,D,15.0,4.0,7.0,1.0,17.0,14.0,9.0,2.0,2.0,3.0,0.0,1.0,1.9,3.6,3.8,13,0,2019,12,15,18,0,1,Draw,Draw,2019-2020,,69.65567176186646,70.34285714285714,69.84285714285714,68.46746031746032,26.95,Balanced,Anderlecht,72.0,72.0,72.0,71.0,29.0,Balanced,66.66666666666666,46.666666666666664,53.333333333333336
B1,2019-12-15,Club Brugge,Mechelen,3,0,H,10.0,3.0,3.0,0.0,9.0,10.0,2.0,5.0,1.0,3.0,0.0,0.0,1.22,6.0,13.0,17,1,2019,12,15,5,10,1,Home Win,Home Win,2019-2020,Club Brugge,75.0,74.0,76.0,72.0,28.0,Balanced,Mechelen,69.0,70.0,69.0,68.0,26.0,Balanced,86.66666666666667,80.0,33.33333333333333
B1,2019-12-15,Oostende,Gent,2,1,H,6.0,8.0,5.0,5.0,13.0,18.0,6.0,5.0,4.0,0.0,0.0,0.0,5.75,4.5,1.5,19,1,2019,12,15,12,8,1,Home Win,Home Win,2019-2020,Oostende,67.0,68.0,67.0,66.0,27.0,Long Ball,Gent,74.0,75.0,74.0,71.0,27.0,Balanced,33.33333333333333,26.666666666666668,66.66666666666666
B1,2019-12-20,Mechelen,Oostende,1,0,H,7.0,5.0,4.0,3.0,19.0,15.0,5.0,6.0,3.0,1.0,0.0,0.0,1.7,3.8,4.75,19,1,2019,12,20,10,12,6,Home Win,Home Win,2019-2020,Mechelen,69.0,70.0,69.0,68.0,26.0,Balanced,Oostende,67.0,68.0,67.0,66.0,27.0,Long Ball,33.33333333333333,26.666666666666668,46.666666666666664
B1,2019-12-21,Mouscron,Charleroi,1,1,D,3.0,4.0,2.0,4.0,16.0,15.0,4.0,7.0,5.0,2.0,0.0,0.0,3.4,3.4,2.1,17,0,2019,12,21,11,4,7,Draw,Draw,2019-2020,Mouscron,64.0,65.0,64.0,63.0,25.0,Long Ball,Charleroi,70.0,71.0,70.0,69.0,27.0,Fast Build-Up,40.0,40.0,86.66666666666667
B1,2019-12-21,Cercle Brugge,Waregem,2,0,H,12.0,5.0,8.0,2.0,16.0,17.0,6.0,6.0,1.0,2.0,0.0,0.0,3.0,3.5,2.25,19,1,2019,12,21,3,20,7,Home Win,Home Win,2019-2020,Cercle Brugge,66.0,67.0,66.0,65.0,25.0,Balanced,Waregem,68.0,69.0,68.0,67.0,28.0,Balanced,26.666666666666668,26.666666666666668,60.0
B1,2019-12-21,Eupen,Kortrijk,1,2,A,8.0,9.0,1.0,5.0,16.0,16.0,2.0,2.0,1.0,2.0,0.0,0.0,2.25,3.25,3.25,19,2,2019,12,21,6,9,7,Away Win,Away Win,2019-2020,Eupen,65.0,65.0,65.0,64.0,26.0,Balanced,,69.64389067524115,70.3330689928628,69.83108643933386,68.45757335448057,26.94528152260111,Balanced,46.666666666666664,20.0,13.333333333333334
B1,2019-12-21,Waasland-Beveren,Standard,2,1,H,10.0,7.0,7.0,3.0,22.0,17.0,3.0,0.0,5.0,2.0,0.0,1.0,6.5,4.5,1.45,19,1,2019,12,21,19,18,7,Home Win,Home Win,2019-2020,Waasland-Beveren,65.0,66.0,65.0,64.0,24.0,Long Ball,,69.64389067524115,70.3330689928628,69.83108643933386,68.45757335448057,26.94528152260111,Balanced,26.666666666666668,26.666666666666668,53.333333333333336
B1,2019-12-22,Gent,Club Brugge,1,1,D,14.0,6.0,7.0,2.0,16.0,10.0,3.0,3.0,4.0,1.0,0.0,0.0,2.8,3.4,2.4,13,0,2019,12,22,8,5,1,Draw,Draw,2019-2020,Gent,74.0,75.0,74.0,71.0,27.0,Balanced,Club Brugge,75.0,74.0,76.0,72.0,28.0,Balanced,86.66666666666667,46.666666666666664,80.0
B1,2019-12-22,St Truiden,Antwerp,1,1,D,10.0,14.0,5.0,6.0,7.0,16.0,7.0,5.0,1.0,2.0,0.0,0.0,4.75,3.6,1.72,17,0,2019,12,22,16,1,1,Draw,Draw,2019-2020,St Truiden,67.0,67.0,67.0,66.0,26.0,Fast Build-Up,Antwerp,71.0,72.0,71.0,70.0,28.0,Long Ball,33.33333333333333,20.0,86.66666666666667
B1,2019-12-22,Anderlecht,Genk,2,0,H,10.0,8.0,6.0,4.0,13.0,10.0,6.0,5.0,0.0,0.0,0.0,0.0,2.5,3.4,2.7,19,1,2019,12,22,0,7,1,Home Win,Home Win,2019-2020,Anderlecht,72.0,72.0,72.0,71.0,29.0,Balanced,Genk,72.0,72.0,72.0,70.0,25.0,Balanced,60.0,40.0,46.666666666666664
B1,2019-12-26,Genk,Eupen,2,1,H,15.0,11.0,5.0,5.0,8.0,16.0,9.0,2.0,1.0,3.0,0.0,0.0,1.44,5.0,6.5,13,1,2019,12,26,7,6,5,Home Win,Home Win,2019-2020,Genk,72.0,72.0,72.0,70.0,25.0,Balanced,Eupen,65.0,65.0,65.0,64.0,26.0,Balanced,46.666666666666664,46.666666666666664,20.0
B1,2019-12-26,Kortrijk,Cercle Brugge,1,0,H,7.0,2.0,4.0,0.0,17.0,23.0,3.0,3.0,2.0,5.0,0.0,0.0,1.72,4.0,4.33,13,1,2019,12,26,9,3,5,Home Win,Home Win,2019-2020,,69.65567176186646,70.34285714285714,69.84285714285714,68.46746031746032,26.95,Balanced,Cercle Brugge,66.0,67.0,66.0,65.0,25.0,Balanced,20.0,33.33333333333333,26.666666666666668
B1,2019-12-26,Mouscron,Mechelen,1,2,A,7.0,8.0,2.0,3.0,16.0,6.0,6.0,1.0,1.0,2.0,0.0,0.0,2.62,3.3,2.62,13,2,2019,12,26,11,10,5,Away Win,Away Win,2019-2020,Mouscron,64.0,65.0,64.0,63.0,25.0,Long Ball,Mechelen,69.0,70.0,69.0,68.0,26.0,Balanced,40.0,40.0,26.666666666666668
B1,2019-12-26,Waasland-Beveren,St Truiden,1,0,H,11.0,8.0,8.0,3.0,10.0,6.0,2.0,3.0,1.0,0.0,0.0,0.0,2.37,3.6,2.75,13,1,2019,12,26,19,16,5,Home Win,Home Win,2019-2020,Waasland-Beveren,65.0,66.0,65.0,64.0,24.0,Long Ball,St Truiden,67.0,67.0,67.0,66.0,26.0,Fast Build-Up,26.666666666666668,26.666666666666668,26.666666666666668
B1,2019-12-26,Club Brugge,Waregem,4,0,H,8.0,3.0,5.0,1.0,11.0,9.0,1.0,3.0,1.0,2.0,0.0,0.0,1.22,7.0,10.0,17,1,2019,12,26,5,20,5,Home Win,Home Win,2019-2020,Club Brugge,75.0,74.0,76.0,72.0,28.0,Balanced,Waregem,68.0,69.0,68.0,67.0,28.0,Balanced,86.66666666666667,86.66666666666667,60.0
B1,2019-12-26,Standard,Gent,0,1,A,11.0,7.0,4.0,2.0,7.0,16.0,2.0,3.0,0.0,3.0,0.0,0.0,2.3,3.6,2.75,19,2,2019,12,26,18,8,5,Away Win,Away Win,2019-2020,,69.65567176186646,70.34285714285714,69.84285714285714,68.46746031746032,26.95,Balanced,Gent,74.0,75.0,74.0,71.0,27.0,Balanced,66.66666666666666,53.333333333333336,53.333333333333336
B1,2019-12-27,Charleroi,Oostende,5,0,H,19.0,5.0,10.0,4.0,16.0,10.0,9.0,1.0,0.0,1.0,0.0,0.0,1.53,4.0,6.0,17,1,2019,12,27,4,12,6,Home Win,Home Win,2019-2020,Charleroi,70.0,71.0,70.0,69.0,27.0,Fast Build-Up,Oostende,67.0,68.0,67.0,66.0,27.0,Long Ball,80.0,73.33333333333333,40.0
B1,2019-12-27,Antwerp,Anderlecht,0,0,D,11.0,8.0,5.0,3.0,15.0,17.0,9.0,0.0,2.0,2.0,0.0,0.0,1.85,3.6,4.0,19,0,2019,12,27,1,0,6,Draw,Draw,2019-2020,Antwerp,71.0,72.0,71.0,70.0,28.0,Long Ball,Anderlecht,72.0,72.0,72.0,71.0,29.0,Balanced,100.0,73.33333333333333,40.0
B1,2020-01-17,Mechelen,Standard,2,3,A,9.0,13.0,6.0,6.0,10.0,13.0,6.0,10.0,0.0,4.0,0.0,0.0,2.8,3.4,2.4,19,2,2020,1,17,10,18,6,Away Win,Away Win,2019-2020,Mechelen,69.0,70.0,69.0,68.0,26.0,Balanced,,69.64389067524115,70.3330689928628,69.83108643933386,68.45757335448057,26.94528152260111,Balanced,33.33333333333333,46.666666666666664,33.33333333333333
B1,2020-01-18,Eupen,Charleroi,1,1,D,6.0,8.0,3.0,5.0,18.0,18.0,3.0,7.0,1.0,2.0,0.0,0.0,3.3,3.3,2.2,17,0,2020,1,18,6,4,7,Draw,Draw,2019-2020,Eupen,65.0,65.0,65.0,64.0,26.0,Balanced,Charleroi,70.0,71.0,70.0,69.0,27.0,Fast Build-Up,46.666666666666664,20.0,73.33333333333333
B1,2020-01-18,Oostende,Waasland-Beveren,0,1,A,10.0,10.0,5.0,3.0,13.0,14.0,10.0,0.0,1.0,1.0,0.0,0.0,1.9,3.6,3.8,19,2,2020,1,18,12,19,7,Away Win,Away Win,2019-2020,Oostende,67.0,68.0,67.0,66.0,27.0,Long Ball,Waasland-Beveren,65.0,66.0,65.0,64.0,24.0,Long Ball,46.666666666666664,40.0,40.0
B1,2020-01-18,St Truiden,Kortrijk,2,0,H,11.0,6.0,8.0,2.0,12.0,12.0,5.0,5.0,0.0,2.0,0.0,0.0,2.7,3.5,2.5,19,1,2020,1,18,16,9,7,Home Win,Home Win,2019-2020,St Truiden,67.0,67.0,67.0,66.0,26.0,Fast Build-Up,,69.64389067524115,70.3330689928628,69.83108643933386,68.45757335448057,26.94528152260111,Balanced,33.33333333333333,26.666666666666668,46.666666666666664
B1,2020-01-18,Gent,Mouscron,3,1,H,7.0,9.0,4.0,4.0,8.0,9.0,0.0,5.0,1.0,2.0,0.0,0.0,1.25,6.0,12.0,19,1,2020,1,18,8,11,7,Home Win,Home Win,2019-2020,Gent,74.0,75.0,74.0,71.0,27.0,Balanced,Mouscron,64.0,65.0,64.0,63.0,25.0,Long Ball,73.33333333333333,66.66666666666666,33.33333333333333
B1,2020-01-19,Cercle Brugge,Antwerp,1,2,A,12.0,5.0,3.0,3.0,23.0,13.0,10.0,1.0,2.0,3.0,0.0,1.0,5.0,4.0,1.61,13,2,2020,1,19,3,1,1,Away Win,Away Win,2019-2020,Cercle Brugge,66.0,67.0,66.0,65.0,25.0,Balanced,Antwerp,71.0,72.0,71.0,70.0,28.0,Long Ball,46.666666666666664,20.0,73.33333333333333
B1,2020-01-19,Anderlecht,Club Brugge,1,2,A,8.0,13.0,3.0,7.0,12.0,21.0,3.0,3.0,0.0,3.0,0.0,0.0,4.2,4.0,1.75,17,2,2020,1,19,0,5,1,Away Win,Away Win,2019-2020,Anderlecht,72.0,72.0,72.0,71.0,29.0,Balanced,Club Brugge,75.0,74.0,76.0,72.0,28.0,Balanced,60.0,40.0,86.66666666666667
B1,2020-01-19,Waregem,Genk,0,3,A,9.0,10.0,5.0,7.0,12.0,14.0,6.0,4.0,0.0,2.0,0.0,0.0,3.2,3.6,2.1,19,2,2020,1,19,20,7,1,Away Win,Away Win,2019-2020,Waregem,68.0,69.0,68.0,67.0,28.0,Balanced,Genk,72.0,72.0,72.0,70.0,25.0,Balanced,60.0,40.0,60.0
B1,2020-01-24,Standard,Oostende,2,1,H,15.0,8.0,3.0,4.0,12.0,12.0,5.0,6.0,0.0,2.0,0.0,0.0,1.25,5.75,10.5,19,1,2020,1,24,18,12,6,Home Win,Home Win,2019-2020,,69.65567176186646,70.34285714285714,69.84285714285714,68.46746031746032,26.95,Balanced,Oostende,67.0,68.0,67.0,66.0,27.0,Long Ball,46.666666666666664,33.33333333333333,20.0
B1,2020-01-25,Mouscron,St Truiden,1,3,A,10.0,8.0,5.0,6.0,13.0,14.0,3.0,1.0,1.0,2.0,0.0,0.0,1.9,3.6,3.75,19,2,2020,1,25,11,16,7,Away Win,Away Win,2019-2020,Mouscron,64.0,65.0,64.0,63.0,25.0,Long Ball,St Truiden,67.0,67.0,67.0,66.0,26.0,Fast Build-Up,40.0,33.33333333333333,26.666666666666668
B1,2020-01-25,Waasland-Beveren,Eupen,0,1,A,7.0,2.0,3.0,1.0,15.0,14.0,7.0,4.0,3.0,2.0,0.0,0.0,2.5,3.3,2.75,19,2,2020,1,25,19,6,7,Away Win,Away Win,2019-2020,Waasland-Beveren,65.0,66.0,65.0,64.0,24.0,Long Ball,Eupen,65.0,65.0,65.0,64.0,26.0,Balanced,46.666666666666664,60.0,26.666666666666668
B1,2020-01-25,Gent,Genk,4,1,H,19.0,7.0,8.0,4.0,6.0,14.0,7.0,5.0,0.0,1.0,0.0,0.0,1.83,3.75,4.0,19,1,2020,1,25,8,7,7,Home Win,Home Win,2019-2020,Gent,74.0,75.0,74.0,71.0,27.0,Balanced,Genk,72.0,72.0,72.0,70.0,25.0,Balanced,73.33333333333333,66.66666666666666,80.0
B1,2020-01-26,Cercle Brugge,Anderlecht,1,2,A,18.0,5.0,8.0,3.0,15.0,10.0,10.0,4.0,3.0,2.0,0.0,0.0,3.6,4.0,1.85,13,2,2020,1,26,3,0,1,Away Win,Away Win,2019-2020,Cercle Brugge,66.0,67.0,66.0,65.0,25.0,Balanced,Anderlecht,72.0,72.0,72.0,71.0,29.0,Balanced,46.666666666666664,20.0,40.0
B1,2020-01-26,Kortrijk,Club Brugge,2,2,D,5.0,10.0,3.0,4.0,20.0,15.0,3.0,4.0,5.0,1.0,0.0,0.0,7.0,4.75,1.4,17,0,2020,1,26,9,5,1,Draw,Draw,2019-2020,,69.65567176186646,70.34285714285714,69.84285714285714,68.46746031746032,26.95,Balanced,Club Brugge,75.0,74.0,76.0,72.0,28.0,Balanced,20.0,46.666666666666664,86.66666666666667
B1,2020-01-26,Antwerp,Waregem,2,1,H,15.0,7.0,7.0,3.0,7.0,18.0,5.0,1.0,0.0,4.0,0.0,0.0,1.53,3.8,6.5,19,1,2020,1,26,1,20,1,Home Win,Home Win,2019-2020,Antwerp,71.0,72.0,71.0,70.0,28.0,Long Ball,Waregem,68.0,69.0,68.0,67.0,28.0,Balanced,86.66666666666667,73.33333333333333,20.0
B1,2020-01-29,Charleroi,Club Brugge,0,0,D,6.0,11.0,3.0,5.0,12.0,22.0,3.0,5.0,1.0,2.0,0.0,0.0,4.2,3.8,1.8,19,0,2020,1,29,4,5,4,Draw,Draw,2019-2020,Charleroi,70.0,71.0,70.0,69.0,27.0,Fast Build-Up,Club Brugge,75.0,74.0,76.0,72.0,28.0,Balanced,100.0,60.0,73.33333333333333
B1,2020-01-31,Kortrijk,Standard,3,1,H,16.0,9.0,7.0,4.0,15.0,16.0,7.0,8.0,0.0,0.0,0.0,0.0,4.2,3.75,1.8,19,1,2020,1,31,9,18,6,Home Win,Home Win,2019-2020,,69.65567176186646,70.34285714285714,69.84285714285714,68.46746031746032,26.95,Balanced,,69.64389067524115,70.3330689928628,69.83108643933386,68.45757335448057,26.94528152260111,Balanced,26.666666666666668,46.666666666666664,46.666666666666664
B1,2020-02-01,Genk,Charleroi,1,0,H,10.0,8.0,6.0,0.0,14.0,18.0,3.0,5.0,2.0,3.0,0.0,0.0,2.05,3.5,3.4,17,1,2020,2,1,7,4,7,Home Win,Home Win,2019-2020,Genk,72.0,72.0,72.0,70.0,25.0,Balanced,Charleroi,70.0,71.0,70.0,69.0,27.0,Fast Build-Up,46.666666666666664,60.0,60.0
B1,2020-02-01,Eupen,Cercle Brugge,1,0,H,9.0,9.0,4.0,4.0,11.0,12.0,4.0,6.0,3.0,2.0,0.0,0.0,2.1,3.4,3.4,19,1,2020,2,1,6,3,7,Home Win,Home Win,2019-2020,Eupen,65.0,65.0,65.0,64.0,26.0,Balanced,Cercle Brugge,66.0,67.0,66.0,65.0,25.0,Balanced,46.666666666666664,26.666666666666668,20.0
B1,2020-02-01,Oostende,St Truiden,1,0,H,7.0,7.0,5.0,3.0,12.0,12.0,2.0,7.0,2.0,2.0,0.0,1.0,2.1,3.6,3.25,19,1,2020,2,1,12,16,7,Home Win,Home Win,2019-2020,Oostende,67.0,68.0,67.0,66.0,27.0,Long Ball,St Truiden,67.0,67.0,67.0,66.0,26.0,Fast Build-Up,46.666666666666664,20.0,46.666666666666664
B1,2020-02-01,Mechelen,Gent,0,3,A,14.0,8.0,5.0,5.0,5.0,12.0,7.0,5.0,3.0,2.0,0.0,0.0,3.8,3.8,1.85,19,2,2020,2,1,10,8,7,Away Win,Away Win,2019-2020,Mechelen,69.0,70.0,69.0,68.0,26.0,Balanced,Gent,74.0,75.0,74.0,71.0,27.0,Balanced,33.33333333333333,46.666666666666664,66.66666666666666
B1,2020-02-02,Club Brugge,Antwerp,1,0,H,11.0,4.0,5.0,2.0,16.0,19.0,2.0,0.0,2.0,2.0,0.0,0.0,1.53,4.33,5.5,13,1,2020,2,2,5,1,1,Home Win,Home Win,2019-2020,Club Brugge,75.0,74.0,76.0,72.0,28.0,Balanced,Antwerp,71.0,72.0,71.0,70.0,28.0,Long Ball,100.0,60.0,73.33333333333333
B1,2020-02-02,Anderlecht,Mouscron,1,0,H,14.0,4.0,6.0,2.0,17.0,19.0,5.0,2.0,2.0,3.0,0.0,0.0,1.45,4.2,6.5,17,1,2020,2,2,0,11,1,Home Win,Home Win,2019-2020,Anderlecht,72.0,72.0,72.0,71.0,29.0,Balanced,Mouscron,64.0,65.0,64.0,63.0,25.0,Long Ball,53.333333333333336,53.333333333333336,26.666666666666668
B1,2020-02-02,Waregem,Waasland-Beveren,5,0,H,12.0,9.0,9.0,4.0,14.0,15.0,5.0,2.0,1.0,3.0,0.0,0.0,1.61,4.33,4.75,19,1,2020,2,2,20,19,1,Home Win,Home Win,2019-2020,Waregem,68.0,69.0,68.0,67.0,28.0,Balanced,Waasland-Beveren,65.0,66.0,65.0,64.0,24.0,Long Ball,40.0,20.0,60.0
B1,2020-02-07,Gent,Anderlecht,1,1,D,12.0,11.0,5.0,7.0,14.0,13.0,3.0,6.0,2.0,4.0,0.0,0.0,1.6,4.2,5.25,19,0,2020,2,7,8,0,6,Draw,Draw,2019-2020,Gent,74.0,75.0,74.0,71.0,27.0,Balanced,Anderlecht,72.0,72.0,72.0,71.0,29.0,Balanced,73.33333333333333,86.66666666666667,66.66666666666666
B1,2020-02-08,Charleroi,Waregem,4,0,H,12.0,6.0,7.0,3.0,15.0,10.0,5.0,7.0,2.0,4.0,0.0,1.0,1.57,4.0,5.5,17,1,2020,2,8,4,20,7,Home Win,Home Win,2019-2020,Charleroi,70.0,71.0,70.0,69.0,27.0,Fast Build-Up,Waregem,68.0,69.0,68.0,67.0,28.0,Balanced,86.66666666666667,40.0,20.0
B1,2020-02-08,Cercle Brugge,Mechelen,3,2,H,12.0,6.0,5.0,3.0,15.0,9.0,6.0,1.0,1.0,2.0,0.0,0.0,2.3,3.6,2.87,19,1,2020,2,8,3,10,7,Home Win,Home Win,2019-2020,Cercle Brugge,66.0,67.0,66.0,65.0,25.0,Balanced,Mechelen,69.0,70.0,69.0,68.0,26.0,Balanced,40.0,20.0,40.0
B1,2020-02-08,St Truiden,Eupen,5,2,H,12.0,10.0,5.0,4.0,8.0,16.0,5.0,2.0,4.0,2.0,1.0,0.0,2.15,3.5,3.2,19,1,2020,2,8,16,6,7,Home Win,Home Win,2019-2020,St Truiden,67.0,67.0,67.0,66.0,26.0,Fast Build-Up,Eupen,65.0,65.0,65.0,64.0,26.0,Balanced,46.666666666666664,46.666666666666664,46.666666666666664
B1,2020-02-08,Mouscron,Oostende,3,1,H,11.0,10.0,6.0,5.0,9.0,11.0,6.0,5.0,0.0,1.0,0.0,0.0,2.2,3.6,3.0,19,1,2020,2,8,11,12,7,Home Win,Home Win,2019-2020,Mouscron,64.0,65.0,64.0,63.0,25.0,Long Ball,Oostende,67.0,68.0,67.0,66.0,27.0,Long Ball,20.0,6.666666666666667,20.0
B1,2020-02-11,Charleroi,Mechelen,2,1,H,5.0,4.0,4.0,1.0,17.0,6.0,4.0,3.0,2.0,3.0,0.0,0.0,1.61,3.8,5.5,19,1,2020,2,11,4,10,3,Home Win,Home Win,2019-2020,Charleroi,70.0,71.0,70.0,69.0,27.0,Fast Build-Up,Mechelen,69.0,70.0,69.0,68.0,26.0,Balanced,86.66666666666667,53.333333333333336,40.0
B1,2020-02-12,Standard,Club Brugge,0,0,D,5.0,7.0,1.0,3.0,13.0,23.0,4.0,5.0,2.0,2.0,0.0,0.0,3.1,3.3,2.3,19,0,2020,2,12,18,5,4,Draw,Draw,2019-2020,,69.65567176186646,70.34285714285714,69.84285714285714,68.46746031746032,26.95,Balanced,Club Brugge,75.0,74.0,76.0,72.0,28.0,Balanced,46.666666666666664,40.0,73.33333333333333
B1,2020-02-12,Waasland-Beveren,Kortrijk,1,2,A,8.0,8.0,1.0,4.0,10.0,18.0,3.0,8.0,2.0,1.0,0.0,0.0,3.0,3.4,2.3,19,2,2020,2,12,19,9,4,Away Win,Away Win,2019-2020,Waasland-Beveren,65.0,66.0,65.0,64.0,24.0,Long Ball,,69.64389067524115,70.3330689928628,69.83108643933386,68.45757335448057,26.94528152260111,Balanced,46.666666666666664,60.0,66.66666666666666
B1,2020-02-13,Antwerp,Genk,1,1,D,14.0,8.0,6.0,5.0,13.0,17.0,5.0,7.0,2.0,2.0,0.0,0.0,2.1,3.4,3.4,19,0,2020,2,13,1,7,5,Draw,Draw,2019-2020,Antwerp,71.0,72.0,71.0,70.0,28.0,Long Ball,Genk,72.0,72.0,72.0,70.0,25.0,Balanced,86.66666666666667,53.333333333333336,60.0
B1,2020-02-14,Eupen,Gent,2,3,A,8.0,12.0,3.0,9.0,16.0,15.0,7.0,3.0,3.0,1.0,0.0,0.0,5.5,4.33,1.53,19,2,2020,2,14,6,8,6,Away Win,Away Win,2019-2020,Eupen,65.0,65.0,65.0,64.0,26.0,Balanced,Gent,74.0,75.0,74.0,71.0,27.0,Balanced,46.666666666666664,46.666666666666664,86.66666666666667
B1,2020-02-15,Club Brugge,Waasland-Beveren,2,1,H,15.0,2.0,5.0,1.0,16.0,13.0,16.0,2.0,2.0,7.0,0.0,1.0,1.14,8.0,15.0,17,1,2020,2,15,5,19,7,Home Win,Home Win,2019-2020,Club Brugge,75.0,74.0,76.0,72.0,28.0,Balanced,Waasland-Beveren,65.0,66.0,65.0,64.0,24.0,Long Ball,100.0,60.0,40.0
B1,2020-02-15,Oostende,Kortrijk,0,3,A,6.0,14.0,1.0,5.0,19.0,13.0,4.0,3.0,2.0,1.0,0.0,0.0,2.45,3.4,2.8,19,2,2020,2,15,12,9,7,Away Win,Away Win,2019-2020,Oostende,67.0,68.0,67.0,66.0,27.0,Long Ball,,69.64389067524115,70.3330689928628,69.83108643933386,68.45757335448057,26.94528152260111,Balanced,66.66666666666666,20.0,66.66666666666666
B1,2020-02-15,St Truiden,Cercle Brugge,0,1,A,13.0,11.0,2.0,4.0,14.0,16.0,5.0,6.0,5.0,3.0,0.0,0.0,2.2,3.5,3.1,19,2,2020,2,15,16,3,7,Away Win,Away Win,2019-2020,St Truiden,67.0,67.0,67.0,66.0,26.0,Fast Build-Up,Cercle Brugge,66.0,67.0,66.0,65.0,25.0,Balanced,46.666666666666664,60.0,20.0
B1,2020-02-15,Mechelen,Anderlecht,2,0,H,13.0,7.0,6.0,0.0,13.0,9.0,4.0,5.0,2.0,3.0,0.0,1.0,2.7,3.4,2.5,19,1,2020,2,15,10,0,7,Home Win,Home Win,2019-2020,Mechelen,69.0,70.0,69.0,68.0,26.0,Balanced,Anderlecht,72.0,72.0,72.0,71.0,29.0,Balanced,26.666666666666668,20.0,53.333333333333336
B1,2020-02-16,Antwerp,Charleroi,1,1,D,6.0,9.0,5.0,6.0,11.0,17.0,6.0,10.0,2.0,3.0,0.0,0.0,2.0,3.5,3.6,13,0,2020,2,16,1,4,1,Draw,Draw,2019-2020,Antwerp,71.0,72.0,71.0,70.0,28.0,Long Ball,Charleroi,70.0,71.0,70.0,69.0,27.0,Fast Build-Up,73.33333333333333,53.333333333333336,53.333333333333336
B1,2020-02-16,Genk,Standard,1,3,A,11.0,8.0,6.0,6.0,12.0,12.0,3.0,2.0,2.0,2.0,0.0,0.0,2.5,3.4,2.7,17,2,2020,2,16,7,18,1,Away Win,Away Win,2019-2020,Genk,72.0,72.0,72.0,70.0,25.0,Balanced,,69.64389067524115,70.3330689928628,69.83108643933386,68.45757335448057,26.94528152260111,Balanced,60.0,66.66666666666666,46.666666666666664
B1,2020-02-16,Waregem,Mouscron,1,2,A,7.0,11.0,3.0,6.0,7.0,10.0,6.0,3.0,2.0,2.0,0.0,0.0,1.7,4.0,4.5,19,2,2020,2,16,20,11,1,Away Win,Away Win,2019-2020,Waregem,68.0,69.0,68.0,67.0,28.0,Balanced,Mouscron,64.0,65.0,64.0,63.0,25.0,Long Ball,60.0,20.0,20.0
B1,2020-02-21,Kortrijk,Genk,0,1,A,6.0,14.0,4.0,7.0,14.0,13.0,3.0,4.0,3.0,4.0,0.0,0.0,2.5,4.0,2.4,19,2,2020,2,21,9,7,6,Away Win,Away Win,2019-2020,,69.65567176186646,70.34285714285714,69.84285714285714,68.46746031746032,26.95,Balanced,Genk,72.0,72.0,72.0,70.0,25.0,Balanced,46.666666666666664,66.66666666666666,46.666666666666664
B1,2020-02-22,Standard,Antwerp,1,0,H,9.0,9.0,7.0,3.0,9.0,11.0,3.0,6.0,1.0,3.0,0.0,0.0,1.95,3.6,3.75,17,1,2020,2,22,18,1,7,Home Win,Home Win,2019-2020,,69.65567176186646,70.34285714285714,69.84285714285714,68.46746031746032,26.95,Balanced,Antwerp,71.0,72.0,71.0,70.0,28.0,Long Ball,53.333333333333336,66.66666666666666,53.333333333333336
B1,2020-02-22,Mouscron,Cercle Brugge,0,1,A,4.0,10.0,1.0,3.0,13.0,12.0,3.0,7.0,3.0,1.0,0.0,0.0,2.5,3.4,2.7,19,2,2020,2,22,11,3,7,Away Win,Away Win,2019-2020,Mouscron,64.0,65.0,64.0,63.0,25.0,Long Ball,Cercle Brugge,66.0,67.0,66.0,65.0,25.0,Balanced,33.33333333333333,40.0,40.0
B1,2020-02-22,Oostende,Waregem,1,1,D,10.0,12.0,3.0,6.0,11.0,20.0,3.0,5.0,1.0,3.0,0.0,0.0,2.45,3.4,2.75,19,0,2020,2,22,12,20,7,Draw,Draw,2019-2020,Oostende,67.0,68.0,67.0,66.0,27.0,Long Ball,Waregem,68.0,69.0,68.0,67.0,28.0,Balanced,60.0,20.0,20.0
B1,2020-02-22,Mechelen,Waasland-Beveren,4,0,H,17.0,8.0,10.0,3.0,13.0,14.0,4.0,6.0,1.0,1.0,0.0,0.0,1.53,4.0,6.0,19,1,2020,2,22,10,19,7,Home Win,Home Win,2019-2020,Mechelen,69.0,70.0,69.0,68.0,26.0,Balanced,Waasland-Beveren,65.0,66.0,65.0,64.0,24.0,Long Ball,46.666666666666664,20.0,20.0
B1,2020-02-23,Club Brugge,Charleroi,1,0,H,5.0,9.0,3.0,2.0,14.0,13.0,4.0,4.0,0.0,1.0,0.0,0.0,1.45,4.2,7.5,13,1,2020,2,23,5,4,1,Home Win,Home Win,2019-2020,Club Brugge,75.0,74.0,76.0,72.0,28.0,Balanced,Charleroi,70.0,71.0,70.0,69.0,27.0,Fast Build-Up,100.0,60.0,53.333333333333336
B1,2020-02-23,Anderlecht,Eupen,6,1,H,14.0,5.0,9.0,4.0,15.0,9.0,6.0,5.0,1.0,2.0,0.0,1.0,1.44,4.2,8.0,17,1,2020,2,23,0,6,1,Home Win,Home Win,2019-2020,Anderlecht,72.0,72.0,72.0,71.0,29.0,Balanced,Eupen,65.0,65.0,65.0,64.0,26.0,Balanced,53.333333333333336,46.666666666666664,46.666666666666664
B1,2020-02-23,Gent,St Truiden,4,1,H,15.0,6.0,7.0,3.0,9.0,14.0,6.0,5.0,3.0,1.0,0.0,0.0,1.3,5.0,10.0,19,1,2020,2,23,8,16,1,Home Win,Home Win,2019-2020,Gent,74.0,75.0,74.0,71.0,27.0,Balanced,St Truiden,67.0,67.0,67.0,66.0,26.0,Fast Build-Up,73.33333333333333,86.66666666666667,60.0
B1,2020-02-28,St Truiden,Mechelen,0,3,A,9.0,16.0,3.0,8.0,16.0,14.0,2.0,6.0,4.0,1.0,0.0,0.0,3.0,3.6,2.2,19,2,2020,2,28,16,10,6,Away Win,Away Win,2019-2020,St Truiden,67.0,67.0,67.0,66.0,26.0,Fast Build-Up,Mechelen,69.0,70.0,69.0,68.0,26.0,Balanced,46.666666666666664,40.0,40.0
B1,2020-02-29,Waasland-Beveren,Anderlecht,0,3,A,6.0,8.0,5.0,4.0,16.0,12.0,3.0,10.0,0.0,2.0,0.0,0.0,4.75,4.0,1.66,17,2,2020,2,29,19,0,7,Away Win,Away Win,2019-2020,Waasland-Beveren,65.0,66.0,65.0,64.0,24.0,Long Ball,Anderlecht,72.0,72.0,72.0,71.0,29.0,Balanced,40.0,0.0,66.66666666666666
B1,2020-02-29,Eupen,Mouscron,2,1,H,8.0,3.0,4.0,2.0,13.0,16.0,3.0,4.0,3.0,0.0,0.0,0.0,2.05,3.6,3.3,19,1,2020,2,29,6,11,7,Home Win,Home Win,2019-2020,Eupen,65.0,65.0,65.0,64.0,26.0,Balanced,Mouscron,64.0,65.0,64.0,63.0,25.0,Long Ball,46.666666666666664,40.0,40.0
B1,2020-02-29,Waregem,Kortrijk,2,2,D,9.0,17.0,6.0,7.0,11.0,11.0,6.0,4.0,2.0,1.0,0.0,0.0,2.25,3.6,2.9,19,0,2020,2,29,20,9,7,Draw,Draw,2019-2020,Waregem,68.0,69.0,68.0,67.0,28.0,Balanced,,69.64389067524115,70.3330689928628,69.83108643933386,68.45757335448057,26.94528152260111,Balanced,60.0,26.666666666666668,66.66666666666666
B1,2020-02-29,Antwerp,Oostende,3,1,H,8.0,7.0,6.0,3.0,11.0,10.0,2.0,6.0,0.0,2.0,0.0,0.0,1.4,4.75,7.0,19,1,2020,2,29,1,12,7,Home Win,Home Win,2019-2020,Antwerp,71.0,72.0,71.0,70.0,28.0,Long Ball,Oostende,67.0,68.0,67.0,66.0,27.0,Long Ball,60.0,33.33333333333333,26.666666666666668
B1,2020-03-01,Genk,Club Brugge,1,2,A,7.0,10.0,7.0,5.0,15.0,22.0,5.0,4.0,2.0,4.0,0.0,0.0,4.2,3.75,1.8,13,2,2020,3,1,7,5,1,Away Win,Away Win,2019-2020,Genk,72.0,72.0,72.0,70.0,25.0,Balanced,Club Brugge,75.0,74.0,76.0,72.0,28.0,Balanced,60.0,46.666666666666664,73.33333333333333
B1,2020-03-01,Charleroi,Standard,2,0,H,10.0,4.0,6.0,1.0,7.0,19.0,9.0,7.0,1.0,4.0,0.0,0.0,2.37,3.4,2.9,17,1,2020,3,1,4,18,1,Home Win,Home Win,2019-2020,Charleroi,70.0,71.0,70.0,69.0,27.0,Fast Build-Up,,69.64389067524115,70.3330689928628,69.83108643933386,68.45757335448057,26.94528152260111,Balanced,86.66666666666667,46.666666666666664,66.66666666666666
B1,2020-03-01,Cercle Brugge,Gent,1,0,H,6.0,15.0,2.0,9.0,9.0,9.0,4.0,4.0,2.0,1.0,0.0,0.0,3.6,3.5,2.0,19,1,2020,3,1,3,8,1,Home Win,Home Win,2019-2020,Cercle Brugge,66.0,67.0,66.0,65.0,25.0,Balanced,Gent,74.0,75.0,74.0,71.0,27.0,Balanced,40.0,60.0,86.66666666666667
B1,2020-03-07,Anderlecht,Waregem,7,0,H,11.0,8.0,8.0,4.0,11.0,11.0,4.0,3.0,2.0,2.0,0.0,0.0,1.4,4.5,8.0,19,1,2020,3,7,0,20,7,Home Win,Home Win,2019-2020,Anderlecht,72.0,72.0,72.0,71.0,29.0,Balanced,Waregem,68.0,69.0,68.0,67.0,28.0,Balanced,66.66666666666666,66.66666666666666,33.33333333333333
B1,2020-03-07,Club Brugge,Cercle Brugge,2,1,H,15.0,6.0,5.0,4.0,16.0,8.0,5.0,4.0,0.0,0.0,0.0,0.0,1.33,5.0,8.0,19,1,2020,3,7,5,3,7,Home Win,Home Win,2019-2020,Club Brugge,75.0,74.0,76.0,72.0,28.0,Balanced,Cercle Brugge,66.0,67.0,66.0,65.0,25.0,Balanced,100.0,86.66666666666667,80.0
B1,2020-03-07,Gent,Charleroi,1,4,A,5.0,14.0,5.0,8.0,16.0,12.0,3.0,4.0,3.0,1.0,1.0,0.0,1.8,3.75,4.33,19,2,2020,3,7,8,4,7,Away Win,Away Win,2019-2020,Gent,74.0,75.0,74.0,71.0,27.0,Balanced,Charleroi,70.0,71.0,70.0,69.0,27.0,Fast Build-Up,73.33333333333333,66.66666666666666,66.66666666666666
B1,2020-03-07,Kortrijk,Antwerp,0,1,A,10.0,12.0,4.0,5.0,17.0,12.0,6.0,7.0,3.0,0.0,0.0,0.0,2.8,3.6,2.3,19,2,2020,3,7,9,1,7,Away Win,Away Win,2019-2020,,69.65567176186646,70.34285714285714,69.84285714285714,68.46746031746032,26.95,Balanced,Antwerp,71.0,72.0,71.0,70.0,28.0,Long Ball,46.666666666666664,66.66666666666666,33.33333333333333
B1,2020-03-07,Mechelen,Eupen,1,1,D,20.0,4.0,8.0,1.0,12.0,9.0,8.0,2.0,0.0,2.0,0.0,0.0,1.45,4.0,7.5,19,0,2020,3,7,10,6,7,Draw,Draw,2019-2020,Mechelen,69.0,70.0,69.0,68.0,26.0,Balanced,Eupen,65.0,65.0,65.0,64.0,26.0,Balanced,60.0,60.0,40.0
B1,2020-03-07,Mouscron,Waasland-Beveren,1,0,H,10.0,8.0,6.0,1.0,12.0,12.0,8.0,2.0,3.0,3.0,0.0,0.0,2.05,3.5,3.5,19,1,2020,3,7,11,19,7,Home Win,Home Win,2019-2020,Mouscron,64.0,65.0,64.0,63.0,25.0,Long Ball,Waasland-Beveren,65.0,66.0,65.0,64.0,24.0,Long Ball,26.666666666666668,40.0,0.0
B1,2020-03-07,Oostende,Genk,2,4,A,7.0,12.0,4.0,8.0,11.0,15.0,3.0,6.0,2.0,1.0,1.0,0.0,3.4,3.6,2.0,19,2,2020,3,7,12,7,7,Away Win,Away Win,2019-2020,Oostende,67.0,68.0,67.0,66.0,27.0,Long Ball,Genk,72.0,72.0,72.0,70.0,25.0,Balanced,46.666666666666664,26.666666666666668,46.666666666666664
B1,2020-03-07,Standard,St Truiden,0,0,D,7.0,9.0,3.0,5.0,14.0,21.0,4.0,4.0,0.0,4.0,1.0,0.0,1.36,5.0,8.5,19,0,2020,3,7,18,16,7,Draw,Draw,2019-2020,,69.65567176186646,70.34285714285714,69.84285714285714,68.46746031746032,26.95,Balanced,St Truiden,67.0,67.0,67.0,66.0,26.0,Fast Build-Up,53.333333333333336,46.666666666666664,20.0
B1,2020-08-08,Club Brugge,Charleroi,0,1,A,17.0,6.0,5.0,4.0,10.0,11.0,10.0,2.0,2.0,3.0,0.0,0.0,1.5,3.8,6.0,15,2,2020,8,8,5,4,7,Away Win,Away Win,2020-2021,Club Brugge,76.0,75.0,77.0,73.0,28.0,Balanced,Charleroi,71.0,72.0,71.0,69.0,27.0,Fast Build-Up,100.0,86.66666666666667,66.66666666666666
B1,2020-08-08,Antwerp,Mouscron,1,1,D,12.0,4.0,9.0,2.0,8.0,5.0,7.0,3.0,2.0,1.0,0.0,0.0,1.3,5.0,10.0,18,0,2020,8,8,1,11,7,Draw,Draw,2020-2021,Antwerp,72.0,73.0,72.0,70.0,28.0,Long Ball,Mouscron,65.0,66.0,65.0,63.0,25.0,Long Ball,60.0,53.333333333333336,60.0
B1,2020-08-08,Standard,Cercle Brugge,1,0,H,11.0,6.0,8.0,1.0,10.0,11.0,5.0,4.0,1.0,1.0,0.0,0.0,1.4,4.5,6.5,18,1,2020,8,8,18,3,7,Home Win,Home Win,2020-2021,,69.65567176186646,70.34285714285714,69.84285714285714,68.46746031746032,26.95,Balanced,Cercle Brugge,67.0,68.0,67.0,65.0,25.0,Balanced,53.333333333333336,53.333333333333336,80.0
B1,2020-08-09,St Truiden,Gent,2,1,H,11.0,13.0,8.0,2.0,19.0,13.0,6.0,3.0,2.0,2.0,0.0,0.0,4.5,3.8,1.65,12,1,2020,8,9,16,8,1,Home Win,Home Win,2020-2021,St Truiden,68.0,68.0,68.0,66.0,26.0,Fast Build-Up,Gent,75.0,76.0,75.0,72.0,27.0,Balanced,46.666666666666664,26.666666666666668,46.666666666666664
B1,2020-08-09,Waregem,Genk,1,2,A,8.0,15.0,6.0,4.0,15.0,16.0,9.0,8.0,3.0,1.0,0.0,0.0,3.75,3.6,1.9,15,2,2020,8,9,20,7,1,Away Win,Away Win,2020-2021,Waregem,69.0,70.0,69.0,67.0,28.0,Balanced,Genk,73.0,73.0,73.0,71.0,25.0,Balanced,46.666666666666664,13.333333333333334,46.666666666666664
B1,2020-08-09,Mechelen,Anderlecht,2,2,D,10.0,7.0,4.0,2.0,21.0,17.0,2.0,7.0,3.0,3.0,0.0,0.0,4.5,3.5,1.8,17,0,2020,8,9,10,0,1,Draw,Draw,2020-2021,Mechelen,70.0,71.0,70.0,68.0,26.0,Balanced,Anderlecht,73.0,73.0,73.0,71.0,29.0,Balanced,46.666666666666664,66.66666666666666,66.66666666666666
B1,2020-08-09,Kortrijk,Waasland-Beveren,1,3,A,11.0,8.0,4.0,6.0,15.0,14.0,4.0,1.0,2.0,4.0,0.0,0.0,1.6,3.8,4.75,19,2,2020,8,9,9,19,1,Away Win,Away Win,2020-2021,,69.65567176186646,70.34285714285714,69.84285714285714,68.46746031746032,26.95,Balanced,Waasland-Beveren,66.0,67.0,66.0,64.0,24.0,Long Ball,46.666666666666664,46.666666666666664,0.0
B1,2020-08-10,Oud-Heverlee Leuven,Eupen,1,1,D,4.0,16.0,3.0,6.0,12.0,11.0,5.0,8.0,1.0,2.0,0.0,0.0,2.3,3.4,3.0,18,0,2020,8,10,13,6,2,Draw,Draw,2020-2021,,69.65567176186646,70.34285714285714,69.84285714285714,68.46746031746032,26.95,Balanced,Eupen,66.0,66.0,66.0,64.0,26.0,Balanced,,,26.666666666666668
B1,2020-08-10,Oostende,Beerschot VA,1,2,A,6.0,6.0,2.0,5.0,18.0,12.0,12.0,7.0,3.0,2.0,0.0,0.0,2.3,3.4,3.0,18,2,2020,8,10,12,2,2,Away Win,Away Win,2020-2021,Oostende,68.0,69.0,68.0,66.0,27.0,Long Ball,,69.64389067524115,70.3330689928628,69.83108643933386,68.45757335448057,26.94528152260111,Balanced,26.666666666666668,6.666666666666667,
B1,2020-08-14,Mouscron,Mechelen,0,1,A,9.0,7.0,1.0,4.0,9.0,18.0,5.0,5.0,3.0,3.0,0.0,0.0,3.5,3.4,2.05,18,2,2020,8,14,11,10,6,Away Win,Away Win,2020-2021,Mouscron,65.0,66.0,65.0,63.0,25.0,Long Ball,Mechelen,70.0,71.0,70.0,68.0,26.0,Balanced,40.0,46.666666666666664,73.33333333333333
B1,2020-08-15,Genk,Oud-Heverlee Leuven,1,1,D,20.0,10.0,4.0,4.0,11.0,11.0,7.0,1.0,1.0,1.0,0.0,0.0,1.25,6.0,12.0,15,0,2020,8,15,7,13,7,Draw,Draw,2020-2021,Genk,73.0,73.0,73.0,71.0,25.0,Balanced,,69.64389067524115,70.3330689928628,69.83108643933386,68.45757335448057,26.94528152260111,Balanced,60.0,60.0,33.33333333333333
B1,2020-08-15,Charleroi,Oostende,1,0,H,14.0,8.0,2.0,0.0,14.0,19.0,8.0,7.0,1.0,2.0,0.0,0.0,1.4,4.2,8.5,18,1,2020,8,15,4,12,7,Home Win,Home Win,2020-2021,Charleroi,71.0,72.0,71.0,69.0,27.0,Fast Build-Up,Oostende,68.0,69.0,68.0,66.0,27.0,Long Ball,86.66666666666667,66.66666666666666,6.666666666666667
B1,2020-08-15,Gent,Kortrijk,1,2,A,23.0,10.0,12.0,5.0,6.0,12.0,6.0,5.0,0.0,1.0,0.0,0.0,1.36,4.75,8.0,18,2,2020,8,15,8,9,7,Away Win,Away Win,2020-2021,Gent,75.0,76.0,75.0,72.0,27.0,Balanced,,69.64389067524115,70.3330689928628,69.83108643933386,68.45757335448057,26.94528152260111,Balanced,66.66666666666666,40.0,26.666666666666668
B1,2020-08-16,Cercle Brugge,Antwerp,2,1,H,11.0,8.0,5.0,3.0,17.0,14.0,5.0,2.0,1.0,1.0,0.0,0.0,3.8,3.8,1.85,12,1,2020,8,16,3,1,1,Home Win,Home Win,2020-2021,Cercle Brugge,67.0,68.0,67.0,65.0,25.0,Balanced,Antwerp,72.0,73.0,72.0,70.0,28.0,Long Ball,60.0,60.0,53.333333333333336
B1,2020-08-16,Beerschot VA,Waregem,3,1,H,17.0,6.0,6.0,1.0,9.0,11.0,3.0,5.0,3.0,2.0,0.0,0.0,2.4,3.4,2.8,15,1,2020,8,16,2,20,1,Home Win,Home Win,2020-2021,,69.65567176186646,70.34285714285714,69.84285714285714,68.46746031746032,26.95,Balanced,Waregem,69.0,70.0,69.0,67.0,28.0,Balanced,,100.0,13.333333333333334
B1,2020-08-16,Eupen,Club Brugge,0,4,A,13.0,11.0,1.0,5.0,13.0,10.0,6.0,6.0,0.0,0.0,0.0,0.0,8.5,4.5,1.36,15,2,2020,8,16,6,5,1,Away Win,Away Win,2020-2021,Eupen,66.0,66.0,66.0,64.0,26.0,Balanced,Club Brugge,76.0,75.0,77.0,73.0,28.0,Balanced,46.666666666666664,33.33333333333333,80.0
B1,2020-08-16,Anderlecht,St Truiden,3,1,H,15.0,3.0,6.0,1.0,15.0,13.0,2.0,1.0,2.0,0.0,0.0,1.0,1.4,4.5,7.5,17,1,2020,8,16,0,16,1,Home Win,Home Win,2020-2021,Anderlecht,73.0,73.0,73.0,71.0,29.0,Balanced,St Truiden,68.0,68.0,68.0,66.0,26.0,Fast Build-Up,80.0,66.66666666666666,26.666666666666668
B1,2020-08-17,Waasland-Beveren,Standard,1,2,A,5.0,17.0,3.0,8.0,19.0,18.0,4.0,8.0,3.0,3.0,0.0,0.0,5.5,4.0,1.57,18,2,2020,8,17,19,18,2,Away Win,Away Win,2020-2021,Waasland-Beveren,66.0,67.0,66.0,64.0,24.0,Long Ball,,69.64389067524115,70.3330689928628,69.83108643933386,68.45757335448057,26.94528152260111,Balanced,40.0,20.0,66.66666666666666
B1,2020-08-21,Kortrijk,Eupen,0,0,D,6.0,16.0,1.0,6.0,7.0,19.0,1.0,5.0,2.0,2.0,0.0,0.0,2.3,3.5,2.9,18,0,2020,8,21,9,6,6,Draw,Draw,2020-2021,,69.65567176186646,70.34285714285714,69.84285714285714,68.46746031746032,26.95,Balanced,Eupen,66.0,66.0,66.0,64.0,26.0,Balanced,26.666666666666668,26.666666666666668,33.33333333333333
B1,2020-08-22,Waregem,Waasland-Beveren,4,1,H,23.0,6.0,9.0,2.0,16.0,10.0,7.0,2.0,3.0,1.0,0.0,0.0,1.66,4.0,4.75,15,1,2020,8,22,20,19,7,Home Win,Home Win,2020-2021,Waregem,69.0,70.0,69.0,67.0,28.0,Balanced,Waasland-Beveren,66.0,67.0,66.0,64.0,24.0,Long Ball,26.666666666666668,13.333333333333334,20.0
B1,2020-08-22,Mechelen,Cercle Brugge,2,3,A,21.0,11.0,8.0,4.0,14.0,13.0,6.0,8.0,4.0,2.0,0.0,0.0,1.8,3.75,4.33,17,2,2020,8,22,10,3,7,Away Win,Away Win,2020-2021,Mechelen,70.0,71.0,70.0,68.0,26.0,Balanced,Cercle Brugge,67.0,68.0,67.0,65.0,25.0,Balanced,53.333333333333336,73.33333333333333,60.0
B1,2020-08-22,Oud-Heverlee Leuven,Charleroi,1,3,A,8.0,11.0,2.0,5.0,10.0,18.0,6.0,5.0,1.0,4.0,0.0,1.0,4.0,3.8,1.72,17,2,2020,8,22,13,4,7,Away Win,Away Win,2020-2021,,69.65567176186646,70.34285714285714,69.84285714285714,68.46746031746032,26.95,Balanced,Charleroi,71.0,72.0,71.0,69.0,27.0,Fast Build-Up,33.33333333333333,33.33333333333333,80.0
B1,2020-08-22,Antwerp,Gent,1,0,H,6.0,17.0,4.0,5.0,10.0,13.0,3.0,6.0,0.0,0.0,0.0,0.0,2.6,3.4,2.6,19,1,2020,8,22,1,8,7,Home Win,Home Win,2020-2021,Antwerp,72.0,73.0,72.0,70.0,28.0,Long Ball,Gent,75.0,76.0,75.0,72.0,27.0,Balanced,60.0,46.666666666666664,20.0
B1,2020-08-23,Standard,Genk,0,0,D,12.0,10.0,1.0,3.0,18.0,12.0,6.0,5.0,6.0,2.0,1.0,0.0,2.2,3.4,3.2,12,0,2020,8,23,18,7,1,Draw,Draw,2020-2021,,69.65567176186646,70.34285714285714,69.84285714285714,68.46746031746032,26.95,Balanced,Genk,73.0,73.0,73.0,71.0,25.0,Balanced,73.33333333333333,66.66666666666666,66.66666666666666
B1,2020-08-23,Club Brugge,Beerschot VA,0,1,A,19.0,6.0,7.0,2.0,16.0,9.0,5.0,1.0,1.0,0.0,0.0,0.0,1.3,5.5,9.0,15,2,2020,8,23,5,2,1,Away Win,Away Win,2020-2021,Club Brugge,76.0,75.0,77.0,73.0,28.0,Balanced,,69.64389067524115,70.3330689928628,69.83108643933386,68.45757335448057,26.94528152260111,Balanced,80.0,80.0,100.0
B1,2020-08-23,Anderlecht,Mouscron,1,1,D,16.0,7.0,5.0,2.0,16.0,14.0,12.0,2.0,2.0,2.0,0.0,1.0,1.36,4.33,8.5,17,0,2020,8,23,0,11,1,Draw,Draw,2020-2021,Anderlecht,73.0,73.0,73.0,71.0,29.0,Balanced,Mouscron,65.0,66.0,65.0,63.0,25.0,Long Ball,80.0,86.66666666666667,26.666666666666668
B1,2020-08-24,St Truiden,Oostende,0,0,D,9.0,13.0,1.0,2.0,12.0,26.0,4.0,5.0,1.0,7.0,1.0,1.0,2.1,3.5,3.3,19,0,2020,8,24,16,12,2,Draw,Draw,2020-2021,St Truiden,68.0,68.0,68.0,66.0,26.0,Fast Build-Up,Oostende,68.0,69.0,68.0,66.0,27.0,Long Ball,60.0,26.666666666666668,6.666666666666667
B1,2020-08-28,Oostende,Anderlecht,2,2,D,11.0,13.0,5.0,5.0,12.0,14.0,5.0,4.0,3.0,3.0,0.0,0.0,3.5,3.75,1.95,19,0,2020,8,28,12,0,6,Draw,Draw,2020-2021,Oostende,68.0,69.0,68.0,66.0,27.0,Long Ball,Anderlecht,73.0,73.0,73.0,71.0,29.0,Balanced,26.666666666666668,6.666666666666667,73.33333333333333
B1,2020-08-29,Eupen,St Truiden,1,1,D,5.0,17.0,3.0,4.0,25.0,14.0,4.0,5.0,4.0,4.0,1.0,0.0,2.0,3.5,3.6,15,0,2020,8,29,6,16,7,Draw,Draw,2020-2021,Eupen,66.0,66.0,66.0,64.0,26.0,Balanced,St Truiden,68.0,68.0,68.0,66.0,26.0,Fast Build-Up,46.666666666666664,40.0,33.33333333333333
B1,2020-08-29,Cercle Brugge,Kortrijk,0,1,A,9.0,11.0,1.0,2.0,18.0,16.0,5.0,11.0,2.0,3.0,0.0,0.0,2.25,3.5,2.9,17,2,2020,8,29,3,9,7,Away Win,Away Win,2020-2021,Cercle Brugge,67.0,68.0,67.0,65.0,25.0,Balanced,,69.64389067524115,70.3330689928628,69.83108643933386,68.45757335448057,26.94528152260111,Balanced,60.0,60.0,33.33333333333333
B1,2020-08-29,Waasland-Beveren,Oud-Heverlee Leuven,1,3,A,16.0,12.0,4.0,7.0,12.0,15.0,4.0,6.0,1.0,1.0,1.0,0.0,2.5,3.5,2.62,17,2,2020,8,29,19,13,7,Away Win,Away Win,2020-2021,Waasland-Beveren,66.0,67.0,66.0,64.0,24.0,Long Ball,,69.64389067524115,70.3330689928628,69.83108643933386,68.45757335448057,26.94528152260111,Balanced,20.0,20.0,22.22222222222222
B1,2020-08-29,Mouscron,Waregem,0,1,A,8.0,9.0,3.0,2.0,14.0,10.0,5.0,4.0,2.0,1.0,0.0,0.0,2.87,3.4,2.37,19,2,2020,8,29,11,20,7,Away Win,Away Win,2020-2021,Mouscron,65.0,66.0,65.0,63.0,25.0,Long Ball,Waregem,69.0,70.0,69.0,67.0,28.0,Balanced,40.0,33.33333333333333,26.666666666666668
B1,2020-08-30,Genk,Club Brugge,1,2,A,10.0,14.0,2.0,5.0,18.0,15.0,1.0,5.0,4.0,3.0,0.0,0.0,2.8,3.6,2.3,12,2,2020,8,30,7,5,1,Away Win,Away Win,2020-2021,Genk,73.0,73.0,73.0,71.0,25.0,Balanced,Club Brugge,76.0,75.0,77.0,73.0,28.0,Balanced,46.666666666666664,53.333333333333336,60.0
B1,2020-08-30,Beerschot VA,Standard,0,3,A,20.0,14.0,5.0,8.0,14.0,12.0,7.0,5.0,3.0,1.0,0.0,0.0,2.9,3.5,2.25,15,2,2020,8,30,2,18,1,Away Win,Away Win,2020-2021,,69.65567176186646,70.34285714285714,69.84285714285714,68.46746031746032,26.95,Balanced,,69.64389067524115,70.3330689928628,69.83108643933386,68.45757335448057,26.94528152260111,Balanced,100.0,100.0,53.333333333333336
B1,2020-08-30,Charleroi,Antwerp,2,0,H,17.0,9.0,8.0,2.0,12.0,6.0,5.0,3.0,4.0,3.0,0.0,1.0,2.1,3.4,3.3,17,1,2020,8,30,4,1,1,Home Win,Home Win,2020-2021,Charleroi,71.0,72.0,71.0,69.0,27.0,Fast Build-Up,Antwerp,72.0,73.0,72.0,70.0,28.0,Long Ball,86.66666666666667,100.0,66.66666666666666
B1,2020-08-30,Gent,Mechelen,1,0,H,15.0,13.0,7.0,3.0,15.0,16.0,3.0,2.0,2.0,1.0,0.0,0.0,1.66,4.0,4.33,19,1,2020,8,30,8,10,1,Home Win,Home Win,2020-2021,Gent,75.0,76.0,75.0,72.0,27.0,Balanced,Mechelen,70.0,71.0,70.0,68.0,26.0,Balanced,46.666666666666664,0.0,53.333333333333336
B1,2020-09-11,Eupen,Gent,2,1,H,17.0,19.0,7.0,6.0,8.0,19.0,4.0,5.0,3.0,3.0,0.0,1.0,3.1,3.75,2.15,19,1,2020,9,11,6,8,6,Home Win,Home Win,2020-2021,Eupen,66.0,66.0,66.0,64.0,26.0,Balanced,Gent,75.0,76.0,75.0,72.0,27.0,Balanced,46.666666666666664,26.666666666666668,20.0
B1,2020-09-12,Mechelen,Oostende,0,1,A,4.0,11.0,0.0,3.0,19.0,16.0,5.0,10.0,5.0,2.0,0.0,0.0,1.8,3.75,4.2,15,2,2020,9,12,10,12,7,Away Win,Away Win,2020-2021,Mechelen,70.0,71.0,70.0,68.0,26.0,Balanced,Oostende,68.0,69.0,68.0,66.0,27.0,Long Ball,53.333333333333336,33.33333333333333,13.333333333333334
B1,2020-09-12,Oud-Heverlee Leuven,Standard,1,0,H,12.0,17.0,3.0,3.0,19.0,16.0,1.0,3.0,2.0,4.0,0.0,1.0,5.0,3.8,1.65,17,1,2020,9,12,13,18,7,Home Win,Home Win,2020-2021,,69.65567176186646,70.34285714285714,69.84285714285714,68.46746031746032,26.95,Balanced,,69.64389067524115,70.3330689928628,69.83108643933386,68.45757335448057,26.94528152260111,Balanced,16.666666666666664,41.66666666666667,73.33333333333333
B1,2020-09-12,Club Brugge,Waasland-Beveren,4,1,H,18.0,7.0,9.0,4.0,17.0,4.0,5.0,2.0,1.0,2.0,0.0,0.0,1.16,7.5,13.0,19,1,2020,9,12,5,19,7,Home Win,Home Win,2020-2021,Club Brugge,76.0,75.0,77.0,73.0,28.0,Balanced,Waasland-Beveren,66.0,67.0,66.0,64.0,24.0,Long Ball,60.0,60.0,20.0
B1,2020-09-13,Anderlecht,Cercle Brugge,2,0,H,15.0,8.0,6.0,1.0,11.0,20.0,7.0,3.0,1.0,4.0,0.0,0.0,1.44,4.5,6.5,12,1,2020,9,13,0,3,1,Home Win,Home Win,2020-2021,Anderlecht,73.0,73.0,73.0,71.0,29.0,Balanced,Cercle Brugge,67.0,68.0,67.0,65.0,25.0,Balanced,86.66666666666667,60.0,40.0
B1,2020-09-13,St Truiden,Antwerp,2,3,A,10.0,14.0,3.0,6.0,15.0,16.0,3.0,4.0,3.0,4.0,1.0,1.0,4.0,3.8,1.8,15,2,2020,9,13,16,1,1,Away Win,Away Win,2020-2021,St Truiden,68.0,68.0,68.0,66.0,26.0,Fast Build-Up,Antwerp,72.0,73.0,72.0,70.0,28.0,Long Ball,46.666666666666664,40.0,46.666666666666664
B1,2020-09-13,Waregem,Charleroi,0,2,A,8.0,11.0,1.0,4.0,13.0,12.0,3.0,2.0,0.0,1.0,0.0,0.0,3.5,3.6,2.0,17,2,2020,9,13,20,4,1,Away Win,Away Win,2020-2021,Waregem,69.0,70.0,69.0,67.0,28.0,Balanced,Charleroi,71.0,72.0,71.0,69.0,27.0,Fast Build-Up,46.666666666666664,40.0,100.0
B1,2020-09-13,Kortrijk,Mouscron,3,0,H,17.0,9.0,8.0,2.0,15.0,9.0,8.0,1.0,2.0,2.0,0.0,2.0,1.85,3.8,3.8,19,1,2020,9,13,9,11,1,Home Win,Home Win,2020-2021,,69.65567176186646,70.34285714285714,69.84285714285714,68.46746031746032,26.95,Balanced,Mouscron,65.0,66.0,65.0,63.0,25.0,Long Ball,26.666666666666668,46.666666666666664,33.33333333333333
B1,2020-09-14,Beerschot VA,Genk,5,2,H,12.0,6.0,7.0,3.0,16.0,17.0,5.0,3.0,0.0,4.0,0.0,2.0,3.25,3.75,2.05,19,1,2020,9,14,2,7,2,Home Win,Home Win,2020-2021,,69.65567176186646,70.34285714285714,69.84285714285714,68.46746031746032,26.95,Balanced,Genk,73.0,73.0,73.0,71.0,25.0,Balanced,50.0,75.0,53.333333333333336
B1,2020-09-18,Charleroi,Beerschot VA,3,1,H,14.0,11.0,4.0,2.0,11.0,11.0,7.0,1.0,0.0,1.0,0.0,0.0,1.66,3.75,5.0,19,1,2020,9,18,4,2,6,Home Win,Home Win,2020-2021,Charleroi,71.0,72.0,71.0,69.0,27.0,Fast Build-Up,,69.64389067524115,70.3330689928628,69.83108643933386,68.45757335448057,26.94528152260111,Balanced,100.0,100.0,80.0
B1,2020-09-19,Oostende,Oud-Heverlee Leuven,3,1,H,17.0,15.0,4.0,6.0,19.0,11.0,11.0,2.0,4.0,2.0,0.0,0.0,2.0,3.5,3.6,15,1,2020,9,19,12,13,7,Home Win,Home Win,2020-2021,Oostende,68.0,69.0,68.0,66.0,27.0,Long Ball,,69.64389067524115,70.3330689928628,69.83108643933386,68.45757335448057,26.94528152260111,Balanced,13.333333333333334,33.33333333333333,53.333333333333336
B1,2020-09-19,Mouscron,Gent,0,1,A,15.0,14.0,3.0,7.0,12.0,5.0,11.0,3.0,3.0,0.0,0.0,0.0,4.33,3.75,1.75,17,2,2020,9,19,11,8,7,Away Win,Away Win,2020-2021,Mouscron,65.0,66.0,65.0,63.0,25.0,Long Ball,Gent,75.0,76.0,75.0,72.0,27.0,Balanced,40.0,13.333333333333334,20.0
B1,2020-09-19,Waasland-Beveren,Anderlecht,2,4,A,14.0,17.0,6.0,7.0,16.0,11.0,5.0,7.0,4.0,1.0,0.0,0.0,6.25,4.2,1.5,19,2,2020,9,19,19,0,7,Away Win,Away Win,2020-2021,Waasland-Beveren,66.0,67.0,66.0,64.0,24.0,Long Ball,Anderlecht,73.0,73.0,73.0,71.0,29.0,Balanced,0.0,20.0,60.0
B1,2020-09-20,Waregem,Club Brugge,0,6,A,9.0,14.0,4.0,7.0,10.0,12.0,2.0,4.0,1.0,1.0,0.0,0.0,6.25,4.2,1.5,12,2,2020,9,20,20,5,1,Away Win,Away Win,2020-2021,Waregem,69.0,70.0,69.0,67.0,28.0,Balanced,Club Brugge,76.0,75.0,77.0,73.0,28.0,Balanced,26.666666666666668,40.0,60.0
B1,2020-09-20,Standard,Kortrijk,2,1,H,16.0,2.0,5.0,1.0,17.0,21.0,6.0,3.0,0.0,3.0,0.0,0.0,1.53,4.33,5.5,15,1,2020,9,20,18,9,1,Home Win,Home Win,2020-2021,,69.65567176186646,70.34285714285714,69.84285714285714,68.46746031746032,26.95,Balanced,,69.64389067524115,70.3330689928628,69.83108643933386,68.45757335448057,26.94528152260111,Balanced,60.0,66.66666666666666,66.66666666666666
B1,2020-09-20,Genk,Mechelen,3,1,H,11.0,18.0,4.0,5.0,11.0,17.0,1.0,4.0,0.0,1.0,0.0,0.0,1.61,4.2,4.75,17,1,2020,9,20,7,10,1,Home Win,Home Win,2020-2021,Genk,73.0,73.0,73.0,71.0,25.0,Balanced,Mechelen,70.0,71.0,70.0,68.0,26.0,Balanced,26.666666666666668,33.33333333333333,26.666666666666668
B1,2020-09-20,Antwerp,Eupen,2,2,D,16.0,11.0,5.0,3.0,6.0,15.0,9.0,4.0,2.0,6.0,0.0,0.0,1.65,4.2,4.75,19,0,2020,9,20,1,6,1,Draw,Draw,2020-2021,Antwerp,72.0,73.0,72.0,70.0,28.0,Long Ball,Eupen,66.0,66.0,66.0,64.0,26.0,Balanced,60.0,46.666666666666664,40.0
B1,2020-09-21,Cercle Brugge,St Truiden,3,0,H,13.0,14.0,6.0,2.0,15.0,17.0,5.0,4.0,1.0,3.0,0.0,0.0,2.05,3.6,3.3,19,1,2020,9,21,3,16,2,Home Win,Home Win,2020-2021,Cercle Brugge,67.0,68.0,67.0,65.0,25.0,Balanced,St Truiden,68.0,68.0,68.0,66.0,26.0,Fast Build-Up,60.0,40.0,33.33333333333333
B1,2020-09-25,Kortrijk,Antwerp,1,3,A,15.0,14.0,5.0,3.0,24.0,6.0,6.0,2.0,2.0,0.0,0.0,0.0,3.1,3.6,2.2,19,2,2020,9,25,9,1,6,Away Win,Away Win,2020-2021,,69.65567176186646,70.34285714285714,69.84285714285714,68.46746031746032,26.95,Balanced,Antwerp,72.0,73.0,72.0,70.0,28.0,Long Ball,26.666666666666668,66.66666666666666,46.666666666666664
B1,2020-09-26,Beerschot VA,Waasland-Beveren,3,2,H,19.0,5.0,6.0,3.0,16.0,9.0,10.0,0.0,1.0,2.0,0.0,0.0,1.45,4.5,6.5,15,1,2020,9,26,2,19,7,Home Win,Home Win,2020-2021,,69.65567176186646,70.34285714285714,69.84285714285714,68.46746031746032,26.95,Balanced,Waasland-Beveren,66.0,67.0,66.0,64.0,24.0,Long Ball,66.66666666666666,60.0,0.0
B1,2020-09-26,Mechelen,St Truiden,2,0,H,13.0,7.0,5.0,2.0,16.0,16.0,3.0,6.0,3.0,6.0,0.0,0.0,1.75,4.0,4.2,17,1,2020,9,26,10,16,7,Home Win,Home Win,2020-2021,Mechelen,70.0,71.0,70.0,68.0,26.0,Balanced,St Truiden,68.0,68.0,68.0,66.0,26.0,Fast Build-Up,33.33333333333333,20.0,13.333333333333334
B1,2020-09-26,Gent,Oud-Heverlee Leuven,2,3,A,24.0,10.0,6.0,3.0,10.0,11.0,8.0,4.0,2.0,3.0,0.0,0.0,1.44,4.75,6.0,19,2,2020,9,26,8,13,7,Away Win,Away Win,2020-2021,Gent,75.0,76.0,75.0,72.0,27.0,Balanced,,69.64389067524115,70.3330689928628,69.83108643933386,68.45757335448057,26.94528152260111,Balanced,46.666666666666664,40.0,46.666666666666664
B1,2020-09-27,Standard,Waregem,2,2,D,16.0,5.0,4.0,2.0,11.0,26.0,7.0,2.0,2.0,3.0,0.0,0.0,1.5,4.0,7.0,12,0,2020,9,27,18,20,1,Draw,Draw,2020-2021,,69.65567176186646,70.34285714285714,69.84285714285714,68.46746031746032,26.95,Balanced,Waregem,69.0,70.0,69.0,67.0,28.0,Balanced,73.33333333333333,66.66666666666666,40.0
B1,2020-09-27,Anderlecht,Eupen,1,1,D,6.0,8.0,3.0,5.0,12.0,20.0,9.0,5.0,2.0,4.0,0.0,0.0,1.6,4.0,5.25,15,0,2020,9,27,0,6,1,Draw,Draw,2020-2021,Anderlecht,73.0,73.0,73.0,71.0,29.0,Balanced,Eupen,66.0,66.0,66.0,64.0,26.0,Balanced,86.66666666666667,73.33333333333333,40.0
B1,2020-09-27,Club Brugge,Cercle Brugge,2,1,H,21.0,10.0,5.0,1.0,10.0,10.0,8.0,5.0,1.0,2.0,0.0,0.0,1.2,6.0,12.0,17,1,2020,9,27,5,3,1,Home Win,Home Win,2020-2021,Club Brugge,76.0,75.0,77.0,73.0,28.0,Balanced,Cercle Brugge,67.0,68.0,67.0,65.0,25.0,Balanced,60.0,80.0,60.0
B1,2020-09-27,Mouscron,Charleroi,1,1,D,7.0,19.0,2.0,6.0,6.0,6.0,0.0,6.0,1.0,1.0,0.0,0.0,5.0,3.6,1.72,19,0,2020,9,27,11,4,1,Draw,Draw,2020-2021,Mouscron,65.0,66.0,65.0,63.0,25.0,Long Ball,Charleroi,71.0,72.0,71.0,69.0,27.0,Fast Build-Up,20.0,6.666666666666667,100.0
B1,2020-09-28,Genk,Oostende,2,2,D,11.0,17.0,5.0,11.0,7.0,22.0,6.0,5.0,1.0,5.0,1.0,0.0,1.5,4.33,6.0,19,0,2020,9,28,7,12,2,Draw,Draw,2020-2021,Genk,73.0,73.0,73.0,71.0,25.0,Balanced,Oostende,68.0,69.0,68.0,66.0,27.0,Long Ball,26.666666666666668,33.33333333333333,53.333333333333336
B1,2020-10-02,Antwerp,Mechelen,4,1,H,11.0,15.0,6.0,5.0,8.0,13.0,4.0,6.0,1.0,2.0,0.0,0.0,1.83,4.0,3.75,19,1,2020,10,2,1,10,6,Home Win,Home Win,2020-2021,Antwerp,72.0,73.0,72.0,70.0,28.0,Long Ball,Mechelen,70.0,71.0,70.0,68.0,26.0,Balanced,60.0,66.66666666666666,20.0
B1,2020-10-03,Waasland-Beveren,Genk,1,1,D,18.0,13.0,8.0,2.0,10.0,12.0,4.0,6.0,3.0,3.0,0.0,0.0,5.25,4.75,1.45,15,0,2020,10,3,19,7,7,Draw,Draw,2020-2021,Waasland-Beveren,66.0,67.0,66.0,64.0,24.0,Long Ball,Genk,73.0,73.0,73.0,71.0,25.0,Balanced,0.0,0.0,33.33333333333333
B1,2020-10-03,Eupen,Cercle Brugge,1,2,A,10.0,16.0,3.0,6.0,12.0,12.0,8.0,3.0,5.0,4.0,0.0,0.0,2.0,3.6,3.5,17,2,2020,10,3,6,3,7,Away Win,Away Win,2020-2021,Eupen,66.0,66.0,66.0,64.0,26.0,Balanced,Cercle Brugge,67.0,68.0,67.0,65.0,25.0,Balanced,46.666666666666664,46.666666666666664,40.0
B1,2020-10-03,Oud-Heverlee Leuven,Waregem,2,1,H,12.0,21.0,7.0,3.0,13.0,7.0,9.0,9.0,1.0,0.0,0.0,0.0,2.37,3.75,2.75,17,1,2020,10,3,13,20,7,Home Win,Home Win,2020-2021,,69.65567176186646,70.34285714285714,69.84285714285714,68.46746031746032,26.95,Balanced,Waregem,69.0,70.0,69.0,67.0,28.0,Balanced,44.44444444444444,60.0,46.666666666666664
B1,2020-10-03,St Truiden,Kortrijk,0,0,D,23.0,5.0,4.0,2.0,15.0,17.0,9.0,4.0,3.0,2.0,0.0,1.0,2.8,3.6,2.3,19,0,2020,10,3,16,9,7,Draw,Draw,2020-2021,St Truiden,68.0,68.0,68.0,66.0,26.0,Fast Build-Up,,69.64389067524115,70.3330689928628,69.83108643933386,68.45757335448057,26.94528152260111,Balanced,26.666666666666668,13.333333333333334,46.666666666666664
B1,2020-10-04,Club Brugge,Anderlecht,3,0,H,22.0,5.0,6.0,2.0,18.0,15.0,8.0,1.0,1.0,4.0,0.0,1.0,1.57,4.2,5.25,12,1,2020,10,4,5,0,1,Home Win,Home Win,2020-2021,Club Brugge,76.0,75.0,77.0,73.0,28.0,Balanced,Anderlecht,73.0,73.0,73.0,71.0,29.0,Balanced,60.0,80.0,60.0
B1,2020-10-04,Gent,Beerschot VA,5,1,H,22.0,20.0,6.0,7.0,11.0,13.0,6.0,5.0,1.0,1.0,0.0,0.0,1.75,3.8,4.33,15,1,2020,10,4,8,2,1,Home Win,Home Win,2020-2021,Gent,75.0,76.0,75.0,72.0,27.0,Balanced,,69.64389067524115,70.3330689928628,69.83108643933386,68.45757335448057,26.94528152260111,Balanced,40.0,40.0,60.0
B1,2020-10-04,Charleroi,Standard,1,2,A,7.0,10.0,2.0,5.0,8.0,12.0,7.0,8.0,2.0,3.0,0.0,0.0,2.2,3.6,3.0,17,2,2020,10,4,4,18,1,Away Win,Away Win,2020-2021,Charleroi,71.0,72.0,71.0,69.0,27.0,Fast Build-Up,,69.64389067524115,70.3330689928628,69.83108643933386,68.45757335448057,26.94528152260111,Balanced,100.0,86.66666666666667,53.333333333333336
B1,2020-10-04,Oostende,Mouscron,3,0,H,16.0,4.0,5.0,1.0,10.0,7.0,6.0,0.0,1.0,0.0,0.0,0.0,1.72,3.8,4.2,19,1,2020,10,4,12,11,1,Home Win,Home Win,2020-2021,Oostende,68.0,69.0,68.0,66.0,27.0,Long Ball,Mouscron,65.0,66.0,65.0,63.0,25.0,Long Ball,33.33333333333333,60.0,13.333333333333334
B1,2020-10-17,Cercle Brugge,Gent,5,2,H,14.0,17.0,9.0,6.0,7.0,12.0,5.0,9.0,0.0,0.0,0.0,0.0,3.25,4.0,2.0,15,1,2020,10,17,3,8,7,Home Win,Home Win,2020-2021,Cercle Brugge,67.0,68.0,67.0,65.0,25.0,Balanced,Gent,75.0,76.0,75.0,72.0,27.0,Balanced,80.0,40.0,60.0
B1,2020-10-17,Beerschot VA,St Truiden,6,3,H,15.0,12.0,7.0,5.0,14.0,16.0,4.0,4.0,0.0,4.0,0.0,0.0,1.66,4.0,4.33,17,1,2020,10,17,2,16,7,Home Win,Home Win,2020-2021,,69.65567176186646,70.34285714285714,69.84285714285714,68.46746031746032,26.95,Balanced,St Truiden,68.0,68.0,68.0,66.0,26.0,Fast Build-Up,75.0,40.0,13.333333333333334
B1,2020-10-17,Mechelen,Kortrijk,1,2,A,19.0,12.0,6.0,6.0,12.0,7.0,7.0,6.0,2.0,1.0,1.0,0.0,2.0,3.75,3.5,17,2,2020,10,17,10,9,7,Away Win,Away Win,2020-2021,Mechelen,70.0,71.0,70.0,68.0,26.0,Balanced,,69.64389067524115,70.3330689928628,69.83108643933386,68.45757335448057,26.94528152260111,Balanced,33.33333333333333,20.0,46.666666666666664
B1,2020-10-17,Standard,Club Brugge,1,1,D,13.0,9.0,4.0,3.0,11.0,16.0,8.0,5.0,2.0,3.0,0.0,0.0,3.5,3.5,2.0,19,0,2020,10,17,18,5,7,Draw,Draw,2020-2021,,69.65567176186646,70.34285714285714,69.84285714285714,68.46746031746032,26.95,Balanced,Club Brugge,76.0,75.0,77.0,73.0,28.0,Balanced,60.0,66.66666666666666,100.0
B1,2020-10-18,Waregem,Antwerp,1,3,A,15.0,22.0,6.0,12.0,6.0,9.0,3.0,9.0,1.0,1.0,0.0,0.0,3.2,3.6,2.0,12,2,2020,10,18,20,1,1,Away Win,Away Win,2020-2021,Waregem,69.0,70.0,69.0,67.0,28.0,Balanced,Antwerp,72.0,73.0,72.0,70.0,28.0,Long Ball,26.666666666666668,26.666666666666668,66.66666666666666
B1,2020-10-18,Mouscron,Eupen,0,2,A,17.0,13.0,6.0,6.0,9.0,15.0,5.0,4.0,3.0,1.0,0.0,0.0,3.0,3.6,2.2,15,2,2020,10,18,11,6,1,Away Win,Away Win,2020-2021,Mouscron,65.0,66.0,65.0,63.0,25.0,Long Ball,Eupen,66.0,66.0,66.0,64.0,26.0,Balanced,26.666666666666668,6.666666666666667,40.0
B1,2020-10-18,Genk,Charleroi,2,1,H,11.0,14.0,6.0,5.0,21.0,15.0,4.0,5.0,4.0,2.0,1.0,0.0,2.5,3.5,2.7,17,1,2020,10,18,7,4,1,Home Win,Home Win,2020-2021,Genk,73.0,73.0,73.0,71.0,25.0,Balanced,Charleroi,71.0,72.0,71.0,69.0,27.0,Fast Build-Up,33.33333333333333,33.33333333333333,66.66666666666666
B1,2020-10-18,Anderlecht,Oud-Heverlee Leuven,2,2,D,21.0,18.0,4.0,6.0,10.0,16.0,3.0,8.0,1.0,2.0,0.0,0.0,1.5,4.33,6.0,19,0,2020,10,18,0,13,1,Draw,Draw,2020-2021,Anderlecht,73.0,73.0,73.0,71.0,29.0,Balanced,,69.64389067524115,70.3330689928628,69.83108643933386,68.45757335448057,26.94528152260111,Balanced,73.33333333333333,53.333333333333336,80.0
B1,2020-10-23,Kortrijk,Anderlecht,1,3,A,14.0,16.0,3.0,7.0,10.0,20.0,4.0,3.0,0.0,2.0,0.0,0.0,3.5,3.6,2.0,19,2,2020,10,23,9,0,6,Away Win,Away Win,2020-2021,,69.65567176186646,70.34285714285714,69.84285714285714,68.46746031746032,26.95,Balanced,Anderlecht,73.0,73.0,73.0,71.0,29.0,Balanced,26.666666666666668,46.666666666666664,53.333333333333336
B1,2020-10-24,Oud-Heverlee Leuven,Club Brugge,2,1,H,12.0,20.0,6.0,10.0,14.0,14.0,4.0,4.0,2.0,3.0,0.0,0.0,6.5,4.5,1.45,19,1,2020,10,24,13,5,7,Home Win,Home Win,2020-2021,,69.65567176186646,70.34285714285714,69.84285714285714,68.46746031746032,26.95,Balanced,Club Brugge,76.0,75.0,77.0,73.0,28.0,Balanced,58.333333333333336,66.66666666666666,86.66666666666667
B1,2020-10-25,Antwerp,Beerschot VA,3,2,H,11.0,11.0,3.0,2.0,10.0,11.0,8.0,6.0,4.0,2.0,0.0,0.0,1.85,4.0,3.75,12,1,2020,10,25,1,2,1,Home Win,Home Win,2020-2021,Antwerp,72.0,73.0,72.0,70.0,28.0,Long Ball,,69.64389067524115,70.3330689928628,69.83108643933386,68.45757335448057,26.94528152260111,Balanced,73.33333333333333,86.66666666666667,60.0
B1,2020-10-25,Oostende,Waregem,3,0,H,15.0,22.0,9.0,4.0,14.0,13.0,4.0,10.0,1.0,1.0,0.0,0.0,1.83,3.75,4.0,15,1,2020,10,25,12,20,1,Home Win,Home Win,2020-2021,Oostende,68.0,69.0,68.0,66.0,27.0,Long Ball,Waregem,69.0,70.0,69.0,67.0,28.0,Balanced,46.666666666666664,73.33333333333333,6.666666666666667
B1,2020-10-25,St Truiden,Standard,2,0,H,9.0,10.0,2.0,4.0,12.0,13.0,4.0,3.0,1.0,1.0,0.0,0.0,4.5,4.0,1.75,17,1,2020,10,25,16,18,1,Home Win,Home Win,2020-2021,St Truiden,68.0,68.0,68.0,66.0,26.0,Fast Build-Up,,69.64389067524115,70.3330689928628,69.83108643933386,68.45757335448057,26.94528152260111,Balanced,33.33333333333333,6.666666666666667,53.333333333333336
B1,2020-10-26,Gent,Genk,1,2,A,16.0,8.0,6.0,3.0,15.0,10.0,8.0,3.0,1.0,2.0,0.0,0.0,1.85,3.8,3.75,19,2,2020,10,26,8,7,2,Away Win,Away Win,2020-2021,Gent,75.0,76.0,75.0,72.0,27.0,Balanced,Genk,73.0,73.0,73.0,71.0,25.0,Balanced,40.0,40.0,53.333333333333336
B1,2020-10-30,Genk,Eupen,4,0,H,14.0,15.0,8.0,4.0,12.0,12.0,3.0,6.0,1.0,2.0,0.0,0.0,1.8,3.8,3.75,19,1,2020,10,30,7,6,6,Home Win,Home Win,2020-2021,Genk,73.0,73.0,73.0,71.0,25.0,Balanced,Eupen,66.0,66.0,66.0,64.0,26.0,Balanced,53.333333333333336,73.33333333333333,53.333333333333336
B1,2020-10-31,Beerschot VA,Oud-Heverlee Leuven,4,2,H,18.0,18.0,9.0,5.0,19.0,11.0,7.0,5.0,5.0,1.0,0.0,0.0,1.83,4.0,3.6,15,1,2020,10,31,2,13,7,Home Win,Home Win,2020-2021,,69.65567176186646,70.34285714285714,69.84285714285714,68.46746031746032,26.95,Balanced,,69.64389067524115,70.3330689928628,69.83108643933386,68.45757335448057,26.94528152260111,Balanced,80.0,40.0,66.66666666666666
B1,2020-10-31,Charleroi,Cercle Brugge,3,0,H,20.0,9.0,9.0,3.0,18.0,8.0,11.0,1.0,2.0,1.0,0.0,0.0,1.5,4.2,6.5,17,1,2020,10,31,4,3,7,Home Win,Home Win,2020-2021,Charleroi,71.0,72.0,71.0,69.0,27.0,Fast Build-Up,Cercle Brugge,67.0,68.0,67.0,65.0,25.0,Balanced,80.0,46.666666666666664,60.0
B1,2020-10-31,Club Brugge,Mechelen,2,2,D,14.0,10.0,5.0,7.0,15.0,4.0,3.0,2.0,1.0,0.0,0.0,0.0,1.25,5.5,11.0,19,0,2020,10,31,5,10,7,Draw,Draw,2020-2021,Club Brugge,76.0,75.0,77.0,73.0,28.0,Balanced,Mechelen,70.0,71.0,70.0,68.0,26.0,Balanced,60.0,66.66666666666666,20.0
B1,2020-11-01,Anderlecht,Antwerp,1,0,H,14.0,15.0,4.0,6.0,8.0,9.0,4.0,6.0,0.0,3.0,0.0,0.0,2.05,3.4,3.5,12,1,2020,11,1,0,1,1,Home Win,Home Win,2020-2021,Anderlecht,73.0,73.0,73.0,71.0,29.0,Balanced,Antwerp,72.0,73.0,72.0,70.0,28.0,Long Ball,60.0,53.333333333333336,86.66666666666667
B1,2020-11-01,Standard,Oostende,1,0,H,13.0,10.0,2.0,2.0,13.0,19.0,9.0,4.0,1.0,3.0,0.0,0.0,1.72,4.0,4.33,17,1,2020,11,1,18,12,1,Home Win,Home Win,2020-2021,,69.65567176186646,70.34285714285714,69.84285714285714,68.46746031746032,26.95,Balanced,Oostende,68.0,69.0,68.0,66.0,27.0,Long Ball,60.0,53.333333333333336,86.66666666666667
B1,2020-11-01,Waasland-Beveren,Gent,1,4,A,14.0,16.0,4.0,9.0,10.0,8.0,7.0,3.0,4.0,0.0,0.0,0.0,5.75,4.75,1.44,19,2,2020,11,1,19,8,1,Away Win,Away Win,2020-2021,Waasland-Beveren,66.0,67.0,66.0,64.0,24.0,Long Ball,Gent,75.0,76.0,75.0,72.0,27.0,Balanced,6.666666666666667,6.666666666666667,40.0
B1,2020-11-02,Waregem,Kortrijk,1,1,D,8.0,16.0,2.0,5.0,20.0,8.0,3.0,9.0,2.0,0.0,1.0,0.0,2.4,3.75,2.7,19,0,2020,11,2,20,9,2,Draw,Draw,2020-2021,Waregem,69.0,70.0,69.0,67.0,28.0,Balanced,,69.64389067524115,70.3330689928628,69.83108643933386,68.45757335448057,26.94528152260111,Balanced,20.0,6.666666666666667,26.666666666666668
B1,2020-11-06,Mechelen,Charleroi,3,3,D,20.0,9.0,7.0,2.0,9.0,12.0,4.0,6.0,2.0,3.0,0.0,0.0,3.0,3.4,2.3,19,0,2020,11,6,10,4,6,Draw,Draw,2020-2021,Mechelen,70.0,71.0,70.0,68.0,26.0,Balanced,Charleroi,71.0,72.0,71.0,69.0,27.0,Fast Build-Up,26.666666666666668,26.666666666666668,46.666666666666664
B1,2020-11-07,Kortrijk,Beerschot VA,5,5,D,23.0,23.0,8.0,12.0,11.0,14.0,6.0,6.0,2.0,2.0,0.0,0.0,2.37,3.6,2.75,15,0,2020,11,7,9,2,7,Draw,Draw,2020-2021,,69.65567176186646,70.34285714285714,69.84285714285714,68.46746031746032,26.95,Balanced,,69.64389067524115,70.3330689928628,69.83108643933386,68.45757335448057,26.94528152260111,Balanced,26.666666666666668,33.33333333333333,60.0
B1,2020-11-07,Eupen,Waasland-Beveren,1,1,D,25.0,9.0,8.0,3.0,12.0,12.0,14.0,4.0,1.0,2.0,0.0,0.0,1.45,4.33,7.0,17,0,2020,11,7,6,19,7,Draw,Draw,2020-2021,Eupen,66.0,66.0,66.0,64.0,26.0,Balanced,Waasland-Beveren,66.0,67.0,66.0,64.0,24.0,Long Ball,46.666666666666664,33.33333333333333,6.666666666666667
B1,2020-11-07,St Truiden,Genk,1,2,A,15.0,8.0,2.0,5.0,21.0,19.0,11.0,4.0,5.0,2.0,1.0,0.0,3.5,3.5,2.0,19,2,2020,11,7,16,7,7,Away Win,Away Win,2020-2021,St Truiden,68.0,68.0,68.0,66.0,26.0,Fast Build-Up,Genk,73.0,73.0,73.0,71.0,25.0,Balanced,53.333333333333336,26.666666666666668,73.33333333333333
B1,2020-11-08,Antwerp,Standard,1,1,D,17.0,10.0,4.0,3.0,4.0,14.0,3.0,3.0,0.0,3.0,0.0,0.0,2.25,3.3,3.1,12,0,2020,11,8,1,18,1,Draw,Draw,2020-2021,Antwerp,72.0,73.0,72.0,70.0,28.0,Long Ball,,69.64389067524115,70.3330689928628,69.83108643933386,68.45757335448057,26.94528152260111,Balanced,73.33333333333333,80.0,53.333333333333336
B1,2020-11-08,Oostende,Club Brugge,1,3,A,14.0,15.0,5.0,7.0,10.0,8.0,4.0,8.0,3.0,0.0,1.0,0.0,4.33,4.0,1.7,15,2,2020,11,8,12,5,1,Away Win,Away Win,2020-2021,Oostende,68.0,69.0,68.0,66.0,27.0,Long Ball,Club Brugge,76.0,75.0,77.0,73.0,28.0,Balanced,66.66666666666666,66.66666666666666,53.333333333333336
B1,2020-11-08,Gent,Anderlecht,1,1,D,8.0,10.0,3.0,3.0,20.0,13.0,2.0,7.0,3.0,4.0,0.0,0.0,2.25,3.5,2.9,17,0,2020,11,8,8,0,1,Draw,Draw,2020-2021,Gent,75.0,76.0,75.0,72.0,27.0,Balanced,Anderlecht,73.0,73.0,73.0,71.0,29.0,Balanced,40.0,40.0,53.333333333333336
B1,2020-11-08,Cercle Brugge,Waregem,1,3,A,14.0,16.0,5.0,6.0,8.0,13.0,4.0,8.0,3.0,3.0,0.0,0.0,1.9,3.75,3.6,19,2,2020,11,8,3,20,1,Away Win,Away Win,2020-2021,Cercle Brugge,67.0,68.0,67.0,65.0,25.0,Balanced,Waregem,69.0,70.0,69.0,67.0,28.0,Balanced,80.0,60.0,13.333333333333334
B1,2020-11-21,Standard,Eupen,2,2,D,14.0,11.0,6.0,5.0,11.0,22.0,3.0,3.0,2.0,0.0,1.0,0.0,1.65,3.75,5.25,15,0,2020,11,21,18,6,7,Draw,Draw,2020-2021,,69.65567176186646,70.34285714285714,69.84285714285714,68.46746031746032,26.95,Balanced,Eupen,66.0,66.0,66.0,64.0,26.0,Balanced,60.0,53.333333333333336,33.33333333333333
B1,2020-11-21,Oostende,Antwerp,1,1,D,14.0,12.0,3.0,5.0,13.0,8.0,7.0,5.0,1.0,1.0,0.0,0.0,3.1,3.5,2.15,17,0,2020,11,21,12,1,7,Draw,Draw,2020-2021,Oostende,68.0,69.0,68.0,66.0,27.0,Long Ball,Antwerp,72.0,73.0,72.0,70.0,28.0,Long Ball,66.66666666666666,46.666666666666664,66.66666666666666
B1,2020-11-21,Waasland-Beveren,Cercle Brugge,0,2,A,12.0,9.0,5.0,5.0,11.0,11.0,5.0,7.0,4.0,3.0,1.0,0.0,3.1,3.9,2.05,17,2,2020,11,21,19,3,7,Away Win,Away Win,2020-2021,Waasland-Beveren,66.0,67.0,66.0,64.0,24.0,Long Ball,Cercle Brugge,67.0,68.0,67.0,65.0,25.0,Balanced,6.666666666666667,13.333333333333334,40.0
B1,2020-11-21,Club Brugge,Kortrijk,1,0,H,17.0,5.0,4.0,2.0,8.0,18.0,7.0,2.0,0.0,3.0,0.0,0.0,1.28,5.75,9.0,19,1,2020,11,21,5,9,7,Home Win,Home Win,2020-2021,Club Brugge,76.0,75.0,77.0,73.0,28.0,Balanced,,69.64389067524115,70.3330689928628,69.83108643933386,68.45757335448057,26.94528152260111,Balanced,66.66666666666666,53.333333333333336,40.0
B1,2020-11-22,Beerschot VA,Anderlecht,2,1,H,13.0,13.0,10.0,2.0,21.0,17.0,5.0,3.0,2.0,2.0,0.0,0.0,3.0,3.75,2.15,12,1,2020,11,22,2,0,1,Home Win,Home Win,2020-2021,,69.65567176186646,70.34285714285714,69.84285714285714,68.46746031746032,26.95,Balanced,Anderlecht,73.0,73.0,73.0,71.0,29.0,Balanced,80.0,46.666666666666664,53.333333333333336
B1,2020-11-22,Waregem,Mechelen,1,2,A,5.0,9.0,1.0,3.0,11.0,26.0,3.0,4.0,0.0,2.0,0.0,0.0,2.8,3.5,2.37,15,2,2020,11,22,20,10,1,Away Win,Away Win,2020-2021,Waregem,69.0,70.0,69.0,67.0,28.0,Balanced,Mechelen,70.0,71.0,70.0,68.0,26.0,Balanced,26.666666666666668,26.666666666666668,33.33333333333333
B1,2020-11-22,Charleroi,Gent,0,1,A,5.0,9.0,3.0,4.0,10.0,18.0,3.0,4.0,1.0,2.0,0.0,0.0,2.0,3.6,3.5,17,2,2020,11,22,4,8,1,Away Win,Away Win,2020-2021,Charleroi,71.0,72.0,71.0,69.0,27.0,Fast Build-Up,Gent,75.0,76.0,75.0,72.0,27.0,Balanced,80.0,33.33333333333333,46.666666666666664
B1,2020-11-22,Genk,Mouscron,4,1,H,15.0,17.0,10.0,3.0,10.0,22.0,5.0,3.0,1.0,4.0,0.0,0.0,1.36,4.75,7.5,19,1,2020,11,22,7,11,1,Home Win,Home Win,2020-2021,Genk,73.0,73.0,73.0,71.0,25.0,Balanced,Mouscron,65.0,66.0,65.0,63.0,25.0,Long Ball,66.66666666666666,86.66666666666667,6.666666666666667
B1,2020-11-23,Oud-Heverlee Leuven,St Truiden,2,2,D,18.0,10.0,7.0,3.0,16.0,19.0,4.0,1.0,1.0,4.0,0.0,0.0,1.9,3.8,3.5,19,0,2020,11,23,13,16,2,Draw,Draw,2020-2021,,69.65567176186646,70.34285714285714,69.84285714285714,68.46746031746032,26.95,Balanced,St Truiden,68.0,68.0,68.0,66.0,26.0,Fast Build-Up,66.66666666666666,66.66666666666666,26.666666666666668
B1,2020-11-24,Waasland-Beveren,Oostende,2,0,H,14.0,12.0,5.0,2.0,10.0,13.0,2.0,6.0,2.0,2.0,0.0,0.0,6.5,4.5,1.5,16,1,2020,11,24,19,12,3,Home Win,Home Win,2020-2021,Waasland-Beveren,66.0,67.0,66.0,64.0,24.0,Long Ball,Oostende,68.0,69.0,68.0,66.0,27.0,Long Ball,6.666666666666667,13.333333333333334,46.666666666666664
B1,2020-11-25,Cercle Brugge,Mouscron,1,2,A,13.0,9.0,3.0,2.0,12.0,11.0,4.0,5.0,4.0,2.0,0.0,0.0,1.66,4.0,4.75,16,2,2020,11,25,3,11,4,Away Win,Away Win,2020-2021,Cercle Brugge,67.0,68.0,67.0,65.0,25.0,Balanced,Mouscron,65.0,66.0,65.0,63.0,25.0,Long Ball,60.0,60.0,6.666666666666667
B1,2020-11-27,Eupen,Charleroi,3,1,H,6.0,15.0,3.0,2.0,14.0,11.0,6.0,3.0,1.0,5.0,0.0,0.0,3.1,3.5,2.2,19,1,2020,11,27,6,4,6,Home Win,Home Win,2020-2021,Eupen,66.0,66.0,66.0,64.0,26.0,Balanced,Charleroi,71.0,72.0,71.0,69.0,27.0,Fast Build-Up,33.33333333333333,33.33333333333333,26.666666666666668
B1,2020-11-28,St Truiden,Waasland-Beveren,1,1,D,8.0,14.0,4.0,4.0,14.0,13.0,10.0,7.0,3.0,1.0,0.0,0.0,1.75,3.8,4.33,15,0,2020,11,28,16,19,7,Draw,Draw,2020-2021,St Truiden,68.0,68.0,68.0,66.0,26.0,Fast Build-Up,Waasland-Beveren,66.0,67.0,66.0,64.0,24.0,Long Ball,33.33333333333333,33.33333333333333,33.33333333333333
B1,2020-11-28,Cercle Brugge,Genk,1,5,A,8.0,18.0,2.0,11.0,9.0,5.0,2.0,6.0,2.0,0.0,0.0,0.0,3.5,3.75,1.9,17,2,2020,11,28,3,7,7,Away Win,Away Win,2020-2021,Cercle Brugge,67.0,68.0,67.0,65.0,25.0,Balanced,Genk,73.0,73.0,73.0,71.0,25.0,Balanced,40.0,40.0,100.0
B1,2020-11-28,Mouscron,Club Brugge,0,0,D,4.0,14.0,3.0,1.0,20.0,15.0,1.0,4.0,2.0,3.0,0.0,0.0,9.5,5.0,1.33,19,0,2020,11,28,11,5,7,Draw,Draw,2020-2021,Mouscron,65.0,66.0,65.0,63.0,25.0,Long Ball,Club Brugge,76.0,75.0,77.0,73.0,28.0,Balanced,6.666666666666667,26.666666666666668,53.333333333333336
B1,2020-11-29,Mechelen,Beerschot VA,2,3,A,12.0,9.0,3.0,5.0,12.0,11.0,3.0,2.0,4.0,2.0,1.0,0.0,2.1,3.75,3.1,12,2,2020,11,29,10,2,1,Away Win,Away Win,2020-2021,Mechelen,70.0,71.0,70.0,68.0,26.0,Balanced,,69.64389067524115,70.3330689928628,69.83108643933386,68.45757335448057,26.94528152260111,Balanced,26.666666666666668,33.33333333333333,66.66666666666666
B1,2020-11-29,Gent,Waregem,0,3,A,13.0,10.0,4.0,5.0,15.0,8.0,8.0,0.0,1.0,1.0,0.0,0.0,1.5,4.5,6.0,15,2,2020,11,29,8,20,1,Away Win,Away Win,2020-2021,Gent,75.0,76.0,75.0,72.0,27.0,Balanced,Waregem,69.0,70.0,69.0,67.0,28.0,Balanced,46.666666666666664,46.666666666666664,26.666666666666668
B1,2020-11-29,Anderlecht,Standard,0,0,D,7.0,12.0,1.0,3.0,14.0,11.0,2.0,6.0,2.0,2.0,0.0,0.0,2.1,3.5,3.4,17,0,2020,11,29,0,18,1,Draw,Draw,2020-2021,Anderlecht,73.0,73.0,73.0,71.0,29.0,Balanced,,69.64389067524115,70.3330689928628,69.83108643933386,68.45757335448057,26.94528152260111,Balanced,60.0,53.333333333333336,40.0
B1,2020-11-29,Kortrijk,Oostende,3,1,H,19.0,15.0,10.0,9.0,11.0,12.0,5.0,6.0,0.0,3.0,0.0,0.0,2.25,3.75,2.8,19,1,2020,11,29,9,12,1,Home Win,Home Win,2020-2021,,69.65567176186646,70.34285714285714,69.84285714285714,68.46746031746032,26.95,Balanced,Oostende,68.0,69.0,68.0,66.0,27.0,Long Ball,33.33333333333333,33.33333333333333,26.666666666666668
B1,2020-11-30,Antwerp,Oud-Heverlee Leuven,3,2,H,29.0,16.0,9.0,4.0,9.0,20.0,11.0,2.0,3.0,5.0,0.0,0.0,1.6,4.2,5.25,19,1,2020,11,30,1,13,2,Home Win,Home Win,2020-2021,Antwerp,72.0,73.0,72.0,70.0,28.0,Long Ball,,69.64389067524115,70.3330689928628,69.83108643933386,68.45757335448057,26.94528152260111,Balanced,73.33333333333333,53.333333333333336,53.333333333333336
B1,2020-12-01,Mouscron,St Truiden,3,2,H,10.0,18.0,6.0,7.0,12.0,13.0,2.0,8.0,3.0,3.0,0.0,0.0,2.9,3.4,2.4,16,1,2020,12,1,11,16,3,Home Win,Home Win,2020-2021,Mouscron,65.0,66.0,65.0,63.0,25.0,Long Ball,St Truiden,68.0,68.0,68.0,66.0,26.0,Fast Build-Up,13.333333333333334,26.666666666666668,33.33333333333333
B1,2020-12-02,Charleroi,Waasland-Beveren,0,2,A,11.0,11.0,4.0,4.0,14.0,9.0,4.0,7.0,1.0,3.0,1.0,0.0,1.28,5.75,9.0,16,2,2020,12,2,4,19,4,Away Win,Away Win,2020-2021,Charleroi,71.0,72.0,71.0,69.0,27.0,Fast Build-Up,Waasland-Beveren,66.0,67.0,66.0,64.0,24.0,Long Ball,60.0,26.666666666666668,33.33333333333333
B1,2020-12-03,Eupen,Mechelen,1,1,D,10.0,25.0,3.0,6.0,7.0,7.0,2.0,8.0,0.0,2.0,0.0,0.0,2.45,3.25,2.87,16,0,2020,12,3,6,10,5,Draw,Draw,2020-2021,Eupen,66.0,66.0,66.0,64.0,26.0,Balanced,Mechelen,70.0,71.0,70.0,68.0,26.0,Balanced,53.333333333333336,53.333333333333336,33.33333333333333
B1,2020-12-04,Waregem,Anderlecht,2,2,D,8.0,21.0,2.0,6.0,13.0,12.0,1.0,4.0,1.0,2.0,0.0,0.0,3.8,4.0,1.8,19,0,2020,12,4,20,0,6,Draw,Draw,2020-2021,Waregem,69.0,70.0,69.0,67.0,28.0,Balanced,Anderlecht,73.0,73.0,73.0,71.0,29.0,Balanced,6.666666666666667,46.666666666666664,53.333333333333336
B1,2020-12-05,Waasland-Beveren,Mouscron,2,0,H,12.0,6.0,5.0,2.0,9.0,8.0,7.0,2.0,1.0,2.0,0.0,0.0,2.2,3.5,3.1,15,1,2020,12,5,19,11,7,Home Win,Home Win,2020-2021,Waasland-Beveren,66.0,67.0,66.0,64.0,24.0,Long Ball,Mouscron,65.0,66.0,65.0,63.0,25.0,Long Ball,26.666666666666668,53.333333333333336,46.666666666666664
B1,2020-12-05,Oud-Heverlee Leuven,Cercle Brugge,2,1,H,11.0,15.0,4.0,5.0,10.0,11.0,1.0,5.0,2.0,2.0,1.0,0.0,2.15,3.75,3.1,17,1,2020,12,5,13,3,7,Home Win,Home Win,2020-2021,,69.65567176186646,70.34285714285714,69.84285714285714,68.46746031746032,26.95,Balanced,Cercle Brugge,67.0,68.0,67.0,65.0,25.0,Balanced,66.66666666666666,33.33333333333333,20.0
B1,2020-12-05,Club Brugge,St Truiden,1,0,H,16.0,6.0,5.0,3.0,11.0,6.0,3.0,3.0,0.0,1.0,0.0,0.0,1.2,6.5,11.0,19,1,2020,12,5,5,16,7,Home Win,Home Win,2020-2021,Club Brugge,76.0,75.0,77.0,73.0,28.0,Balanced,St Truiden,68.0,68.0,68.0,66.0,26.0,Fast Build-Up,86.66666666666667,53.333333333333336,33.33333333333333
B1,2020-12-06,Genk,Antwerp,4,2,H,20.0,10.0,10.0,2.0,8.0,12.0,5.0,4.0,1.0,3.0,0.0,0.0,2.15,3.4,3.2,12,1,2020,12,6,7,1,1,Home Win,Home Win,2020-2021,Genk,73.0,73.0,73.0,71.0,25.0,Balanced,Antwerp,72.0,73.0,72.0,70.0,28.0,Long Ball,86.66666666666667,100.0,53.333333333333336
B1,2020-12-06,Beerschot VA,Eupen,0,1,A,19.0,18.0,4.0,8.0,8.0,15.0,11.0,7.0,3.0,2.0,0.0,0.0,1.83,4.0,3.75,15,2,2020,12,6,2,6,1,Away Win,Away Win,2020-2021,,69.65567176186646,70.34285714285714,69.84285714285714,68.46746031746032,26.95,Balanced,Eupen,66.0,66.0,66.0,64.0,26.0,Balanced,100.0,66.66666666666666,40.0
B1,2020-12-06,Standard,Mechelen,2,2,D,17.0,14.0,5.0,9.0,10.0,13.0,7.0,4.0,2.0,1.0,0.0,0.0,2.05,3.5,3.4,17,0,2020,12,6,18,10,1,Draw,Draw,2020-2021,,69.65567176186646,70.34285714285714,69.84285714285714,68.46746031746032,26.95,Balanced,Mechelen,70.0,71.0,70.0,68.0,26.0,Balanced,60.0,40.0,40.0
B1,2020-12-06,Oostende,Gent,2,1,H,7.0,7.0,3.0,2.0,10.0,19.0,3.0,6.0,2.0,4.0,0.0,0.0,3.0,3.6,2.2,19,1,2020,12,6,12,8,1,Home Win,Home Win,2020-2021,Oostende,68.0,69.0,68.0,66.0,27.0,Long Ball,Gent,75.0,76.0,75.0,72.0,27.0,Balanced,66.66666666666666,6.666666666666667,46.666666666666664
B1,2020-12-07,Charleroi,Kortrijk,0,0,D,1.0,13.0,0.0,6.0,12.0,11.0,7.0,7.0,4.0,2.0,0.0,0.0,1.72,3.6,5.0,19,0,2020,12,7,4,9,2,Draw,Draw,2020-2021,Charleroi,71.0,72.0,71.0,69.0,27.0,Fast Build-Up,,69.64389067524115,70.3330689928628,69.83108643933386,68.45757335448057,26.94528152260111,Balanced,40.0,26.666666666666668,33.33333333333333
B1,2020-12-08,Oud-Heverlee Leuven,Mouscron,2,0,H,11.0,8.0,3.0,5.0,9.0,18.0,2.0,2.0,0.0,5.0,0.0,0.0,1.75,3.75,4.5,16,1,2020,12,8,13,11,3,Home Win,Home Win,2020-2021,,69.65567176186646,70.34285714285714,69.84285714285714,68.46746031746032,26.95,Balanced,Mouscron,65.0,66.0,65.0,63.0,25.0,Long Ball,86.66666666666667,46.666666666666664,46.666666666666664
B1,2020-12-11,Anderlecht,Genk,1,0,H,15.0,4.0,5.0,1.0,19.0,12.0,7.0,5.0,3.0,3.0,0.0,0.0,2.62,3.5,2.5,19,1,2020,12,11,0,7,6,Home Win,Home Win,2020-2021,Anderlecht,73.0,73.0,73.0,71.0,29.0,Balanced,Genk,73.0,73.0,73.0,71.0,25.0,Balanced,60.0,40.0,100.0
B1,2020-12-12,Mouscron,Beerschot VA,3,1,H,16.0,11.0,7.0,2.0,13.0,9.0,2.0,7.0,0.0,2.0,0.0,0.0,3.75,3.9,1.85,15,1,2020,12,12,11,2,7,Home Win,Home Win,2020-2021,Mouscron,65.0,66.0,65.0,63.0,25.0,Long Ball,,69.64389067524115,70.3330689928628,69.83108643933386,68.45757335448057,26.94528152260111,Balanced,33.33333333333333,46.666666666666664,66.66666666666666
B1,2020-12-12,Cercle Brugge,Oostende,0,1,A,8.0,14.0,4.0,4.0,12.0,9.0,3.0,3.0,4.0,0.0,1.0,0.0,2.87,3.5,2.3,17,2,2020,12,12,3,12,7,Away Win,Away Win,2020-2021,Cercle Brugge,67.0,68.0,67.0,65.0,25.0,Balanced,Oostende,68.0,69.0,68.0,66.0,27.0,Long Ball,40.0,20.0,26.666666666666668
B1,2020-12-12,Kortrijk,Oud-Heverlee Leuven,0,3,A,20.0,10.0,5.0,4.0,13.0,13.0,12.0,1.0,2.0,1.0,0.0,0.0,2.0,3.6,3.5,17,2,2020,12,12,9,13,7,Away Win,Away Win,2020-2021,,69.65567176186646,70.34285714285714,69.84285714285714,68.46746031746032,26.95,Balanced,,69.64389067524115,70.3330689928628,69.83108643933386,68.45757335448057,26.94528152260111,Balanced,46.666666666666664,40.0,46.666666666666664
B1,2020-12-12,St Truiden,Charleroi,1,2,A,17.0,11.0,3.0,4.0,5.0,17.0,9.0,5.0,2.0,2.0,1.0,0.0,3.0,3.6,2.2,19,2,2020,12,12,16,4,7,Away Win,Away Win,2020-2021,St Truiden,68.0,68.0,68.0,66.0,26.0,Fast Build-Up,Charleroi,71.0,72.0,71.0,69.0,27.0,Fast Build-Up,33.33333333333333,13.333333333333334,13.333333333333334
B1,2020-12-13,Antwerp,Club Brugge,0,2,A,9.0,13.0,1.0,5.0,11.0,15.0,2.0,9.0,3.0,1.0,1.0,0.0,3.1,3.5,2.2,12,2,2020,12,13,1,5,1,Away Win,Away Win,2020-2021,Antwerp,72.0,73.0,72.0,70.0,28.0,Long Ball,Club Brugge,76.0,75.0,77.0,73.0,28.0,Balanced,73.33333333333333,33.33333333333333,73.33333333333333
B1,2020-12-13,Gent,Standard,2,1,H,14.0,8.0,6.0,3.0,23.0,9.0,3.0,3.0,0.0,1.0,0.0,0.0,2.15,3.3,3.25,17,1,2020,12,13,8,18,1,Home Win,Home Win,2020-2021,Gent,75.0,76.0,75.0,72.0,27.0,Balanced,,69.64389067524115,70.3330689928628,69.83108643933386,68.45757335448057,26.94528152260111,Balanced,26.666666666666668,46.666666666666664,46.666666666666664
B1,2020-12-13,Mechelen,Waasland-Beveren,2,3,A,12.0,10.0,5.0,5.0,13.0,11.0,3.0,1.0,0.0,0.0,1.0,0.0,1.44,4.5,6.5,19,2,2020,12,13,10,19,1,Away Win,Away Win,2020-2021,Mechelen,70.0,71.0,70.0,68.0,26.0,Balanced,Waasland-Beveren,66.0,67.0,66.0,64.0,24.0,Long Ball,26.666666666666668,40.0,66.66666666666666
B1,2020-12-15,Cercle Brugge,Charleroi,3,4,A,10.0,21.0,5.0,7.0,13.0,13.0,2.0,9.0,3.0,2.0,1.0,0.0,3.25,3.6,2.1,17,2,2020,12,15,3,4,3,Away Win,Away Win,2020-2021,Cercle Brugge,67.0,68.0,67.0,65.0,25.0,Balanced,Charleroi,71.0,72.0,71.0,69.0,27.0,Fast Build-Up,20.0,20.0,26.666666666666668
B1,2020-12-15,Mouscron,Oud-Heverlee Leuven,2,2,D,17.0,12.0,7.0,9.0,9.0,9.0,6.0,4.0,5.0,2.0,0.0,0.0,2.9,3.6,2.2,17,0,2020,12,15,11,13,3,Draw,Draw,2020-2021,Mouscron,65.0,66.0,65.0,63.0,25.0,Long Ball,,69.64389067524115,70.3330689928628,69.83108643933386,68.45757335448057,26.94528152260111,Balanced,53.333333333333336,46.666666666666664,66.66666666666666
B1,2020-12-15,Anderlecht,Oostende,2,1,H,9.0,14.0,5.0,3.0,12.0,16.0,2.0,3.0,0.0,3.0,1.0,0.0,1.8,3.8,4.0,20,1,2020,12,15,0,12,3,Home Win,Home Win,2020-2021,Anderlecht,73.0,73.0,73.0,71.0,29.0,Balanced,Oostende,68.0,69.0,68.0,66.0,27.0,Long Ball,60.0,40.0,46.666666666666664
B1,2020-12-16,Antwerp,Waregem,0,1,A,11.0,17.0,2.0,5.0,11.0,11.0,2.0,4.0,2.0,3.0,0.0,0.0,1.5,4.33,6.0,17,2,2020,12,16,1,20,4,Away Win,Away Win,2020-2021,Antwerp,72.0,73.0,72.0,70.0,28.0,Long Ball,Waregem,69.0,70.0,69.0,67.0,28.0,Balanced,66.66666666666666,33.33333333333333,53.333333333333336
B1,2020-12-16,Gent,Waasland-Beveren,3,0,H,17.0,9.0,7.0,1.0,12.0,17.0,4.0,4.0,1.0,2.0,0.0,0.0,1.44,4.75,6.5,20,1,2020,12,16,8,19,4,Home Win,Home Win,2020-2021,Gent,75.0,76.0,75.0,72.0,27.0,Balanced,Waasland-Beveren,66.0,67.0,66.0,64.0,24.0,Long Ball,46.666666666666664,46.666666666666664,86.66666666666667
B1,2020-12-16,Kortrijk,Standard,2,1,H,10.0,17.0,4.0,6.0,12.0,17.0,6.0,5.0,3.0,1.0,0.0,0.0,3.0,3.6,2.15,20,1,2020,12,16,9,18,4,Home Win,Home Win,2020-2021,,69.65567176186646,70.34285714285714,69.84285714285714,68.46746031746032,26.95,Balanced,,69.64389067524115,70.3330689928628,69.83108643933386,68.45757335448057,26.94528152260111,Balanced,26.666666666666668,33.33333333333333,26.666666666666668
B1,2020-12-17,Mechelen,Club Brugge,0,3,A,10.0,21.0,3.0,8.0,10.0,11.0,6.0,3.0,3.0,0.0,0.0,0.0,5.25,3.8,1.65,19,2,2020,12,17,10,5,5,Away Win,Away Win,2020-2021,Mechelen,70.0,71.0,70.0,68.0,26.0,Balanced,Club Brugge,76.0,75.0,77.0,73.0,28.0,Balanced,26.666666666666668,33.33333333333333,86.66666666666667
B1,2020-12-18,Charleroi,Anderlecht,1,0,H,10.0,7.0,4.0,2.0,15.0,12.0,3.0,3.0,3.0,0.0,0.0,0.0,2.87,3.3,2.37,19,1,2020,12,18,4,0,6,Home Win,Home Win,2020-2021,Charleroi,71.0,72.0,71.0,69.0,27.0,Fast Build-Up,Anderlecht,73.0,73.0,73.0,71.0,29.0,Balanced,26.666666666666668,46.666666666666664,53.333333333333336
B1,2020-12-19,Waregem,St Truiden,0,2,A,12.0,11.0,1.0,6.0,17.0,16.0,6.0,4.0,4.0,2.0,1.0,0.0,2.2,3.6,2.9,17,2,2020,12,19,20,16,7,Away Win,Away Win,2020-2021,Waregem,69.0,70.0,69.0,67.0,28.0,Balanced,St Truiden,68.0,68.0,68.0,66.0,26.0,Fast Build-Up,13.333333333333334,66.66666666666666,13.333333333333334
B1,2020-12-19,Genk,Kortrijk,2,0,H,13.0,7.0,5.0,1.0,14.0,16.0,4.0,1.0,1.0,2.0,0.0,0.0,1.55,4.75,4.75,19,1,2020,12,19,7,9,7,Home Win,Home Win,2020-2021,Genk,73.0,73.0,73.0,71.0,25.0,Balanced,,69.64389067524115,70.3330689928628,69.83108643933386,68.45757335448057,26.94528152260111,Balanced,86.66666666666667,80.0,46.666666666666664
B1,2020-12-20,Club Brugge,Gent,0,1,A,22.0,6.0,9.0,2.0,13.0,18.0,15.0,0.0,3.0,3.0,0.0,0.0,1.57,3.8,6.0,12,2,2020,12,20,5,8,1,Away Win,Away Win,2020-2021,Club Brugge,76.0,75.0,77.0,73.0,28.0,Balanced,Gent,75.0,76.0,75.0,72.0,27.0,Balanced,86.66666666666667,86.66666666666667,60.0
B1,2020-12-20,Oud-Heverlee Leuven,Mechelen,1,2,A,12.0,29.0,5.0,12.0,12.0,12.0,3.0,3.0,3.0,4.0,0.0,0.0,2.4,3.8,2.55,15,2,2020,12,20,13,10,1,Away Win,Away Win,2020-2021,,69.65567176186646,70.34285714285714,69.84285714285714,68.46746031746032,26.95,Balanced,Mechelen,70.0,71.0,70.0,68.0,26.0,Balanced,86.66666666666667,66.66666666666666,13.333333333333334
B1,2020-12-20,Standard,Mouscron,0,1,A,13.0,10.0,6.0,4.0,13.0,14.0,5.0,1.0,4.0,1.0,0.0,0.0,1.4,4.33,8.0,17,2,2020,12,20,18,11,1,Away Win,Away Win,2020-2021,,69.65567176186646,70.34285714285714,69.84285714285714,68.46746031746032,26.95,Balanced,Mouscron,65.0,66.0,65.0,63.0,25.0,Long Ball,46.666666666666664,20.0,46.666666666666664
B1,2020-12-20,Waasland-Beveren,Antwerp,0,3,A,9.0,16.0,1.0,7.0,16.0,14.0,5.0,7.0,1.0,4.0,0.0,0.0,4.2,3.8,1.72,19,2,2020,12,20,19,1,1,Away Win,Away Win,2020-2021,Waasland-Beveren,66.0,67.0,66.0,64.0,24.0,Long Ball,Antwerp,72.0,73.0,72.0,70.0,28.0,Long Ball,46.666666666666664,66.66666666666666,26.666666666666668
B1,2020-12-26,Club Brugge,Eupen,3,0,H,14.0,9.0,6.0,2.0,9.0,16.0,12.0,2.0,0.0,2.0,1.0,0.0,1.2,6.5,13.0,13,1,2020,12,26,5,6,7,Home Win,Home Win,2020-2021,Club Brugge,76.0,75.0,77.0,73.0,28.0,Balanced,Eupen,66.0,66.0,66.0,64.0,26.0,Balanced,66.66666666666666,66.66666666666666,60.0
B1,2020-12-26,Waregem,Cercle Brugge,1,0,H,7.0,14.0,3.0,3.0,17.0,15.0,5.0,7.0,3.0,2.0,0.0,0.0,2.0,3.75,3.4,15,1,2020,12,26,20,3,7,Home Win,Home Win,2020-2021,Waregem,69.0,70.0,69.0,67.0,28.0,Balanced,Cercle Brugge,67.0,68.0,67.0,65.0,25.0,Balanced,13.333333333333334,46.666666666666664,0.0
B1,2020-12-26,Kortrijk,Gent,1,0,H,9.0,13.0,5.0,6.0,21.0,8.0,4.0,3.0,3.0,0.0,0.0,1.0,3.25,3.5,2.1,17,1,2020,12,26,9,8,7,Home Win,Home Win,2020-2021,,69.65567176186646,70.34285714285714,69.84285714285714,68.46746031746032,26.95,Balanced,Gent,75.0,76.0,75.0,72.0,27.0,Balanced,46.666666666666664,46.666666666666664,60.0
B1,2020-12-26,Oud-Heverlee Leuven,Oostende,1,2,A,9.0,20.0,4.0,6.0,12.0,9.0,4.0,9.0,1.0,3.0,0.0,0.0,2.6,3.5,2.6,17,2,2020,12,26,13,12,7,Away Win,Away Win,2020-2021,,69.65567176186646,70.34285714285714,69.84285714285714,68.46746031746032,26.95,Balanced,Oostende,68.0,69.0,68.0,66.0,27.0,Long Ball,66.66666666666666,66.66666666666666,40.0
B1,2020-12-26,Standard,St Truiden,1,2,A,18.0,9.0,7.0,5.0,19.0,14.0,7.0,3.0,2.0,2.0,0.0,1.0,1.6,3.75,6.0,19,2,2020,12,26,18,16,7,Away Win,Away Win,2020-2021,,69.65567176186646,70.34285714285714,69.84285714285714,68.46746031746032,26.95,Balanced,St Truiden,68.0,68.0,68.0,66.0,26.0,Fast Build-Up,40.0,13.333333333333334,26.666666666666668
B1,2020-12-27,Antwerp,Charleroi,2,1,H,17.0,6.0,6.0,1.0,13.0,12.0,8.0,2.0,1.0,1.0,0.0,0.0,2.05,3.4,3.6,12,1,2020,12,27,1,4,1,Home Win,Home Win,2020-2021,Antwerp,72.0,73.0,72.0,70.0,28.0,Long Ball,Charleroi,71.0,72.0,71.0,69.0,27.0,Fast Build-Up,46.666666666666664,40.0,66.66666666666666
B1,2020-12-27,Genk,Waasland-Beveren,1,1,D,13.0,8.0,2.0,2.0,9.0,11.0,6.0,5.0,0.0,3.0,0.0,0.0,1.28,5.5,9.5,15,0,2020,12,27,7,19,1,Draw,Draw,2020-2021,Genk,73.0,73.0,73.0,71.0,25.0,Balanced,Waasland-Beveren,66.0,67.0,66.0,64.0,24.0,Long Ball,100.0,80.0,60.0
B1,2020-12-27,Anderlecht,Beerschot VA,2,0,H,27.0,8.0,6.0,2.0,9.0,20.0,7.0,1.0,1.0,4.0,0.0,0.0,1.7,4.0,4.5,17,1,2020,12,27,0,2,1,Home Win,Home Win,2020-2021,Anderlecht,73.0,73.0,73.0,71.0,29.0,Balanced,,69.64389067524115,70.3330689928628,69.83108643933386,68.45757335448057,26.94528152260111,Balanced,73.33333333333333,53.333333333333336,46.666666666666664
B1,2020-12-27,Mechelen,Mouscron,2,1,H,10.0,16.0,5.0,6.0,8.0,15.0,5.0,3.0,0.0,1.0,0.0,0.0,1.57,3.8,6.5,19,1,2020,12,27,10,11,1,Home Win,Home Win,2020-2021,Mechelen,70.0,71.0,70.0,68.0,26.0,Balanced,Mouscron,65.0,66.0,65.0,63.0,25.0,Long Ball,6.666666666666667,33.33333333333333,46.666666666666664
B1,2020-12-29,Eupen,Waregem,2,3,A,17.0,16.0,7.0,9.0,21.0,8.0,3.0,6.0,3.0,2.0,0.0,0.0,1.9,3.6,3.75,19,2,2020,12,29,6,20,3,Away Win,Away Win,2020-2021,Eupen,66.0,66.0,66.0,64.0,26.0,Balanced,Waregem,69.0,70.0,69.0,67.0,28.0,Balanced,53.333333333333336,53.333333333333336,66.66666666666666
B1,2020-12-30,St Truiden,Beerschot VA,1,0,H,9.0,12.0,3.0,4.0,10.0,14.0,6.0,3.0,3.0,0.0,0.0,0.0,2.25,3.5,3.0,19,1,2020,12,30,16,2,4,Home Win,Home Win,2020-2021,St Truiden,68.0,68.0,68.0,66.0,26.0,Fast Build-Up,,69.64389067524115,70.3330689928628,69.83108643933386,68.45757335448057,26.94528152260111,Balanced,33.33333333333333,40.0,40.0
B1,2021-01-06,Eupen,Genk,1,4,A,20.0,9.0,3.0,4.0,15.0,10.0,6.0,1.0,3.0,1.0,0.0,0.0,3.6,3.75,1.9,19,2,2021,1,6,6,7,4,Away Win,Away Win,2020-2021,Eupen,66.0,66.0,66.0,64.0,26.0,Balanced,Genk,73.0,73.0,73.0,71.0,25.0,Balanced,33.33333333333333,46.666666666666664,66.66666666666666
B1,2021-01-09,Waregem,Mouscron,1,0,H,6.0,17.0,1.0,5.0,13.0,15.0,2.0,10.0,3.0,2.0,0.0,0.0,1.85,3.75,3.8,15,1,2021,1,9,20,11,7,Home Win,Home Win,2020-2021,Waregem,69.0,70.0,69.0,67.0,28.0,Balanced,Mouscron,65.0,66.0,65.0,63.0,25.0,Long Ball,33.33333333333333,66.66666666666666,46.666666666666664
B1,2021-01-09,Cercle Brugge,Eupen,1,2,A,14.0,12.0,5.0,5.0,12.0,11.0,6.0,8.0,2.0,3.0,0.0,0.0,2.5,3.4,2.62,17,2,2021,1,9,3,6,7,Away Win,Away Win,2020-2021,Cercle Brugge,67.0,68.0,67.0,65.0,25.0,Balanced,Eupen,66.0,66.0,66.0,64.0,26.0,Balanced,0.0,0.0,26.666666666666668
B1,2021-01-09,Kortrijk,Genk,2,1,H,13.0,11.0,6.0,4.0,19.0,11.0,5.0,3.0,1.0,2.0,0.0,0.0,3.5,3.4,2.1,17,1,2021,1,9,9,7,7,Home Win,Home Win,2020-2021,,69.65567176186646,70.34285714285714,69.84285714285714,68.46746031746032,26.95,Balanced,Genk,73.0,73.0,73.0,71.0,25.0,Balanced,66.66666666666666,46.666666666666664,66.66666666666666
B1,2021-01-09,Oostende,Charleroi,3,2,H,19.0,11.0,6.0,3.0,15.0,7.0,6.0,3.0,2.0,0.0,0.0,0.0,2.75,3.4,2.45,19,1,2021,1,9,12,4,7,Home Win,Home Win,2020-2021,Oostende,68.0,69.0,68.0,66.0,27.0,Long Ball,Charleroi,71.0,72.0,71.0,69.0,27.0,Fast Build-Up,66.66666666666666,60.0,66.66666666666666
B1,2021-01-10,Mechelen,Antwerp,3,0,H,12.0,9.0,5.0,0.0,14.0,10.0,6.0,4.0,1.0,3.0,0.0,0.0,2.87,3.4,2.3,12,1,2021,1,10,10,1,1,Home Win,Home Win,2020-2021,Mechelen,70.0,71.0,70.0,68.0,26.0,Balanced,Antwerp,72.0,73.0,72.0,70.0,28.0,Long Ball,26.666666666666668,46.666666666666664,40.0
B1,2021-01-10,Beerschot VA,Gent,1,1,D,7.0,16.0,3.0,6.0,11.0,11.0,2.0,11.0,4.0,2.0,0.0,0.0,3.1,3.5,2.15,15,0,2021,1,10,2,8,1,Draw,Draw,2020-2021,,69.65567176186646,70.34285714285714,69.84285714285714,68.46746031746032,26.95,Balanced,Gent,75.0,76.0,75.0,72.0,27.0,Balanced,80.0,20.0,60.0
B1,2021-01-10,Oud-Heverlee Leuven,Anderlecht,1,0,H,5.0,19.0,1.0,3.0,10.0,9.0,1.0,9.0,1.0,3.0,0.0,0.0,4.0,3.6,1.9,17,1,2021,1,10,13,0,1,Home Win,Home Win,2020-2021,,69.65567176186646,70.34285714285714,69.84285714285714,68.46746031746032,26.95,Balanced,Anderlecht,73.0,73.0,73.0,71.0,29.0,Balanced,46.666666666666664,46.666666666666664,66.66666666666666
B1,2021-01-10,St Truiden,Club Brugge,1,2,A,10.0,12.0,3.0,3.0,8.0,13.0,5.0,7.0,1.0,2.0,1.0,0.0,6.0,4.2,1.53,19,2,2021,1,10,16,5,1,Away Win,Away Win,2020-2021,St Truiden,68.0,68.0,68.0,66.0,26.0,Fast Build-Up,Club Brugge,76.0,75.0,77.0,73.0,28.0,Balanced,46.666666666666664,60.0,80.0
B1,2021-01-11,Standard,Waasland-Beveren,3,1,H,20.0,10.0,8.0,5.0,16.0,11.0,5.0,5.0,3.0,1.0,0.0,0.0,1.45,4.2,7.0,19,1,2021,1,11,18,19,2,Home Win,Home Win,2020-2021,,69.65567176186646,70.34285714285714,69.84285714285714,68.46746031746032,26.95,Balanced,Waasland-Beveren,66.0,67.0,66.0,64.0,24.0,Long Ball,33.33333333333333,6.666666666666667,46.666666666666664
B1,2021-01-12,Oostende,Eupen,1,1,D,18.0,6.0,4.0,2.0,15.0,10.0,10.0,2.0,2.0,3.0,0.0,1.0,1.8,3.8,4.0,19,0,2021,1,12,12,6,3,Draw,Draw,2020-2021,Oostende,68.0,69.0,68.0,66.0,27.0,Long Ball,Eupen,66.0,66.0,66.0,64.0,26.0,Balanced,66.66666666666666,80.0,40.0
B1,2021-01-13,Beerschot VA,Cercle Brugge,1,1,D,3.0,14.0,1.0,2.0,9.0,12.0,2.0,7.0,2.0,1.0,0.0,0.0,1.85,3.75,3.75,17,0,2021,1,13,2,3,4,Draw,Draw,2020-2021,,69.65567176186646,70.34285714285714,69.84285714285714,68.46746031746032,26.95,Balanced,Cercle Brugge,67.0,68.0,67.0,65.0,25.0,Balanced,66.66666666666666,6.666666666666667,0.0
B1,2021-01-15,Eupen,Anderlecht,2,0,H,18.0,12.0,4.0,5.0,16.0,9.0,3.0,3.0,2.0,3.0,0.0,1.0,4.0,3.75,1.9,19,1,2021,1,15,6,0,6,Home Win,Home Win,2020-2021,Eupen,66.0,66.0,66.0,64.0,26.0,Balanced,Anderlecht,73.0,73.0,73.0,71.0,29.0,Balanced,33.33333333333333,26.666666666666668,60.0
B1,2021-01-16,Oostende,Kortrijk,2,1,H,7.0,11.0,2.0,2.0,20.0,13.0,2.0,2.0,2.0,1.0,0.0,0.0,2.15,3.6,3.1,15,1,2021,1,16,12,9,7,Home Win,Home Win,2020-2021,Oostende,68.0,69.0,68.0,66.0,27.0,Long Ball,,69.64389067524115,70.3330689928628,69.83108643933386,68.45757335448057,26.94528152260111,Balanced,53.333333333333336,66.66666666666666,60.0
B1,2021-01-16,Mouscron,Genk,2,0,H,17.0,12.0,12.0,2.0,20.0,16.0,8.0,4.0,2.0,2.0,0.0,1.0,4.75,3.75,1.7,17,1,2021,1,16,11,7,7,Home Win,Home Win,2020-2021,Mouscron,65.0,66.0,65.0,63.0,25.0,Long Ball,Genk,73.0,73.0,73.0,71.0,25.0,Balanced,53.333333333333336,46.666666666666664,46.666666666666664
B1,2021-01-16,Waasland-Beveren,Waregem,1,5,A,13.0,18.0,7.0,10.0,8.0,7.0,8.0,1.0,2.0,1.0,0.0,0.0,2.7,3.6,2.37,17,2,2021,1,16,19,20,7,Away Win,Away Win,2020-2021,Waasland-Beveren,66.0,67.0,66.0,64.0,24.0,Long Ball,Waregem,69.0,70.0,69.0,67.0,28.0,Balanced,40.0,26.666666666666668,80.0
B1,2021-01-16,Charleroi,Mechelen,0,1,A,10.0,10.0,5.0,1.0,14.0,21.0,7.0,4.0,1.0,1.0,0.0,0.0,2.05,3.6,3.3,19,2,2021,1,16,4,10,7,Away Win,Away Win,2020-2021,Charleroi,71.0,72.0,71.0,69.0,27.0,Fast Build-Up,Mechelen,70.0,71.0,70.0,68.0,26.0,Balanced,46.666666666666664,60.0,60.0
B1,2021-01-17,Gent,Antwerp,0,1,A,10.0,7.0,4.0,1.0,14.0,8.0,5.0,4.0,1.0,3.0,0.0,0.0,1.95,3.5,4.0,12,2,2021,1,17,8,1,1,Away Win,Away Win,2020-2021,Gent,75.0,76.0,75.0,72.0,27.0,Balanced,Antwerp,72.0,73.0,72.0,70.0,28.0,Long Ball,46.666666666666664,66.66666666666666,40.0
B1,2021-01-17,Cercle Brugge,Standard,0,1,A,7.0,5.0,0.0,3.0,22.0,13.0,7.0,3.0,1.0,1.0,0.0,0.0,3.6,3.5,2.0,15,2,2021,1,17,3,18,1,Away Win,Away Win,2020-2021,Cercle Brugge,67.0,68.0,67.0,65.0,25.0,Balanced,,69.64389067524115,70.3330689928628,69.83108643933386,68.45757335448057,26.94528152260111,Balanced,0.0,6.666666666666667,20.0
B1,2021-01-17,Beerschot VA,Club Brugge,0,3,A,10.0,15.0,4.0,6.0,15.0,6.0,5.0,7.0,3.0,2.0,0.0,0.0,6.5,4.75,1.45,17,2,2021,1,17,2,5,1,Away Win,Away Win,2020-2021,,69.65567176186646,70.34285714285714,69.84285714285714,68.46746031746032,26.95,Balanced,Club Brugge,76.0,75.0,77.0,73.0,28.0,Balanced,53.333333333333336,13.333333333333334,80.0
B1,2021-01-17,St Truiden,Oud-Heverlee Leuven,3,1,H,12.0,9.0,4.0,4.0,11.0,17.0,2.0,4.0,2.0,0.0,0.0,1.0,2.0,3.4,3.75,19,1,2021,1,17,16,13,1,Home Win,Home Win,2020-2021,St Truiden,68.0,68.0,68.0,66.0,26.0,Fast Build-Up,,69.64389067524115,70.3330689928628,69.83108643933386,68.45757335448057,26.94528152260111,Balanced,26.666666666666668,60.0,46.666666666666664
B1,2021-01-19,Mouscron,Waasland-Beveren,1,1,D,14.0,8.0,4.0,4.0,14.0,12.0,6.0,6.0,4.0,1.0,0.0,0.0,1.83,3.8,4.0,17,0,2021,1,19,11,19,3,Draw,Draw,2020-2021,Mouscron,65.0,66.0,65.0,63.0,25.0,Long Ball,Waasland-Beveren,66.0,67.0,66.0,64.0,24.0,Long Ball,73.33333333333333,46.666666666666664,6.666666666666667
B1,2021-01-19,Anderlecht,Charleroi,3,0,H,15.0,4.0,4.0,0.0,2.0,16.0,6.0,4.0,0.0,3.0,0.0,0.0,1.9,3.5,3.75,20,1,2021,1,19,0,4,3,Home Win,Home Win,2020-2021,Anderlecht,73.0,73.0,73.0,71.0,29.0,Balanced,Charleroi,71.0,72.0,71.0,69.0,27.0,Fast Build-Up,86.66666666666667,40.0,40.0
B1,2021-01-20,Kortrijk,St Truiden,0,2,A,29.0,8.0,7.0,2.0,14.0,12.0,9.0,1.0,2.0,0.0,0.0,0.0,2.15,3.5,3.1,15,2,2021,1,20,9,16,4,Away Win,Away Win,2020-2021,,69.65567176186646,70.34285714285714,69.84285714285714,68.46746031746032,26.95,Balanced,St Truiden,68.0,68.0,68.0,66.0,26.0,Fast Build-Up,80.0,60.0,80.0
B1,2021-01-20,Eupen,Beerschot VA,3,1,H,13.0,5.0,5.0,3.0,8.0,14.0,7.0,4.0,0.0,2.0,0.0,1.0,1.95,3.75,3.4,17,1,2021,1,20,6,2,4,Home Win,Home Win,2020-2021,Eupen,66.0,66.0,66.0,64.0,26.0,Balanced,,69.64389067524115,70.3330689928628,69.83108643933386,68.45757335448057,26.94528152260111,Balanced,46.666666666666664,46.666666666666664,13.333333333333334
B1,2021-01-20,Mechelen,Standard,0,4,A,13.0,11.0,3.0,5.0,17.0,14.0,4.0,0.0,1.0,1.0,0.0,0.0,2.25,3.75,2.8,17,2,2021,1,20,10,18,4,Away Win,Away Win,2020-2021,Mechelen,70.0,71.0,70.0,68.0,26.0,Balanced,,69.64389067524115,70.3330689928628,69.83108643933386,68.45757335448057,26.94528152260111,Balanced,40.0,80.0,40.0
B1,2021-01-20,Antwerp,Cercle Brugge,1,0,H,10.0,8.0,1.0,1.0,9.0,14.0,2.0,8.0,2.0,3.0,0.0,0.0,1.5,4.33,5.75,20,1,2021,1,20,1,3,4,Home Win,Home Win,2020-2021,Antwerp,72.0,73.0,72.0,70.0,28.0,Long Ball,Cercle Brugge,67.0,68.0,67.0,65.0,25.0,Balanced,46.666666666666664,60.0,6.666666666666667
B1,2021-01-20,Club Brugge,Oostende,2,1,H,14.0,10.0,6.0,4.0,11.0,12.0,5.0,3.0,1.0,1.0,0.0,0.0,1.28,5.5,8.5,20,1,2021,1,20,5,12,4,Home Win,Home Win,2020-2021,Club Brugge,76.0,75.0,77.0,73.0,28.0,Balanced,Oostende,68.0,69.0,68.0,66.0,27.0,Long Ball,66.66666666666666,80.0,66.66666666666666
B1,2021-01-21,Waregem,Oud-Heverlee Leuven,2,3,A,11.0,17.0,5.0,8.0,12.0,9.0,5.0,9.0,1.0,0.0,0.0,0.0,2.25,3.5,3.0,17,2,2021,1,21,20,13,5,Away Win,Away Win,2020-2021,Waregem,69.0,70.0,69.0,67.0,28.0,Balanced,,69.64389067524115,70.3330689928628,69.83108643933386,68.45757335448057,26.94528152260111,Balanced,46.666666666666664,80.0,26.666666666666668
B1,2021-01-21,Genk,Gent,1,1,D,6.0,16.0,3.0,6.0,12.0,25.0,0.0,4.0,2.0,4.0,1.0,0.0,2.05,3.75,3.3,20,0,2021,1,21,7,8,5,Draw,Draw,2020-2021,Genk,73.0,73.0,73.0,71.0,25.0,Balanced,Gent,75.0,76.0,75.0,72.0,27.0,Balanced,86.66666666666667,46.666666666666664,46.666666666666664
B1,2021-01-22,Anderlecht,Waasland-Beveren,0,0,D,26.0,4.0,10.0,0.0,9.0,9.0,13.0,1.0,1.0,0.0,0.0,0.0,1.28,4.5,11.0,19,0,2021,1,22,0,19,6,Draw,Draw,2020-2021,Anderlecht,73.0,73.0,73.0,71.0,29.0,Balanced,Waasland-Beveren,66.0,67.0,66.0,64.0,24.0,Long Ball,86.66666666666667,40.0,13.333333333333334
B1,2021-01-23,Mechelen,Eupen,3,0,H,14.0,12.0,8.0,4.0,9.0,16.0,5.0,10.0,3.0,1.0,0.0,0.0,1.75,3.6,3.6,15,1,2021,1,23,10,6,7,Home Win,Home Win,2020-2021,Mechelen,70.0,71.0,70.0,68.0,26.0,Balanced,Eupen,66.0,66.0,66.0,64.0,26.0,Balanced,40.0,80.0,66.66666666666666
B1,2021-01-23,Kortrijk,Cercle Brugge,1,2,A,16.0,11.0,3.0,5.0,13.0,9.0,8.0,7.0,2.0,1.0,0.0,0.0,2.0,3.75,3.0,17,2,2021,1,23,9,3,7,Away Win,Away Win,2020-2021,,69.65567176186646,70.34285714285714,69.84285714285714,68.46746031746032,26.95,Balanced,Cercle Brugge,67.0,68.0,67.0,65.0,25.0,Balanced,60.0,40.0,6.666666666666667
B1,2021-01-23,St Truiden,Mouscron,0,2,A,17.0,12.0,3.0,6.0,8.0,16.0,7.0,4.0,4.0,3.0,0.0,0.0,1.9,3.6,3.25,17,2,2021,1,23,16,11,7,Away Win,Away Win,2020-2021,St Truiden,68.0,68.0,68.0,66.0,26.0,Fast Build-Up,Mouscron,65.0,66.0,65.0,63.0,25.0,Long Ball,46.666666666666664,80.0,46.666666666666664
B1,2021-01-23,Antwerp,Oostende,1,2,A,11.0,12.0,3.0,5.0,7.0,9.0,4.0,4.0,3.0,3.0,0.0,0.0,2.0,3.75,3.4,19,2,2021,1,23,1,12,7,Away Win,Away Win,2020-2021,Antwerp,72.0,73.0,72.0,70.0,28.0,Long Ball,Oostende,68.0,69.0,68.0,66.0,27.0,Long Ball,60.0,80.0,66.66666666666666
B1,2021-01-24,Club Brugge,Genk,3,2,H,18.0,9.0,8.0,4.0,12.0,17.0,7.0,2.0,0.0,1.0,0.0,0.0,1.55,3.8,5.0,12,1,2021,1,24,5,7,1,Home Win,Home Win,2020-2021,Club Brugge,76.0,75.0,77.0,73.0,28.0,Balanced,Genk,73.0,73.0,73.0,71.0,25.0,Balanced,80.0,80.0,33.33333333333333
B1,2021-01-24,Waregem,Beerschot VA,0,3,A,9.0,9.0,2.0,5.0,13.0,16.0,6.0,3.0,0.0,0.0,0.0,0.0,1.95,3.6,3.1,15,2,2021,1,24,20,2,1,Away Win,Away Win,2020-2021,Waregem,69.0,70.0,69.0,67.0,28.0,Balanced,,69.64389067524115,70.3330689928628,69.83108643933386,68.45757335448057,26.94528152260111,Balanced,46.666666666666664,80.0,13.333333333333334
B1,2021-01-24,Standard,Charleroi,3,2,H,14.0,16.0,6.0,10.0,11.0,13.0,3.0,2.0,1.0,2.0,0.0,1.0,1.9,3.6,3.3,17,1,2021,1,24,18,4,1,Home Win,Home Win,2020-2021,,69.65567176186646,70.34285714285714,69.84285714285714,68.46746031746032,26.95,Balanced,Charleroi,71.0,72.0,71.0,69.0,27.0,Fast Build-Up,33.33333333333333,60.0,20.0
B1,2021-01-24,Oud-Heverlee Leuven,Gent,0,3,A,12.0,25.0,5.0,9.0,4.0,10.0,3.0,7.0,2.0,2.0,1.0,0.0,3.8,3.6,1.72,19,2,2021,1,24,13,8,1,Away Win,Away Win,2020-2021,,69.65567176186646,70.34285714285714,69.84285714285714,68.46746031746032,26.95,Balanced,Gent,75.0,76.0,75.0,72.0,27.0,Balanced,60.0,40.0,33.33333333333333
B1,2021-01-26,Eupen,Antwerp,0,2,A,19.0,11.0,4.0,4.0,10.0,8.0,5.0,4.0,2.0,1.0,0.0,0.0,2.75,3.6,2.37,17,2,2021,1,26,6,1,3,Away Win,Away Win,2020-2021,Eupen,66.0,66.0,66.0,64.0,26.0,Balanced,Antwerp,72.0,73.0,72.0,70.0,28.0,Long Ball,46.666666666666664,66.66666666666666,60.0
B1,2021-01-26,Waasland-Beveren,Mechelen,2,3,A,9.0,17.0,6.0,7.0,13.0,13.0,6.0,10.0,2.0,1.0,0.0,0.0,4.75,4.33,1.6,17,2,2021,1,26,19,10,3,Away Win,Away Win,2020-2021,Waasland-Beveren,66.0,67.0,66.0,64.0,24.0,Long Ball,Mechelen,70.0,71.0,70.0,68.0,26.0,Balanced,40.0,20.0,80.0
B1,2021-01-26,Mouscron,Anderlecht,1,1,D,7.0,11.0,1.0,2.0,23.0,11.0,5.0,4.0,2.0,1.0,0.0,0.0,5.0,3.8,1.7,20,0,2021,1,26,11,0,3,Draw,Draw,2020-2021,Mouscron,65.0,66.0,65.0,63.0,25.0,Long Ball,Anderlecht,73.0,73.0,73.0,71.0,29.0,Balanced,73.33333333333333,46.666666666666664,46.666666666666664
B1,2021-01-27,Beerschot VA,Kortrijk,0,0,D,4.0,20.0,1.0,4.0,11.0,12.0,4.0,9.0,1.0,2.0,0.0,0.0,2.4,3.5,2.8,17,0,2021,1,27,2,9,4,Draw,Draw,2020-2021,,69.65567176186646,70.34285714285714,69.84285714285714,68.46746031746032,26.95,Balanced,,69.64389067524115,70.3330689928628,69.83108643933386,68.45757335448057,26.94528152260111,Balanced,33.33333333333333,33.33333333333333,40.0
B1,2021-01-27,Genk,Waregem,3,2,H,12.0,13.0,5.0,6.0,11.0,11.0,5.0,3.0,0.0,0.0,0.0,0.0,1.5,4.5,5.75,17,1,2021,1,27,7,20,4,Home Win,Home Win,2020-2021,Genk,73.0,73.0,73.0,71.0,25.0,Balanced,Waregem,69.0,70.0,69.0,67.0,28.0,Balanced,73.33333333333333,26.666666666666668,60.0
B1,2021-01-27,Charleroi,Oud-Heverlee Leuven,1,1,D,19.0,17.0,11.0,5.0,9.0,14.0,12.0,5.0,2.0,3.0,0.0,0.0,1.8,3.8,4.0,20,0,2021,1,27,4,13,4,Draw,Draw,2020-2021,Charleroi,71.0,72.0,71.0,69.0,27.0,Fast Build-Up,,69.64389067524115,70.3330689928628,69.83108643933386,68.45757335448057,26.94528152260111,Balanced,26.666666666666668,0.0,40.0
B1,2021-01-27,Gent,St Truiden,1,1,D,10.0,3.0,5.0,2.0,18.0,16.0,6.0,3.0,1.0,2.0,0.0,0.0,1.57,4.0,5.75,20,0,2021,1,27,8,16,4,Draw,Draw,2020-2021,Gent,75.0,76.0,75.0,72.0,27.0,Balanced,St Truiden,68.0,68.0,68.0,66.0,26.0,Fast Build-Up,46.666666666666664,33.33333333333333,60.0
B1,2021-01-28,Cercle Brugge,Club Brugge,1,2,A,8.0,8.0,5.0,3.0,9.0,9.0,2.0,6.0,0.0,2.0,0.0,0.0,7.5,5.0,1.36,17,2,2021,1,28,3,5,5,Away Win,Away Win,2020-2021,Cercle Brugge,67.0,68.0,67.0,65.0,25.0,Balanced,Club Brugge,76.0,75.0,77.0,73.0,28.0,Balanced,0.0,26.666666666666668,100.0
B1,2021-01-28,Oostende,Standard,2,2,D,9.0,21.0,3.0,5.0,15.0,5.0,8.0,12.0,2.0,0.0,0.0,0.0,2.7,3.2,2.6,20,0,2021,1,28,12,18,5,Draw,Draw,2020-2021,Oostende,68.0,69.0,68.0,66.0,27.0,Long Ball,,69.64389067524115,70.3330689928628,69.83108643933386,68.45757335448057,26.94528152260111,Balanced,73.33333333333333,66.66666666666666,80.0
B1,2021-01-29,Antwerp,Waasland-Beveren,3,2,H,15.0,6.0,7.0,3.0,7.0,9.0,12.0,2.0,2.0,1.0,0.0,0.0,1.5,4.5,6.0,19,1,2021,1,29,1,19,6,Home Win,Home Win,2020-2021,Antwerp,72.0,73.0,72.0,70.0,28.0,Long Ball,Waasland-Beveren,66.0,67.0,66.0,64.0,24.0,Long Ball,40.0,60.0,13.333333333333334
B1,2021-01-30,Mechelen,Genk,0,0,D,15.0,12.0,2.0,3.0,20.0,16.0,4.0,3.0,2.0,3.0,0.0,0.0,2.55,3.4,2.62,15,0,2021,1,30,10,7,7,Draw,Draw,2020-2021,Mechelen,70.0,71.0,70.0,68.0,26.0,Balanced,Genk,73.0,73.0,73.0,71.0,25.0,Balanced,60.0,80.0,26.666666666666668
B1,2021-01-30,Eupen,Mouscron,1,1,D,12.0,11.0,5.0,4.0,10.0,13.0,7.0,6.0,0.0,2.0,0.0,0.0,2.05,3.3,3.5,17,0,2021,1,30,6,11,7,Draw,Draw,2020-2021,Eupen,66.0,66.0,66.0,64.0,26.0,Balanced,Mouscron,65.0,66.0,65.0,63.0,25.0,Long Ball,40.0,46.666666666666664,53.333333333333336
B1,2021-01-30,Oud-Heverlee Leuven,Beerschot VA,0,1,A,14.0,14.0,3.0,7.0,15.0,12.0,6.0,4.0,3.0,2.0,0.0,0.0,2.2,3.5,3.1,17,2,2021,1,30,13,2,7,Away Win,Away Win,2020-2021,,69.65567176186646,70.34285714285714,69.84285714285714,68.46746031746032,26.95,Balanced,,69.64389067524115,70.3330689928628,69.83108643933386,68.45757335448057,26.94528152260111,Balanced,40.0,46.666666666666664,33.33333333333333
B1,2021-01-30,Kortrijk,Charleroi,1,3,A,12.0,14.0,4.0,5.0,14.0,19.0,5.0,3.0,1.0,1.0,1.0,0.0,2.45,3.4,2.75,19,2,2021,1,30,9,4,7,Away Win,Away Win,2020-2021,,69.65567176186646,70.34285714285714,69.84285714285714,68.46746031746032,26.95,Balanced,Charleroi,71.0,72.0,71.0,69.0,27.0,Fast Build-Up,60.0,26.666666666666668,6.666666666666667
B1,2021-01-31,Club Brugge,Standard,3,1,H,17.0,10.0,7.0,5.0,8.0,18.0,7.0,4.0,1.0,4.0,0.0,0.0,1.55,3.8,6.5,12,1,2021,1,31,5,18,1,Home Win,Home Win,2020-2021,Club Brugge,76.0,75.0,77.0,73.0,28.0,Balanced,,69.64389067524115,70.3330689928628,69.83108643933386,68.45757335448057,26.94528152260111,Balanced,80.0,100.0,86.66666666666667
B1,2021-01-31,Waregem,Oostende,2,1,H,20.0,13.0,3.0,7.0,8.0,11.0,7.0,9.0,1.0,1.0,0.0,0.0,3.4,3.5,2.05,15,1,2021,1,31,20,12,1,Home Win,Home Win,2020-2021,Waregem,69.0,70.0,69.0,67.0,28.0,Balanced,Oostende,68.0,69.0,68.0,66.0,27.0,Long Ball,40.0,40.0,53.333333333333336
B1,2021-01-31,Anderlecht,Gent,0,0,D,10.0,12.0,4.0,3.0,11.0,17.0,5.0,3.0,0.0,1.0,0.0,0.0,2.25,3.4,3.1,17,0,2021,1,31,0,8,1,Draw,Draw,2020-2021,Anderlecht,73.0,73.0,73.0,71.0,29.0,Balanced,Gent,75.0,76.0,75.0,72.0,27.0,Balanced,86.66666666666667,33.33333333333333,40.0
B1,2021-01-31,St Truiden,Cercle Brugge,3,0,H,10.0,15.0,6.0,2.0,7.0,11.0,1.0,4.0,3.0,2.0,0.0,0.0,2.0,3.5,3.5,19,1,2021,1,31,16,3,1,Home Win,Home Win,2020-2021,St Truiden,68.0,68.0,68.0,66.0,26.0,Fast Build-Up,Cercle Brugge,67.0,68.0,67.0,65.0,25.0,Balanced,40.0,46.666666666666664,26.666666666666668
B1,2021-02-05,Mouscron,Kortrijk,0,3,A,10.0,13.0,3.0,5.0,14.0,8.0,4.0,4.0,2.0,1.0,1.0,0.0,3.0,3.4,2.3,19,2,2021,2,5,11,9,6,Away Win,Away Win,2020-2021,Mouscron,65.0,66.0,65.0,63.0,25.0,Long Ball,,69.64389067524115,70.3330689928628,69.83108643933386,68.45757335448057,26.94528152260111,Balanced,60.0,60.0,6.666666666666667
B1,2021-02-06,Oostende,St Truiden,3,1,H,13.0,5.0,4.0,2.0,8.0,14.0,7.0,5.0,0.0,1.0,0.0,0.0,2.0,3.2,3.8,15,1,2021,2,6,12,16,7,Home Win,Home Win,2020-2021,Oostende,68.0,69.0,68.0,66.0,27.0,Long Ball,St Truiden,68.0,68.0,68.0,66.0,26.0,Fast Build-Up,73.33333333333333,46.666666666666664,66.66666666666666
B1,2021-02-06,Cercle Brugge,Mechelen,0,1,A,9.0,13.0,3.0,3.0,13.0,11.0,7.0,10.0,2.0,1.0,0.0,0.0,3.0,3.6,2.15,17,2,2021,2,6,3,10,7,Away Win,Away Win,2020-2021,Cercle Brugge,67.0,68.0,67.0,65.0,25.0,Balanced,Mechelen,70.0,71.0,70.0,68.0,26.0,Balanced,0.0,20.0,66.66666666666666
B1,2021-02-06,Waasland-Beveren,Club Brugge,0,2,A,6.0,22.0,0.0,10.0,16.0,9.0,3.0,5.0,2.0,0.0,0.0,0.0,13.0,7.5,1.16,17,2,2021,2,6,19,5,7,Away Win,Away Win,2020-2021,Waasland-Beveren,66.0,67.0,66.0,64.0,24.0,Long Ball,Club Brugge,76.0,75.0,77.0,73.0,28.0,Balanced,40.0,13.333333333333334,100.0
B1,2021-02-06,Standard,Oud-Heverlee Leuven,1,1,D,13.0,10.0,4.0,3.0,11.0,13.0,7.0,1.0,3.0,1.0,1.0,0.0,1.65,3.8,5.0,19,0,2021,2,6,18,13,7,Draw,Draw,2020-2021,,69.65567176186646,70.34285714285714,69.84285714285714,68.46746031746032,26.95,Balanced,,69.64389067524115,70.3330689928628,69.83108643933386,68.45757335448057,26.94528152260111,Balanced,46.666666666666664,66.66666666666666,26.666666666666668
B1,2021-02-07,Beerschot VA,Antwerp,1,2,A,6.0,11.0,3.0,2.0,8.0,16.0,5.0,7.0,4.0,3.0,0.0,0.0,3.4,3.25,2.2,12,2,2021,2,7,2,1,1,Away Win,Away Win,2020-2021,,69.65567176186646,70.34285714285714,69.84285714285714,68.46746031746032,26.95,Balanced,Antwerp,72.0,73.0,72.0,70.0,28.0,Long Ball,20.0,46.666666666666664,80.0
B1,2021-02-07,Charleroi,Waregem,1,1,D,9.0,20.0,8.0,5.0,16.0,8.0,3.0,6.0,1.0,1.0,0.0,0.0,1.75,3.6,4.33,15,0,2021,2,7,4,20,1,Draw,Draw,2020-2021,Charleroi,71.0,72.0,71.0,69.0,27.0,Fast Build-Up,Waregem,69.0,70.0,69.0,67.0,28.0,Balanced,33.33333333333333,26.666666666666668,40.0
B1,2021-02-07,Genk,Anderlecht,1,2,A,5.0,11.0,1.0,3.0,16.0,11.0,5.0,2.0,3.0,2.0,0.0,0.0,2.3,3.4,3.0,17,2,2021,2,7,7,0,1,Away Win,Away Win,2020-2021,Genk,73.0,73.0,73.0,71.0,25.0,Balanced,Anderlecht,73.0,73.0,73.0,71.0,29.0,Balanced,73.33333333333333,33.33333333333333,40.0
B1,2021-02-07,Gent,Eupen,2,2,D,9.0,7.0,3.0,4.0,10.0,16.0,3.0,1.0,4.0,2.0,0.0,0.0,1.65,3.75,5.0,19,0,2021,2,7,8,6,1,Draw,Draw,2020-2021,Gent,75.0,76.0,75.0,72.0,27.0,Balanced,Eupen,66.0,66.0,66.0,64.0,26.0,Balanced,46.666666666666664,40.0,46.666666666666664
B1,2021-02-12,Oud-Heverlee Leuven,Kortrijk,3,1,H,8.0,28.0,4.0,10.0,7.0,17.0,3.0,5.0,2.0,4.0,1.0,0.0,2.9,3.4,2.37,19,1,2021,2,12,13,9,6,Home Win,Home Win,2020-2021,,69.65567176186646,70.34285714285714,69.84285714285714,68.46746031746032,26.95,Balanced,,69.64389067524115,70.3330689928628,69.83108643933386,68.45757335448057,26.94528152260111,Balanced,20.0,33.33333333333333,26.666666666666668
B1,2021-02-13,St Truiden,Waregem,1,2,A,9.0,15.0,5.0,9.0,12.0,13.0,5.0,2.0,0.0,2.0,0.0,0.0,2.0,3.5,3.6,17,2,2021,2,13,16,20,7,Away Win,Away Win,2020-2021,St Truiden,68.0,68.0,68.0,66.0,26.0,Fast Build-Up,Waregem,69.0,70.0,69.0,67.0,28.0,Balanced,60.0,46.666666666666664,26.666666666666668
B1,2021-02-14,Standard,Antwerp,1,1,D,9.0,14.0,3.0,5.0,8.0,21.0,4.0,2.0,1.0,4.0,0.0,0.0,2.05,3.5,3.6,12,0,2021,2,14,18,1,1,Draw,Draw,2020-2021,,69.65567176186646,70.34285714285714,69.84285714285714,68.46746031746032,26.95,Balanced,Antwerp,72.0,73.0,72.0,70.0,28.0,Long Ball,46.666666666666664,53.333333333333336,80.0
B1,2021-02-14,Beerschot VA,Mechelen,1,2,A,14.0,16.0,3.0,6.0,8.0,12.0,5.0,6.0,2.0,0.0,0.0,0.0,3.1,3.5,2.25,15,2,2021,2,14,2,10,1,Away Win,Away Win,2020-2021,,69.65567176186646,70.34285714285714,69.84285714285714,68.46746031746032,26.95,Balanced,Mechelen,70.0,71.0,70.0,68.0,26.0,Balanced,20.0,46.666666666666664,66.66666666666666
B1,2021-02-14,Cercle Brugge,Anderlecht,0,0,D,10.0,4.0,4.0,0.0,10.0,12.0,4.0,2.0,1.0,1.0,0.0,0.0,3.8,3.6,1.9,19,0,2021,2,14,3,0,1,Draw,Draw,2020-2021,Cercle Brugge,67.0,68.0,67.0,65.0,25.0,Balanced,Anderlecht,73.0,73.0,73.0,71.0,29.0,Balanced,0.0,20.0,60.0
B1,2021-02-15,Gent,Mouscron,4,0,H,20.0,10.0,9.0,2.0,9.0,12.0,7.0,3.0,1.0,1.0,0.0,0.0,1.5,4.2,6.5,19,1,2021,2,15,8,11,2,Home Win,Home Win,2020-2021,Gent,75.0,76.0,75.0,72.0,27.0,Balanced,Mouscron,65.0,66.0,65.0,63.0,25.0,Long Ball,53.333333333333336,46.666666666666664,40.0
B1,2021-02-17,Waasland-Beveren,Eupen,1,0,H,11.0,9.0,5.0,4.0,18.0,18.0,4.0,5.0,3.0,2.0,0.0,0.0,4.0,3.8,1.83,16,1,2021,2,17,19,6,4,Home Win,Home Win,2020-2021,Waasland-Beveren,66.0,67.0,66.0,64.0,24.0,Long Ball,Eupen,66.0,66.0,66.0,64.0,26.0,Balanced,20.0,13.333333333333334,33.33333333333333
B1,2021-02-17,Oostende,Genk,3,1,H,7.0,10.0,4.0,1.0,13.0,8.0,4.0,2.0,1.0,2.0,0.0,0.0,2.25,3.6,2.8,18,1,2021,2,17,12,7,4,Home Win,Home Win,2020-2021,Oostende,68.0,69.0,68.0,66.0,27.0,Long Ball,Genk,73.0,73.0,73.0,71.0,25.0,Balanced,73.33333333333333,46.666666666666664,33.33333333333333
B1,2021-02-19,Mechelen,Gent,1,1,D,14.0,12.0,3.0,6.0,11.0,9.0,3.0,3.0,1.0,1.0,0.0,0.0,3.4,3.6,2.05,19,0,2021,2,19,10,8,6,Draw,Draw,2020-2021,Mechelen,70.0,71.0,70.0,68.0,26.0,Balanced,Gent,75.0,76.0,75.0,72.0,27.0,Balanced,66.66666666666666,86.66666666666667,60.0
B1,2021-02-20,Eupen,Oostende,1,1,D,9.0,10.0,2.0,1.0,11.0,10.0,3.0,2.0,3.0,2.0,0.0,0.0,2.7,3.5,2.45,15,0,2021,2,20,6,12,7,Draw,Draw,2020-2021,Eupen,66.0,66.0,66.0,64.0,26.0,Balanced,Oostende,68.0,69.0,68.0,66.0,27.0,Long Ball,46.666666666666664,13.333333333333334,66.66666666666666
B1,2021-02-20,Mouscron,Cercle Brugge,1,2,A,9.0,15.0,3.0,8.0,12.0,12.0,7.0,5.0,4.0,2.0,0.0,0.0,2.37,3.5,2.8,17,2,2021,2,20,11,3,7,Away Win,Away Win,2020-2021,Mouscron,65.0,66.0,65.0,63.0,25.0,Long Ball,Cercle Brugge,67.0,68.0,67.0,65.0,25.0,Balanced,40.0,33.33333333333333,26.666666666666668
B1,2021-02-20,Waasland-Beveren,Charleroi,1,1,D,12.0,8.0,3.0,2.0,12.0,10.0,7.0,3.0,2.0,0.0,0.0,0.0,3.6,3.5,1.9,19,0,2021,2,20,19,4,7,Draw,Draw,2020-2021,Waasland-Beveren,66.0,67.0,66.0,64.0,24.0,Long Ball,Charleroi,71.0,72.0,71.0,69.0,27.0,Fast Build-Up,20.0,26.666666666666668,33.33333333333333
B1,2021-02-21,Anderlecht,Kortrijk,0,2,A,10.0,13.0,0.0,8.0,13.0,15.0,6.0,6.0,0.0,3.0,0.0,0.0,1.6,4.0,5.25,12,2,2021,2,21,0,9,1,Away Win,Away Win,2020-2021,Anderlecht,73.0,73.0,73.0,71.0,29.0,Balanced,,69.64389067524115,70.3330689928628,69.83108643933386,68.45757335448057,26.94528152260111,Balanced,73.33333333333333,46.666666666666664,26.666666666666668
B1,2021-02-21,Waregem,Standard,3,2,H,13.0,11.0,4.0,6.0,15.0,16.0,6.0,3.0,0.0,1.0,0.0,0.0,3.5,3.4,1.95,15,1,2021,2,21,20,18,1,Home Win,Home Win,2020-2021,Waregem,69.0,70.0,69.0,67.0,28.0,Balanced,,69.64389067524115,70.3330689928628,69.83108643933386,68.45757335448057,26.94528152260111,Balanced,60.0,46.666666666666664,40.0
B1,2021-02-21,Genk,Beerschot VA,1,2,A,20.0,12.0,6.0,5.0,12.0,11.0,10.0,3.0,2.0,3.0,0.0,0.0,1.61,4.33,4.75,17,2,2021,2,21,7,2,1,Away Win,Away Win,2020-2021,Genk,73.0,73.0,73.0,71.0,25.0,Balanced,,69.64389067524115,70.3330689928628,69.83108643933386,68.45757335448057,26.94528152260111,Balanced,53.333333333333336,26.666666666666668,46.666666666666664
B1,2021-02-21,Antwerp,St Truiden,0,0,D,9.0,9.0,3.0,0.0,10.0,11.0,3.0,4.0,1.0,1.0,0.0,0.0,1.7,4.0,4.33,19,0,2021,2,21,1,16,1,Draw,Draw,2020-2021,Antwerp,72.0,73.0,72.0,70.0,28.0,Long Ball,St Truiden,68.0,68.0,68.0,66.0,26.0,Fast Build-Up,60.0,66.66666666666666,26.666666666666668
B1,2021-02-22,Club Brugge,Oud-Heverlee Leuven,3,0,H,21.0,4.0,10.0,0.0,16.0,13.0,8.0,5.0,1.0,3.0,0.0,0.0,1.2,7.0,11.0,19,1,2021,2,22,5,13,2,Home Win,Home Win,2020-2021,Club Brugge,76.0,75.0,77.0,73.0,28.0,Balanced,,69.64389067524115,70.3330689928628,69.83108643933386,68.45757335448057,26.94528152260111,Balanced,80.0,100.0,33.33333333333333
B1,2021-02-26,Charleroi,Genk,1,2,A,13.0,13.0,4.0,4.0,7.0,10.0,3.0,6.0,2.0,2.0,0.0,0.0,3.1,3.5,2.2,19,2,2021,2,26,4,7,6,Away Win,Away Win,2020-2021,Charleroi,71.0,72.0,71.0,69.0,27.0,Fast Build-Up,Genk,73.0,73.0,73.0,71.0,25.0,Balanced,40.0,40.0,26.666666666666668
B1,2021-02-27,Cercle Brugge,Waasland-Beveren,2,0,H,13.0,9.0,4.0,2.0,15.0,14.0,1.0,1.0,2.0,5.0,0.0,0.0,1.75,4.0,4.2,15,1,2021,2,27,3,19,7,Home Win,Home Win,2020-2021,Cercle Brugge,67.0,68.0,67.0,65.0,25.0,Balanced,Waasland-Beveren,66.0,67.0,66.0,64.0,24.0,Long Ball,6.666666666666667,26.666666666666668,26.666666666666668
B1,2021-02-27,Oostende,Mechelen,2,0,H,15.0,15.0,6.0,1.0,12.0,4.0,5.0,11.0,2.0,3.0,0.0,0.0,2.37,3.6,2.7,17,1,2021,2,27,12,10,7,Home Win,Home Win,2020-2021,Oostende,68.0,69.0,68.0,66.0,27.0,Long Ball,Mechelen,70.0,71.0,70.0,68.0,26.0,Balanced,73.33333333333333,53.333333333333336,73.33333333333333
B1,2021-02-27,Kortrijk,Waregem,1,2,A,8.0,9.0,6.0,3.0,16.0,15.0,1.0,6.0,1.0,4.0,0.0,0.0,1.95,3.6,3.5,19,2,2021,2,27,9,20,7,Away Win,Away Win,2020-2021,,69.65567176186646,70.34285714285714,69.84285714285714,68.46746031746032,26.95,Balanced,Waregem,69.0,70.0,69.0,67.0,28.0,Balanced,40.0,46.666666666666664,66.66666666666666
B1,2021-02-28,Standard,Anderlecht,1,3,A,13.0,11.0,4.0,4.0,22.0,19.0,2.0,3.0,3.0,2.0,0.0,0.0,2.5,3.5,2.62,12,2,2021,2,28,18,0,1,Away Win,Away Win,2020-2021,,69.65567176186646,70.34285714285714,69.84285714285714,68.46746031746032,26.95,Balanced,Anderlecht,73.0,73.0,73.0,71.0,29.0,Balanced,53.333333333333336,20.0,40.0
B1,2021-02-28,Beerschot VA,Mouscron,2,2,D,9.0,10.0,3.0,3.0,9.0,14.0,3.0,4.0,2.0,5.0,0.0,0.0,2.05,3.6,3.3,15,0,2021,2,28,2,11,1,Draw,Draw,2020-2021,,69.65567176186646,70.34285714285714,69.84285714285714,68.46746031746032,26.95,Balanced,Mouscron,65.0,66.0,65.0,63.0,25.0,Long Ball,13.333333333333334,46.666666666666664,13.333333333333334
B1,2021-02-28,St Truiden,Eupen,0,2,A,11.0,10.0,3.0,4.0,4.0,8.0,6.0,9.0,2.0,1.0,1.0,0.0,2.15,3.6,3.0,19,2,2021,2,28,16,6,1,Away Win,Away Win,2020-2021,St Truiden,68.0,68.0,68.0,66.0,26.0,Fast Build-Up,Eupen,66.0,66.0,66.0,64.0,26.0,Balanced,40.0,33.33333333333333,20.0
B1,2021-03-01,Oud-Heverlee Leuven,Antwerp,2,0,H,10.0,13.0,6.0,6.0,10.0,15.0,2.0,5.0,1.0,2.0,0.0,0.0,3.4,3.6,2.0,19,1,2021,3,1,13,1,2,Home Win,Home Win,2020-2021,,69.65567176186646,70.34285714285714,69.84285714285714,68.46746031746032,26.95,Balanced,Antwerp,72.0,73.0,72.0,70.0,28.0,Long Ball,40.0,33.33333333333333,73.33333333333333
B1,2021-03-05,Charleroi,St Truiden,0,0,D,18.0,5.0,4.0,4.0,9.0,11.0,4.0,1.0,1.0,2.0,0.0,0.0,2.2,3.6,3.0,19,0,2021,3,5,4,16,6,Draw,Draw,2020-2021,Charleroi,71.0,72.0,71.0,69.0,27.0,Fast Build-Up,St Truiden,68.0,68.0,68.0,66.0,26.0,Fast Build-Up,33.33333333333333,40.0,26.666666666666668
B1,2021-03-06,Eupen,Oud-Heverlee Leuven,3,3,D,10.0,13.0,7.0,8.0,21.0,9.0,2.0,6.0,4.0,2.0,0.0,0.0,1.75,3.8,4.2,15,0,2021,3,6,6,13,7,Draw,Draw,2020-2021,Eupen,66.0,66.0,66.0,64.0,26.0,Balanced,,69.64389067524115,70.3330689928628,69.83108643933386,68.45757335448057,26.94528152260111,Balanced,53.333333333333336,40.0,46.666666666666664
B1,2021-03-06,Waasland-Beveren,Beerschot VA,1,2,A,18.0,7.0,6.0,2.0,13.0,17.0,9.0,1.0,2.0,2.0,0.0,0.0,3.0,3.6,2.15,17,2,2021,3,6,19,2,7,Away Win,Away Win,2020-2021,Waasland-Beveren,66.0,67.0,66.0,64.0,24.0,Long Ball,,69.64389067524115,70.3330689928628,69.83108643933386,68.45757335448057,26.94528152260111,Balanced,26.666666666666668,26.666666666666668,46.666666666666664
B1,2021-03-06,Antwerp,Kortrijk,4,2,H,9.0,18.0,7.0,8.0,11.0,15.0,5.0,9.0,1.0,1.0,1.0,0.0,1.9,3.6,3.6,19,1,2021,3,6,1,9,7,Home Win,Home Win,2020-2021,Antwerp,72.0,73.0,72.0,70.0,28.0,Long Ball,,69.64389067524115,70.3330689928628,69.83108643933386,68.45757335448057,26.94528152260111,Balanced,66.66666666666666,53.333333333333336,40.0
B1,2021-03-07,Mouscron,Standard,1,0,H,8.0,21.0,0.0,4.0,11.0,16.0,3.0,14.0,2.0,1.0,0.0,0.0,3.5,3.6,2.0,12,1,2021,3,7,11,18,1,Home Win,Home Win,2020-2021,Mouscron,65.0,66.0,65.0,63.0,25.0,Long Ball,,69.64389067524115,70.3330689928628,69.83108643933386,68.45757335448057,26.94528152260111,Balanced,33.33333333333333,13.333333333333334,13.333333333333334
B1,2021-03-07,Club Brugge,Waregem,3,0,H,18.0,7.0,8.0,1.0,6.0,6.0,6.0,2.0,0.0,1.0,0.0,0.0,1.22,7.0,10.0,15,1,2021,3,7,5,20,1,Home Win,Home Win,2020-2021,Club Brugge,76.0,75.0,77.0,73.0,28.0,Balanced,Waregem,69.0,70.0,69.0,67.0,28.0,Balanced,100.0,100.0,86.66666666666667
B1,2021-03-07,Anderlecht,Mechelen,1,1,D,14.0,7.0,3.0,2.0,16.0,16.0,6.0,0.0,0.0,1.0,0.0,0.0,1.9,3.75,3.6,17,0,2021,3,7,0,10,1,Draw,Draw,2020-2021,Anderlecht,73.0,73.0,73.0,71.0,29.0,Balanced,Mechelen,70.0,71.0,70.0,68.0,26.0,Balanced,53.333333333333336,53.333333333333336,53.333333333333336
B1,2021-03-07,Genk,Cercle Brugge,2,0,H,15.0,7.0,8.0,1.0,9.0,17.0,8.0,2.0,1.0,4.0,0.0,1.0,1.7,3.8,4.33,19,1,2021,3,7,7,3,1,Home Win,Home Win,2020-2021,Genk,73.0,73.0,73.0,71.0,25.0,Balanced,Cercle Brugge,67.0,68.0,67.0,65.0,25.0,Balanced,33.33333333333333,26.666666666666668,46.666666666666664
B1,2021-03-08,Gent,Oostende,1,0,H,7.0,15.0,2.0,3.0,16.0,10.0,4.0,2.0,1.0,0.0,0.0,0.0,1.72,3.8,4.5,19,1,2021,3,8,8,12,2,Home Win,Home Win,2020-2021,Gent,75.0,76.0,75.0,72.0,27.0,Balanced,Oostende,68.0,69.0,68.0,66.0,27.0,Long Ball,53.333333333333336,46.666666666666664,66.66666666666666
B1,2021-03-12,Charleroi,Club Brugge,1,1,D,5.0,8.0,3.0,2.0,10.0,7.0,7.0,7.0,3.0,0.0,0.0,0.0,6.5,4.0,1.5,19,0,2021,3,12,4,5,6,Draw,Draw,2020-2021,Charleroi,71.0,72.0,71.0,69.0,27.0,Fast Build-Up,Club Brugge,76.0,75.0,77.0,73.0,28.0,Balanced,20.0,40.0,100.0
B1,2021-03-15,Gent,Club Brugge,0,4,A,11.0,8.0,2.0,5.0,14.0,13.0,5.0,6.0,0.0,1.0,0.0,0.0,3.3,3.6,2.1,19,2,2021,3,15,8,5,2,Away Win,Away Win,2020-2021,Gent,75.0,76.0,75.0,72.0,27.0,Balanced,Club Brugge,76.0,75.0,77.0,73.0,28.0,Balanced,53.333333333333336,60.0,86.66666666666667
B1,2021-03-19,Genk,Standard,2,2,D,14.0,20.0,5.0,5.0,9.0,15.0,3.0,6.0,2.0,4.0,0.0,0.0,2.05,3.4,3.5,19,0,2021,3,19,7,18,6,Draw,Draw,2020-2021,Genk,73.0,73.0,73.0,71.0,25.0,Balanced,,69.64389067524115,70.3330689928628,69.83108643933386,68.45757335448057,26.94528152260111,Balanced,46.666666666666664,40.0,13.333333333333334
B1,2021-03-20,Mouscron,Oostende,0,1,A,10.0,15.0,2.0,5.0,10.0,11.0,2.0,9.0,1.0,1.0,0.0,0.0,3.6,3.3,2.05,17,2,2021,3,20,11,12,7,Away Win,Away Win,2020-2021,Mouscron,65.0,66.0,65.0,63.0,25.0,Long Ball,Oostende,68.0,69.0,68.0,66.0,27.0,Long Ball,33.33333333333333,26.666666666666668,66.66666666666666
B1,2021-03-20,Eupen,Kortrijk,2,0,H,23.0,8.0,8.0,0.0,8.0,10.0,6.0,4.0,2.0,2.0,0.0,0.0,2.45,3.3,2.75,19,1,2021,3,20,6,9,7,Home Win,Home Win,2020-2021,Eupen,66.0,66.0,66.0,64.0,26.0,Balanced,,69.64389067524115,70.3330689928628,69.83108643933386,68.45757335448057,26.94528152260111,Balanced,40.0,40.0,40.0
B1,2021-03-21,Club Brugge,Antwerp,0,2,A,14.0,5.0,4.0,2.0,8.0,14.0,5.0,2.0,4.0,2.0,1.0,0.0,1.5,4.2,6.5,12,2,2021,3,21,5,1,1,Away Win,Away Win,2020-2021,Club Brugge,76.0,75.0,77.0,73.0,28.0,Balanced,Antwerp,72.0,73.0,72.0,70.0,28.0,Long Ball,100.0,86.66666666666667,53.333333333333336
B1,2021-03-21,Mechelen,Oud-Heverlee Leuven,2,2,D,20.0,12.0,8.0,4.0,17.0,11.0,6.0,4.0,3.0,1.0,0.0,0.0,1.8,3.75,4.33,15,0,2021,3,21,10,13,1,Draw,Draw,2020-2021,Mechelen,70.0,71.0,70.0,68.0,26.0,Balanced,,69.64389067524115,70.3330689928628,69.83108643933386,68.45757335448057,26.94528152260111,Balanced,53.333333333333336,53.333333333333336,53.333333333333336
B1,2021-03-21,Anderlecht,Waregem,4,1,H,26.0,4.0,11.0,1.0,10.0,5.0,5.0,3.0,2.0,1.0,1.0,1.0,1.57,4.0,5.75,17,1,2021,3,21,0,20,1,Home Win,Home Win,2020-2021,Anderlecht,73.0,73.0,73.0,71.0,29.0,Balanced,Waregem,69.0,70.0,69.0,67.0,28.0,Balanced,40.0,53.333333333333336,66.66666666666666
B1,2021-03-21,Gent,Cercle Brugge,1,0,H,9.0,7.0,5.0,3.0,18.0,19.0,3.0,2.0,2.0,2.0,0.0,0.0,2.05,3.75,3.2,19,1,2021,3,21,8,3,1,Home Win,Home Win,2020-2021,Gent,75.0,76.0,75.0,72.0,27.0,Balanced,Cercle Brugge,67.0,68.0,67.0,65.0,25.0,Balanced,53.333333333333336,53.333333333333336,46.666666666666664
B1,2021-04-03,Oostende,Waasland-Beveren,0,2,A,18.0,15.0,6.0,7.0,9.0,19.0,4.0,3.0,2.0,2.0,2.0,0.0,1.44,4.5,7.0,15,2,2021,4,3,12,19,7,Away Win,Away Win,2020-2021,Oostende,68.0,69.0,68.0,66.0,27.0,Long Ball,Waasland-Beveren,66.0,67.0,66.0,64.0,24.0,Long Ball,86.66666666666667,66.66666666666666,26.666666666666668
B1,2021-04-03,St Truiden,Mechelen,2,1,H,12.0,15.0,3.0,6.0,13.0,9.0,5.0,8.0,0.0,2.0,0.0,0.0,2.9,3.4,2.4,17,1,2021,4,3,16,10,7,Home Win,Home Win,2020-2021,St Truiden,68.0,68.0,68.0,66.0,26.0,Fast Build-Up,Mechelen,70.0,71.0,70.0,68.0,26.0,Balanced,40.0,13.333333333333334,40.0
B1,2021-04-03,Kortrijk,Club Brugge,1,2,A,11.0,13.0,5.0,3.0,14.0,15.0,3.0,9.0,4.0,2.0,0.0,0.0,6.5,4.2,1.5,19,2,2021,4,3,9,5,7,Away Win,Away Win,2020-2021,,69.65567176186646,70.34285714285714,69.84285714285714,68.46746031746032,26.95,Balanced,Club Brugge,76.0,75.0,77.0,73.0,28.0,Balanced,20.0,20.0,66.66666666666666
B1,2021-04-04,Cercle Brugge,Beerschot VA,2,1,H,7.0,8.0,3.0,1.0,10.0,15.0,2.0,4.0,3.0,1.0,1.0,0.0,1.95,3.6,3.6,12,1,2021,4,4,3,2,1,Home Win,Home Win,2020-2021,Cercle Brugge,67.0,68.0,67.0,65.0,25.0,Balanced,,69.64389067524115,70.3330689928628,69.83108643933386,68.45757335448057,26.94528152260111,Balanced,26.666666666666668,46.666666666666664,46.666666666666664
B1,2021-04-04,Standard,Gent,2,1,H,16.0,13.0,4.0,4.0,9.0,14.0,6.0,7.0,2.0,4.0,0.0,0.0,2.55,3.4,2.62,17,1,2021,4,4,18,8,1,Home Win,Home Win,2020-2021,,69.65567176186646,70.34285714285714,69.84285714285714,68.46746031746032,26.95,Balanced,Gent,75.0,76.0,75.0,72.0,27.0,Balanced,53.333333333333336,13.333333333333334,66.66666666666666
B1,2021-04-04,Charleroi,Mouscron,1,1,D,15.0,18.0,6.0,4.0,17.0,17.0,6.0,5.0,1.0,3.0,0.0,0.0,1.8,3.6,4.5,19,0,2021,4,4,4,11,1,Draw,Draw,2020-2021,Charleroi,71.0,72.0,71.0,69.0,27.0,Fast Build-Up,Mouscron,65.0,66.0,65.0,63.0,25.0,Long Ball,26.666666666666668,26.666666666666668,26.666666666666668
B1,2021-04-05,Oud-Heverlee Leuven,Genk,2,3,A,10.0,21.0,7.0,8.0,8.0,12.0,7.0,7.0,1.0,0.0,0.0,0.0,3.75,3.5,1.95,12,2,2021,4,5,13,7,2,Away Win,Away Win,2020-2021,,69.65567176186646,70.34285714285714,69.84285714285714,68.46746031746032,26.95,Balanced,Genk,73.0,73.0,73.0,71.0,25.0,Balanced,60.0,53.333333333333336,46.666666666666664
B1,2021-04-05,Waregem,Eupen,2,1,H,24.0,21.0,10.0,8.0,9.0,15.0,7.0,8.0,1.0,3.0,0.0,1.0,2.3,3.4,2.9,15,1,2021,4,5,20,6,2,Home Win,Home Win,2020-2021,Waregem,69.0,70.0,69.0,67.0,28.0,Balanced,Eupen,66.0,66.0,66.0,64.0,26.0,Balanced,60.0,60.0,53.333333333333336
B1,2021-04-05,Antwerp,Anderlecht,1,4,A,9.0,14.0,4.0,8.0,11.0,11.0,1.0,7.0,0.0,1.0,0.0,0.0,3.0,3.2,2.45,17,2,2021,4,5,1,0,2,Away Win,Away Win,2020-2021,Antwerp,72.0,73.0,72.0,70.0,28.0,Long Ball,Anderlecht,73.0,73.0,73.0,71.0,29.0,Balanced,66.66666666666666,53.333333333333336,53.333333333333336
B1,2021-04-06,Waasland-Beveren,St Truiden,2,4,A,13.0,19.0,6.0,8.0,11.0,7.0,4.0,6.0,5.0,1.0,2.0,0.0,3.1,3.5,2.2,18,2,2021,4,6,19,16,3,Away Win,Away Win,2020-2021,Waasland-Beveren,66.0,67.0,66.0,64.0,24.0,Long Ball,St Truiden,68.0,68.0,68.0,66.0,26.0,Fast Build-Up,26.666666666666668,46.666666666666664,33.33333333333333
B1,2021-04-07,Beerschot VA,Charleroi,2,1,H,12.0,16.0,4.0,3.0,13.0,14.0,3.0,9.0,2.0,2.0,0.0,0.0,2.8,3.5,2.37,18,1,2021,4,7,2,4,4,Home Win,Home Win,2020-2021,,69.65567176186646,70.34285714285714,69.84285714285714,68.46746031746032,26.95,Balanced,Charleroi,71.0,72.0,71.0,69.0,27.0,Fast Build-Up,13.333333333333334,46.666666666666664,26.666666666666668
B1,2021-04-09,Eupen,Standard,0,4,A,11.0,19.0,3.0,6.0,10.0,12.0,6.0,5.0,1.0,0.0,0.0,0.0,3.5,3.4,2.05,19,2,2021,4,9,6,18,6,Away Win,Away Win,2020-2021,Eupen,66.0,66.0,66.0,64.0,26.0,Balanced,,69.64389067524115,70.3330689928628,69.83108643933386,68.45757335448057,26.94528152260111,Balanced,40.0,53.333333333333336,26.666666666666668
B1,2021-04-10,Cercle Brugge,Oud-Heverlee Leuven,3,0,H,12.0,13.0,6.0,2.0,13.0,13.0,4.0,11.0,4.0,1.0,1.0,0.0,2.0,3.75,3.4,15,1,2021,4,10,3,13,7,Home Win,Home Win,2020-2021,Cercle Brugge,67.0,68.0,67.0,65.0,25.0,Balanced,,69.64389067524115,70.3330689928628,69.83108643933386,68.45757335448057,26.94528152260111,Balanced,46.666666666666664,60.0,33.33333333333333
B1,2021-04-10,Mechelen,Waregem,4,2,H,20.0,18.0,12.0,5.0,14.0,9.0,3.0,7.0,3.0,0.0,0.0,0.0,1.75,4.2,4.0,17,1,2021,4,10,10,20,7,Home Win,Home Win,2020-2021,Mechelen,70.0,71.0,70.0,68.0,26.0,Balanced,Waregem,69.0,70.0,69.0,67.0,28.0,Balanced,40.0,20.0,60.0
B1,2021-04-10,Gent,Charleroi,4,0,H,17.0,9.0,8.0,2.0,12.0,14.0,9.0,3.0,3.0,2.0,0.0,0.0,1.66,4.0,4.75,19,1,2021,4,10,8,4,7,Home Win,Home Win,2020-2021,Gent,75.0,76.0,75.0,72.0,27.0,Balanced,Charleroi,71.0,72.0,71.0,69.0,27.0,Fast Build-Up,66.66666666666666,46.666666666666664,20.0
B1,2021-04-11,Genk,St Truiden,4,0,H,19.0,6.0,8.0,2.0,13.0,13.0,5.0,2.0,0.0,1.0,0.0,0.0,1.55,4.2,5.5,12,1,2021,4,11,7,16,1,Home Win,Home Win,2020-2021,Genk,73.0,73.0,73.0,71.0,25.0,Balanced,St Truiden,68.0,68.0,68.0,66.0,26.0,Fast Build-Up,46.666666666666664,66.66666666666666,53.333333333333336
B1,2021-04-11,Waasland-Beveren,Kortrijk,3,4,A,10.0,12.0,5.0,9.0,10.0,15.0,6.0,3.0,1.0,1.0,0.0,0.0,3.4,3.8,2.0,15,2,2021,4,11,19,9,1,Away Win,Away Win,2020-2021,Waasland-Beveren,66.0,67.0,66.0,64.0,24.0,Long Ball,,69.64389067524115,70.3330689928628,69.83108643933386,68.45757335448057,26.94528152260111,Balanced,26.666666666666668,26.666666666666668,20.0
B1,2021-04-11,Anderlecht,Club Brugge,2,1,H,8.0,10.0,3.0,3.0,7.0,20.0,3.0,4.0,1.0,3.0,0.0,0.0,3.5,3.25,2.15,17,1,2021,4,11,0,5,1,Home Win,Home Win,2020-2021,Anderlecht,73.0,73.0,73.0,71.0,29.0,Balanced,Club Brugge,76.0,75.0,77.0,73.0,28.0,Balanced,40.0,66.66666666666666,66.66666666666666
B1,2021-04-11,Beerschot VA,Oostende,1,2,A,9.0,21.0,3.0,7.0,10.0,15.0,1.0,11.0,1.0,2.0,0.0,0.0,3.1,3.5,2.2,19,2,2021,4,11,2,12,1,Away Win,Away Win,2020-2021,,69.65567176186646,70.34285714285714,69.84285714285714,68.46746031746032,26.95,Balanced,Oostende,68.0,69.0,68.0,66.0,27.0,Long Ball,33.33333333333333,66.66666666666666,46.666666666666664
B1,2021-04-12,Mouscron,Antwerp,2,3,A,21.0,13.0,8.0,6.0,23.0,5.0,13.0,3.0,3.0,1.0,0.0,1.0,3.5,3.75,1.95,19,2,2021,4,12,11,1,2,Away Win,Away Win,2020-2021,Mouscron,65.0,66.0,65.0,63.0,25.0,Long Ball,Antwerp,72.0,73.0,72.0,70.0,28.0,Long Ball,26.666666666666668,33.33333333333333,46.666666666666664
B1,2021-04-17,Charleroi,Eupen,2,3,A,21.0,13.0,8.0,5.0,8.0,8.0,7.0,4.0,3.0,0.0,0.0,0.0,2.25,3.3,2.87,17,2,2021,4,17,4,6,7,Away Win,Away Win,2020-2021,Charleroi,71.0,72.0,71.0,69.0,27.0,Fast Build-Up,Eupen,66.0,66.0,66.0,64.0,26.0,Balanced,26.666666666666668,20.0,46.666666666666664
B1,2021-04-17,Antwerp,Genk,3,2,H,27.0,24.0,9.0,9.0,11.0,10.0,9.0,4.0,3.0,1.0,0.0,0.0,2.8,3.5,2.37,19,1,2021,4,17,1,7,7,Home Win,Home Win,2020-2021,Antwerp,72.0,73.0,72.0,70.0,28.0,Long Ball,Genk,73.0,73.0,73.0,71.0,25.0,Balanced,46.666666666666664,60.0,86.66666666666667
B1,2021-04-18,Club Brugge,Mouscron,4,2,H,19.0,11.0,7.0,5.0,5.0,11.0,8.0,3.0,1.0,1.0,0.0,0.0,1.2,6.5,12.0,17,1,2021,4,18,5,11,1,Home Win,Home Win,2020-2021,Club Brugge,76.0,75.0,77.0,73.0,28.0,Balanced,Mouscron,65.0,66.0,65.0,63.0,25.0,Long Ball,80.0,46.666666666666664,33.33333333333333
B1,2021-04-18,Kortrijk,Mechelen,1,4,A,11.0,17.0,3.0,11.0,16.0,13.0,4.0,5.0,1.0,1.0,0.0,0.0,3.75,3.6,1.85,17,2,2021,4,18,9,10,1,Away Win,Away Win,2020-2021,,69.65567176186646,70.34285714285714,69.84285714285714,68.46746031746032,26.95,Balanced,Mechelen,70.0,71.0,70.0,68.0,26.0,Balanced,0.0,20.0,33.33333333333333
B1,2021-04-18,Oostende,Cercle Brugge,1,1,D,10.0,13.0,5.0,5.0,14.0,11.0,7.0,5.0,2.0,2.0,0.0,0.0,1.55,4.0,6.0,17,0,2021,4,18,12,3,1,Draw,Draw,2020-2021,Oostende,68.0,69.0,68.0,66.0,27.0,Long Ball,Cercle Brugge,67.0,68.0,67.0,65.0,25.0,Balanced,66.66666666666666,60.0,60.0
B1,2021-04-18,Oud-Heverlee Leuven,Waasland-Beveren,1,2,A,13.0,13.0,2.0,9.0,12.0,11.0,5.0,3.0,3.0,4.0,0.0,0.0,1.83,4.0,3.75,17,2,2021,4,18,13,19,1,Away Win,Away Win,2020-2021,,69.65567176186646,70.34285714285714,69.84285714285714,68.46746031746032,26.95,Balanced,Waasland-Beveren,66.0,67.0,66.0,64.0,24.0,Long Ball,40.0,33.33333333333333,20.0
B1,2021-04-18,St Truiden,Anderlecht,0,1,A,4.0,14.0,1.0,4.0,10.0,8.0,2.0,5.0,1.0,1.0,0.0,0.0,5.5,3.4,1.57,17,2,2021,4,18,16,0,1,Away Win,Away Win,2020-2021,St Truiden,68.0,68.0,68.0,66.0,26.0,Fast Build-Up,Anderlecht,73.0,73.0,73.0,71.0,29.0,Balanced,40.0,46.666666666666664,86.66666666666667
B1,2021-04-18,Standard,Beerschot VA,3,0,H,13.0,9.0,10.0,3.0,14.0,15.0,6.0,9.0,1.0,2.0,0.0,0.0,1.6,4.0,5.25,17,1,2021,4,18,18,2,1,Home Win,Home Win,2020-2021,,69.65567176186646,70.34285714285714,69.84285714285714,68.46746031746032,26.95,Balanced,,69.64389067524115,70.3330689928628,69.83108643933386,68.45757335448057,26.94528152260111,Balanced,53.333333333333336,46.666666666666664,46.666666666666664
B1,2021-04-18,Waregem,Gent,2,7,A,6.0,14.0,4.0,7.0,10.0,10.0,4.0,3.0,2.0,1.0,0.0,0.0,4.75,3.6,1.72,17,2,2021,4,18,20,8,1,Away Win,Away Win,2020-2021,Waregem,69.0,70.0,69.0,67.0,28.0,Balanced,Gent,75.0,76.0,75.0,72.0,27.0,Balanced,60.0,40.0,60.0
B1,2021-07-23,Standard,Genk,1,1,D,17.0,17.0,5.0,5.0,11.0,8.0,7.0,3.0,1.0,2.0,0.0,0.0,2.75,3.5,2.37,19,0,2021,7,23,18,7,6,Draw,Draw,2021-2022,,69.65567176186646,70.34285714285714,69.84285714285714,68.46746031746032,26.95,Balanced,Genk,72.0,75.0,73.0,72.0,25.0,Balanced,53.333333333333336,66.66666666666666,66.66666666666666
B1,2021-07-24,Oud-Heverlee Leuven,Waregem,1,1,D,13.0,10.0,4.0,4.0,12.0,17.0,0.0,4.0,5.0,6.0,0.0,1.0,1.95,3.75,3.5,15,0,2021,7,24,13,20,7,Draw,Draw,2021-2022,Oud-Heverlee Leuven,69.0,70.0,70.0,68.0,27.0,Long ball,Waregem,69.0,70.0,69.0,68.0,28.0,Balanced,40.0,13.333333333333334,20.0
B1,2021-07-24,Kortrijk,Seraing,2,0,H,9.0,9.0,4.0,4.0,16.0,15.0,2.0,1.0,4.0,2.0,0.0,0.0,1.75,3.8,4.5,17,1,2021,7,24,9,15,7,Home Win,Home Win,2021-2022,Kortrijk,68.0,67.0,68.0,69.0,28.0,Balanced,Seraing,66.0,68.0,65.0,65.0,28.0,Balanced,0.0,20.0,
B1,2021-07-24,Oostende,Charleroi,0,3,A,11.0,10.0,3.0,6.0,13.0,9.0,9.0,2.0,3.0,1.0,0.0,0.0,2.3,3.5,2.9,19,2,2021,7,24,12,4,7,Away Win,Away Win,2021-2022,Oostende,69.0,69.0,69.0,68.0,26.0,Long ball,,69.64389067524115,70.3330689928628,69.83108643933386,68.45757335448057,26.94528152260111,Balanced,66.66666666666666,46.666666666666664,13.333333333333334
B1,2021-07-25,Mechelen,Antwerp,3,2,H,18.0,10.0,9.0,5.0,12.0,10.0,13.0,2.0,2.0,2.0,0.0,0.0,2.7,3.5,2.45,12,1,2021,7,25,10,1,1,Home Win,Home Win,2021-2022,Mechelen,69.0,69.0,70.0,69.0,27.0,Balanced,Antwerp,72.0,73.0,73.0,72.0,28.0,Balanced,60.0,53.333333333333336,80.0
B1,2021-07-25,Club Brugge,Eupen,2,2,D,21.0,13.0,11.0,5.0,9.0,14.0,10.0,3.0,3.0,6.0,0.0,0.0,1.18,6.5,15.0,15,0,2021,7,25,5,6,1,Draw,Draw,2021-2022,Club Brugge,75.0,76.0,74.0,75.0,28.0,Balanced,Eupen,68.0,71.0,68.0,66.0,28.0,Balanced,80.0,60.0,46.666666666666664
B1,2021-07-25,Anderlecht,St. Gilloise,1,3,A,9.0,8.0,2.0,5.0,11.0,7.0,4.0,2.0,3.0,3.0,0.0,0.0,1.5,4.33,5.5,17,2,2021,7,25,0,17,1,Away Win,Away Win,2021-2022,,69.65567176186646,70.34285714285714,69.84285714285714,68.46746031746032,26.95,Balanced,St. Gilloise,71.0,74.0,71.0,70.0,26.0,Long ball,53.333333333333336,86.66666666666667,
B1,2021-07-25,St Truiden,Gent,2,1,H,6.0,12.0,2.0,4.0,12.0,6.0,1.0,8.0,2.0,1.0,0.0,0.0,4.75,3.75,1.7,20,1,2021,7,25,16,8,1,Home Win,Home Win,2021-2022,St Truiden,68.0,67.0,68.0,67.0,27.0,Fast build up,Gent,72.0,72.0,71.0,72.0,27.0,Slow Build up,40.0,46.666666666666664,60.0
B1,2021-07-27,Beerschot VA,Cercle Brugge,0,1,A,,,,,,,,,1.0,1.0,0.0,0.0,2.2,3.6,3.1,17,2,2021,7,27,2,3,3,Away Win,Away Win,2021-2022,Beerschot VA,67.0,67.0,68.0,67.0,25.0,Balanced,Cercle Brugge,68.0,68.0,70.0,67.0,28.0,Fast build up,26.666666666666668,40.0,46.666666666666664
B1,2021-07-30,Genk,Oostende,3,4,A,25.0,16.0,9.0,7.0,2.0,12.0,9.0,5.0,0.0,1.0,0.0,0.0,1.53,4.0,6.5,19,2,2021,7,30,7,12,6,Away Win,Away Win,2021-2022,Genk,72.0,75.0,73.0,72.0,25.0,Balanced,Oostende,69.0,69.0,69.0,68.0,26.0,Long ball,46.666666666666664,53.333333333333336,46.666666666666664
B1,2021-07-31,Charleroi,St Truiden,0,0,D,10.0,7.0,0.0,3.0,12.0,16.0,6.0,5.0,2.0,4.0,0.0,0.0,1.95,3.4,3.5,15,0,2021,7,31,4,16,7,Draw,Draw,2021-2022,,69.65567176186646,70.34285714285714,69.84285714285714,68.46746031746032,26.95,Balanced,St Truiden,68.0,67.0,68.0,67.0,27.0,Fast build up,20.0,26.666666666666668,60.0
B1,2021-07-31,Cercle Brugge,Oud-Heverlee Leuven,1,1,D,17.0,10.0,3.0,1.0,21.0,8.0,2.0,3.0,3.0,1.0,0.0,0.0,2.15,3.4,3.0,17,0,2021,7,31,3,13,7,Draw,Draw,2021-2022,Cercle Brugge,68.0,68.0,70.0,67.0,28.0,Fast build up,Oud-Heverlee Leuven,69.0,70.0,70.0,68.0,27.0,Long ball,66.66666666666666,66.66666666666666,13.333333333333334
B1,2021-07-31,Seraing,Mechelen,1,0,H,10.0,10.0,4.0,4.0,17.0,13.0,6.0,6.0,3.0,3.0,0.0,0.0,3.4,3.5,1.95,17,1,2021,7,31,15,10,7,Home Win,Home Win,2021-2022,Seraing,66.0,68.0,65.0,65.0,28.0,Balanced,Mechelen,69.0,69.0,70.0,69.0,27.0,Balanced,,0.0,66.66666666666666
B1,2021-07-31,Eupen,Anderlecht,1,1,D,14.0,10.0,5.0,3.0,11.0,9.0,3.0,2.0,1.0,1.0,0.0,0.0,3.25,3.75,2.0,19,0,2021,7,31,6,0,7,Draw,Draw,2021-2022,Eupen,68.0,71.0,68.0,66.0,28.0,Balanced,,69.64389067524115,70.3330689928628,69.83108643933386,68.45757335448057,26.94528152260111,Balanced,40.0,46.666666666666664,80.0
B1,2021-08-01,St. Gilloise,Club Brugge,0,1,A,14.0,13.0,3.0,6.0,12.0,14.0,2.0,7.0,2.0,2.0,0.0,0.0,4.33,4.0,1.7,12,2,2021,8,1,17,5,1,Away Win,Away Win,2021-2022,St. Gilloise,71.0,74.0,71.0,70.0,26.0,Long ball,Club Brugge,75.0,76.0,74.0,75.0,28.0,Balanced,,100.0,46.666666666666664
B1,2021-08-01,Waregem,Standard,1,2,A,17.0,16.0,3.0,5.0,11.0,19.0,5.0,6.0,2.0,4.0,0.0,0.0,2.9,3.5,2.15,15,2,2021,8,1,20,18,1,Away Win,Away Win,2021-2022,Waregem,69.0,70.0,69.0,68.0,28.0,Balanced,,69.64389067524115,70.3330689928628,69.83108643933386,68.45757335448057,26.94528152260111,Balanced,60.0,26.666666666666668,73.33333333333333
B1,2021-08-01,Gent,Beerschot VA,2,2,D,24.0,11.0,5.0,7.0,8.0,13.0,7.0,8.0,1.0,0.0,0.0,0.0,1.36,4.33,7.5,17,0,2021,8,1,8,2,1,Draw,Draw,2021-2022,Gent,72.0,72.0,71.0,72.0,27.0,Slow Build up,Beerschot VA,67.0,67.0,68.0,67.0,25.0,Balanced,80.0,60.0,20.0
B1,2021-08-01,Antwerp,Kortrijk,0,1,A,13.0,13.0,3.0,5.0,11.0,9.0,6.0,5.0,2.0,5.0,0.0,0.0,1.7,3.6,4.2,20,2,2021,8,1,1,9,1,Away Win,Away Win,2021-2022,Antwerp,72.0,73.0,73.0,72.0,28.0,Balanced,Kortrijk,68.0,67.0,68.0,69.0,28.0,Balanced,66.66666666666666,60.0,40.0
B1,2021-08-06,Club Brugge,Cercle Brugge,1,1,D,12.0,5.0,3.0,1.0,11.0,11.0,7.0,0.0,2.0,4.0,0.0,0.0,1.28,5.75,7.5,19,0,2021,8,6,5,3,6,Draw,Draw,2021-2022,Club Brugge,75.0,76.0,74.0,75.0,28.0,Balanced,Cercle Brugge,68.0,68.0,70.0,67.0,28.0,Fast build up,66.66666666666666,66.66666666666666,73.33333333333333
B1,2021-08-07,Beerschot VA,St. Gilloise,0,3,A,8.0,15.0,2.0,6.0,12.0,12.0,9.0,3.0,2.0,3.0,0.0,0.0,4.2,3.75,1.8,15,2,2021,8,7,2,17,7,Away Win,Away Win,2021-2022,Beerschot VA,67.0,67.0,68.0,67.0,25.0,Balanced,St. Gilloise,71.0,74.0,71.0,70.0,26.0,Long ball,26.666666666666668,26.666666666666668,50.0
B1,2021-08-07,Mechelen,Eupen,1,3,A,15.0,16.0,4.0,4.0,6.0,11.0,7.0,3.0,0.0,2.0,0.0,0.0,1.7,3.75,4.2,17,2,2021,8,7,10,6,7,Away Win,Away Win,2021-2022,Mechelen,69.0,69.0,70.0,69.0,27.0,Balanced,Eupen,68.0,71.0,68.0,66.0,28.0,Balanced,60.0,60.0,33.33333333333333
B1,2021-08-07,St Truiden,Waregem,1,3,A,11.0,11.0,1.0,7.0,12.0,12.0,8.0,3.0,1.0,2.0,0.0,0.0,2.0,3.6,3.1,17,2,2021,8,7,16,20,7,Away Win,Away Win,2021-2022,St Truiden,68.0,67.0,68.0,67.0,27.0,Fast build up,Waregem,69.0,70.0,69.0,68.0,28.0,Balanced,40.0,46.666666666666664,26.666666666666668
B1,2021-08-07,Kortrijk,Genk,1,2,A,8.0,17.0,3.0,6.0,7.0,5.0,4.0,4.0,1.0,3.0,0.0,0.0,3.2,3.6,2.0,19,2,2021,8,7,9,7,7,Away Win,Away Win,2021-2022,Kortrijk,68.0,67.0,68.0,69.0,28.0,Balanced,Genk,72.0,75.0,73.0,72.0,25.0,Balanced,20.0,60.0,46.666666666666664
B1,2021-08-08,Standard,Antwerp,2,5,A,20.0,12.0,9.0,6.0,11.0,16.0,9.0,1.0,3.0,5.0,0.0,0.0,2.25,3.5,2.9,12,2,2021,8,8,18,1,1,Away Win,Away Win,2021-2022,,69.65567176186646,70.34285714285714,69.84285714285714,68.46746031746032,26.95,Balanced,Antwerp,72.0,73.0,73.0,72.0,28.0,Balanced,53.333333333333336,86.66666666666667,40.0
B1,2021-08-08,Oud-Heverlee Leuven,Charleroi,1,1,D,21.0,21.0,4.0,9.0,6.0,13.0,7.0,9.0,1.0,1.0,0.0,0.0,2.45,3.4,2.55,15,0,2021,8,8,13,4,1,Draw,Draw,2021-2022,Oud-Heverlee Leuven,69.0,70.0,70.0,68.0,27.0,Long ball,,69.64389067524115,70.3330689928628,69.83108643933386,68.45757335448057,26.94528152260111,Balanced,46.666666666666664,13.333333333333334,26.666666666666668
B1,2021-08-08,Anderlecht,Seraing,3,0,H,19.0,4.0,7.0,1.0,14.0,13.0,8.0,2.0,2.0,2.0,0.0,1.0,1.3,5.25,7.0,17,1,2021,8,8,0,15,1,Home Win,Home Win,2021-2022,,69.65567176186646,70.34285714285714,69.84285714285714,68.46746031746032,26.95,Balanced,Seraing,66.0,68.0,65.0,65.0,28.0,Balanced,46.666666666666664,66.66666666666666,50.0
B1,2021-08-08,Oostende,Gent,1,0,H,7.0,13.0,3.0,0.0,10.0,9.0,6.0,6.0,3.0,1.0,0.0,0.0,3.2,3.6,2.0,20,1,2021,8,8,12,8,1,Home Win,Home Win,2021-2022,Oostende,69.0,69.0,69.0,68.0,26.0,Long ball,Gent,72.0,72.0,71.0,72.0,27.0,Slow Build up,46.666666666666664,46.666666666666664,46.666666666666664
B1,2021-08-13,Charleroi,Antwerp,1,1,D,23.0,10.0,7.0,7.0,6.0,6.0,12.0,1.0,1.0,2.0,0.0,0.0,2.55,3.3,2.55,19,0,2021,8,13,4,1,6,Draw,Draw,2021-2022,,69.65567176186646,70.34285714285714,69.84285714285714,68.46746031746032,26.95,Balanced,Antwerp,72.0,73.0,73.0,72.0,28.0,Balanced,26.666666666666668,33.33333333333333,60.0
B1,2021-08-14,St. Gilloise,Kortrijk,2,0,H,24.0,2.0,8.0,2.0,11.0,20.0,10.0,2.0,0.0,6.0,0.0,1.0,1.6,4.0,5.25,15,1,2021,8,14,17,9,7,Home Win,Home Win,2021-2022,St. Gilloise,71.0,74.0,71.0,70.0,26.0,Long ball,Kortrijk,68.0,67.0,68.0,69.0,28.0,Balanced,0.0,66.66666666666666,60.0
B1,2021-08-14,Eupen,St Truiden,2,1,H,8.0,18.0,5.0,5.0,18.0,10.0,5.0,8.0,4.0,2.0,0.0,0.0,1.95,3.5,3.75,17,1,2021,8,14,6,16,7,Home Win,Home Win,2021-2022,Eupen,68.0,71.0,68.0,66.0,28.0,Balanced,St Truiden,68.0,67.0,68.0,67.0,27.0,Fast build up,40.0,53.333333333333336,26.666666666666668
B1,2021-08-14,Seraing,Oostende,2,3,A,10.0,12.0,3.0,7.0,7.0,17.0,3.0,6.0,4.0,5.0,0.0,1.0,3.5,3.6,2.0,17,2,2021,8,14,15,12,7,Away Win,Away Win,2021-2022,Seraing,66.0,68.0,65.0,65.0,28.0,Balanced,Oostende,69.0,69.0,69.0,68.0,26.0,Long ball,100.0,33.33333333333333,66.66666666666666
B1,2021-08-14,Genk,Oud-Heverlee Leuven,4,0,H,21.0,15.0,8.0,6.0,11.0,15.0,7.0,6.0,1.0,4.0,0.0,0.0,1.45,4.33,7.0,19,1,2021,8,14,7,13,7,Home Win,Home Win,2021-2022,Genk,72.0,75.0,73.0,72.0,25.0,Balanced,Oud-Heverlee Leuven,69.0,70.0,70.0,68.0,27.0,Long ball,46.666666666666664,46.666666666666664,20.0
B1,2021-08-15,Beerschot VA,Standard,0,1,A,14.0,8.0,4.0,1.0,16.0,14.0,3.0,3.0,2.0,1.0,0.0,0.0,3.8,3.5,1.9,12,2,2021,8,15,2,18,1,Away Win,Away Win,2021-2022,Beerschot VA,67.0,67.0,68.0,67.0,25.0,Balanced,,69.64389067524115,70.3330689928628,69.83108643933386,68.45757335448057,26.94528152260111,Balanced,26.666666666666668,6.666666666666667,66.66666666666666
B1,2021-08-15,Gent,Mechelen,2,0,H,20.0,6.0,8.0,3.0,10.0,11.0,13.0,2.0,2.0,2.0,0.0,0.0,1.72,4.2,4.0,15,1,2021,8,15,8,10,1,Home Win,Home Win,2021-2022,Gent,72.0,72.0,71.0,72.0,27.0,Slow Build up,Mechelen,69.0,69.0,70.0,69.0,27.0,Balanced,66.66666666666666,46.666666666666664,60.0
B1,2021-08-15,Cercle Brugge,Anderlecht,1,2,A,8.0,17.0,2.0,6.0,9.0,11.0,7.0,7.0,2.0,0.0,0.0,0.0,4.0,3.6,1.85,17,2,2021,8,15,3,0,1,Away Win,Away Win,2021-2022,Cercle Brugge,68.0,68.0,70.0,67.0,28.0,Fast build up,,69.64389067524115,70.3330689928628,69.83108643933386,68.45757335448057,26.94528152260111,Balanced,73.33333333333333,60.0,66.66666666666666
B1,2021-08-15,Waregem,Club Brugge,0,4,A,3.0,20.0,1.0,11.0,8.0,10.0,3.0,7.0,2.0,4.0,0.0,1.0,6.5,4.5,1.44,20,2,2021,8,15,20,5,1,Away Win,Away Win,2021-2022,Waregem,69.0,70.0,69.0,68.0,28.0,Balanced,Club Brugge,75.0,76.0,74.0,75.0,28.0,Balanced,60.0,26.666666666666668,53.333333333333336
B1,2021-08-20,Standard,Oostende,1,0,H,17.0,8.0,5.0,1.0,13.0,19.0,6.0,3.0,4.0,4.0,0.0,1.0,1.8,3.5,4.2,19,1,2021,8,20,18,12,6,Home Win,Home Win,2021-2022,,69.65567176186646,70.34285714285714,69.84285714285714,68.46746031746032,26.95,Balanced,Oostende,69.0,69.0,69.0,68.0,26.0,Long ball,46.666666666666664,66.66666666666666,66.66666666666666
B1,2021-08-21,Seraing,Cercle Brugge,2,1,H,10.0,9.0,5.0,5.0,14.0,20.0,5.0,3.0,2.0,3.0,0.0,0.0,2.8,3.5,2.37,15,1,2021,8,21,15,3,7,Home Win,Home Win,2021-2022,Seraing,66.0,68.0,65.0,65.0,28.0,Balanced,Cercle Brugge,68.0,68.0,70.0,67.0,28.0,Fast build up,50.0,25.0,40.0
B1,2021-08-21,Oud-Heverlee Leuven,Eupen,1,4,A,14.0,21.0,6.0,8.0,8.0,12.0,2.0,6.0,2.0,3.0,0.0,0.0,2.3,3.6,2.8,17,2,2021,8,21,13,6,7,Away Win,Away Win,2021-2022,Oud-Heverlee Leuven,69.0,70.0,70.0,68.0,27.0,Long ball,Eupen,68.0,71.0,68.0,66.0,28.0,Balanced,33.33333333333333,20.0,73.33333333333333
B1,2021-08-21,St Truiden,Kortrijk,0,2,A,24.0,11.0,4.0,2.0,16.0,6.0,6.0,7.0,3.0,3.0,0.0,0.0,2.75,3.0,2.75,19,2,2021,8,21,16,9,7,Away Win,Away Win,2021-2022,St Truiden,68.0,67.0,68.0,67.0,27.0,Fast build up,Kortrijk,68.0,67.0,68.0,69.0,28.0,Balanced,40.0,26.666666666666668,40.0
B1,2021-08-22,Waregem,Charleroi,2,2,D,20.0,17.0,7.0,4.0,10.0,9.0,8.0,6.0,2.0,1.0,0.0,0.0,3.0,3.5,2.25,15,0,2021,8,22,20,4,1,Draw,Draw,2021-2022,Waregem,69.0,70.0,69.0,68.0,28.0,Balanced,,69.64389067524115,70.3330689928628,69.83108643933386,68.45757335448057,26.94528152260111,Balanced,40.0,26.666666666666668,40.0
B1,2021-08-22,Club Brugge,Beerschot VA,3,2,H,13.0,9.0,5.0,4.0,10.0,16.0,8.0,1.0,3.0,6.0,1.0,1.0,1.18,7.0,13.0,17,1,2021,8,22,5,2,1,Home Win,Home Win,2021-2022,Club Brugge,75.0,76.0,74.0,75.0,28.0,Balanced,Beerschot VA,67.0,67.0,68.0,67.0,25.0,Balanced,53.333333333333336,73.33333333333333,6.666666666666667
B1,2021-08-22,Mechelen,St. Gilloise,3,1,H,12.0,13.0,4.0,5.0,22.0,12.0,6.0,7.0,2.0,3.0,0.0,0.0,3.6,3.5,2.0,20,1,2021,8,22,10,17,1,Home Win,Home Win,2021-2022,Mechelen,69.0,69.0,70.0,69.0,27.0,Balanced,St. Gilloise,71.0,74.0,71.0,70.0,26.0,Long ball,53.333333333333336,40.0,75.0
B1,2021-08-27,Kortrijk,Mechelen,2,2,D,9.0,13.0,5.0,4.0,9.0,20.0,5.0,7.0,2.0,3.0,0.0,0.0,2.45,3.5,2.9,19,0,2021,8,27,9,10,6,Draw,Draw,2021-2022,Kortrijk,68.0,67.0,68.0,69.0,28.0,Balanced,Mechelen,69.0,69.0,70.0,69.0,27.0,Balanced,20.0,60.0,40.0
B1,2021-08-28,Charleroi,Beerschot VA,5,2,H,24.0,6.0,10.0,3.0,15.0,11.0,3.0,5.0,2.0,5.0,0.0,2.0,1.7,3.6,4.75,15,1,2021,8,28,4,2,7,Home Win,Home Win,2021-2022,,69.65567176186646,70.34285714285714,69.84285714285714,68.46746031746032,26.95,Balanced,Beerschot VA,67.0,67.0,68.0,67.0,25.0,Balanced,26.666666666666668,46.666666666666664,6.666666666666667
B1,2021-08-28,Cercle Brugge,St Truiden,0,1,A,24.0,7.0,6.0,2.0,8.0,12.0,9.0,1.0,1.0,2.0,0.0,1.0,1.95,3.5,3.6,17,2,2021,8,28,3,16,7,Away Win,Away Win,2021-2022,Cercle Brugge,68.0,68.0,70.0,67.0,28.0,Fast build up,St Truiden,68.0,67.0,68.0,67.0,27.0,Fast build up,66.66666666666666,33.33333333333333,26.666666666666668
B1,2021-08-28,Eupen,Seraing,1,2,A,15.0,9.0,2.0,4.0,8.0,5.0,7.0,1.0,3.0,1.0,0.0,0.0,1.66,3.75,5.0,17,2,2021,8,28,6,15,7,Away Win,Away Win,2021-2022,Eupen,68.0,71.0,68.0,66.0,28.0,Balanced,Seraing,66.0,68.0,65.0,65.0,28.0,Balanced,53.333333333333336,73.33333333333333,40.0
B1,2021-08-28,St. Gilloise,Standard,4,0,H,16.0,10.0,4.0,0.0,10.0,17.0,2.0,2.0,1.0,5.0,0.0,0.0,1.7,3.8,4.75,19,1,2021,8,28,17,18,7,Home Win,Home Win,2021-2022,St. Gilloise,71.0,74.0,71.0,70.0,26.0,Long ball,,69.64389067524115,70.3330689928628,69.83108643933386,68.45757335448057,26.94528152260111,Balanced,50.0,60.0,66.66666666666666
B1,2021-08-29,Gent,Club Brugge,6,1,H,11.0,7.0,6.0,3.0,18.0,12.0,1.0,6.0,2.0,2.0,0.0,0.0,3.1,3.25,2.3,12,1,2021,8,29,8,5,1,Home Win,Home Win,2021-2022,Gent,72.0,72.0,71.0,72.0,27.0,Slow Build up,Club Brugge,75.0,76.0,74.0,75.0,28.0,Balanced,66.66666666666666,46.666666666666664,73.33333333333333
B1,2021-08-29,Antwerp,Oud-Heverlee Leuven,2,2,D,14.0,22.0,6.0,6.0,8.0,10.0,7.0,13.0,4.0,4.0,0.0,1.0,1.6,4.0,5.25,15,0,2021,8,29,1,13,1,Draw,Draw,2021-2022,Antwerp,72.0,73.0,73.0,72.0,28.0,Balanced,Oud-Heverlee Leuven,69.0,70.0,70.0,68.0,27.0,Long ball,46.666666666666664,46.666666666666664,20.0
B1,2021-08-29,Genk,Anderlecht,1,0,H,12.0,16.0,3.0,0.0,9.0,8.0,3.0,7.0,1.0,5.0,0.0,0.0,2.15,3.4,3.25,17,1,2021,8,29,7,0,1,Home Win,Home Win,2021-2022,Genk,72.0,75.0,73.0,72.0,25.0,Balanced,,69.64389067524115,70.3330689928628,69.83108643933386,68.45757335448057,26.94528152260111,Balanced,66.66666666666666,46.666666666666664,66.66666666666666
B1,2021-08-29,Oostende,Waregem,0,2,A,22.0,12.0,3.0,6.0,13.0,17.0,11.0,1.0,5.0,3.0,0.0,0.0,1.8,3.75,4.33,20,2,2021,8,29,12,20,1,Away Win,Away Win,2021-2022,Oostende,69.0,69.0,69.0,68.0,26.0,Long ball,Waregem,69.0,70.0,69.0,68.0,28.0,Balanced,46.666666666666664,60.0,33.33333333333333
B1,2021-09-10,Club Brugge,Oostende,3,0,H,31.0,4.0,7.0,2.0,11.0,14.0,10.0,4.0,0.0,5.0,0.0,1.0,1.33,5.25,7.5,19,1,2021,9,10,5,12,6,Home Win,Home Win,2021-2022,Club Brugge,75.0,76.0,74.0,75.0,28.0,Balanced,Oostende,69.0,69.0,69.0,68.0,26.0,Long ball,53.333333333333336,66.66666666666666,60.0
B1,2021-09-11,Eupen,Antwerp,0,1,A,17.0,14.0,4.0,6.0,8.0,9.0,7.0,5.0,2.0,5.0,0.0,0.0,2.7,3.4,2.5,15,2,2021,9,11,6,1,7,Away Win,Away Win,2021-2022,Eupen,68.0,71.0,68.0,66.0,28.0,Balanced,Antwerp,72.0,73.0,73.0,72.0,28.0,Balanced,46.666666666666664,66.66666666666666,33.33333333333333
B1,2021-09-11,Waregem,Cercle Brugge,2,4,A,4.0,17.0,2.0,8.0,13.0,7.0,2.0,8.0,1.0,2.0,1.0,0.0,2.4,3.4,2.87,17,2,2021,9,11,20,3,7,Away Win,Away Win,2021-2022,Waregem,69.0,70.0,69.0,68.0,28.0,Balanced,Cercle Brugge,68.0,68.0,70.0,67.0,28.0,Fast build up,26.666666666666668,46.666666666666664,13.333333333333334
B1,2021-09-12,Anderlecht,Mechelen,7,2,H,15.0,8.0,9.0,3.0,9.0,5.0,5.0,3.0,1.0,0.0,0.0,0.0,1.65,3.8,4.75,12,1,2021,9,12,0,10,1,Home Win,Home Win,2021-2022,,69.65567176186646,70.34285714285714,69.84285714285714,68.46746031746032,26.95,Balanced,Mechelen,69.0,69.0,70.0,69.0,27.0,Balanced,66.66666666666666,46.666666666666664,26.666666666666668
B1,2021-09-12,Gent,Charleroi,2,3,A,23.0,13.0,10.0,4.0,7.0,18.0,13.0,3.0,2.0,5.0,0.0,1.0,1.55,4.2,5.25,15,2,2021,9,12,8,4,1,Away Win,Away Win,2021-2022,Gent,72.0,72.0,71.0,72.0,27.0,Slow Build up,,69.64389067524115,70.3330689928628,69.83108643933386,68.45757335448057,26.94528152260111,Balanced,86.66666666666667,46.666666666666664,46.666666666666664
B1,2021-09-12,Seraing,Standard,0,1,A,19.0,7.0,6.0,3.0,15.0,16.0,8.0,2.0,4.0,7.0,0.0,1.0,3.6,3.5,2.0,17,2,2021,9,12,15,18,1,Away Win,Away Win,2021-2022,Seraing,66.0,68.0,65.0,65.0,28.0,Balanced,,69.64389067524115,70.3330689928628,69.83108643933386,68.45757335448057,26.94528152260111,Balanced,66.66666666666666,60.0,60.0
B1,2021-09-12,Genk,St. Gilloise,1,1,D,17.0,17.0,5.0,7.0,8.0,13.0,6.0,4.0,1.0,1.0,0.0,1.0,2.2,3.6,3.0,20,0,2021,9,12,7,17,1,Draw,Draw,2021-2022,Genk,72.0,75.0,73.0,72.0,25.0,Balanced,St. Gilloise,71.0,74.0,71.0,70.0,26.0,Long ball,66.66666666666666,66.66666666666666,60.0
B1,2021-09-12,Oud-Heverlee Leuven,Kortrijk,2,1,H,17.0,15.0,5.0,8.0,8.0,19.0,3.0,4.0,2.0,6.0,0.0,1.0,2.7,3.4,2.5,20,1,2021,9,12,13,9,1,Home Win,Home Win,2021-2022,Oud-Heverlee Leuven,69.0,70.0,70.0,68.0,27.0,Long ball,Kortrijk,68.0,67.0,68.0,69.0,28.0,Balanced,13.333333333333334,20.0,46.666666666666664
B1,2021-09-13,Beerschot VA,St Truiden,0,1,A,14.0,6.0,2.0,3.0,14.0,18.0,5.0,1.0,4.0,3.0,0.0,0.0,2.5,3.4,2.7,19,2,2021,9,13,2,16,2,Away Win,Away Win,2021-2022,Beerschot VA,67.0,67.0,68.0,67.0,25.0,Balanced,St Truiden,68.0,67.0,68.0,67.0,27.0,Fast build up,20.0,6.666666666666667,26.666666666666668
B1,2021-09-17,Cercle Brugge,Eupen,1,2,A,12.0,14.0,3.0,8.0,10.0,17.0,4.0,5.0,2.0,3.0,0.0,0.0,2.05,3.6,3.4,19,2,2021,9,17,3,6,6,Away Win,Away Win,2021-2022,Cercle Brugge,68.0,68.0,70.0,67.0,28.0,Fast build up,Eupen,68.0,71.0,68.0,66.0,28.0,Balanced,46.666666666666664,26.666666666666668,60.0
B1,2021-09-18,Oostende,Beerschot VA,3,1,H,18.0,12.0,12.0,4.0,20.0,11.0,8.0,5.0,4.0,2.0,0.0,0.0,1.7,4.0,4.2,15,1,2021,9,18,12,2,7,Home Win,Home Win,2021-2022,Oostende,69.0,69.0,69.0,68.0,26.0,Long ball,Beerschot VA,67.0,67.0,68.0,67.0,25.0,Balanced,26.666666666666668,40.0,0.0
B1,2021-09-18,Mechelen,Oud-Heverlee Leuven,2,0,H,8.0,14.0,4.0,5.0,21.0,10.0,2.0,5.0,5.0,5.0,0.0,1.0,1.66,3.8,5.0,17,1,2021,9,18,10,13,7,Home Win,Home Win,2021-2022,Mechelen,69.0,69.0,70.0,69.0,27.0,Balanced,Oud-Heverlee Leuven,69.0,70.0,70.0,68.0,27.0,Long ball,66.66666666666666,26.666666666666668,33.33333333333333
B1,2021-09-18,St. Gilloise,Waregem,2,1,H,20.0,11.0,6.0,5.0,19.0,13.0,11.0,4.0,2.0,2.0,0.0,1.0,1.22,6.0,11.0,17,1,2021,9,18,17,20,7,Home Win,Home Win,2021-2022,St. Gilloise,71.0,74.0,71.0,70.0,26.0,Long ball,Waregem,69.0,70.0,69.0,68.0,28.0,Balanced,66.66666666666666,66.66666666666666,46.666666666666664
B1,2021-09-18,Charleroi,Club Brugge,0,1,A,17.0,13.0,5.0,4.0,3.0,10.0,8.0,8.0,1.0,2.0,0.0,0.0,4.75,3.8,1.65,19,2,2021,9,18,4,5,7,Away Win,Away Win,2021-2022,,69.65567176186646,70.34285714285714,69.84285714285714,68.46746031746032,26.95,Balanced,Club Brugge,75.0,76.0,74.0,75.0,28.0,Balanced,40.0,60.0,66.66666666666666
B1,2021-09-19,St Truiden,Genk,1,2,A,8.0,8.0,3.0,2.0,15.0,10.0,6.0,2.0,4.0,1.0,0.0,0.0,4.2,3.6,1.83,12,2,2021,9,19,16,7,1,Away Win,Away Win,2021-2022,St Truiden,68.0,67.0,68.0,67.0,27.0,Fast build up,Genk,72.0,75.0,73.0,72.0,25.0,Balanced,40.0,40.0,66.66666666666666
B1,2021-09-19,Antwerp,Seraing,2,1,H,19.0,11.0,6.0,2.0,13.0,7.0,10.0,6.0,1.0,1.0,0.0,0.0,1.5,4.33,5.5,15,1,2021,9,19,1,15,1,Home Win,Home Win,2021-2022,Antwerp,72.0,73.0,73.0,72.0,28.0,Balanced,Seraing,66.0,68.0,65.0,65.0,28.0,Balanced,46.666666666666664,53.333333333333336,40.0
B1,2021-09-19,Standard,Anderlecht,0,1,A,7.0,12.0,1.0,4.0,17.0,11.0,6.0,4.0,3.0,4.0,2.0,0.0,3.4,3.3,2.05,17,2,2021,9,19,18,0,1,Away Win,Away Win,2021-2022,,69.65567176186646,70.34285714285714,69.84285714285714,68.46746031746032,26.95,Balanced,,69.64389067524115,70.3330689928628,69.83108643933386,68.45757335448057,26.94528152260111,Balanced,66.66666666666666,60.0,66.66666666666666
B1,2021-09-19,Kortrijk,Gent,1,0,H,7.0,15.0,3.0,3.0,18.0,15.0,3.0,7.0,4.0,3.0,0.0,0.0,4.5,3.8,1.75,20,1,2021,9,19,9,8,1,Home Win,Home Win,2021-2022,Kortrijk,68.0,67.0,68.0,69.0,28.0,Balanced,Gent,72.0,72.0,71.0,72.0,27.0,Slow Build up,26.666666666666668,26.666666666666668,46.666666666666664
B1,2021-09-22,Antwerp,Genk,4,2,H,10.0,16.0,7.0,7.0,11.0,12.0,4.0,8.0,5.0,3.0,1.0,0.0,2.9,3.6,2.05,19,1,2021,9,22,1,7,4,Home Win,Home Win,2021-2022,Antwerp,72.0,73.0,73.0,72.0,28.0,Balanced,Genk,72.0,75.0,73.0,72.0,25.0,Balanced,46.666666666666664,73.33333333333333,86.66666666666667
B1,2021-09-23,Anderlecht,Gent,1,1,D,13.0,11.0,5.0,2.0,9.0,14.0,7.0,3.0,2.0,2.0,0.0,0.0,2.15,3.4,2.9,19,0,2021,9,23,0,8,5,Draw,Draw,2021-2022,,69.65567176186646,70.34285714285714,69.84285714285714,68.46746031746032,26.95,Balanced,Gent,72.0,72.0,71.0,72.0,27.0,Slow Build up,80.0,80.0,40.0
B1,2021-09-24,Club Brugge,Oud-Heverlee Leuven,1,1,D,32.0,5.0,9.0,1.0,8.0,10.0,14.0,1.0,1.0,2.0,0.0,0.0,1.22,5.75,9.0,19,0,2021,9,24,5,13,6,Draw,Draw,2021-2022,Club Brugge,75.0,76.0,74.0,75.0,28.0,Balanced,Oud-Heverlee Leuven,69.0,70.0,70.0,68.0,27.0,Long ball,73.33333333333333,80.0,26.666666666666668
B1,2021-09-25,Beerschot VA,Eupen,0,3,A,7.0,16.0,1.0,5.0,10.0,9.0,4.0,7.0,5.0,4.0,2.0,0.0,2.75,3.4,2.37,15,2,2021,9,25,2,6,7,Away Win,Away Win,2021-2022,Beerschot VA,67.0,67.0,68.0,67.0,25.0,Balanced,Eupen,68.0,71.0,68.0,66.0,28.0,Balanced,0.0,0.0,60.0
B1,2021-09-25,Waregem,Kortrijk,2,2,D,11.0,11.0,3.0,3.0,16.0,10.0,3.0,5.0,5.0,2.0,0.0,0.0,2.75,3.6,2.25,17,0,2021,9,25,20,9,7,Draw,Draw,2021-2022,Waregem,69.0,70.0,69.0,68.0,28.0,Balanced,Kortrijk,68.0,67.0,68.0,69.0,28.0,Balanced,6.666666666666667,26.666666666666668,46.666666666666664
B1,2021-09-25,Standard,St Truiden,1,2,A,7.0,12.0,1.0,4.0,20.0,20.0,2.0,1.0,2.0,4.0,0.0,0.0,1.9,3.6,3.4,19,2,2021,9,25,18,16,7,Away Win,Away Win,2021-2022,,69.65567176186646,70.34285714285714,69.84285714285714,68.46746031746032,26.95,Balanced,St Truiden,68.0,67.0,68.0,67.0,27.0,Fast build up,46.666666666666664,60.0,40.0
B1,2021-09-26,St. Gilloise,Antwerp,1,2,A,20.0,12.0,11.0,5.0,14.0,7.0,10.0,7.0,3.0,3.0,0.0,0.0,1.5,4.33,5.0,12,2,2021,9,26,17,1,1,Away Win,Away Win,2021-2022,St. Gilloise,71.0,74.0,71.0,70.0,26.0,Long ball,Antwerp,72.0,73.0,73.0,72.0,28.0,Balanced,75.0,66.66666666666666,73.33333333333333
B1,2021-09-26,Gent,Cercle Brugge,2,1,H,12.0,11.0,6.0,4.0,20.0,18.0,8.0,6.0,3.0,5.0,0.0,0.0,1.33,4.5,7.0,15,1,2021,9,26,8,3,1,Home Win,Home Win,2021-2022,Gent,72.0,72.0,71.0,72.0,27.0,Slow Build up,Cercle Brugge,68.0,68.0,70.0,67.0,28.0,Fast build up,66.66666666666666,46.666666666666664,20.0
B1,2021-09-26,Oostende,Anderlecht,2,2,D,9.0,18.0,5.0,6.0,11.0,7.0,3.0,3.0,2.0,1.0,0.0,1.0,4.33,3.75,1.66,17,0,2021,9,26,12,0,1,Draw,Draw,2021-2022,Oostende,69.0,69.0,69.0,68.0,26.0,Long ball,,69.64389067524115,70.3330689928628,69.83108643933386,68.45757335448057,26.94528152260111,Balanced,46.666666666666664,40.0,66.66666666666666
B1,2021-09-26,Charleroi,Mechelen,0,2,A,12.0,11.0,1.0,5.0,9.0,10.0,10.0,4.0,1.0,3.0,0.0,0.0,1.9,3.75,3.4,20,2,2021,9,26,4,10,1,Away Win,Away Win,2021-2022,,69.65567176186646,70.34285714285714,69.84285714285714,68.46746031746032,26.95,Balanced,Mechelen,69.0,69.0,70.0,69.0,27.0,Balanced,33.33333333333333,53.333333333333336,46.666666666666664
B1,2021-09-26,Genk,Seraing,3,0,H,12.0,5.0,8.0,2.0,12.0,9.0,5.0,3.0,3.0,2.0,0.0,0.0,1.3,5.0,7.5,20,1,2021,9,26,7,15,1,Home Win,Home Win,2021-2022,Genk,72.0,75.0,73.0,72.0,25.0,Balanced,Seraing,66.0,68.0,65.0,65.0,28.0,Balanced,66.66666666666666,66.66666666666666,40.0
B1,2021-10-01,Mechelen,Standard,3,1,H,16.0,16.0,8.0,4.0,9.0,17.0,5.0,5.0,2.0,3.0,0.0,0.0,2.15,3.8,3.1,19,1,2021,10,1,10,18,6,Home Win,Home Win,2021-2022,Mechelen,69.0,69.0,70.0,69.0,27.0,Balanced,,69.64389067524115,70.3330689928628,69.83108643933386,68.45757335448057,26.94528152260111,Balanced,80.0,66.66666666666666,40.0
B1,2021-10-02,Kortrijk,Charleroi,2,2,D,20.0,21.0,8.0,10.0,14.0,8.0,5.0,6.0,2.0,4.0,0.0,0.0,2.6,3.6,2.6,15,0,2021,10,2,9,4,7,Draw,Draw,2021-2022,Kortrijk,68.0,67.0,68.0,69.0,28.0,Balanced,,69.64389067524115,70.3330689928628,69.83108643933386,68.45757335448057,26.94528152260111,Balanced,46.666666666666664,53.333333333333336,46.666666666666664
B1,2021-10-02,Cercle Brugge,St. Gilloise,0,3,A,8.0,11.0,2.0,5.0,13.0,13.0,4.0,3.0,2.0,2.0,0.0,0.0,5.0,4.0,1.66,17,2,2021,10,2,3,17,7,Away Win,Away Win,2021-2022,Cercle Brugge,68.0,68.0,70.0,67.0,28.0,Fast build up,St. Gilloise,71.0,74.0,71.0,70.0,26.0,Long ball,26.666666666666668,20.0,46.666666666666664
B1,2021-10-02,St Truiden,Oostende,1,1,D,14.0,9.0,4.0,1.0,15.0,10.0,5.0,4.0,2.0,1.0,0.0,0.0,2.1,3.8,3.2,17,0,2021,10,2,16,12,7,Draw,Draw,2021-2022,St Truiden,68.0,67.0,68.0,67.0,27.0,Fast build up,Oostende,69.0,69.0,69.0,68.0,26.0,Long ball,20.0,60.0,26.666666666666668
B1,2021-10-02,Oud-Heverlee Leuven,Beerschot VA,0,0,D,16.0,14.0,7.0,4.0,13.0,16.0,10.0,4.0,3.0,4.0,1.0,0.0,2.1,4.0,3.0,19,0,2021,10,2,13,2,7,Draw,Draw,2021-2022,Oud-Heverlee Leuven,69.0,70.0,70.0,68.0,27.0,Long ball,Beerschot VA,67.0,67.0,68.0,67.0,25.0,Balanced,33.33333333333333,33.33333333333333,0.0
B1,2021-10-03,Anderlecht,Club Brugge,1,1,D,18.0,11.0,4.0,4.0,8.0,12.0,7.0,6.0,2.0,4.0,0.0,0.0,2.87,3.6,2.37,12,0,2021,10,3,0,5,1,Draw,Draw,2021-2022,,69.65567176186646,70.34285714285714,69.84285714285714,68.46746031746032,26.95,Balanced,Club Brugge,75.0,76.0,74.0,75.0,28.0,Balanced,66.66666666666666,53.333333333333336,66.66666666666666
B1,2021-10-03,Seraing,Waregem,5,1,H,26.0,9.0,16.0,4.0,5.0,9.0,7.0,3.0,0.0,0.0,0.0,1.0,2.0,4.0,3.3,15,1,2021,10,3,15,20,1,Home Win,Home Win,2021-2022,Seraing,66.0,68.0,65.0,65.0,28.0,Balanced,Waregem,69.0,70.0,69.0,68.0,28.0,Balanced,50.0,40.0,33.33333333333333
B1,2021-10-03,Antwerp,Gent,1,0,H,11.0,13.0,5.0,3.0,6.0,12.0,6.0,7.0,1.0,2.0,0.0,1.0,2.75,3.75,2.4,17,1,2021,10,3,1,8,1,Home Win,Home Win,2021-2022,Antwerp,72.0,73.0,73.0,72.0,28.0,Balanced,Gent,72.0,72.0,71.0,72.0,27.0,Slow Build up,66.66666666666666,86.66666666666667,46.666666666666664
B1,2021-10-03,Eupen,Genk,3,2,H,12.0,10.0,7.0,4.0,18.0,11.0,5.0,4.0,2.0,1.0,0.0,0.0,3.25,4.0,2.05,20,1,2021,10,3,6,7,1,Home Win,Home Win,2021-2022,Eupen,68.0,71.0,68.0,66.0,28.0,Balanced,Genk,72.0,75.0,73.0,72.0,25.0,Balanced,26.666666666666668,60.0,66.66666666666666
B1,2021-10-15,Club Brugge,Kortrijk,2,0,H,17.0,10.0,6.0,0.0,13.0,9.0,4.0,1.0,3.0,5.0,0.0,0.0,1.2,5.5,13.0,19,1,2021,10,15,5,9,6,Home Win,Home Win,2021-2022,Club Brugge,75.0,76.0,74.0,75.0,28.0,Balanced,Kortrijk,68.0,67.0,68.0,69.0,28.0,Balanced,60.0,53.333333333333336,40.0
B1,2021-10-16,St. Gilloise,Seraing,4,2,H,21.0,11.0,9.0,4.0,18.0,8.0,10.0,2.0,3.0,2.0,1.0,0.0,1.33,5.0,7.5,15,1,2021,10,16,17,15,7,Home Win,Home Win,2021-2022,St. Gilloise,71.0,74.0,71.0,70.0,26.0,Long ball,Seraing,66.0,68.0,65.0,65.0,28.0,Balanced,60.0,66.66666666666666,40.0
B1,2021-10-16,Oostende,Cercle Brugge,2,1,H,11.0,12.0,3.0,4.0,9.0,15.0,4.0,4.0,1.0,3.0,0.0,0.0,2.15,3.4,3.25,17,1,2021,10,16,12,3,7,Home Win,Home Win,2021-2022,Oostende,69.0,69.0,69.0,68.0,26.0,Long ball,Cercle Brugge,68.0,68.0,70.0,67.0,28.0,Fast build up,46.666666666666664,33.33333333333333,20.0
B1,2021-10-16,Waregem,Antwerp,2,1,H,12.0,14.0,8.0,3.0,9.0,9.0,3.0,9.0,2.0,2.0,0.0,0.0,4.5,4.2,1.66,17,1,2021,10,16,20,1,7,Home Win,Home Win,2021-2022,Waregem,69.0,70.0,69.0,68.0,28.0,Balanced,Antwerp,72.0,73.0,73.0,72.0,28.0,Balanced,13.333333333333334,26.666666666666668,100.0
B1,2021-10-16,Standard,Oud-Heverlee Leuven,2,2,D,18.0,13.0,6.0,7.0,16.0,9.0,5.0,3.0,2.0,1.0,0.0,0.0,1.75,4.0,3.6,19,0,2021,10,16,18,13,7,Draw,Draw,2021-2022,,69.65567176186646,70.34285714285714,69.84285714285714,68.46746031746032,26.95,Balanced,Oud-Heverlee Leuven,69.0,70.0,70.0,68.0,27.0,Long ball,26.666666666666668,20.0,40.0
B1,2021-10-17,St Truiden,Anderlecht,2,2,D,27.0,10.0,9.0,6.0,13.0,10.0,6.0,3.0,2.0,0.0,0.0,0.0,4.75,3.6,1.66,12,0,2021,10,17,16,0,1,Draw,Draw,2021-2022,St Truiden,68.0,67.0,68.0,67.0,27.0,Fast build up,,69.64389067524115,70.3330689928628,69.83108643933386,68.45757335448057,26.94528152260111,Balanced,26.666666666666668,66.66666666666666,60.0
B1,2021-10-17,Beerschot VA,Mechelen,0,1,A,17.0,10.0,6.0,5.0,9.0,10.0,6.0,9.0,0.0,3.0,0.0,0.0,3.0,3.4,2.2,15,2,2021,10,17,2,10,1,Away Win,Away Win,2021-2022,Beerschot VA,67.0,67.0,68.0,67.0,25.0,Balanced,Mechelen,69.0,69.0,70.0,69.0,27.0,Balanced,0.0,6.666666666666667,66.66666666666666
B1,2021-10-17,Charleroi,Genk,2,0,H,12.0,12.0,3.0,8.0,5.0,9.0,7.0,8.0,0.0,0.0,0.0,0.0,3.3,3.6,2.0,17,1,2021,10,17,4,7,1,Home Win,Home Win,2021-2022,,69.65567176186646,70.34285714285714,69.84285714285714,68.46746031746032,26.95,Balanced,Genk,72.0,75.0,73.0,72.0,25.0,Balanced,33.33333333333333,46.666666666666664,46.666666666666664
B1,2021-10-17,Gent,Eupen,2,0,H,21.0,7.0,13.0,3.0,16.0,9.0,6.0,2.0,1.0,4.0,0.0,0.0,1.57,4.2,5.5,20,1,2021,10,17,8,6,1,Home Win,Home Win,2021-2022,Gent,72.0,72.0,71.0,72.0,27.0,Slow Build up,Eupen,68.0,71.0,68.0,66.0,28.0,Balanced,66.66666666666666,26.666666666666668,60.0
B1,2021-10-22,Seraing,Charleroi,1,3,A,11.0,12.0,1.0,8.0,12.0,13.0,7.0,1.0,3.0,1.0,0.0,0.0,3.2,3.5,2.15,19,2,2021,10,22,15,4,6,Away Win,Away Win,2021-2022,Seraing,66.0,68.0,65.0,65.0,28.0,Balanced,,69.64389067524115,70.3330689928628,69.83108643933386,68.45757335448057,26.94528152260111,Balanced,60.0,20.0,46.666666666666664
B1,2021-10-23,Cercle Brugge,Standard,1,1,D,8.0,4.0,5.0,2.0,15.0,22.0,6.0,3.0,2.0,7.0,0.0,0.0,2.55,3.4,2.62,15,0,2021,10,23,3,18,7,Draw,Draw,2021-2022,Cercle Brugge,68.0,68.0,70.0,67.0,28.0,Fast build up,,69.64389067524115,70.3330689928628,69.83108643933386,68.45757335448057,26.94528152260111,Balanced,6.666666666666667,20.0,26.666666666666668
B1,2021-10-23,Kortrijk,Oostende,1,0,H,16.0,12.0,5.0,0.0,9.0,13.0,5.0,7.0,2.0,2.0,0.0,0.0,2.0,3.5,3.6,17,1,2021,10,23,9,12,7,Home Win,Home Win,2021-2022,Kortrijk,68.0,67.0,68.0,69.0,28.0,Balanced,Oostende,69.0,69.0,69.0,68.0,26.0,Long ball,53.333333333333336,33.33333333333333,53.333333333333336
B1,2021-10-23,Mechelen,Waregem,2,2,D,17.0,14.0,7.0,3.0,6.0,8.0,11.0,7.0,0.0,2.0,0.0,0.0,1.53,4.5,5.0,17,0,2021,10,23,10,20,7,Draw,Draw,2021-2022,Mechelen,69.0,69.0,70.0,69.0,27.0,Balanced,Waregem,69.0,70.0,69.0,68.0,28.0,Balanced,80.0,80.0,26.666666666666668
B1,2021-10-23,Eupen,St. Gilloise,2,3,A,21.0,12.0,6.0,4.0,8.0,21.0,8.0,2.0,1.0,3.0,0.0,0.0,3.8,3.8,1.83,19,2,2021,10,23,6,17,7,Away Win,Away Win,2021-2022,Eupen,68.0,71.0,68.0,66.0,28.0,Balanced,St. Gilloise,71.0,74.0,71.0,70.0,26.0,Long ball,46.666666666666664,60.0,66.66666666666666
B1,2021-10-24,Antwerp,Club Brugge,1,1,D,7.0,13.0,4.0,5.0,16.0,10.0,8.0,8.0,2.0,4.0,1.0,1.0,3.75,4.0,1.85,12,0,2021,10,24,1,5,1,Draw,Draw,2021-2022,Antwerp,72.0,73.0,73.0,72.0,28.0,Balanced,Club Brugge,75.0,76.0,74.0,75.0,28.0,Balanced,66.66666666666666,80.0,73.33333333333333
B1,2021-10-24,Anderlecht,Beerschot VA,4,2,H,21.0,14.0,8.0,3.0,9.0,11.0,6.0,4.0,3.0,3.0,0.0,0.0,1.3,5.0,10.0,15,1,2021,10,24,0,2,1,Home Win,Home Win,2021-2022,,69.65567176186646,70.34285714285714,69.84285714285714,68.46746031746032,26.95,Balanced,Beerschot VA,67.0,67.0,68.0,67.0,25.0,Balanced,53.333333333333336,46.666666666666664,6.666666666666667
B1,2021-10-24,Genk,Gent,0,3,A,13.0,13.0,5.0,6.0,14.0,16.0,3.0,1.0,2.0,2.0,0.0,0.0,2.0,3.6,3.5,17,2,2021,10,24,7,8,1,Away Win,Away Win,2021-2022,Genk,72.0,75.0,73.0,72.0,25.0,Balanced,Gent,72.0,72.0,71.0,72.0,27.0,Slow Build up,66.66666666666666,40.0,46.666666666666664
B1,2021-10-24,Oud-Heverlee Leuven,St Truiden,4,1,H,12.0,13.0,7.0,5.0,8.0,13.0,3.0,6.0,0.0,3.0,0.0,1.0,2.3,3.5,2.9,20,1,2021,10,24,13,16,1,Home Win,Home Win,2021-2022,Oud-Heverlee Leuven,69.0,70.0,70.0,68.0,27.0,Long ball,St Truiden,68.0,67.0,68.0,67.0,27.0,Fast build up,40.0,40.0,53.333333333333336
B1,2021-10-29,Oostende,Mechelen,2,4,A,14.0,8.0,4.0,4.0,15.0,14.0,7.0,1.0,6.0,3.0,1.0,0.0,2.7,3.5,2.5,19,2,2021,10,29,12,10,6,Away Win,Away Win,2021-2022,Oostende,69.0,69.0,69.0,68.0,26.0,Long ball,Mechelen,69.0,69.0,70.0,69.0,27.0,Balanced,66.66666666666666,53.333333333333336,86.66666666666667
B1,2021-10-30,Charleroi,Eupen,3,0,H,21.0,7.0,7.0,3.0,11.0,13.0,6.0,5.0,0.0,2.0,0.0,0.0,1.72,3.6,4.33,15,1,2021,10,30,4,6,7,Home Win,Home Win,2021-2022,,69.65567176186646,70.34285714285714,69.84285714285714,68.46746031746032,26.95,Balanced,Eupen,68.0,71.0,68.0,66.0,28.0,Balanced,46.666666666666664,46.666666666666664,60.0
B1,2021-10-30,Beerschot VA,Seraing,3,0,H,21.0,11.0,8.0,2.0,11.0,11.0,9.0,8.0,0.0,4.0,0.0,0.0,2.4,3.4,2.8,17,1,2021,10,30,2,15,7,Home Win,Home Win,2021-2022,Beerschot VA,67.0,67.0,68.0,67.0,25.0,Balanced,Seraing,66.0,68.0,65.0,65.0,28.0,Balanced,0.0,6.666666666666667,20.0
B1,2021-10-30,Standard,Kortrijk,1,1,D,14.0,7.0,5.0,3.0,13.0,15.0,8.0,2.0,2.0,5.0,0.0,0.0,2.0,3.6,3.6,17,0,2021,10,30,18,9,7,Draw,Draw,2021-2022,,69.65567176186646,70.34285714285714,69.84285714285714,68.46746031746032,26.95,Balanced,Kortrijk,68.0,67.0,68.0,69.0,28.0,Balanced,26.666666666666668,13.333333333333334,53.333333333333336
B1,2021-10-30,St Truiden,Club Brugge,1,2,A,11.0,11.0,4.0,5.0,16.0,11.0,9.0,2.0,3.0,3.0,0.0,0.0,6.0,4.2,1.53,19,2,2021,10,30,16,5,7,Away Win,Away Win,2021-2022,St Truiden,68.0,67.0,68.0,67.0,27.0,Fast build up,Club Brugge,75.0,76.0,74.0,75.0,28.0,Balanced,13.333333333333334,33.33333333333333,60.0
B1,2021-10-31,Waregem,Genk,2,6,A,6.0,20.0,2.0,10.0,10.0,7.0,4.0,4.0,2.0,3.0,0.0,0.0,5.0,4.0,1.61,12,2,2021,10,31,20,7,1,Away Win,Away Win,2021-2022,Waregem,69.0,70.0,69.0,68.0,28.0,Balanced,Genk,72.0,75.0,73.0,72.0,25.0,Balanced,33.33333333333333,33.33333333333333,20.0
B1,2021-10-31,Cercle Brugge,Antwerp,0,1,A,12.0,9.0,6.0,3.0,13.0,15.0,6.0,3.0,4.0,5.0,0.0,0.0,2.55,3.6,2.55,15,2,2021,10,31,3,1,1,Away Win,Away Win,2021-2022,Cercle Brugge,68.0,68.0,70.0,67.0,28.0,Fast build up,Antwerp,72.0,73.0,73.0,72.0,28.0,Balanced,6.666666666666667,6.666666666666667,66.66666666666666
B1,2021-10-31,Anderlecht,Oud-Heverlee Leuven,2,2,D,16.0,13.0,5.0,8.0,11.0,3.0,10.0,5.0,1.0,1.0,2.0,0.0,1.28,6.0,9.0,17,0,2021,10,31,0,13,1,Draw,Draw,2021-2022,,69.65567176186646,70.34285714285714,69.84285714285714,68.46746031746032,26.95,Balanced,Oud-Heverlee Leuven,69.0,70.0,70.0,68.0,27.0,Long ball,73.33333333333333,46.666666666666664,40.0
B1,2021-10-31,Gent,St. Gilloise,0,2,A,10.0,11.0,4.0,3.0,8.0,17.0,7.0,6.0,2.0,4.0,0.0,0.0,2.25,3.4,3.1,20,2,2021,10,31,8,17,1,Away Win,Away Win,2021-2022,Gent,72.0,72.0,71.0,72.0,27.0,Slow Build up,St. Gilloise,71.0,74.0,71.0,70.0,26.0,Long ball,80.0,66.66666666666666,80.0
B1,2021-11-05,Oud-Heverlee Leuven,Oostende,1,0,H,8.0,15.0,5.0,4.0,6.0,12.0,9.0,8.0,3.0,3.0,1.0,0.0,1.85,3.75,4.0,19,1,2021,11,5,13,12,6,Home Win,Home Win,2021-2022,Oud-Heverlee Leuven,69.0,70.0,70.0,68.0,27.0,Long ball,Oostende,69.0,69.0,69.0,68.0,26.0,Long ball,53.333333333333336,46.666666666666664,33.33333333333333
B1,2021-11-06,Eupen,Waregem,1,1,D,7.0,9.0,2.0,2.0,13.0,7.0,4.0,6.0,3.0,2.0,0.0,0.0,1.6,4.0,5.25,15,0,2021,11,6,6,20,7,Draw,Draw,2021-2022,Eupen,68.0,71.0,68.0,66.0,28.0,Balanced,Waregem,69.0,70.0,69.0,68.0,28.0,Balanced,40.0,40.0,33.33333333333333
B1,2021-11-06,Kortrijk,Beerschot VA,1,1,D,21.0,9.0,7.0,4.0,10.0,16.0,11.0,6.0,1.0,5.0,0.0,0.0,1.75,4.0,4.2,17,0,2021,11,6,9,2,7,Draw,Draw,2021-2022,Kortrijk,68.0,67.0,68.0,69.0,28.0,Balanced,Beerschot VA,67.0,67.0,68.0,67.0,25.0,Balanced,53.333333333333336,40.0,26.666666666666668
B1,2021-11-06,Mechelen,St Truiden,0,1,A,9.0,12.0,1.0,1.0,6.0,15.0,1.0,4.0,1.0,5.0,0.0,1.0,1.8,3.6,4.2,17,2,2021,11,6,10,16,7,Away Win,Away Win,2021-2022,Mechelen,69.0,69.0,70.0,69.0,27.0,Balanced,St Truiden,68.0,67.0,68.0,67.0,27.0,Fast build up,66.66666666666666,86.66666666666667,33.33333333333333
B1,2021-11-06,St. Gilloise,Charleroi,4,0,H,14.0,11.0,5.0,1.0,9.0,5.0,4.0,4.0,0.0,1.0,0.0,0.0,1.7,3.8,4.5,19,1,2021,11,6,17,4,7,Home Win,Home Win,2021-2022,St. Gilloise,71.0,74.0,71.0,70.0,26.0,Long ball,,69.64389067524115,70.3330689928628,69.83108643933386,68.45757335448057,26.94528152260111,Balanced,80.0,80.0,66.66666666666666
B1,2021-11-07,Club Brugge,Standard,2,2,D,11.0,7.0,4.0,2.0,13.0,25.0,5.0,4.0,2.0,2.0,0.0,0.0,1.36,4.75,7.5,12,0,2021,11,7,5,18,1,Draw,Draw,2021-2022,Club Brugge,75.0,76.0,74.0,75.0,28.0,Balanced,,69.64389067524115,70.3330689928628,69.83108643933386,68.45757335448057,26.94528152260111,Balanced,73.33333333333333,60.0,20.0
B1,2021-11-07,Seraing,Gent,0,0,D,8.0,8.0,2.0,4.0,9.0,16.0,4.0,3.0,2.0,2.0,0.0,0.0,5.0,4.0,1.6,15,0,2021,11,7,15,8,1,Draw,Draw,2021-2022,Seraing,66.0,68.0,65.0,65.0,28.0,Balanced,Gent,72.0,72.0,71.0,72.0,27.0,Slow Build up,40.0,20.0,60.0
B1,2021-11-07,Antwerp,Anderlecht,2,0,H,12.0,9.0,4.0,3.0,7.0,9.0,2.0,8.0,0.0,3.0,0.0,0.0,3.6,3.6,1.95,17,1,2021,11,7,1,0,1,Home Win,Home Win,2021-2022,Antwerp,72.0,73.0,73.0,72.0,28.0,Balanced,,69.64389067524115,70.3330689928628,69.83108643933386,68.45757335448057,26.94528152260111,Balanced,73.33333333333333,66.66666666666666,46.666666666666664
B1,2021-11-07,Genk,Cercle Brugge,1,1,D,8.0,17.0,4.0,7.0,18.0,13.0,5.0,6.0,1.0,0.0,0.0,0.0,1.5,4.33,5.25,20,0,2021,11,7,7,3,1,Draw,Draw,2021-2022,Genk,72.0,75.0,73.0,72.0,25.0,Balanced,Cercle Brugge,68.0,68.0,70.0,67.0,28.0,Fast build up,66.66666666666666,40.0,6.666666666666667
B1,2021-11-19,Mechelen,Club Brugge,2,1,H,11.0,17.0,4.0,5.0,18.0,11.0,11.0,3.0,3.0,1.0,0.0,0.0,4.5,4.0,1.7,19,1,2021,11,19,10,5,6,Home Win,Home Win,2021-2022,Mechelen,69.0,69.0,70.0,69.0,27.0,Balanced,Club Brugge,75.0,76.0,74.0,75.0,28.0,Balanced,66.66666666666666,66.66666666666666,60.0
B1,2021-11-20,Cercle Brugge,Charleroi,1,2,A,24.0,11.0,7.0,4.0,13.0,13.0,3.0,3.0,1.0,4.0,0.0,0.0,2.6,3.5,2.6,15,2,2021,11,20,3,4,7,Away Win,Away Win,2021-2022,Cercle Brugge,68.0,68.0,70.0,67.0,28.0,Fast build up,,69.64389067524115,70.3330689928628,69.83108643933386,68.45757335448057,26.94528152260111,Balanced,6.666666666666667,13.333333333333334,66.66666666666666
B1,2021-11-20,Oud-Heverlee Leuven,Seraing,1,3,A,10.0,12.0,5.0,3.0,13.0,11.0,6.0,1.0,3.0,3.0,0.0,0.0,1.75,4.0,3.8,17,2,2021,11,20,13,15,7,Away Win,Away Win,2021-2022,Oud-Heverlee Leuven,69.0,70.0,70.0,68.0,27.0,Long ball,Seraing,66.0,68.0,65.0,65.0,28.0,Balanced,66.66666666666666,60.0,26.666666666666668
B1,2021-11-20,Waregem,Gent,1,2,A,8.0,16.0,2.0,4.0,11.0,18.0,5.0,6.0,4.0,4.0,0.0,0.0,5.25,4.33,1.44,17,2,2021,11,20,20,8,7,Away Win,Away Win,2021-2022,Waregem,69.0,70.0,69.0,68.0,28.0,Balanced,Gent,72.0,72.0,71.0,72.0,27.0,Slow Build up,33.33333333333333,33.33333333333333,46.666666666666664
B1,2021-11-20,Standard,Eupen,1,0,H,17.0,13.0,6.0,2.0,6.0,13.0,6.0,8.0,1.0,2.0,0.0,0.0,1.85,3.6,4.0,19,1,2021,11,20,18,6,7,Home Win,Home Win,2021-2022,,69.65567176186646,70.34285714285714,69.84285714285714,68.46746031746032,26.95,Balanced,Eupen,68.0,71.0,68.0,66.0,28.0,Balanced,33.33333333333333,26.666666666666668,26.666666666666668
B1,2021-11-21,Anderlecht,Kortrijk,1,1,D,21.0,11.0,4.0,5.0,8.0,15.0,10.0,2.0,0.0,4.0,1.0,0.0,1.4,4.75,8.0,12,0,2021,11,21,0,9,1,Draw,Draw,2021-2022,,69.65567176186646,70.34285714285714,69.84285714285714,68.46746031746032,26.95,Balanced,Kortrijk,68.0,67.0,68.0,69.0,28.0,Balanced,60.0,40.0,40.0
B1,2021-11-21,St Truiden,Antwerp,2,1,H,12.0,12.0,7.0,4.0,17.0,12.0,5.0,5.0,2.0,0.0,0.0,0.0,2.62,3.6,2.4,15,1,2021,11,21,16,1,1,Home Win,Home Win,2021-2022,St Truiden,68.0,67.0,68.0,67.0,27.0,Fast build up,Antwerp,72.0,73.0,73.0,72.0,28.0,Balanced,13.333333333333334,33.33333333333333,66.66666666666666
B1,2021-11-21,Oostende,St. Gilloise,1,7,A,6.0,15.0,1.0,8.0,11.0,6.0,5.0,5.0,1.0,0.0,0.0,0.0,5.5,4.2,1.5,17,2,2021,11,21,12,17,1,Away Win,Away Win,2021-2022,Oostende,69.0,69.0,69.0,68.0,26.0,Long ball,St. Gilloise,71.0,74.0,71.0,70.0,26.0,Long ball,46.666666666666664,26.666666666666668,100.0
B1,2021-11-21,Beerschot VA,Genk,2,0,H,10.0,19.0,3.0,4.0,10.0,5.0,4.0,7.0,1.0,1.0,0.0,0.0,4.5,4.0,1.65,20,1,2021,11,21,2,7,1,Home Win,Home Win,2021-2022,Beerschot VA,67.0,67.0,68.0,67.0,25.0,Balanced,Genk,72.0,75.0,73.0,72.0,25.0,Balanced,20.0,33.33333333333333,26.666666666666668
B1,2021-11-26,St. Gilloise,Oud-Heverlee Leuven,1,3,A,14.0,6.0,2.0,5.0,13.0,13.0,5.0,2.0,3.0,3.0,0.0,0.0,1.25,6.0,9.5,19,2,2021,11,26,17,13,6,Away Win,Away Win,2021-2022,St. Gilloise,71.0,74.0,71.0,70.0,26.0,Long ball,Oud-Heverlee Leuven,69.0,70.0,70.0,68.0,27.0,Long ball,80.0,100.0,53.333333333333336
B1,2021-11-27,Seraing,St Truiden,2,0,H,9.0,11.0,2.0,6.0,12.0,16.0,2.0,6.0,0.0,0.0,0.0,0.0,2.8,3.5,2.37,15,1,2021,11,27,15,16,7,Home Win,Home Win,2021-2022,Seraing,66.0,68.0,65.0,65.0,28.0,Balanced,St Truiden,68.0,67.0,68.0,67.0,27.0,Fast build up,46.666666666666664,26.666666666666668,46.666666666666664
B1,2021-11-27,Cercle Brugge,Mechelen,3,1,H,18.0,4.0,9.0,2.0,12.0,15.0,6.0,2.0,1.0,2.0,0.0,0.0,2.37,3.4,2.9,17,1,2021,11,27,3,10,7,Home Win,Home Win,2021-2022,Cercle Brugge,68.0,68.0,70.0,67.0,28.0,Fast build up,Mechelen,69.0,69.0,70.0,69.0,27.0,Balanced,6.666666666666667,13.333333333333334,66.66666666666666
B1,2021-11-27,Eupen,Kortrijk,2,2,D,13.0,17.0,5.0,8.0,15.0,8.0,7.0,11.0,2.0,1.0,0.0,0.0,2.2,3.4,3.2,17,0,2021,11,27,6,9,7,Draw,Draw,2021-2022,Eupen,68.0,71.0,68.0,66.0,28.0,Balanced,Kortrijk,68.0,67.0,68.0,69.0,28.0,Balanced,26.666666666666668,6.666666666666667,40.0
B1,2021-11-27,Charleroi,Anderlecht,1,3,A,8.0,14.0,2.0,6.0,13.0,7.0,4.0,8.0,1.0,1.0,0.0,0.0,3.6,3.4,2.05,19,2,2021,11,27,4,0,7,Away Win,Away Win,2021-2022,,69.65567176186646,70.34285714285714,69.84285714285714,68.46746031746032,26.95,Balanced,,69.64389067524115,70.3330689928628,69.83108643933386,68.45757335448057,26.94528152260111,Balanced,60.0,80.0,40.0
B1,2021-11-28,Genk,Club Brugge,2,3,A,13.0,8.0,5.0,4.0,17.0,11.0,5.0,6.0,1.0,3.0,0.0,1.0,3.2,3.5,2.15,12,2,2021,11,28,7,5,1,Away Win,Away Win,2021-2022,Genk,72.0,75.0,73.0,72.0,25.0,Balanced,Club Brugge,75.0,76.0,74.0,75.0,28.0,Balanced,53.333333333333336,26.666666666666668,53.333333333333336
B1,2021-11-28,Waregem,Beerschot VA,2,0,H,15.0,14.0,6.0,5.0,12.0,11.0,2.0,5.0,1.0,1.0,0.0,0.0,2.62,3.5,2.55,15,1,2021,11,28,20,2,1,Home Win,Home Win,2021-2022,Waregem,69.0,70.0,69.0,68.0,28.0,Balanced,Beerschot VA,67.0,67.0,68.0,67.0,25.0,Balanced,26.666666666666668,33.33333333333333,46.666666666666664
B1,2021-11-28,Gent,Standard,3,1,H,19.0,8.0,8.0,5.0,9.0,5.0,12.0,4.0,0.0,2.0,0.0,0.0,1.5,4.0,6.0,17,1,2021,11,28,8,18,1,Home Win,Home Win,2021-2022,Gent,72.0,72.0,71.0,72.0,27.0,Slow Build up,,69.64389067524115,70.3330689928628,69.83108643933386,68.45757335448057,26.94528152260111,Balanced,60.0,66.66666666666666,46.666666666666664
B1,2021-11-28,Antwerp,Oostende,3,0,H,14.0,4.0,8.0,1.0,10.0,16.0,4.0,4.0,1.0,2.0,0.0,0.0,1.7,4.0,4.5,20,1,2021,11,28,1,12,1,Home Win,Home Win,2021-2022,Antwerp,72.0,73.0,73.0,72.0,28.0,Balanced,Oostende,69.0,69.0,69.0,68.0,26.0,Long ball,86.66666666666667,46.666666666666664,20.0
B1,2021-12-03,St Truiden,St. Gilloise,1,2,A,9.0,13.0,3.0,9.0,10.0,10.0,2.0,6.0,2.0,2.0,0.0,0.0,3.75,3.4,2.0,19,2,2021,12,3,16,17,6,Away Win,Away Win,2021-2022,St Truiden,68.0,67.0,68.0,67.0,27.0,Fast build up,St. Gilloise,71.0,74.0,71.0,70.0,26.0,Long ball,33.33333333333333,40.0,80.0
B1,2021-12-04,Oud-Heverlee Leuven,Gent,0,1,A,14.0,16.0,2.0,8.0,5.0,17.0,5.0,11.0,2.0,5.0,0.0,0.0,4.0,3.8,1.8,15,2,2021,12,4,13,8,7,Away Win,Away Win,2021-2022,Oud-Heverlee Leuven,69.0,70.0,70.0,68.0,27.0,Long ball,Gent,72.0,72.0,71.0,72.0,27.0,Slow Build up,66.66666666666666,66.66666666666666,66.66666666666666
B1,2021-12-04,Kortrijk,Cercle Brugge,0,2,A,13.0,17.0,1.0,5.0,17.0,25.0,7.0,4.0,2.0,4.0,0.0,0.0,2.5,3.5,2.62,17,2,2021,12,4,9,3,7,Away Win,Away Win,2021-2022,Kortrijk,68.0,67.0,68.0,69.0,28.0,Balanced,Cercle Brugge,68.0,68.0,70.0,67.0,28.0,Fast build up,60.0,46.666666666666664,33.33333333333333
B1,2021-12-04,Oostende,Eupen,2,1,H,17.0,4.0,6.0,2.0,8.0,11.0,10.0,1.0,2.0,2.0,0.0,0.0,2.45,3.5,2.7,17,1,2021,12,4,12,6,7,Home Win,Home Win,2021-2022,Oostende,69.0,69.0,69.0,68.0,26.0,Long ball,Eupen,68.0,71.0,68.0,66.0,28.0,Balanced,46.666666666666664,0.0,13.333333333333334
B1,2021-12-04,Club Brugge,Seraing,3,2,H,17.0,13.0,8.0,5.0,9.0,10.0,1.0,3.0,0.0,4.0,0.0,0.0,1.25,5.5,12.0,19,1,2021,12,4,5,15,7,Home Win,Home Win,2021-2022,Club Brugge,75.0,76.0,74.0,75.0,28.0,Balanced,Seraing,66.0,68.0,65.0,65.0,28.0,Balanced,73.33333333333333,53.333333333333336,46.666666666666664
B1,2021-12-05,Beerschot VA,Antwerp,0,1,A,13.0,15.0,3.0,6.0,12.0,13.0,5.0,7.0,4.0,1.0,0.0,0.0,2.87,3.5,2.3,12,2,2021,12,5,2,1,1,Away Win,Away Win,2021-2022,Beerschot VA,67.0,67.0,68.0,67.0,25.0,Balanced,Antwerp,72.0,73.0,73.0,72.0,28.0,Balanced,40.0,46.666666666666664,66.66666666666666
B1,2021-12-05,Anderlecht,Waregem,3,2,H,17.0,11.0,7.0,4.0,9.0,13.0,5.0,0.0,2.0,2.0,0.0,0.0,1.25,6.0,10.0,15,1,2021,12,5,0,20,1,Home Win,Home Win,2021-2022,,69.65567176186646,70.34285714285714,69.84285714285714,68.46746031746032,26.95,Balanced,Waregem,69.0,70.0,69.0,68.0,28.0,Balanced,46.666666666666664,53.333333333333336,33.33333333333333
B1,2021-12-05,Standard,Charleroi,0,3,A,16.0,8.0,3.0,5.0,15.0,9.0,4.0,1.0,7.0,2.0,0.0,0.0,2.2,3.5,3.1,17,2,2021,12,5,18,4,1,Away Win,Away Win,2021-2022,,69.65567176186646,70.34285714285714,69.84285714285714,68.46746031746032,26.95,Balanced,,69.64389067524115,70.3330689928628,69.83108643933386,68.45757335448057,26.94528152260111,Balanced,33.33333333333333,40.0,60.0
B1,2021-12-05,Mechelen,Genk,1,1,D,11.0,11.0,3.0,5.0,10.0,5.0,5.0,10.0,1.0,0.0,1.0,0.0,3.0,3.5,2.25,20,0,2021,12,5,10,7,1,Draw,Draw,2021-2022,Mechelen,69.0,69.0,70.0,69.0,27.0,Balanced,Genk,72.0,75.0,73.0,72.0,25.0,Balanced,66.66666666666666,46.666666666666664,26.666666666666668
B1,2021-12-10,Charleroi,Oostende,1,0,H,11.0,19.0,6.0,3.0,8.0,10.0,5.0,9.0,0.0,1.0,0.0,0.0,1.5,4.0,5.75,19,1,2021,12,10,4,12,6,Home Win,Home Win,2021-2022,,69.65567176186646,70.34285714285714,69.84285714285714,68.46746031746032,26.95,Balanced,Oostende,69.0,69.0,69.0,68.0,26.0,Long ball,40.0,60.0,20.0
B1,2021-12-11,Kortrijk,Oud-Heverlee Leuven,2,1,H,8.0,18.0,2.0,2.0,11.0,11.0,6.0,7.0,3.0,0.0,1.0,1.0,2.15,3.6,3.3,15,1,2021,12,11,9,13,7,Home Win,Home Win,2021-2022,Kortrijk,68.0,67.0,68.0,69.0,28.0,Balanced,Oud-Heverlee Leuven,69.0,70.0,70.0,68.0,27.0,Long ball,53.333333333333336,26.666666666666668,46.666666666666664
B1,2021-12-11,Eupen,Beerschot VA,1,0,H,15.0,21.0,7.0,4.0,8.0,10.0,5.0,7.0,1.0,1.0,0.0,0.0,2.05,3.75,3.4,17,1,2021,12,11,6,2,7,Home Win,Home Win,2021-2022,Eupen,68.0,71.0,68.0,66.0,28.0,Balanced,Beerschot VA,67.0,67.0,68.0,67.0,25.0,Balanced,33.33333333333333,13.333333333333334,46.666666666666664
B1,2021-12-11,St Truiden,Cercle Brugge,1,2,A,12.0,11.0,4.0,5.0,9.0,17.0,6.0,9.0,1.0,4.0,0.0,1.0,2.87,3.2,2.5,17,2,2021,12,11,16,3,7,Away Win,Away Win,2021-2022,St Truiden,68.0,67.0,68.0,67.0,27.0,Fast build up,Cercle Brugge,68.0,68.0,70.0,67.0,28.0,Fast build up,33.33333333333333,40.0,46.666666666666664
B1,2021-12-11,Seraing,Anderlecht,0,5,A,5.0,17.0,1.0,7.0,8.0,8.0,2.0,9.0,0.0,2.0,1.0,0.0,5.75,4.2,1.53,19,2,2021,12,11,15,0,7,Away Win,Away Win,2021-2022,Seraing,66.0,68.0,65.0,65.0,28.0,Balanced,,69.64389067524115,70.3330689928628,69.83108643933386,68.45757335448057,26.94528152260111,Balanced,46.666666666666664,46.666666666666664,53.333333333333336
B1,2021-12-12,Antwerp,Standard,2,3,A,10.0,10.0,4.0,8.0,9.0,15.0,4.0,6.0,4.0,6.0,2.0,1.0,1.9,3.6,4.0,12,2,2021,12,12,1,18,1,Away Win,Away Win,2021-2022,Antwerp,72.0,73.0,73.0,72.0,28.0,Balanced,,69.64389067524115,70.3330689928628,69.83108643933386,68.45757335448057,26.94528152260111,Balanced,86.66666666666667,80.0,33.33333333333333
B1,2021-12-12,St. Gilloise,Mechelen,2,0,H,13.0,15.0,4.0,3.0,14.0,14.0,6.0,5.0,4.0,2.0,0.0,0.0,1.53,4.33,5.75,15,1,2021,12,12,17,10,1,Home Win,Home Win,2021-2022,St. Gilloise,71.0,74.0,71.0,70.0,26.0,Long ball,Mechelen,69.0,69.0,70.0,69.0,27.0,Balanced,60.0,80.0,46.666666666666664
B1,2021-12-12,Gent,Genk,1,0,H,13.0,12.0,6.0,3.0,9.0,11.0,5.0,4.0,1.0,2.0,0.0,0.0,1.75,3.8,4.75,17,1,2021,12,12,8,7,1,Home Win,Home Win,2021-2022,Gent,72.0,72.0,71.0,72.0,27.0,Slow Build up,Genk,72.0,75.0,73.0,72.0,25.0,Balanced,60.0,66.66666666666666,33.33333333333333
B1,2021-12-12,Club Brugge,Waregem,3,0,H,21.0,7.0,7.0,0.0,12.0,14.0,7.0,1.0,0.0,3.0,0.0,0.0,1.22,6.5,12.0,20,1,2021,12,12,5,20,1,Home Win,Home Win,2021-2022,Club Brugge,75.0,76.0,74.0,75.0,28.0,Balanced,Waregem,69.0,70.0,69.0,68.0,28.0,Balanced,73.33333333333333,66.66666666666666,26.666666666666668
B1,2021-12-14,Cercle Brugge,Seraing,2,0,H,12.0,7.0,5.0,1.0,19.0,10.0,5.0,5.0,1.0,1.0,0.0,0.0,1.55,4.0,5.75,17,1,2021,12,14,3,15,3,Home Win,Home Win,2021-2022,Cercle Brugge,68.0,68.0,70.0,67.0,28.0,Fast build up,Seraing,66.0,68.0,65.0,65.0,28.0,Balanced,26.666666666666668,66.66666666666666,46.666666666666664
B1,2021-12-14,Anderlecht,St Truiden,2,0,H,18.0,8.0,4.0,2.0,9.0,17.0,6.0,6.0,0.0,2.0,0.0,0.0,1.4,4.75,6.5,20,1,2021,12,14,0,16,3,Home Win,Home Win,2021-2022,,69.65567176186646,70.34285714285714,69.84285714285714,68.46746031746032,26.95,Balanced,St Truiden,68.0,67.0,68.0,67.0,27.0,Fast build up,60.0,66.66666666666666,40.0
B1,2021-12-14,Oostende,Kortrijk,0,2,A,12.0,13.0,0.0,4.0,10.0,10.0,6.0,4.0,1.0,1.0,0.0,0.0,2.45,3.4,2.7,20,2,2021,12,14,12,9,3,Away Win,Away Win,2021-2022,Oostende,69.0,69.0,69.0,68.0,26.0,Long ball,Kortrijk,68.0,67.0,68.0,69.0,28.0,Balanced,46.666666666666664,20.0,40.0
B1,2021-12-15,Mechelen,Gent,4,3,H,12.0,22.0,5.0,9.0,13.0,10.0,4.0,10.0,2.0,0.0,0.0,0.0,3.8,3.75,1.9,17,1,2021,12,15,10,8,4,Home Win,Home Win,2021-2022,Mechelen,69.0,69.0,70.0,69.0,27.0,Balanced,Gent,72.0,72.0,71.0,72.0,27.0,Slow Build up,53.333333333333336,26.666666666666668,86.66666666666667
B1,2021-12-15,Waregem,St. Gilloise,0,2,A,12.0,14.0,4.0,9.0,9.0,14.0,6.0,9.0,0.0,4.0,0.0,0.0,6.5,4.75,1.44,17,2,2021,12,15,20,17,4,Away Win,Away Win,2021-2022,Waregem,69.0,70.0,69.0,68.0,28.0,Balanced,St. Gilloise,71.0,74.0,71.0,70.0,26.0,Long ball,46.666666666666664,26.666666666666668,80.0
B1,2021-12-15,Oud-Heverlee Leuven,Club Brugge,1,4,A,16.0,14.0,7.0,4.0,7.0,4.0,7.0,7.0,0.0,0.0,0.0,0.0,5.5,4.2,1.55,20,2,2021,12,15,13,5,4,Away Win,Away Win,2021-2022,Oud-Heverlee Leuven,69.0,70.0,70.0,68.0,27.0,Long ball,Club Brugge,75.0,76.0,74.0,75.0,28.0,Balanced,46.666666666666664,40.0,66.66666666666666
B1,2021-12-16,Antwerp,Eupen,4,2,H,16.0,13.0,6.0,8.0,3.0,8.0,3.0,5.0,0.0,1.0,0.0,0.0,1.57,4.33,5.25,17,1,2021,12,16,1,6,5,Home Win,Home Win,2021-2022,Antwerp,72.0,73.0,73.0,72.0,28.0,Balanced,Eupen,68.0,71.0,68.0,66.0,28.0,Balanced,66.66666666666666,60.0,33.33333333333333
B1,2021-12-16,Genk,Charleroi,4,2,H,17.0,11.0,6.0,2.0,12.0,8.0,9.0,4.0,2.0,3.0,0.0,0.0,1.9,3.8,3.6,20,1,2021,12,16,7,4,5,Home Win,Home Win,2021-2022,Genk,72.0,75.0,73.0,72.0,25.0,Balanced,,69.64389067524115,70.3330689928628,69.83108643933386,68.45757335448057,26.94528152260111,Balanced,33.33333333333333,13.333333333333334,60.0
B1,2021-12-17,Seraing,Kortrijk,0,2,A,9.0,6.0,2.0,5.0,15.0,14.0,7.0,1.0,2.0,3.0,0.0,0.0,2.5,3.4,2.55,19,2,2021,12,17,15,9,6,Away Win,Away Win,2021-2022,Seraing,66.0,68.0,65.0,65.0,28.0,Balanced,Kortrijk,68.0,67.0,68.0,69.0,28.0,Balanced,46.666666666666664,40.0,53.333333333333336
B1,2021-12-18,Beerschot VA,Oostende,0,2,A,13.0,14.0,3.0,6.0,9.0,19.0,8.0,5.0,0.0,5.0,1.0,1.0,2.2,3.5,3.0,15,2,2021,12,18,2,12,7,Away Win,Away Win,2021-2022,Beerschot VA,67.0,67.0,68.0,67.0,25.0,Balanced,Oostende,69.0,69.0,69.0,68.0,26.0,Long ball,40.0,26.666666666666668,20.0
B1,2021-12-18,St. Gilloise,Cercle Brugge,3,2,H,18.0,10.0,5.0,4.0,14.0,15.0,7.0,2.0,5.0,3.0,0.0,0.0,1.61,4.33,4.75,17,1,2021,12,18,17,3,7,Home Win,Home Win,2021-2022,St. Gilloise,71.0,74.0,71.0,70.0,26.0,Long ball,Cercle Brugge,68.0,68.0,70.0,67.0,28.0,Fast build up,60.0,80.0,80.0
B1,2021-12-18,Waregem,Mechelen,3,2,H,19.0,11.0,6.0,6.0,10.0,14.0,9.0,5.0,2.0,1.0,0.0,0.0,3.4,3.8,1.95,17,1,2021,12,18,20,10,7,Home Win,Home Win,2021-2022,Waregem,69.0,70.0,69.0,68.0,28.0,Balanced,Mechelen,69.0,69.0,70.0,69.0,27.0,Balanced,40.0,20.0,46.666666666666664
B1,2021-12-18,Gent,St Truiden,2,1,H,8.0,15.0,4.0,3.0,13.0,8.0,5.0,6.0,3.0,1.0,0.0,0.0,1.4,4.75,8.0,19,1,2021,12,18,8,16,7,Home Win,Home Win,2021-2022,Gent,72.0,72.0,71.0,72.0,27.0,Slow Build up,St Truiden,68.0,67.0,68.0,67.0,27.0,Fast build up,80.0,80.0,20.0
B1,2021-12-19,Club Brugge,Anderlecht,2,2,D,16.0,12.0,5.0,6.0,16.0,8.0,9.0,8.0,1.0,2.0,0.0,0.0,1.85,3.75,3.8,12,0,2021,12,19,5,0,1,Draw,Draw,2021-2022,Club Brugge,75.0,76.0,74.0,75.0,28.0,Balanced,,69.64389067524115,70.3330689928628,69.83108643933386,68.45757335448057,26.94528152260111,Balanced,73.33333333333333,80.0,86.66666666666667
B1,2021-12-19,Eupen,Charleroi,0,4,A,24.0,10.0,8.0,4.0,16.0,7.0,4.0,1.0,4.0,0.0,0.0,0.0,2.87,3.5,2.3,15,2,2021,12,19,6,4,1,Away Win,Away Win,2021-2022,Eupen,68.0,71.0,68.0,66.0,28.0,Balanced,,69.64389067524115,70.3330689928628,69.83108643933386,68.45757335448057,26.94528152260111,Balanced,53.333333333333336,26.666666666666668,60.0
B1,2021-12-19,Genk,Antwerp,1,1,D,10.0,7.0,2.0,2.0,7.0,9.0,6.0,7.0,0.0,2.0,0.0,0.0,1.85,3.6,3.6,17,0,2021,12,19,7,1,1,Draw,Draw,2021-2022,Genk,72.0,75.0,73.0,72.0,25.0,Balanced,Antwerp,72.0,73.0,73.0,72.0,28.0,Balanced,46.666666666666664,26.666666666666668,60.0
B1,2021-12-19,Oud-Heverlee Leuven,Standard,2,1,H,6.0,22.0,3.0,7.0,9.0,15.0,2.0,5.0,1.0,4.0,0.0,0.0,2.5,3.5,2.7,20,1,2021,12,19,13,18,1,Home Win,Home Win,2021-2022,Oud-Heverlee Leuven,69.0,70.0,70.0,68.0,27.0,Long ball,,69.64389067524115,70.3330689928628,69.83108643933386,68.45757335448057,26.94528152260111,Balanced,40.0,20.0,46.666666666666664
B1,2021-12-26,Cercle Brugge,Club Brugge,2,0,H,12.0,11.0,5.0,5.0,16.0,11.0,4.0,7.0,3.0,2.0,0.0,0.0,4.0,3.8,1.75,12,1,2021,12,26,3,5,1,Home Win,Home Win,2021-2022,Cercle Brugge,68.0,68.0,70.0,67.0,28.0,Fast build up,Club Brugge,75.0,76.0,74.0,75.0,28.0,Balanced,46.666666666666664,80.0,86.66666666666667
B1,2021-12-26,Standard,Waregem,0,1,A,19.0,8.0,2.0,2.0,16.0,10.0,8.0,1.0,2.0,1.0,1.0,0.0,1.57,4.33,4.75,15,2,2021,12,26,18,20,1,Away Win,Away Win,2021-2022,,69.65567176186646,70.34285714285714,69.84285714285714,68.46746031746032,26.95,Balanced,Waregem,69.0,70.0,69.0,68.0,28.0,Balanced,33.33333333333333,40.0,40.0
B1,2021-12-26,St. Gilloise,Gent,0,0,D,6.0,10.0,0.0,2.0,11.0,11.0,5.0,6.0,0.0,3.0,0.0,0.0,2.2,3.75,3.0,17,0,2021,12,26,17,8,1,Draw,Draw,2021-2022,St. Gilloise,71.0,74.0,71.0,70.0,26.0,Long ball,Gent,72.0,72.0,71.0,72.0,27.0,Slow Build up,80.0,80.0,80.0
B1,2021-12-26,Oostende,Genk,0,4,A,7.0,15.0,2.0,11.0,15.0,8.0,1.0,9.0,1.0,1.0,0.0,1.0,3.5,3.8,1.9,20,2,2021,12,26,12,7,1,Away Win,Away Win,2021-2022,Oostende,69.0,69.0,69.0,68.0,26.0,Long ball,Genk,72.0,75.0,73.0,72.0,25.0,Balanced,40.0,40.0,33.33333333333333
B1,2021-12-27,Charleroi,Oud-Heverlee Leuven,0,3,A,19.0,12.0,7.0,6.0,8.0,4.0,4.0,4.0,1.0,0.0,0.0,0.0,1.65,4.0,4.33,17,2,2021,12,27,4,13,2,Away Win,Away Win,2021-2022,,69.65567176186646,70.34285714285714,69.84285714285714,68.46746031746032,26.95,Balanced,Oud-Heverlee Leuven,69.0,70.0,70.0,68.0,27.0,Long ball,60.0,60.0,40.0
B1,2021-12-27,Mechelen,Seraing,2,0,H,18.0,19.0,6.0,4.0,12.0,5.0,6.0,10.0,4.0,3.0,0.0,0.0,1.65,4.0,4.5,17,1,2021,12,27,10,15,2,Home Win,Home Win,2021-2022,Mechelen,69.0,69.0,70.0,69.0,27.0,Balanced,Seraing,66.0,68.0,65.0,65.0,28.0,Balanced,53.333333333333336,26.666666666666668,20.0
B1,2021-12-27,Beerschot VA,Anderlecht,0,7,A,5.0,16.0,2.0,9.0,15.0,10.0,4.0,7.0,2.0,0.0,1.0,0.0,5.25,4.2,1.57,20,2,2021,12,27,2,0,2,Away Win,Away Win,2021-2022,Beerschot VA,67.0,67.0,68.0,67.0,25.0,Balanced,,69.64389067524115,70.3330689928628,69.83108643933386,68.45757335448057,26.94528152260111,Balanced,40.0,20.0,86.66666666666667
B1,2021-12-27,St Truiden,Eupen,2,0,H,13.0,9.0,4.0,1.0,12.0,16.0,6.0,2.0,1.0,3.0,0.0,0.0,2.2,3.5,2.9,20,1,2021,12,27,16,6,2,Home Win,Home Win,2021-2022,St Truiden,68.0,67.0,68.0,67.0,27.0,Fast build up,Eupen,68.0,71.0,68.0,66.0,28.0,Balanced,26.666666666666668,0.0,26.666666666666668
B1,2022-01-14,Gent,Kortrijk,2,2,D,22.0,13.0,5.0,6.0,9.0,19.0,6.0,6.0,1.0,5.0,0.0,0.0,1.4,4.5,8.5,19,0,2022,1,14,8,9,6,Draw,Draw,2021-2022,Gent,72.0,72.0,71.0,72.0,27.0,Slow Build up,Kortrijk,68.0,67.0,68.0,69.0,28.0,Balanced,80.0,66.66666666666666,66.66666666666666
B1,2022-01-15,Oud-Heverlee Leuven,Mechelen,5,0,H,,,,,,,,,,,,,2.1,3.6,3.4,15,1,2022,1,15,13,10,7,Home Win,Home Win,2021-2022,Oud-Heverlee Leuven,69.0,70.0,70.0,68.0,27.0,Long ball,Mechelen,69.0,69.0,70.0,69.0,27.0,Balanced,40.0,40.0,46.666666666666664
B1,2022-01-15,Club Brugge,St Truiden,2,0,H,19.0,5.0,8.0,2.0,8.0,11.0,7.0,1.0,0.0,4.0,0.0,0.0,1.28,5.75,9.0,19,1,2022,1,15,5,16,7,Home Win,Home Win,2021-2022,Club Brugge,75.0,76.0,74.0,75.0,28.0,Balanced,St Truiden,68.0,67.0,68.0,67.0,27.0,Fast build up,73.33333333333333,66.66666666666666,20.0
B1,2022-01-16,Antwerp,Charleroi,3,0,H,16.0,13.0,4.0,3.0,12.0,10.0,3.0,4.0,2.0,2.0,0.0,0.0,1.9,3.6,3.75,12,1,2022,1,16,1,4,1,Home Win,Home Win,2021-2022,Antwerp,72.0,73.0,73.0,72.0,28.0,Balanced,,69.64389067524115,70.3330689928628,69.83108643933386,68.45757335448057,26.94528152260111,Balanced,66.66666666666666,66.66666666666666,60.0
B1,2022-01-16,Eupen,Cercle Brugge,0,2,A,5.0,14.0,3.0,6.0,11.0,17.0,3.0,3.0,2.0,2.0,0.0,0.0,3.8,3.6,1.9,15,2,2022,1,16,6,3,1,Away Win,Away Win,2021-2022,Eupen,68.0,71.0,68.0,66.0,28.0,Balanced,Cercle Brugge,68.0,68.0,70.0,67.0,28.0,Fast build up,33.33333333333333,20.0,80.0
B1,2022-01-16,Anderlecht,Standard,1,1,D,15.0,6.0,3.0,1.0,10.0,14.0,3.0,1.0,1.0,3.0,0.0,0.0,1.4,4.5,7.0,17,0,2022,1,16,0,18,1,Draw,Draw,2021-2022,,69.65567176186646,70.34285714285714,69.84285714285714,68.46746031746032,26.95,Balanced,,69.64389067524115,70.3330689928628,69.83108643933386,68.45757335448057,26.94528152260111,Balanced,73.33333333333333,86.66666666666667,20.0
B1,2022-01-16,Genk,Beerschot VA,4,1,H,19.0,8.0,10.0,4.0,10.0,8.0,8.0,4.0,1.0,2.0,0.0,0.0,1.33,5.5,7.0,20,1,2022,1,16,7,2,1,Home Win,Home Win,2021-2022,Genk,72.0,75.0,73.0,72.0,25.0,Balanced,Beerschot VA,67.0,67.0,68.0,67.0,25.0,Balanced,33.33333333333333,53.333333333333336,0.0
B1,2022-01-18,Seraing,St. Gilloise,0,4,A,14.0,9.0,3.0,6.0,10.0,15.0,7.0,0.0,2.0,1.0,0.0,1.0,8.0,4.5,1.4,19,2,2022,1,18,15,17,3,Away Win,Away Win,2021-2022,Seraing,66.0,68.0,65.0,65.0,28.0,Balanced,St. Gilloise,71.0,74.0,71.0,70.0,26.0,Long ball,26.666666666666668,0.0,86.66666666666667
B1,2022-01-21,Oostende,Antwerp,1,2,A,12.0,14.0,6.0,5.0,8.0,7.0,5.0,8.0,1.0,2.0,0.0,0.0,3.75,3.75,1.9,19,2,2022,1,21,12,1,6,Away Win,Away Win,2021-2022,Oostende,69.0,69.0,69.0,68.0,26.0,Long ball,Antwerp,72.0,73.0,73.0,72.0,28.0,Balanced,20.0,40.0,66.66666666666666
B1,2022-01-22,Kortrijk,Eupen,1,1,D,18.0,11.0,5.0,3.0,15.0,15.0,5.0,1.0,0.0,1.0,0.0,0.0,1.83,3.6,4.0,15,0,2022,1,22,9,6,7,Draw,Draw,2021-2022,Kortrijk,68.0,67.0,68.0,69.0,28.0,Balanced,Eupen,68.0,71.0,68.0,66.0,28.0,Balanced,53.333333333333336,66.66666666666666,20.0
B1,2022-01-22,Beerschot VA,Oud-Heverlee Leuven,3,1,H,15.0,17.0,12.0,5.0,14.0,13.0,8.0,5.0,1.0,3.0,0.0,0.0,3.1,3.6,2.15,17,1,2022,1,22,2,13,7,Home Win,Home Win,2021-2022,Beerschot VA,67.0,67.0,68.0,67.0,25.0,Balanced,Oud-Heverlee Leuven,69.0,70.0,70.0,68.0,27.0,Long ball,40.0,0.0,60.0
B1,2022-01-22,St Truiden,Seraing,3,1,H,13.0,9.0,6.0,1.0,14.0,6.0,6.0,1.0,2.0,2.0,0.0,0.0,1.83,3.5,4.5,17,1,2022,1,22,16,15,7,Home Win,Home Win,2021-2022,St Truiden,68.0,67.0,68.0,67.0,27.0,Fast build up,Seraing,66.0,68.0,65.0,65.0,28.0,Balanced,40.0,20.0,0.0
B1,2022-01-22,Charleroi,Gent,0,0,D,12.0,8.0,4.0,4.0,13.0,12.0,4.0,4.0,1.0,1.0,0.0,0.0,3.2,3.5,2.15,19,0,2022,1,22,4,8,7,Draw,Draw,2021-2022,,69.65567176186646,70.34285714285714,69.84285714285714,68.46746031746032,26.95,Balanced,Gent,72.0,72.0,71.0,72.0,27.0,Slow Build up,60.0,40.0,53.333333333333336
B1,2022-01-23,Standard,Club Brugge,2,2,D,12.0,19.0,6.0,6.0,13.0,9.0,5.0,7.0,2.0,1.0,0.0,1.0,4.75,3.75,1.7,12,0,2022,1,23,18,5,1,Draw,Draw,2021-2022,,69.65567176186646,70.34285714285714,69.84285714285714,68.46746031746032,26.95,Balanced,Club Brugge,75.0,76.0,74.0,75.0,28.0,Balanced,33.33333333333333,26.666666666666668,66.66666666666666
B1,2022-01-23,St. Gilloise,Genk,2,1,H,8.0,8.0,5.0,2.0,15.0,11.0,5.0,6.0,3.0,0.0,0.0,0.0,1.9,3.75,3.6,15,1,2022,1,23,17,7,1,Home Win,Home Win,2021-2022,St. Gilloise,71.0,74.0,71.0,70.0,26.0,Long ball,Genk,72.0,75.0,73.0,72.0,25.0,Balanced,66.66666666666666,86.66666666666667,66.66666666666666
B1,2022-01-23,Mechelen,Anderlecht,0,1,A,3.0,8.0,0.0,5.0,12.0,6.0,4.0,4.0,3.0,2.0,0.0,0.0,4.5,3.8,1.72,17,2,2022,1,23,10,0,1,Away Win,Away Win,2021-2022,Mechelen,69.0,69.0,70.0,69.0,27.0,Balanced,,69.64389067524115,70.3330689928628,69.83108643933386,68.45757335448057,26.94528152260111,Balanced,66.66666666666666,40.0,73.33333333333333
B1,2022-01-23,Cercle Brugge,Waregem,3,1,H,12.0,10.0,5.0,4.0,15.0,10.0,3.0,5.0,3.0,4.0,0.0,0.0,1.53,4.2,6.0,20,1,2022,1,23,3,20,1,Home Win,Home Win,2021-2022,Cercle Brugge,68.0,68.0,70.0,67.0,28.0,Fast build up,Waregem,69.0,70.0,69.0,68.0,28.0,Balanced,60.0,80.0,40.0
B1,2022-01-25,Antwerp,St Truiden,1,1,D,13.0,7.0,3.0,2.0,7.0,16.0,8.0,5.0,0.0,2.0,0.0,0.0,1.85,3.6,4.0,17,0,2022,1,25,1,16,3,Draw,Draw,2021-2022,Antwerp,72.0,73.0,73.0,72.0,28.0,Balanced,St Truiden,68.0,67.0,68.0,67.0,27.0,Fast build up,80.0,66.66666666666666,40.0
B1,2022-01-25,Charleroi,Kortrijk,1,1,D,19.0,7.0,10.0,2.0,14.0,11.0,6.0,2.0,2.0,3.0,0.0,0.0,1.95,3.5,3.75,20,0,2022,1,25,4,9,3,Draw,Draw,2021-2022,,69.65567176186646,70.34285714285714,69.84285714285714,68.46746031746032,26.95,Balanced,Kortrijk,68.0,67.0,68.0,69.0,28.0,Balanced,46.666666666666664,26.666666666666668,73.33333333333333
B1,2022-01-25,Gent,Oostende,1,1,D,17.0,4.0,6.0,2.0,9.0,15.0,5.0,3.0,1.0,3.0,0.0,0.0,1.44,4.5,7.0,20,0,2022,1,25,8,12,3,Draw,Draw,2021-2022,Gent,72.0,72.0,71.0,72.0,27.0,Slow Build up,Oostende,69.0,69.0,69.0,68.0,26.0,Long ball,66.66666666666666,40.0,20.0
B1,2022-01-26,Eupen,Standard,0,2,A,16.0,14.0,3.0,4.0,7.0,9.0,11.0,2.0,1.0,2.0,0.0,0.0,3.0,3.4,2.3,17,2,2022,1,26,6,18,4,Away Win,Away Win,2021-2022,Eupen,68.0,71.0,68.0,66.0,28.0,Balanced,,69.64389067524115,70.3330689928628,69.83108643933386,68.45757335448057,26.94528152260111,Balanced,33.33333333333333,6.666666666666667,33.33333333333333
B1,2022-01-26,Waregem,Oud-Heverlee Leuven,1,1,D,10.0,10.0,4.0,3.0,6.0,10.0,6.0,2.0,2.0,2.0,0.0,0.0,2.7,3.5,2.45,17,0,2022,1,26,20,13,4,Draw,Draw,2021-2022,Waregem,69.0,70.0,69.0,68.0,28.0,Balanced,Oud-Heverlee Leuven,69.0,70.0,70.0,68.0,27.0,Long ball,40.0,40.0,60.0
B1,2022-01-26,Anderlecht,Cercle Brugge,0,2,A,3.0,17.0,0.0,9.0,10.0,17.0,4.0,1.0,1.0,2.0,1.0,0.0,1.65,3.8,5.0,20,2,2022,1,26,0,3,4,Away Win,Away Win,2021-2022,,69.65567176186646,70.34285714285714,69.84285714285714,68.46746031746032,26.95,Balanced,Cercle Brugge,68.0,68.0,70.0,67.0,28.0,Fast build up,60.0,73.33333333333333,80.0
B1,2022-01-26,Seraing,Beerschot VA,2,1,H,14.0,14.0,4.0,4.0,10.0,8.0,5.0,9.0,2.0,1.0,0.0,0.0,1.95,3.6,3.6,20,1,2022,1,26,15,2,4,Home Win,Home Win,2021-2022,Seraing,66.0,68.0,65.0,65.0,28.0,Balanced,Beerschot VA,67.0,67.0,68.0,67.0,25.0,Balanced,26.666666666666668,0.0,20.0
B1,2022-01-27,Club Brugge,St. Gilloise,0,0,D,10.0,17.0,1.0,6.0,14.0,14.0,4.0,9.0,1.0,4.0,0.0,0.0,2.05,3.6,3.4,19,0,2022,1,27,5,17,5,Draw,Draw,2021-2022,Club Brugge,75.0,76.0,74.0,75.0,28.0,Balanced,St. Gilloise,71.0,74.0,71.0,70.0,26.0,Long ball,73.33333333333333,53.333333333333336,86.66666666666667
B1,2022-01-28,St Truiden,Charleroi,0,1,A,18.0,13.0,3.0,2.0,12.0,9.0,10.0,4.0,1.0,1.0,0.0,0.0,2.6,3.4,2.7,19,2,2022,1,28,16,4,6,Away Win,Away Win,2021-2022,St Truiden,68.0,67.0,68.0,67.0,27.0,Fast build up,,69.64389067524115,70.3330689928628,69.83108643933386,68.45757335448057,26.94528152260111,Balanced,60.0,46.666666666666664,33.33333333333333
B1,2022-01-29,Beerschot VA,Waregem,3,3,D,18.0,8.0,7.0,3.0,12.0,16.0,13.0,1.0,1.0,3.0,0.0,0.0,2.3,3.4,3.0,15,0,2022,1,29,2,20,7,Draw,Draw,2021-2022,Beerschot VA,67.0,67.0,68.0,67.0,25.0,Balanced,Waregem,69.0,70.0,69.0,68.0,28.0,Balanced,40.0,20.0,46.666666666666664
B1,2022-01-29,Seraing,Eupen,0,0,D,14.0,10.0,5.0,2.0,8.0,16.0,6.0,1.0,2.0,3.0,0.0,0.0,2.4,3.4,2.8,17,0,2022,1,29,15,6,7,Draw,Draw,2021-2022,Seraing,66.0,68.0,65.0,65.0,28.0,Balanced,Eupen,68.0,71.0,68.0,66.0,28.0,Balanced,40.0,20.0,6.666666666666667
B1,2022-01-29,Cercle Brugge,Oostende,0,1,A,10.0,11.0,2.0,3.0,14.0,14.0,5.0,4.0,1.0,2.0,0.0,0.0,1.5,4.0,6.5,19,2,2022,1,29,3,12,7,Away Win,Away Win,2021-2022,Cercle Brugge,68.0,68.0,70.0,67.0,28.0,Fast build up,Oostende,69.0,69.0,69.0,68.0,26.0,Long ball,80.0,80.0,26.666666666666668
B1,2022-01-30,St. Gilloise,Anderlecht,1,0,H,6.0,9.0,5.0,3.0,15.0,14.0,5.0,2.0,3.0,1.0,0.0,0.0,2.3,3.5,2.9,12,1,2022,1,30,17,0,1,Home Win,Home Win,2021-2022,St. Gilloise,71.0,74.0,71.0,70.0,26.0,Long ball,,69.64389067524115,70.3330689928628,69.83108643933386,68.45757335448057,26.94528152260111,Balanced,66.66666666666666,73.33333333333333,53.333333333333336
B1,2022-01-30,Gent,Antwerp,0,1,A,16.0,3.0,4.0,2.0,11.0,14.0,8.0,7.0,3.0,3.0,0.0,0.0,1.8,3.5,4.33,15,2,2022,1,30,8,1,1,Away Win,Away Win,2021-2022,Gent,72.0,72.0,71.0,72.0,27.0,Slow Build up,Antwerp,72.0,73.0,73.0,72.0,28.0,Balanced,73.33333333333333,46.666666666666664,73.33333333333333
B1,2022-01-30,Standard,Mechelen,1,2,A,17.0,8.0,8.0,4.0,11.0,16.0,6.0,5.0,1.0,4.0,0.0,0.0,2.1,3.5,3.25,17,2,2022,1,30,18,10,1,Away Win,Away Win,2021-2022,,69.65567176186646,70.34285714285714,69.84285714285714,68.46746031746032,26.95,Balanced,Mechelen,69.0,69.0,70.0,69.0,27.0,Balanced,33.33333333333333,33.33333333333333,40.0
B1,2022-01-30,Kortrijk,Club Brugge,0,1,A,8.0,17.0,1.0,6.0,10.0,13.0,3.0,4.0,2.0,1.0,0.0,0.0,5.25,3.75,1.65,20,2,2022,1,30,9,5,1,Away Win,Away Win,2021-2022,Kortrijk,68.0,67.0,68.0,69.0,28.0,Balanced,Club Brugge,75.0,76.0,74.0,75.0,28.0,Balanced,53.333333333333336,60.0,40.0
B1,2022-02-02,Kortrijk,Antwerp,0,2,A,28.0,5.0,5.0,2.0,9.0,3.0,8.0,1.0,2.0,1.0,1.0,1.0,2.75,4.0,2.2,17,2,2022,2,2,9,1,4,Away Win,Away Win,2021-2022,Kortrijk,68.0,67.0,68.0,69.0,28.0,Balanced,Antwerp,72.0,73.0,73.0,72.0,28.0,Balanced,33.33333333333333,40.0,73.33333333333333
B1,2022-02-04,Charleroi,Seraing,2,0,H,10.0,7.0,3.0,1.0,11.0,6.0,6.0,8.0,1.0,3.0,0.0,1.0,1.6,4.2,5.25,19,1,2022,2,4,4,15,6,Home Win,Home Win,2021-2022,,69.65567176186646,70.34285714285714,69.84285714285714,68.46746031746032,26.95,Balanced,Seraing,66.0,68.0,65.0,65.0,28.0,Balanced,33.33333333333333,33.33333333333333,26.666666666666668
B1,2022-02-05,Kortrijk,St Truiden,1,3,A,12.0,11.0,3.0,4.0,18.0,18.0,6.0,2.0,3.0,4.0,0.0,0.0,2.25,3.5,3.0,15,2,2022,2,5,9,16,7,Away Win,Away Win,2021-2022,Kortrijk,68.0,67.0,68.0,69.0,28.0,Balanced,St Truiden,68.0,67.0,68.0,67.0,27.0,Fast build up,26.666666666666668,20.0,46.666666666666664
B1,2022-02-05,Oostende,Oud-Heverlee Leuven,1,3,A,12.0,8.0,3.0,4.0,11.0,13.0,6.0,2.0,2.0,1.0,0.0,0.0,2.45,3.4,2.75,17,2,2022,2,5,12,13,7,Away Win,Away Win,2021-2022,Oostende,69.0,69.0,69.0,68.0,26.0,Long ball,Oud-Heverlee Leuven,69.0,70.0,70.0,68.0,27.0,Long ball,20.0,46.666666666666664,66.66666666666666
B1,2022-02-05,Standard,Cercle Brugge,1,1,D,9.0,17.0,5.0,6.0,18.0,19.0,4.0,8.0,6.0,3.0,0.0,1.0,2.7,3.4,2.5,17,0,2022,2,5,18,3,7,Draw,Draw,2021-2022,,69.65567176186646,70.34285714285714,69.84285714285714,68.46746031746032,26.95,Balanced,Cercle Brugge,68.0,68.0,70.0,67.0,28.0,Fast build up,26.666666666666668,33.33333333333333,80.0
B1,2022-02-05,Antwerp,St. Gilloise,0,2,A,14.0,16.0,2.0,6.0,8.0,13.0,6.0,4.0,3.0,3.0,0.0,0.0,3.1,3.6,2.1,19,2,2022,2,5,1,17,7,Away Win,Away Win,2021-2022,Antwerp,72.0,73.0,73.0,72.0,28.0,Balanced,St. Gilloise,71.0,74.0,71.0,70.0,26.0,Long ball,66.66666666666666,86.66666666666667,73.33333333333333
B1,2022-02-06,Club Brugge,Gent,1,2,A,13.0,10.0,3.0,3.0,9.0,15.0,9.0,5.0,4.0,5.0,2.0,0.0,2.25,3.5,3.0,12,2,2022,2,6,5,8,1,Away Win,Away Win,2021-2022,Club Brugge,75.0,76.0,74.0,75.0,28.0,Balanced,Gent,72.0,72.0,71.0,72.0,27.0,Slow Build up,73.33333333333333,53.333333333333336,26.666666666666668
B1,2022-02-06,Mechelen,Beerschot VA,3,2,H,11.0,11.0,4.0,2.0,12.0,15.0,6.0,8.0,0.0,3.0,1.0,0.0,1.85,3.75,3.8,15,1,2022,2,6,10,2,1,Home Win,Home Win,2021-2022,Mechelen,69.0,69.0,70.0,69.0,27.0,Balanced,Beerschot VA,67.0,67.0,68.0,67.0,25.0,Balanced,66.66666666666666,40.0,26.666666666666668
B1,2022-02-06,Anderlecht,Eupen,4,1,H,19.0,8.0,5.0,5.0,12.0,8.0,9.0,3.0,0.0,1.0,0.0,0.0,1.36,5.0,7.5,17,1,2022,2,6,0,6,1,Home Win,Home Win,2021-2022,,69.65567176186646,70.34285714285714,69.84285714285714,68.46746031746032,26.95,Balanced,Eupen,68.0,71.0,68.0,66.0,28.0,Balanced,53.333333333333336,46.666666666666664,13.333333333333334
B1,2022-02-06,Genk,Waregem,2,0,H,13.0,10.0,5.0,1.0,12.0,7.0,5.0,4.0,2.0,2.0,0.0,0.0,1.33,5.0,9.0,20,1,2022,2,6,7,20,1,Home Win,Home Win,2021-2022,Genk,72.0,75.0,73.0,72.0,25.0,Balanced,Waregem,69.0,70.0,69.0,68.0,28.0,Balanced,53.333333333333336,66.66666666666666,53.333333333333336
B1,2022-02-09,Waregem,Oostende,0,0,D,12.0,18.0,6.0,3.0,10.0,14.0,6.0,8.0,0.0,1.0,0.0,0.0,2.15,3.5,3.2,17,0,2022,2,9,20,12,4,Draw,Draw,2021-2022,Waregem,69.0,70.0,69.0,68.0,28.0,Balanced,Oostende,69.0,69.0,69.0,68.0,26.0,Long ball,46.666666666666664,33.33333333333333,26.666666666666668
B1,2022-02-09,Oud-Heverlee Leuven,Genk,2,1,H,22.0,12.0,6.0,7.0,18.0,8.0,4.0,3.0,2.0,3.0,0.0,1.0,4.0,3.75,1.83,20,1,2022,2,9,13,7,4,Home Win,Home Win,2021-2022,Oud-Heverlee Leuven,69.0,70.0,70.0,68.0,27.0,Long ball,Genk,72.0,75.0,73.0,72.0,25.0,Balanced,40.0,66.66666666666666,66.66666666666666
B1,2022-02-11,Seraing,Antwerp,0,1,A,8.0,19.0,3.0,5.0,14.0,11.0,1.0,9.0,1.0,2.0,0.0,1.0,3.6,3.5,2.0,19,2,2022,2,11,15,1,6,Away Win,Away Win,2021-2022,Seraing,66.0,68.0,65.0,65.0,28.0,Balanced,Antwerp,72.0,73.0,73.0,72.0,28.0,Balanced,26.666666666666668,26.666666666666668,66.66666666666666
B1,2022-02-12,Eupen,Gent,0,1,A,9.0,11.0,3.0,7.0,10.0,8.0,8.0,3.0,2.0,2.0,0.0,1.0,4.75,3.6,1.66,15,2,2022,2,12,6,8,7,Away Win,Away Win,2021-2022,Eupen,68.0,71.0,68.0,66.0,28.0,Balanced,Gent,72.0,72.0,71.0,72.0,27.0,Slow Build up,26.666666666666668,13.333333333333334,40.0
B1,2022-02-12,Mechelen,Oostende,3,0,H,11.0,4.0,4.0,1.0,1.0,13.0,7.0,3.0,0.0,1.0,0.0,0.0,1.8,4.0,4.0,17,1,2022,2,12,10,12,7,Home Win,Home Win,2021-2022,Mechelen,69.0,69.0,70.0,69.0,27.0,Balanced,Oostende,69.0,69.0,69.0,68.0,26.0,Long ball,66.66666666666666,60.0,33.33333333333333
B1,2022-02-12,Oud-Heverlee Leuven,Cercle Brugge,3,2,H,11.0,16.0,5.0,5.0,13.0,13.0,5.0,5.0,2.0,4.0,0.0,0.0,3.0,3.4,2.25,17,1,2022,2,12,13,3,7,Home Win,Home Win,2021-2022,Oud-Heverlee Leuven,69.0,70.0,70.0,68.0,27.0,Long ball,Cercle Brugge,68.0,68.0,70.0,67.0,28.0,Fast build up,60.0,66.66666666666666,66.66666666666666
B1,2022-02-12,Waregem,Anderlecht,1,2,A,13.0,11.0,4.0,5.0,8.0,6.0,6.0,5.0,2.0,1.0,0.0,0.0,6.5,4.5,1.45,19,2,2022,2,12,20,0,7,Away Win,Away Win,2021-2022,Waregem,69.0,70.0,69.0,68.0,28.0,Balanced,,69.64389067524115,70.3330689928628,69.83108643933386,68.45757335448057,26.94528152260111,Balanced,53.333333333333336,20.0,46.666666666666664
B1,2022-02-13,Genk,Standard,2,0,H,15.0,11.0,6.0,4.0,14.0,24.0,4.0,0.0,4.0,3.0,0.0,0.0,1.61,3.8,4.5,12,1,2022,2,13,7,18,1,Home Win,Home Win,2021-2022,Genk,72.0,75.0,73.0,72.0,25.0,Balanced,,69.64389067524115,70.3330689928628,69.83108643933386,68.45757335448057,26.94528152260111,Balanced,66.66666666666666,60.0,40.0
B1,2022-02-13,St. Gilloise,St Truiden,0,1,A,11.0,13.0,1.0,5.0,17.0,13.0,5.0,4.0,5.0,2.0,0.0,0.0,1.33,5.0,8.0,15,2,2022,2,13,17,16,1,Away Win,Away Win,2021-2022,St. Gilloise,71.0,74.0,71.0,70.0,26.0,Long ball,St Truiden,68.0,67.0,68.0,67.0,27.0,Fast build up,86.66666666666667,86.66666666666667,46.666666666666664
B1,2022-02-13,Club Brugge,Charleroi,2,0,H,10.0,15.0,5.0,3.0,7.0,9.0,5.0,5.0,1.0,1.0,0.0,0.0,1.66,4.0,4.75,17,1,2022,2,13,5,4,1,Home Win,Home Win,2021-2022,Club Brugge,75.0,76.0,74.0,75.0,28.0,Balanced,,69.64389067524115,70.3330689928628,69.83108643933386,68.45757335448057,26.94528152260111,Balanced,53.333333333333336,53.333333333333336,53.333333333333336
B1,2022-02-13,Beerschot VA,Kortrijk,2,1,H,10.0,14.0,3.0,4.0,15.0,10.0,3.0,7.0,2.0,3.0,0.0,0.0,3.1,3.5,2.15,20,1,2022,2,13,2,9,1,Home Win,Home Win,2021-2022,Beerschot VA,67.0,67.0,68.0,67.0,25.0,Balanced,Kortrijk,68.0,67.0,68.0,69.0,28.0,Balanced,26.666666666666668,26.666666666666668,13.333333333333334
B1,2022-02-16,Genk,Mechelen,4,1,H,25.0,6.0,9.0,2.0,5.0,6.0,12.0,5.0,0.0,0.0,0.0,1.0,1.57,3.8,5.0,17,1,2022,2,16,7,10,4,Home Win,Home Win,2021-2022,Genk,72.0,75.0,73.0,72.0,25.0,Balanced,Mechelen,69.0,69.0,70.0,69.0,27.0,Balanced,86.66666666666667,60.0,60.0
B1,2022-02-19,Cercle Brugge,Beerschot VA,2,0,H,26.0,7.0,10.0,2.0,14.0,11.0,10.0,2.0,1.0,2.0,0.0,1.0,1.4,4.33,7.0,15,1,2022,2,19,3,2,7,Home Win,Home Win,2021-2022,Cercle Brugge,68.0,68.0,70.0,67.0,28.0,Fast build up,Beerschot VA,67.0,67.0,68.0,67.0,25.0,Balanced,80.0,46.666666666666664,46.666666666666664
B1,2022-02-19,Kortrijk,Waregem,5,0,H,17.0,16.0,10.0,3.0,8.0,11.0,1.0,5.0,1.0,4.0,0.0,1.0,1.9,3.5,3.6,17,1,2022,2,19,9,20,7,Home Win,Home Win,2021-2022,Kortrijk,68.0,67.0,68.0,69.0,28.0,Balanced,Waregem,69.0,70.0,69.0,68.0,28.0,Balanced,26.666666666666668,6.666666666666667,20.0
B1,2022-02-19,Oostende,Standard,1,0,H,15.0,4.0,5.0,0.0,14.0,16.0,2.0,0.0,1.0,5.0,0.0,0.0,2.7,3.2,2.37,17,1,2022,2,19,12,18,7,Home Win,Home Win,2021-2022,Oostende,69.0,69.0,69.0,68.0,26.0,Long ball,,69.64389067524115,70.3330689928628,69.83108643933386,68.45757335448057,26.94528152260111,Balanced,20.0,33.33333333333333,33.33333333333333
B1,2022-02-19,Charleroi,St. Gilloise,0,3,A,13.0,17.0,5.0,7.0,11.0,9.0,1.0,2.0,3.0,4.0,0.0,1.0,3.5,3.5,1.85,19,2,2022,2,19,4,17,7,Away Win,Away Win,2021-2022,,69.65567176186646,70.34285714285714,69.84285714285714,68.46746031746032,26.95,Balanced,St. Gilloise,71.0,74.0,71.0,70.0,26.0,Long ball,53.333333333333336,53.333333333333336,66.66666666666666
B1,2022-02-20,Antwerp,Mechelen,1,2,A,24.0,12.0,5.0,8.0,7.0,14.0,10.0,3.0,0.0,2.0,0.0,0.0,1.75,3.6,3.75,12,2,2022,2,20,1,10,1,Away Win,Away Win,2021-2022,Antwerp,72.0,73.0,73.0,72.0,28.0,Balanced,Mechelen,69.0,69.0,70.0,69.0,27.0,Balanced,46.666666666666664,66.66666666666666,60.0
B1,2022-02-20,Eupen,Club Brugge,1,3,A,11.0,15.0,5.0,6.0,9.0,7.0,8.0,3.0,1.0,0.0,0.0,0.0,5.75,4.2,1.5,15,2,2022,2,20,6,5,1,Away Win,Away Win,2021-2022,Eupen,68.0,71.0,68.0,66.0,28.0,Balanced,Club Brugge,75.0,76.0,74.0,75.0,28.0,Balanced,20.0,13.333333333333334,53.333333333333336
B1,2022-02-20,Anderlecht,Genk,2,0,H,14.0,10.0,5.0,1.0,10.0,11.0,4.0,3.0,4.0,2.0,0.0,1.0,1.8,3.6,3.6,17,1,2022,2,20,0,7,1,Home Win,Home Win,2021-2022,,69.65567176186646,70.34285714285714,69.84285714285714,68.46746031746032,26.95,Balanced,Genk,72.0,75.0,73.0,72.0,25.0,Balanced,66.66666666666666,60.0,60.0
B1,2022-02-20,St Truiden,Oud-Heverlee Leuven,2,0,H,10.0,8.0,4.0,3.0,11.0,7.0,6.0,8.0,3.0,3.0,0.0,1.0,2.3,3.25,2.87,20,1,2022,2,20,16,13,1,Home Win,Home Win,2021-2022,St Truiden,68.0,67.0,68.0,67.0,27.0,Fast build up,Oud-Heverlee Leuven,69.0,70.0,70.0,68.0,27.0,Long ball,40.0,66.66666666666666,66.66666666666666
B1,2022-02-23,Gent,Seraing,4,0,H,13.0,7.0,5.0,1.0,8.0,5.0,3.0,8.0,1.0,2.0,0.0,0.0,1.25,5.5,10.0,17,1,2022,2,23,8,15,4,Home Win,Home Win,2021-2022,Gent,72.0,72.0,71.0,72.0,27.0,Slow Build up,Seraing,66.0,68.0,65.0,65.0,28.0,Balanced,53.333333333333336,53.333333333333336,26.666666666666668
B1,2022-02-25,Beerschot VA,Charleroi,2,3,A,11.0,17.0,6.0,7.0,9.0,8.0,4.0,3.0,1.0,2.0,0.0,0.0,3.5,3.5,1.83,19,2,2022,2,25,2,4,6,Away Win,Away Win,2021-2022,Beerschot VA,67.0,67.0,68.0,67.0,25.0,Balanced,,69.64389067524115,70.3330689928628,69.83108643933386,68.45757335448057,26.94528152260111,Balanced,46.666666666666664,26.666666666666668,46.666666666666664
B1,2022-02-26,St. Gilloise,Eupen,0,0,D,13.0,2.0,2.0,0.0,16.0,10.0,9.0,3.0,0.0,4.0,0.0,0.0,1.36,4.75,6.0,15,0,2022,2,26,17,6,7,Draw,Draw,2021-2022,St. Gilloise,71.0,74.0,71.0,70.0,26.0,Long ball,Eupen,68.0,71.0,68.0,66.0,28.0,Balanced,66.66666666666666,66.66666666666666,6.666666666666667
B1,2022-02-26,Mechelen,Cercle Brugge,2,2,D,21.0,14.0,5.0,5.0,10.0,16.0,7.0,5.0,3.0,4.0,1.0,1.0,2.2,3.4,2.8,17,0,2022,2,26,10,3,7,Draw,Draw,2021-2022,Mechelen,69.0,69.0,70.0,69.0,27.0,Balanced,Cercle Brugge,68.0,68.0,70.0,67.0,28.0,Fast build up,80.0,80.0,46.666666666666664
B1,2022-02-26,Oostende,St Truiden,0,0,D,11.0,7.0,2.0,1.0,9.0,14.0,4.0,4.0,1.0,2.0,0.0,0.0,2.3,3.5,2.5,17,0,2022,2,26,12,16,7,Draw,Draw,2021-2022,Oostende,69.0,69.0,69.0,68.0,26.0,Long ball,St Truiden,68.0,67.0,68.0,67.0,27.0,Fast build up,20.0,46.666666666666664,66.66666666666666
B1,2022-02-26,Oud-Heverlee Leuven,Anderlecht,0,0,D,14.0,18.0,4.0,5.0,2.0,12.0,5.0,4.0,1.0,4.0,0.0,1.0,4.5,3.75,1.65,19,0,2022,2,26,13,0,7,Draw,Draw,2021-2022,Oud-Heverlee Leuven,69.0,70.0,70.0,68.0,27.0,Long ball,,69.64389067524115,70.3330689928628,69.83108643933386,68.45757335448057,26.94528152260111,Balanced,80.0,66.66666666666666,60.0
B1,2022-02-27,Club Brugge,Antwerp,4,1,H,17.0,8.0,9.0,3.0,18.0,11.0,7.0,3.0,3.0,2.0,0.0,0.0,1.65,3.75,4.5,12,1,2022,2,27,5,1,1,Home Win,Home Win,2021-2022,Club Brugge,75.0,76.0,74.0,75.0,28.0,Balanced,Antwerp,72.0,73.0,73.0,72.0,28.0,Balanced,53.333333333333336,66.66666666666666,60.0
B1,2022-02-27,Genk,Kortrijk,2,0,H,29.0,12.0,9.0,4.0,9.0,15.0,13.0,0.0,0.0,3.0,0.0,0.0,1.53,4.0,5.0,15,1,2022,2,27,7,9,1,Home Win,Home Win,2021-2022,Genk,72.0,75.0,73.0,72.0,25.0,Balanced,Kortrijk,68.0,67.0,68.0,69.0,28.0,Balanced,86.66666666666667,60.0,20.0
B1,2022-02-27,Standard,Gent,0,1,A,12.0,10.0,4.0,4.0,19.0,14.0,2.0,5.0,5.0,2.0,0.0,1.0,4.5,3.6,1.7,17,2,2022,2,27,18,8,1,Away Win,Away Win,2021-2022,,69.65567176186646,70.34285714285714,69.84285714285714,68.46746031746032,26.95,Balanced,Gent,72.0,72.0,71.0,72.0,27.0,Slow Build up,13.333333333333334,26.666666666666668,66.66666666666666
B1,2022-02-27,Waregem,Seraing,1,0,H,11.0,13.0,6.0,2.0,8.0,7.0,4.0,7.0,1.0,1.0,0.0,0.0,2.15,3.5,2.9,20,1,2022,2,27,20,15,1,Home Win,Home Win,2021-2022,Waregem,69.0,70.0,69.0,68.0,28.0,Balanced,Seraing,66.0,68.0,65.0,65.0,28.0,Balanced,33.33333333333333,13.333333333333334,26.666666666666668
B1,2022-03-02,Standard,Beerschot VA,1,0,H,8.0,12.0,3.0,5.0,15.0,14.0,1.0,3.0,2.0,5.0,1.0,0.0,1.65,3.8,4.5,17,1,2022,3,2,18,2,4,Home Win,Home Win,2021-2022,,69.65567176186646,70.34285714285714,69.84285714285714,68.46746031746032,26.95,Balanced,Beerschot VA,67.0,67.0,68.0,67.0,25.0,Balanced,13.333333333333334,6.666666666666667,26.666666666666668
B1,2022-03-04,St Truiden,Mechelen,1,1,D,13.0,11.0,5.0,5.0,7.0,16.0,3.0,4.0,1.0,3.0,0.0,0.0,2.15,3.3,2.9,19,0,2022,3,4,16,10,6,Draw,Draw,2021-2022,St Truiden,68.0,67.0,68.0,67.0,27.0,Fast build up,Mechelen,69.0,69.0,70.0,69.0,27.0,Balanced,60.0,66.66666666666666,66.66666666666666
B1,2022-03-05,Cercle Brugge,Genk,2,2,D,17.0,17.0,6.0,6.0,10.0,10.0,11.0,2.0,0.0,0.0,0.0,0.0,2.87,3.3,2.3,15,0,2022,3,5,3,7,7,Draw,Draw,2021-2022,Cercle Brugge,68.0,68.0,70.0,67.0,28.0,Fast build up,Genk,72.0,75.0,73.0,72.0,25.0,Balanced,80.0,33.33333333333333,60.0
B1,2022-03-05,Kortrijk,St. Gilloise,2,3,A,10.0,17.0,3.0,7.0,10.0,9.0,3.0,13.0,2.0,3.0,0.0,0.0,4.5,3.75,1.66,17,2,2022,3,5,9,17,7,Away Win,Away Win,2021-2022,Kortrijk,68.0,67.0,68.0,69.0,28.0,Balanced,St. Gilloise,71.0,74.0,71.0,70.0,26.0,Long ball,26.666666666666668,20.0,66.66666666666666
B1,2022-03-05,Seraing,Club Brugge,0,5,A,6.0,15.0,2.0,7.0,8.0,8.0,6.0,5.0,1.0,1.0,1.0,0.0,6.5,4.33,1.4,19,2,2022,3,5,15,5,7,Away Win,Away Win,2021-2022,Seraing,66.0,68.0,65.0,65.0,28.0,Balanced,Club Brugge,75.0,76.0,74.0,75.0,28.0,Balanced,26.666666666666668,6.666666666666667,80.0
B1,2022-03-06,Antwerp,Beerschot VA,2,1,H,13.0,6.0,5.0,1.0,13.0,13.0,7.0,3.0,2.0,7.0,0.0,1.0,,,,12,1,2022,3,6,1,2,1,Home Win,Home Win,2021-2022,Antwerp,72.0,73.0,73.0,72.0,28.0,Balanced,Beerschot VA,67.0,67.0,68.0,67.0,25.0,Balanced,46.666666666666664,40.0,20.0
B1,2022-03-06,Anderlecht,Oostende,3,0,H,13.0,10.0,7.0,1.0,7.0,10.0,2.0,5.0,1.0,2.0,0.0,0.0,1.25,5.25,9.5,15,1,2022,3,6,0,12,1,Home Win,Home Win,2021-2022,,69.65567176186646,70.34285714285714,69.84285714285714,68.46746031746032,26.95,Balanced,Oostende,69.0,69.0,69.0,68.0,26.0,Long ball,66.66666666666666,66.66666666666666,33.33333333333333
B1,2022-03-06,Charleroi,Standard,0,0,D,8.0,10.0,3.0,2.0,8.0,18.0,8.0,4.0,2.0,3.0,0.0,0.0,1.95,3.5,3.3,17,0,2022,3,6,4,18,1,Draw,Draw,2021-2022,,69.65567176186646,70.34285714285714,69.84285714285714,68.46746031746032,26.95,Balanced,,69.64389067524115,70.3330689928628,69.83108643933386,68.45757335448057,26.94528152260111,Balanced,33.33333333333333,60.0,26.666666666666668
B1,2022-03-06,Eupen,Oud-Heverlee Leuven,3,1,H,12.0,12.0,5.0,4.0,7.0,10.0,3.0,7.0,1.0,3.0,0.0,0.0,2.6,3.3,2.37,20,1,2022,3,6,6,13,1,Home Win,Home Win,2021-2022,Eupen,68.0,71.0,68.0,66.0,28.0,Balanced,Oud-Heverlee Leuven,69.0,70.0,70.0,68.0,27.0,Long ball,0.0,13.333333333333334,66.66666666666666
B1,2022-03-06,Gent,Waregem,2,1,H,25.0,11.0,8.0,5.0,5.0,8.0,10.0,0.0,0.0,3.0,0.0,0.0,1.22,5.5,10.0,20,1,2022,3,6,8,20,1,Home Win,Home Win,2021-2022,Gent,72.0,72.0,71.0,72.0,27.0,Slow Build up,Waregem,69.0,70.0,69.0,68.0,28.0,Balanced,53.333333333333336,80.0,26.666666666666668
B1,2022-03-11,Oud-Heverlee Leuven,St. Gilloise,1,4,A,9.0,21.0,2.0,8.0,11.0,11.0,5.0,7.0,2.0,0.0,0.0,0.0,4.5,4.0,1.7,19,2,2022,3,11,13,17,6,Away Win,Away Win,2021-2022,Oud-Heverlee Leuven,69.0,70.0,70.0,68.0,27.0,Long ball,St. Gilloise,71.0,74.0,71.0,70.0,26.0,Long ball,86.66666666666667,46.666666666666664,66.66666666666666
B1,2022-03-12,Mechelen,Charleroi,2,2,D,10.0,14.0,3.0,5.0,12.0,6.0,4.0,3.0,2.0,4.0,0.0,0.0,2.25,3.5,2.9,15,0,2022,3,12,10,4,7,Draw,Draw,2021-2022,Mechelen,69.0,69.0,70.0,69.0,27.0,Balanced,,69.64389067524115,70.3330689928628,69.83108643933386,68.45757335448057,26.94528152260111,Balanced,66.66666666666666,53.333333333333336,46.666666666666664
B1,2022-03-12,Cercle Brugge,Kortrijk,2,0,H,22.0,6.0,4.0,0.0,19.0,11.0,6.0,5.0,1.0,1.0,0.0,0.0,1.65,3.8,5.25,17,1,2022,3,12,3,9,7,Home Win,Home Win,2021-2022,Cercle Brugge,68.0,68.0,70.0,67.0,28.0,Fast build up,Kortrijk,68.0,67.0,68.0,69.0,28.0,Balanced,66.66666666666666,40.0,20.0
B1,2022-03-12,Waregem,Eupen,3,0,H,9.0,16.0,5.0,6.0,12.0,6.0,1.0,9.0,2.0,1.0,0.0,0.0,2.3,3.5,2.8,17,1,2022,3,12,20,6,7,Home Win,Home Win,2021-2022,Waregem,69.0,70.0,69.0,68.0,28.0,Balanced,Eupen,68.0,71.0,68.0,66.0,28.0,Balanced,53.333333333333336,26.666666666666668,26.666666666666668
B1,2022-03-12,Oostende,Club Brugge,1,3,A,17.0,9.0,4.0,4.0,11.0,8.0,6.0,4.0,1.0,2.0,0.0,0.0,7.5,4.75,1.4,19,2,2022,3,12,12,5,7,Away Win,Away Win,2021-2022,Oostende,69.0,69.0,69.0,68.0,26.0,Long ball,Club Brugge,75.0,76.0,74.0,75.0,28.0,Balanced,26.666666666666668,33.33333333333333,80.0
B1,2022-03-13,Anderlecht,Antwerp,2,1,H,15.0,12.0,10.0,5.0,12.0,13.0,6.0,3.0,3.0,4.0,0.0,0.0,1.61,4.0,5.0,12,1,2022,3,13,0,1,1,Home Win,Home Win,2021-2022,,69.65567176186646,70.34285714285714,69.84285714285714,68.46746031746032,26.95,Balanced,Antwerp,72.0,73.0,73.0,72.0,28.0,Balanced,66.66666666666666,86.66666666666667,40.0
B1,2022-03-13,Genk,St Truiden,0,1,A,14.0,8.0,4.0,4.0,10.0,18.0,5.0,1.0,1.0,5.0,0.0,0.0,1.44,4.33,7.0,15,2,2022,3,13,7,16,1,Away Win,Away Win,2021-2022,Genk,72.0,75.0,73.0,72.0,25.0,Balanced,St Truiden,68.0,67.0,68.0,67.0,27.0,Fast build up,100.0,66.66666666666666,73.33333333333333
B1,2022-03-13,Beerschot VA,Gent,0,2,A,10.0,14.0,2.0,6.0,13.0,14.0,6.0,2.0,4.0,2.0,0.0,0.0,6.5,4.2,1.5,17,2,2022,3,13,2,8,1,Away Win,Away Win,2021-2022,Beerschot VA,67.0,67.0,68.0,67.0,25.0,Balanced,Gent,72.0,72.0,71.0,72.0,27.0,Slow Build up,46.666666666666664,20.0,100.0
B1,2022-03-13,Standard,Seraing,0,1,A,9.0,12.0,3.0,5.0,13.0,13.0,3.0,4.0,3.0,1.0,0.0,0.0,1.75,3.75,4.33,20,2,2022,3,13,18,15,1,Away Win,Away Win,2021-2022,,69.65567176186646,70.34285714285714,69.84285714285714,68.46746031746032,26.95,Balanced,Seraing,66.0,68.0,65.0,65.0,28.0,Balanced,33.33333333333333,26.666666666666668,0.0
B1,2022-03-18,St. Gilloise,Oostende,1,1,D,18.0,7.0,7.0,4.0,16.0,13.0,9.0,1.0,1.0,5.0,0.0,0.0,1.28,5.0,10.0,19,0,2022,3,18,17,12,6,Draw,Draw,2021-2022,St. Gilloise,71.0,74.0,71.0,70.0,26.0,Long ball,Oostende,69.0,69.0,69.0,68.0,26.0,Long ball,53.333333333333336,66.66666666666666,26.666666666666668
B1,2022-03-19,Eupen,Mechelen,1,1,D,12.0,22.0,5.0,6.0,3.0,7.0,6.0,12.0,3.0,0.0,1.0,0.0,2.9,3.5,2.3,15,0,2022,3,19,6,10,7,Draw,Draw,2021-2022,Eupen,68.0,71.0,68.0,66.0,28.0,Balanced,Mechelen,69.0,69.0,70.0,69.0,27.0,Balanced,20.0,26.666666666666668,40.0
B1,2022-03-19,Charleroi,Cercle Brugge,5,0,H,12.0,9.0,11.0,4.0,18.0,4.0,2.0,3.0,2.0,0.0,0.0,1.0,2.5,3.5,2.7,17,1,2022,3,19,4,3,7,Home Win,Home Win,2021-2022,,69.65567176186646,70.34285714285714,69.84285714285714,68.46746031746032,26.95,Balanced,Cercle Brugge,68.0,68.0,70.0,67.0,28.0,Fast build up,40.0,33.33333333333333,53.333333333333336
B1,2022-03-19,Seraing,Oud-Heverlee Leuven,1,1,D,12.0,12.0,3.0,5.0,11.0,13.0,3.0,3.0,2.0,1.0,0.0,0.0,2.9,3.4,2.37,17,0,2022,3,19,15,13,7,Draw,Draw,2021-2022,Seraing,66.0,68.0,65.0,65.0,28.0,Balanced,Oud-Heverlee Leuven,69.0,70.0,70.0,68.0,27.0,Long ball,26.666666666666668,20.0,26.666666666666668
B1,2022-03-19,Antwerp,Waregem,1,0,H,19.0,5.0,7.0,2.0,6.0,4.0,4.0,0.0,1.0,2.0,0.0,0.0,1.4,4.75,6.0,19,1,2022,3,19,1,20,7,Home Win,Home Win,2021-2022,Antwerp,72.0,73.0,73.0,72.0,28.0,Balanced,Waregem,69.0,70.0,69.0,68.0,28.0,Balanced,46.666666666666664,40.0,40.0
B1,2022-03-20,Club Brugge,Genk,3,1,H,14.0,10.0,5.0,2.0,9.0,15.0,10.0,6.0,1.0,4.0,0.0,1.0,1.7,3.8,4.5,12,1,2022,3,20,5,7,1,Home Win,Home Win,2021-2022,Club Brugge,75.0,76.0,74.0,75.0,28.0,Balanced,Genk,72.0,75.0,73.0,72.0,25.0,Balanced,66.66666666666666,100.0,46.666666666666664
B1,2022-03-20,Kortrijk,Standard,0,1,A,12.0,10.0,1.0,3.0,16.0,19.0,2.0,6.0,0.0,3.0,0.0,0.0,2.5,3.25,2.87,15,2,2022,3,20,9,18,1,Away Win,Away Win,2021-2022,Kortrijk,68.0,67.0,68.0,69.0,28.0,Balanced,,69.64389067524115,70.3330689928628,69.83108643933386,68.45757335448057,26.94528152260111,Balanced,20.0,20.0,26.666666666666668
B1,2022-03-20,Gent,Anderlecht,1,0,H,5.0,19.0,2.0,7.0,2.0,6.0,4.0,5.0,0.0,2.0,0.0,0.0,2.3,3.4,3.0,17,1,2022,3,20,8,0,1,Home Win,Home Win,2021-2022,Gent,72.0,72.0,71.0,72.0,27.0,Slow Build up,,69.64389067524115,70.3330689928628,69.83108643933386,68.45757335448057,26.94528152260111,Balanced,53.333333333333336,100.0,86.66666666666667
B1,2022-03-20,St Truiden,Beerschot VA,3,2,H,18.0,10.0,4.0,5.0,10.0,8.0,7.0,6.0,1.0,2.0,0.0,0.0,1.53,4.0,6.0,20,1,2022,3,20,16,2,1,Home Win,Home Win,2021-2022,St Truiden,68.0,67.0,68.0,67.0,27.0,Fast build up,Beerschot VA,67.0,67.0,68.0,67.0,25.0,Balanced,66.66666666666666,73.33333333333333,0.0
B1,2022-04-01,Beerschot VA,Club Brugge,1,3,A,4.0,22.0,1.0,10.0,10.0,8.0,2.0,5.0,1.0,0.0,0.0,0.0,10.0,5.75,1.22,19,2,2022,4,1,2,5,6,Away Win,Away Win,2021-2022,Beerschot VA,67.0,67.0,68.0,67.0,25.0,Balanced,Club Brugge,75.0,76.0,74.0,75.0,28.0,Balanced,46.666666666666664,0.0,100.0
B1,2022-04-02,Waregem,St Truiden,0,2,A,9.0,15.0,0.0,7.0,12.0,13.0,1.0,4.0,4.0,2.0,0.0,1.0,2.87,3.3,2.5,15,2,2022,4,2,20,16,7,Away Win,Away Win,2021-2022,Waregem,69.0,70.0,69.0,68.0,28.0,Balanced,St Truiden,68.0,67.0,68.0,67.0,27.0,Fast build up,53.333333333333336,40.0,73.33333333333333
B1,2022-04-02,Mechelen,Kortrijk,3,2,H,15.0,15.0,7.0,5.0,7.0,11.0,11.0,6.0,0.0,2.0,0.0,0.0,1.66,4.0,4.33,17,1,2022,4,2,10,9,7,Home Win,Home Win,2021-2022,Mechelen,69.0,69.0,70.0,69.0,27.0,Balanced,Kortrijk,68.0,67.0,68.0,69.0,28.0,Balanced,53.333333333333336,46.666666666666664,20.0
B1,2022-04-02,Oostende,Seraing,2,2,D,13.0,7.0,2.0,4.0,9.0,6.0,6.0,4.0,2.0,1.0,0.0,0.0,2.2,3.6,3.1,17,0,2022,4,2,12,15,7,Draw,Draw,2021-2022,Oostende,69.0,69.0,69.0,68.0,26.0,Long ball,Seraing,66.0,68.0,65.0,65.0,28.0,Balanced,26.666666666666668,33.33333333333333,26.666666666666668
B1,2022-04-02,Oud-Heverlee Leuven,Antwerp,0,1,A,16.0,9.0,5.0,3.0,11.0,11.0,6.0,3.0,1.0,3.0,0.0,0.0,3.4,3.75,2.0,19,2,2022,4,2,13,1,7,Away Win,Away Win,2021-2022,Oud-Heverlee Leuven,69.0,70.0,70.0,68.0,27.0,Long ball,Antwerp,72.0,73.0,73.0,72.0,28.0,Balanced,66.66666666666666,13.333333333333334,40.0
B1,2022-04-03,Standard,St. Gilloise,1,3,A,5.0,13.0,1.0,5.0,18.0,12.0,4.0,7.0,4.0,2.0,0.0,0.0,4.33,4.0,1.66,12,2,2022,4,3,18,17,1,Away Win,Away Win,2021-2022,,69.65567176186646,70.34285714285714,69.84285714285714,68.46746031746032,26.95,Balanced,St. Gilloise,71.0,74.0,71.0,70.0,26.0,Long ball,26.666666666666668,46.666666666666664,73.33333333333333
B1,2022-04-03,Cercle Brugge,Gent,2,2,D,15.0,10.0,3.0,6.0,14.0,8.0,7.0,4.0,4.0,1.0,0.0,1.0,3.2,3.4,2.15,15,0,2022,4,3,3,8,1,Draw,Draw,2021-2022,Cercle Brugge,68.0,68.0,70.0,67.0,28.0,Fast build up,Gent,72.0,72.0,71.0,72.0,27.0,Slow Build up,66.66666666666666,53.333333333333336,100.0
B1,2022-04-03,Anderlecht,Charleroi,4,0,H,20.0,1.0,11.0,0.0,8.0,14.0,5.0,2.0,1.0,2.0,0.0,0.0,1.5,4.75,5.75,17,1,2022,4,3,0,4,1,Home Win,Home Win,2021-2022,,69.65567176186646,70.34285714285714,69.84285714285714,68.46746031746032,26.95,Balanced,,69.64389067524115,70.3330689928628,69.83108643933386,68.45757335448057,26.94528152260111,Balanced,80.0,66.66666666666666,53.333333333333336
B1,2022-04-03,Genk,Eupen,5,0,H,14.0,5.0,9.0,2.0,11.0,10.0,4.0,2.0,2.0,1.0,0.0,0.0,1.4,4.75,7.0,20,1,2022,4,3,7,6,1,Home Win,Home Win,2021-2022,Genk,72.0,75.0,73.0,72.0,25.0,Balanced,Eupen,68.0,71.0,68.0,66.0,28.0,Balanced,80.0,26.666666666666668,33.33333333333333
B1,2022-04-09,Eupen,Oostende,0,2,A,9.0,16.0,1.0,8.0,14.0,9.0,5.0,3.0,4.0,3.0,0.0,1.0,2.45,3.4,2.55,17,2,2022,4,9,6,12,7,Away Win,Away Win,2021-2022,Eupen,68.0,71.0,68.0,66.0,28.0,Balanced,Oostende,69.0,69.0,69.0,68.0,26.0,Long ball,26.666666666666668,33.33333333333333,20.0
B1,2022-04-09,Antwerp,Cercle Brugge,1,1,D,24.0,5.0,7.0,1.0,6.0,11.0,9.0,2.0,0.0,1.0,0.0,0.0,1.95,3.3,3.6,19,0,2022,4,9,1,3,7,Draw,Draw,2021-2022,Antwerp,72.0,73.0,73.0,72.0,28.0,Balanced,Cercle Brugge,68.0,68.0,70.0,67.0,28.0,Fast build up,46.666666666666664,60.0,40.0
B1,2022-04-10,Charleroi,Waregem,3,0,H,15.0,9.0,7.0,3.0,9.0,11.0,7.0,3.0,0.0,2.0,0.0,0.0,1.45,4.0,6.0,17,1,2022,4,10,4,20,1,Home Win,Home Win,2021-2022,,69.65567176186646,70.34285714285714,69.84285714285714,68.46746031746032,26.95,Balanced,Waregem,69.0,70.0,69.0,68.0,28.0,Balanced,53.333333333333336,53.333333333333336,40.0
B1,2022-04-10,Club Brugge,Mechelen,2,0,H,22.0,8.0,8.0,0.0,8.0,6.0,7.0,4.0,2.0,1.0,0.0,0.0,1.3,5.0,8.0,17,1,2022,4,10,5,10,1,Home Win,Home Win,2021-2022,Club Brugge,75.0,76.0,74.0,75.0,28.0,Balanced,Mechelen,69.0,69.0,70.0,69.0,27.0,Balanced,66.66666666666666,100.0,46.666666666666664
B1,2022-04-10,Gent,Oud-Heverlee Leuven,5,0,H,26.0,7.0,12.0,3.0,7.0,13.0,6.0,3.0,0.0,4.0,0.0,0.0,1.22,6.0,9.5,17,1,2022,4,10,8,13,1,Home Win,Home Win,2021-2022,Gent,72.0,72.0,71.0,72.0,27.0,Slow Build up,Oud-Heverlee Leuven,69.0,70.0,70.0,68.0,27.0,Long ball,66.66666666666666,86.66666666666667,13.333333333333334
B1,2022-04-10,Kortrijk,Anderlecht,2,3,A,15.0,15.0,5.0,9.0,10.0,6.0,7.0,3.0,1.0,1.0,0.0,0.0,7.0,4.75,1.33,17,2,2022,4,10,9,0,1,Away Win,Away Win,2021-2022,Kortrijk,68.0,67.0,68.0,69.0,28.0,Balanced,,69.64389067524115,70.3330689928628,69.83108643933386,68.45757335448057,26.94528152260111,Balanced,20.0,0.0,66.66666666666666
B1,2022-04-10,Seraing,Genk,0,2,A,4.0,13.0,2.0,6.0,3.0,13.0,4.0,7.0,0.0,2.0,1.0,0.0,5.75,4.2,1.5,17,2,2022,4,10,15,7,1,Away Win,Away Win,2021-2022,Seraing,66.0,68.0,65.0,65.0,28.0,Balanced,Genk,72.0,75.0,73.0,72.0,25.0,Balanced,33.33333333333333,33.33333333333333,46.666666666666664
B1,2022-04-10,St. Gilloise,Beerschot VA,5,0,H,,,,,,,,,,,,,1.14,7.5,12.0,17,1,2022,4,10,17,2,1,Home Win,Home Win,2021-2022,St. Gilloise,71.0,74.0,71.0,70.0,26.0,Long ball,Beerschot VA,67.0,67.0,68.0,67.0,25.0,Balanced,53.333333333333336,73.33333333333333,0.0
B1,2022-04-10,St Truiden,Standard,3,0,H,15.0,11.0,5.0,2.0,12.0,15.0,5.0,2.0,2.0,3.0,0.0,0.0,1.83,3.4,4.0,17,1,2022,4,10,16,18,1,Home Win,Home Win,2021-2022,St Truiden,68.0,67.0,68.0,67.0,27.0,Fast build up,,69.64389067524115,70.3330689928628,69.83108643933386,68.45757335448057,26.94528152260111,Balanced,66.66666666666666,73.33333333333333,46.666666666666664
B1,2022-07-22,Standard,Gent,2,2,D,7.0,25.0,3.0,9.0,14.0,13.0,2.0,12.0,5.0,2.0,1.0,0.0,4.2,3.6,1.85,19,0,2022,7,22,18,8,6,Draw,Draw,2022-2023,,69.65567176186646,70.34285714285714,69.84285714285714,68.46746031746032,26.95,Balanced,Gent,69.64389067524115,71.0,71.0,73.0,27.0,Slow Build up,26.666666666666668,26.666666666666668,86.66666666666667
B1,2022-07-23,Charleroi,Eupen,3,1,H,12.0,8.0,5.0,7.0,10.0,12.0,2.0,1.0,2.0,1.0,0.0,0.0,1.61,3.6,4.75,15,1,2022,7,23,4,6,7,Home Win,Home Win,2022-2023,Charleroi,69.0,70.0,70.0,68.0,27.0,Fast build up,Eupen,67.0,70.0,68.0,64.0,28.0,Balanced,66.66666666666666,53.333333333333336,26.666666666666668
B1,2022-07-23,Kortrijk,Oud-Heverlee Leuven,0,2,A,15.0,19.0,2.0,6.0,14.0,13.0,6.0,4.0,3.0,0.0,0.0,0.0,2.37,3.2,2.87,17,2,2022,7,23,9,13,7,Away Win,Away Win,2022-2023,Kortrijk,68.0,66.0,68.0,65.0,28.0,Balanced,Oud-Heverlee Leuven,69.0,74.0,70.0,68.0,23.0,Long ball,20.0,0.0,6.666666666666667
B1,2022-07-23,Waregem,Seraing,2,0,H,18.0,2.0,8.0,0.0,14.0,17.0,7.0,0.0,1.0,1.0,0.0,0.0,2.15,3.5,2.9,17,1,2022,7,23,20,15,7,Home Win,Home Win,2022-2023,Waregem,68.0,70.0,68.0,66.0,28.0,Balanced,Seraing,65.0,66.0,65.0,64.0,28.0,Long ball,46.666666666666664,20.0,33.33333333333333
B1,2022-07-23,St Truiden,St. Gilloise,1,1,D,11.0,14.0,3.0,3.0,9.0,11.0,0.0,5.0,1.0,4.0,0.0,0.0,4.33,3.2,1.85,19,0,2022,7,23,16,17,7,Draw,Draw,2022-2023,St Truiden,68.0,68.0,68.0,66.0,24.0,Fast build up,St. Gilloise,72.0,71.0,73.0,71.0,25.0,Long ball,66.66666666666666,86.66666666666667,86.66666666666667
B1,2022-07-24,Club Brugge,Genk,3,2,H,15.0,16.0,5.0,10.0,7.0,17.0,4.0,3.0,1.0,2.0,0.0,0.0,1.72,3.75,4.2,12,1,2022,7,24,5,7,1,Home Win,Home Win,2022-2023,Club Brugge,75.0,74.0,76.0,72.0,28.0,Balanced,Genk,73.0,72.0,74.0,72.0,28.0,Balanced,80.0,100.0,46.666666666666664
B1,2022-07-24,Mechelen,Antwerp,0,2,A,13.0,9.0,2.0,3.0,10.0,9.0,6.0,2.0,1.0,1.0,0.0,0.0,2.55,3.25,2.5,15,2,2022,7,24,10,1,1,Away Win,Away Win,2022-2023,Mechelen,69.0,70.0,71.0,67.0,28.0,Balanced,Antwerp,73.0,76.0,72.0,73.0,27.0,Balanced,73.33333333333333,40.0,66.66666666666666
B1,2022-07-24,Anderlecht,Oostende,2,0,H,13.0,8.0,3.0,1.0,9.0,8.0,7.0,5.0,0.0,4.0,0.0,1.0,1.25,5.5,9.0,17,1,2022,7,24,0,12,1,Home Win,Home Win,2022-2023,Anderlecht,72.0,72.0,72.0,71.0,28.0,Balanced,Oostende,68.0,68.0,68.0,66.0,28.0,Long ball,100.0,80.0,33.33333333333333
B1,2022-07-24,Westerlo,Cercle Brugge,2,0,H,18.0,4.0,8.0,0.0,12.0,20.0,3.0,4.0,1.0,5.0,0.0,1.0,2.5,3.2,2.7,20,1,2022,7,24,21,3,1,Home Win,Home Win,2022-2023,,69.65567176186646,70.34285714285714,69.84285714285714,68.46746031746032,26.95,Balanced,Cercle Brugge,69.0,70.0,69.0,66.0,25.0,Fast build up,,,40.0
B1,2022-07-29,St. Gilloise,Charleroi,1,0,H,16.0,5.0,6.0,4.0,11.0,5.0,8.0,4.0,2.0,1.0,0.0,0.0,1.65,4.0,5.0,19,1,2022,7,29,17,4,6,Home Win,Home Win,2022-2023,St. Gilloise,72.0,71.0,73.0,71.0,25.0,Long ball,Charleroi,69.0,70.0,70.0,68.0,27.0,Fast build up,53.333333333333336,73.33333333333333,66.66666666666666
B1,2022-07-30,Cercle Brugge,Anderlecht,1,0,H,13.0,5.0,5.0,0.0,11.0,15.0,8.0,1.0,0.0,5.0,0.0,1.0,3.6,3.4,1.9,15,1,2022,7,30,3,0,7,Home Win,Home Win,2022-2023,Cercle Brugge,69.0,70.0,69.0,66.0,25.0,Fast build up,Anderlecht,72.0,72.0,72.0,71.0,28.0,Balanced,53.333333333333336,33.33333333333333,80.0
B1,2022-07-30,Oostende,Mechelen,2,1,H,9.0,19.0,7.0,7.0,5.0,14.0,6.0,9.0,0.0,2.0,1.0,0.0,2.62,3.4,2.4,17,1,2022,7,30,12,10,7,Home Win,Home Win,2022-2023,Oostende,68.0,68.0,68.0,66.0,28.0,Long ball,Mechelen,69.0,70.0,71.0,67.0,28.0,Balanced,33.33333333333333,33.33333333333333,33.33333333333333
B1,2022-07-30,Oud-Heverlee Leuven,Westerlo,2,0,H,11.0,14.0,5.0,0.0,11.0,15.0,5.0,6.0,2.0,3.0,0.0,1.0,2.5,3.4,2.62,17,1,2022,7,30,13,21,7,Home Win,Home Win,2022-2023,Oud-Heverlee Leuven,69.0,74.0,70.0,68.0,23.0,Long ball,,69.64389067524115,70.3330689928628,69.83108643933386,68.45757335448057,26.94528152260111,Balanced,46.666666666666664,26.666666666666668,100.0
B1,2022-07-30,Gent,St Truiden,1,1,D,13.0,11.0,4.0,7.0,14.0,12.0,3.0,6.0,2.0,2.0,0.0,0.0,1.5,4.2,5.5,19,0,2022,7,30,8,16,7,Draw,Draw,2022-2023,Gent,69.65567176186646,71.0,71.0,73.0,27.0,Slow Build up,St Truiden,68.0,68.0,68.0,66.0,24.0,Fast build up,80.0,73.33333333333333,86.66666666666667
B1,2022-07-31,Genk,Standard,3,1,H,16.0,10.0,5.0,2.0,15.0,11.0,7.0,4.0,3.0,4.0,0.0,0.0,1.5,4.2,5.25,12,1,2022,7,31,7,18,1,Home Win,Home Win,2022-2023,Genk,73.0,72.0,74.0,72.0,28.0,Balanced,,69.64389067524115,70.3330689928628,69.83108643933386,68.45757335448057,26.94528152260111,Balanced,80.0,40.0,26.666666666666668
B1,2022-07-31,Eupen,Club Brugge,2,1,H,13.0,13.0,6.0,5.0,18.0,13.0,5.0,7.0,4.0,2.0,1.0,0.0,5.25,4.75,1.5,15,1,2022,7,31,6,5,1,Home Win,Home Win,2022-2023,Eupen,67.0,70.0,68.0,64.0,28.0,Balanced,Club Brugge,75.0,74.0,76.0,72.0,28.0,Balanced,26.666666666666668,6.666666666666667,100.0
B1,2022-07-31,Seraing,Kortrijk,0,1,A,18.0,7.0,4.0,3.0,17.0,9.0,3.0,4.0,2.0,2.0,1.0,1.0,2.87,3.4,2.25,17,2,2022,7,31,15,9,1,Away Win,Away Win,2022-2023,Seraing,65.0,66.0,65.0,64.0,28.0,Long ball,Kortrijk,68.0,66.0,68.0,65.0,28.0,Balanced,13.333333333333334,33.33333333333333,0.0
B1,2022-07-31,Antwerp,Waregem,1,0,H,17.0,12.0,7.0,4.0,6.0,14.0,3.0,6.0,2.0,3.0,0.0,1.0,1.36,4.5,7.0,20,1,2022,7,31,1,20,1,Home Win,Home Win,2022-2023,Antwerp,73.0,76.0,72.0,73.0,27.0,Balanced,Waregem,68.0,70.0,68.0,66.0,28.0,Balanced,46.666666666666664,66.66666666666666,40.0
B1,2022-08-05,Club Brugge,Waregem,1,1,D,23.0,7.0,7.0,4.0,7.0,17.0,7.0,4.0,2.0,3.0,0.0,0.0,1.22,6.0,9.0,19,0,2022,8,5,5,20,6,Draw,Draw,2022-2023,Club Brugge,75.0,74.0,76.0,72.0,28.0,Balanced,Waregem,68.0,70.0,68.0,66.0,28.0,Balanced,100.0,80.0,20.0
B1,2022-08-06,Genk,Eupen,4,2,H,24.0,9.0,14.0,5.0,9.0,15.0,8.0,2.0,0.0,3.0,0.0,1.0,1.36,5.0,6.5,15,1,2022,8,6,7,6,7,Home Win,Home Win,2022-2023,Genk,73.0,72.0,74.0,72.0,28.0,Balanced,Eupen,67.0,70.0,68.0,64.0,28.0,Balanced,80.0,60.0,26.666666666666668
B1,2022-08-06,Charleroi,Oostende,1,3,A,15.0,9.0,3.0,6.0,11.0,7.0,9.0,5.0,2.0,1.0,0.0,0.0,1.6,3.8,5.0,17,2,2022,8,6,4,12,7,Away Win,Away Win,2022-2023,Charleroi,69.0,70.0,70.0,68.0,27.0,Fast build up,Oostende,68.0,68.0,68.0,66.0,28.0,Long ball,66.66666666666666,60.0,53.333333333333336
B1,2022-08-06,Kortrijk,St Truiden,0,0,D,10.0,18.0,4.0,2.0,12.0,16.0,4.0,6.0,0.0,1.0,0.0,0.0,3.0,3.2,2.3,17,0,2022,8,6,9,16,7,Draw,Draw,2022-2023,Kortrijk,68.0,66.0,68.0,65.0,28.0,Balanced,St Truiden,68.0,68.0,68.0,66.0,24.0,Fast build up,20.0,20.0,73.33333333333333
B1,2022-08-06,Mechelen,St. Gilloise,3,0,H,6.0,6.0,4.0,2.0,14.0,12.0,3.0,5.0,2.0,5.0,0.0,0.0,3.0,3.5,2.1,19,1,2022,8,6,10,17,7,Home Win,Home Win,2022-2023,Mechelen,69.0,70.0,71.0,67.0,28.0,Balanced,St. Gilloise,72.0,71.0,73.0,71.0,25.0,Long ball,53.333333333333336,26.666666666666668,73.33333333333333
B1,2022-08-07,Standard,Cercle Brugge,2,0,H,10.0,6.0,7.0,3.0,15.0,17.0,6.0,6.0,1.0,2.0,0.0,0.0,2.55,3.2,2.55,12,1,2022,8,7,18,3,1,Home Win,Home Win,2022-2023,,69.65567176186646,70.34285714285714,69.84285714285714,68.46746031746032,26.95,Balanced,Cercle Brugge,69.0,70.0,69.0,66.0,25.0,Fast build up,26.666666666666668,26.666666666666668,33.33333333333333
B1,2022-08-07,Gent,Westerlo,2,1,H,15.0,9.0,5.0,3.0,11.0,10.0,10.0,7.0,2.0,0.0,0.0,0.0,1.61,4.0,4.75,15,1,2022,8,7,8,21,1,Home Win,Home Win,2022-2023,Gent,69.65567176186646,71.0,71.0,73.0,27.0,Slow Build up,,69.64389067524115,70.3330689928628,69.83108643933386,68.45757335448057,26.94528152260111,Balanced,86.66666666666667,60.0,50.0
B1,2022-08-07,Anderlecht,Seraing,3,1,H,12.0,5.0,6.0,2.0,14.0,8.0,2.0,1.0,1.0,1.0,0.0,0.0,1.25,5.5,11.0,17,1,2022,8,7,0,15,1,Home Win,Home Win,2022-2023,Anderlecht,72.0,72.0,72.0,71.0,28.0,Balanced,Seraing,65.0,66.0,65.0,64.0,28.0,Long ball,100.0,60.0,13.333333333333334
B1,2022-08-07,Antwerp,Oud-Heverlee Leuven,4,2,H,17.0,8.0,4.0,4.0,7.0,11.0,8.0,7.0,2.0,1.0,0.0,0.0,1.61,4.0,4.75,20,1,2022,8,7,1,13,1,Home Win,Home Win,2022-2023,Antwerp,73.0,76.0,72.0,73.0,27.0,Balanced,Oud-Heverlee Leuven,69.0,74.0,70.0,68.0,23.0,Long ball,66.66666666666666,86.66666666666667,46.666666666666664
B1,2022-08-12,Oostende,Gent,1,3,A,8.0,13.0,2.0,7.0,9.0,7.0,2.0,6.0,3.0,1.0,0.0,0.0,4.75,3.75,1.7,19,2,2022,8,12,12,8,6,Away Win,Away Win,2022-2023,Oostende,68.0,68.0,68.0,66.0,28.0,Long ball,Gent,69.64389067524115,71.0,71.0,73.0,27.0,Slow Build up,53.333333333333336,66.66666666666666,60.0
B1,2022-08-13,Westerlo,Standard,4,2,H,14.0,12.0,5.0,6.0,3.0,11.0,4.0,6.0,2.0,6.0,0.0,1.0,2.05,3.4,3.5,15,1,2022,8,13,21,18,7,Home Win,Home Win,2022-2023,,69.65567176186646,70.34285714285714,69.84285714285714,68.46746031746032,26.95,Balanced,,69.64389067524115,70.3330689928628,69.83108643933386,68.45757335448057,26.94528152260111,Balanced,100.0,33.33333333333333,26.666666666666668
B1,2022-08-13,Cercle Brugge,Mechelen,0,0,D,12.0,10.0,2.0,4.0,9.0,13.0,8.0,8.0,1.0,3.0,0.0,0.0,2.1,3.6,3.3,17,0,2022,8,13,3,10,7,Draw,Draw,2022-2023,Cercle Brugge,69.0,70.0,69.0,66.0,25.0,Fast build up,Mechelen,69.0,70.0,71.0,67.0,28.0,Balanced,73.33333333333333,33.33333333333333,40.0
B1,2022-08-13,Seraing,Charleroi,0,1,A,11.0,13.0,3.0,5.0,8.0,13.0,4.0,6.0,2.0,2.0,0.0,0.0,4.33,3.5,1.8,17,2,2022,8,13,15,4,7,Away Win,Away Win,2022-2023,Seraing,65.0,66.0,65.0,64.0,28.0,Long ball,Charleroi,69.0,70.0,70.0,68.0,27.0,Fast build up,6.666666666666667,6.666666666666667,40.0
B1,2022-08-13,St. Gilloise,Kortrijk,2,1,H,17.0,6.0,9.0,2.0,22.0,11.0,5.0,1.0,0.0,3.0,0.0,0.0,1.4,4.75,7.0,19,1,2022,8,13,17,9,7,Home Win,Home Win,2022-2023,St. Gilloise,72.0,71.0,73.0,71.0,25.0,Long ball,Kortrijk,68.0,66.0,68.0,65.0,28.0,Balanced,53.333333333333336,66.66666666666666,26.666666666666668
B1,2022-08-14,St Truiden,Anderlecht,0,3,A,12.0,10.0,6.0,7.0,13.0,11.0,6.0,5.0,4.0,3.0,0.0,0.0,3.6,3.5,2.0,12,2,2022,8,14,16,0,1,Away Win,Away Win,2022-2023,St Truiden,68.0,68.0,68.0,66.0,24.0,Fast build up,Anderlecht,72.0,72.0,72.0,71.0,28.0,Balanced,73.33333333333333,60.0,80.0
B1,2022-08-14,Eupen,Antwerp,0,1,A,16.0,9.0,5.0,3.0,12.0,9.0,6.0,3.0,4.0,0.0,0.0,0.0,4.0,3.6,1.85,15,2,2022,8,14,6,1,1,Away Win,Away Win,2022-2023,Eupen,67.0,70.0,68.0,64.0,28.0,Balanced,Antwerp,73.0,76.0,72.0,73.0,27.0,Balanced,46.666666666666664,20.0,86.66666666666667
B1,2022-08-14,Oud-Heverlee Leuven,Club Brugge,0,3,A,13.0,12.0,2.0,6.0,6.0,12.0,7.0,5.0,3.0,2.0,0.0,0.0,5.25,3.75,1.65,17,2,2022,8,14,13,5,1,Away Win,Away Win,2022-2023,Oud-Heverlee Leuven,69.0,74.0,70.0,68.0,23.0,Long ball,Club Brugge,75.0,74.0,76.0,72.0,28.0,Balanced,46.666666666666664,40.0,66.66666666666666
B1,2022-08-14,Waregem,Genk,1,4,A,15.0,15.0,6.0,6.0,14.0,16.0,4.0,8.0,4.0,2.0,0.0,0.0,4.33,3.8,1.72,20,2,2022,8,14,20,7,1,Away Win,Away Win,2022-2023,Waregem,68.0,70.0,68.0,66.0,28.0,Balanced,Genk,73.0,72.0,74.0,72.0,28.0,Balanced,60.0,26.666666666666668,80.0
B1,2022-08-19,Eupen,Seraing,1,3,A,12.0,16.0,5.0,7.0,17.0,10.0,7.0,6.0,5.0,3.0,0.0,0.0,1.7,3.8,4.75,19,2,2022,8,19,6,15,6,Away Win,Away Win,2022-2023,Eupen,67.0,70.0,68.0,64.0,28.0,Balanced,Seraing,65.0,66.0,65.0,64.0,28.0,Long ball,46.666666666666664,20.0,0.0
B1,2022-08-20,Oostende,St Truiden,0,1,A,12.0,9.0,6.0,3.0,12.0,16.0,5.0,5.0,2.0,4.0,0.0,0.0,3.2,3.25,2.25,15,2,2022,8,20,12,16,7,Away Win,Away Win,2022-2023,Oostende,68.0,68.0,68.0,66.0,28.0,Long ball,St Truiden,68.0,68.0,68.0,66.0,24.0,Fast build up,33.33333333333333,60.0,40.0
B1,2022-08-20,Genk,Cercle Brugge,2,1,H,15.0,9.0,5.0,2.0,7.0,19.0,7.0,5.0,1.0,1.0,0.0,0.0,1.61,4.33,4.5,17,1,2022,8,20,7,3,7,Home Win,Home Win,2022-2023,Genk,73.0,72.0,74.0,72.0,28.0,Balanced,Cercle Brugge,69.0,70.0,69.0,66.0,25.0,Fast build up,80.0,80.0,33.33333333333333
B1,2022-08-21,Club Brugge,Kortrijk,2,1,H,29.0,9.0,12.0,2.0,16.0,12.0,15.0,2.0,3.0,3.0,0.0,1.0,1.33,5.0,9.5,12,1,2022,8,21,5,9,1,Home Win,Home Win,2022-2023,Club Brugge,75.0,74.0,76.0,72.0,28.0,Balanced,Kortrijk,68.0,66.0,68.0,65.0,28.0,Balanced,86.66666666666667,66.66666666666666,26.666666666666668
B1,2022-08-21,Waregem,Charleroi,1,3,A,9.0,15.0,4.0,6.0,5.0,7.0,2.0,5.0,2.0,0.0,0.0,0.0,3.1,3.75,2.15,15,2,2022,8,21,20,4,1,Away Win,Away Win,2022-2023,Waregem,68.0,70.0,68.0,66.0,28.0,Balanced,Charleroi,69.0,70.0,70.0,68.0,27.0,Fast build up,60.0,26.666666666666668,60.0
B1,2022-08-21,Standard,Oud-Heverlee Leuven,1,3,A,25.0,7.0,8.0,5.0,11.0,15.0,10.0,3.0,3.0,4.0,0.0,1.0,1.95,3.75,3.4,17,2,2022,8,21,18,13,1,Away Win,Away Win,2022-2023,,69.65567176186646,70.34285714285714,69.84285714285714,68.46746031746032,26.95,Balanced,Oud-Heverlee Leuven,69.0,74.0,70.0,68.0,23.0,Long ball,46.666666666666664,26.666666666666668,40.0
B1,2022-08-21,Mechelen,Westerlo,5,4,H,14.0,14.0,7.0,8.0,11.0,7.0,4.0,5.0,1.0,2.0,0.0,0.0,2.62,3.25,2.7,20,1,2022,8,21,10,21,1,Home Win,Home Win,2022-2023,Mechelen,69.0,70.0,71.0,67.0,28.0,Balanced,,69.64389067524115,70.3330689928628,69.83108643933386,68.45757335448057,26.94528152260111,Balanced,53.333333333333336,26.666666666666668,50.0
B1,2022-08-26,Charleroi,Club Brugge,1,3,A,21.0,16.0,6.0,6.0,9.0,6.0,2.0,5.0,1.0,0.0,0.0,0.0,3.6,3.8,1.95,19,2,2022,8,26,4,5,6,Away Win,Away Win,2022-2023,Charleroi,69.0,70.0,70.0,68.0,27.0,Fast build up,Club Brugge,75.0,74.0,76.0,72.0,28.0,Balanced,66.66666666666666,60.0,66.66666666666666
B1,2022-08-27,Seraing,Genk,0,4,A,10.0,11.0,3.0,4.0,10.0,13.0,5.0,2.0,2.0,3.0,0.0,0.0,5.75,4.5,1.5,15,2,2022,8,27,15,7,7,Away Win,Away Win,2022-2023,Seraing,65.0,66.0,65.0,64.0,28.0,Long ball,Genk,73.0,72.0,74.0,72.0,28.0,Balanced,6.666666666666667,20.0,80.0
B1,2022-08-27,Cercle Brugge,Waregem,1,1,D,23.0,8.0,6.0,4.0,10.0,16.0,6.0,4.0,1.0,2.0,0.0,0.0,1.75,3.75,4.5,17,0,2022,8,27,3,20,7,Draw,Draw,2022-2023,Cercle Brugge,69.0,70.0,69.0,66.0,25.0,Fast build up,Waregem,68.0,70.0,68.0,66.0,28.0,Balanced,60.0,26.666666666666668,26.666666666666668
B1,2022-08-27,Oud-Heverlee Leuven,Oostende,2,1,H,11.0,15.0,6.0,5.0,9.0,15.0,2.0,7.0,1.0,3.0,0.0,0.0,1.95,3.5,3.6,17,1,2022,8,27,13,12,7,Home Win,Home Win,2022-2023,Oud-Heverlee Leuven,69.0,74.0,70.0,68.0,23.0,Long ball,Oostende,68.0,68.0,68.0,66.0,28.0,Long ball,26.666666666666668,60.0,40.0
B1,2022-08-27,St Truiden,Mechelen,3,1,H,10.0,2.0,4.0,2.0,10.0,15.0,4.0,3.0,1.0,3.0,0.0,0.0,2.1,3.3,3.4,19,1,2022,8,27,16,10,7,Home Win,Home Win,2022-2023,St Truiden,68.0,68.0,68.0,66.0,24.0,Fast build up,Mechelen,69.0,70.0,71.0,67.0,28.0,Balanced,53.333333333333336,40.0,46.666666666666664
B1,2022-08-28,Gent,Antwerp,1,2,A,15.0,6.0,4.0,4.0,12.0,11.0,6.0,2.0,2.0,3.0,0.0,0.0,1.9,3.6,3.75,12,2,2022,8,28,8,1,1,Away Win,Away Win,2022-2023,Gent,69.65567176186646,71.0,71.0,73.0,27.0,Slow Build up,Antwerp,73.0,76.0,72.0,73.0,27.0,Balanced,86.66666666666667,73.33333333333333,86.66666666666667
B1,2022-08-28,Kortrijk,Standard,0,1,A,6.0,16.0,2.0,5.0,10.0,19.0,4.0,9.0,4.0,3.0,1.0,0.0,2.7,3.25,2.62,15,2,2022,8,28,9,18,1,Away Win,Away Win,2022-2023,Kortrijk,68.0,66.0,68.0,65.0,28.0,Balanced,,69.64389067524115,70.3330689928628,69.83108643933386,68.45757335448057,26.94528152260111,Balanced,6.666666666666667,26.666666666666668,26.666666666666668
B1,2022-08-28,St. Gilloise,Anderlecht,2,1,H,11.0,9.0,6.0,5.0,11.0,8.0,7.0,7.0,3.0,1.0,0.0,0.0,2.25,3.3,3.2,17,1,2022,8,28,17,0,1,Home Win,Home Win,2022-2023,St. Gilloise,72.0,71.0,73.0,71.0,25.0,Long ball,Anderlecht,72.0,72.0,72.0,71.0,28.0,Balanced,73.33333333333333,66.66666666666666,80.0
B1,2022-08-28,Westerlo,Eupen,0,1,A,7.0,15.0,5.0,2.0,10.0,15.0,5.0,10.0,2.0,1.0,0.0,0.0,1.85,3.5,4.2,20,2,2022,8,28,21,6,1,Away Win,Away Win,2022-2023,,69.65567176186646,70.34285714285714,69.84285714285714,68.46746031746032,26.95,Balanced,Eupen,67.0,70.0,68.0,64.0,28.0,Balanced,100.0,40.0,20.0
B1,2022-08-31,Antwerp,St. Gilloise,4,2,H,10.0,8.0,4.0,3.0,11.0,10.0,4.0,3.0,2.0,0.0,0.0,2.0,2.75,3.25,2.55,19,1,2022,8,31,1,17,4,Home Win,Home Win,2022-2023,Antwerp,73.0,76.0,72.0,73.0,27.0,Balanced,St. Gilloise,72.0,71.0,73.0,71.0,25.0,Long ball,86.66666666666667,100.0,66.66666666666666
B1,2022-09-01,Anderlecht,Gent,0,1,A,10.0,10.0,1.0,5.0,10.0,13.0,5.0,3.0,2.0,2.0,0.0,0.0,2.2,3.4,3.3,19,2,2022,9,1,0,8,5,Away Win,Away Win,2022-2023,Anderlecht,72.0,72.0,72.0,71.0,28.0,Balanced,Gent,69.64389067524115,71.0,71.0,73.0,27.0,Slow Build up,100.0,60.0,53.333333333333336
B1,2022-09-02,Club Brugge,Cercle Brugge,4,0,H,8.0,13.0,4.0,2.0,10.0,18.0,7.0,4.0,1.0,2.0,0.0,0.0,1.6,4.33,4.5,19,1,2022,9,2,5,3,6,Home Win,Home Win,2022-2023,Club Brugge,75.0,74.0,76.0,72.0,28.0,Balanced,Cercle Brugge,69.0,70.0,69.0,66.0,25.0,Fast build up,86.66666666666667,66.66666666666666,33.33333333333333
B1,2022-09-03,Genk,St Truiden,0,0,D,17.0,8.0,4.0,3.0,13.0,12.0,8.0,6.0,1.0,3.0,0.0,0.0,1.65,4.0,5.0,15,0,2022,9,3,7,16,7,Draw,Draw,2022-2023,Genk,73.0,72.0,74.0,72.0,28.0,Balanced,St Truiden,68.0,68.0,68.0,66.0,24.0,Fast build up,80.0,100.0,53.333333333333336
B1,2022-09-03,Eupen,Kortrijk,0,1,A,21.0,14.0,5.0,3.0,16.0,7.0,8.0,4.0,5.0,3.0,0.0,0.0,2.25,3.4,3.1,17,2,2022,9,3,6,9,7,Away Win,Away Win,2022-2023,Eupen,67.0,70.0,68.0,64.0,28.0,Balanced,Kortrijk,68.0,66.0,68.0,65.0,28.0,Balanced,26.666666666666668,40.0,26.666666666666668
B1,2022-09-03,Mechelen,Seraing,2,3,A,8.0,6.0,5.0,2.0,14.0,17.0,9.0,3.0,2.0,2.0,0.0,0.0,1.57,4.33,5.25,17,2,2022,9,3,10,15,7,Away Win,Away Win,2022-2023,Mechelen,69.0,70.0,71.0,67.0,28.0,Balanced,Seraing,65.0,66.0,65.0,64.0,28.0,Long ball,66.66666666666666,46.666666666666664,20.0
B1,2022-09-03,Standard,Oostende,1,0,H,15.0,14.0,5.0,5.0,10.0,7.0,5.0,4.0,2.0,2.0,0.0,0.0,2.0,3.5,3.75,19,1,2022,9,3,18,12,7,Home Win,Home Win,2022-2023,,69.65567176186646,70.34285714285714,69.84285714285714,68.46746031746032,26.95,Balanced,Oostende,68.0,68.0,68.0,66.0,28.0,Long ball,26.666666666666668,40.0,40.0
B1,2022-09-04,Anderlecht,Oud-Heverlee Leuven,2,2,D,21.0,12.0,6.0,4.0,11.0,13.0,12.0,2.0,3.0,1.0,0.0,0.0,1.4,5.0,8.5,12,0,2022,9,4,0,13,1,Draw,Draw,2022-2023,Anderlecht,72.0,72.0,72.0,71.0,28.0,Balanced,Oud-Heverlee Leuven,69.0,74.0,70.0,68.0,23.0,Long ball,80.0,40.0,60.0
B1,2022-09-04,Antwerp,Westerlo,3,0,H,12.0,11.0,3.0,3.0,10.0,8.0,3.0,6.0,0.0,2.0,0.0,0.0,1.9,4.0,3.6,15,1,2022,9,4,1,21,1,Home Win,Home Win,2022-2023,Antwerp,73.0,76.0,72.0,73.0,27.0,Balanced,,69.64389067524115,70.3330689928628,69.83108643933386,68.45757335448057,26.94528152260111,Balanced,86.66666666666667,100.0,20.0
B1,2022-09-04,Charleroi,Gent,2,1,H,14.0,9.0,7.0,1.0,6.0,6.0,4.0,4.0,2.0,0.0,0.0,1.0,3.4,3.4,2.1,17,1,2022,9,4,4,8,1,Home Win,Home Win,2022-2023,Charleroi,69.0,70.0,70.0,68.0,27.0,Fast build up,Gent,69.64389067524115,71.0,71.0,73.0,27.0,Slow Build up,60.0,40.0,66.66666666666666
B1,2022-09-04,Waregem,St. Gilloise,1,3,A,9.0,12.0,1.0,4.0,14.0,16.0,7.0,3.0,3.0,3.0,0.0,1.0,5.25,3.75,1.65,20,2,2022,9,4,20,17,1,Away Win,Away Win,2022-2023,Waregem,68.0,70.0,68.0,66.0,28.0,Balanced,St. Gilloise,72.0,71.0,73.0,71.0,25.0,Long ball,40.0,13.333333333333334,60.0
B1,2022-09-09,St Truiden,Standard,1,2,A,22.0,11.0,5.0,2.0,12.0,14.0,7.0,0.0,0.0,3.0,0.0,0.0,2.15,3.3,3.3,19,2,2022,9,9,16,18,6,Away Win,Away Win,2022-2023,St Truiden,68.0,68.0,68.0,66.0,24.0,Fast build up,,69.64389067524115,70.3330689928628,69.83108643933386,68.45757335448057,26.94528152260111,Balanced,66.66666666666666,53.333333333333336,60.0
B1,2022-09-10,Kortrijk,Mechelen,1,4,A,12.0,10.0,3.0,5.0,7.0,13.0,10.0,3.0,3.0,5.0,0.0,0.0,2.6,3.4,2.6,15,2,2022,9,10,9,10,7,Away Win,Away Win,2022-2023,Kortrijk,68.0,66.0,68.0,65.0,28.0,Balanced,Mechelen,69.0,70.0,71.0,67.0,28.0,Balanced,6.666666666666667,26.666666666666668,46.666666666666664
B1,2022-09-10,Oostende,Eupen,1,0,H,10.0,13.0,5.0,3.0,14.0,19.0,3.0,6.0,5.0,3.0,1.0,0.0,2.1,3.6,3.3,17,1,2022,9,10,12,6,7,Home Win,Home Win,2022-2023,Oostende,68.0,68.0,68.0,66.0,28.0,Long ball,Eupen,67.0,70.0,68.0,64.0,28.0,Balanced,26.666666666666668,20.0,20.0
B1,2022-09-10,Seraing,Club Brugge,0,2,A,4.0,11.0,1.0,4.0,20.0,9.0,2.0,1.0,4.0,2.0,0.0,0.0,7.5,4.75,1.4,17,2,2022,9,10,15,5,7,Away Win,Away Win,2022-2023,Seraing,65.0,66.0,65.0,64.0,28.0,Long ball,Club Brugge,75.0,74.0,76.0,72.0,28.0,Balanced,6.666666666666667,40.0,86.66666666666667
B1,2022-09-10,Oud-Heverlee Leuven,Charleroi,3,2,H,10.0,7.0,4.0,5.0,10.0,14.0,2.0,1.0,1.0,4.0,0.0,0.0,2.75,3.5,2.37,19,1,2022,9,10,13,4,7,Home Win,Home Win,2022-2023,Oud-Heverlee Leuven,69.0,74.0,70.0,68.0,23.0,Long ball,Charleroi,69.0,70.0,70.0,68.0,27.0,Fast build up,40.0,46.666666666666664,60.0
B1,2022-09-11,Westerlo,Anderlecht,2,1,H,13.0,12.0,6.0,3.0,9.0,15.0,1.0,6.0,2.0,3.0,0.0,0.0,2.8,3.3,2.45,12,1,2022,9,11,21,0,1,Home Win,Home Win,2022-2023,,69.65567176186646,70.34285714285714,69.84285714285714,68.46746031746032,26.95,Balanced,Anderlecht,72.0,72.0,72.0,71.0,28.0,Balanced,66.66666666666666,20.0,46.666666666666664
B1,2022-09-11,Cercle Brugge,Antwerp,0,2,A,13.0,11.0,6.0,4.0,9.0,13.0,3.0,3.0,1.0,3.0,0.0,0.0,2.8,3.4,2.4,15,2,2022,9,11,3,1,1,Away Win,Away Win,2022-2023,Cercle Brugge,69.0,70.0,69.0,66.0,25.0,Fast build up,Antwerp,73.0,76.0,72.0,73.0,27.0,Balanced,60.0,13.333333333333334,100.0
B1,2022-09-11,St. Gilloise,Genk,1,2,A,10.0,14.0,3.0,4.0,14.0,12.0,4.0,5.0,4.0,3.0,0.0,0.0,2.05,3.5,3.4,17,2,2022,9,11,17,7,1,Away Win,Away Win,2022-2023,St. Gilloise,72.0,71.0,73.0,71.0,25.0,Long ball,Genk,73.0,72.0,74.0,72.0,28.0,Balanced,86.66666666666667,60.0,86.66666666666667
B1,2022-09-11,Gent,Waregem,2,0,H,23.0,5.0,6.0,1.0,7.0,10.0,4.0,4.0,0.0,2.0,0.0,0.0,1.33,5.0,8.0,20,1,2022,9,11,8,20,1,Home Win,Home Win,2022-2023,Gent,69.65567176186646,71.0,71.0,73.0,27.0,Slow Build up,Waregem,68.0,70.0,68.0,66.0,28.0,Balanced,66.66666666666666,60.0,13.333333333333334
B1,2022-09-16,Antwerp,Seraing,2,1,H,12.0,10.0,4.0,2.0,12.0,12.0,5.0,3.0,3.0,2.0,0.0,0.0,1.33,5.25,8.0,19,1,2022,9,16,1,15,6,Home Win,Home Win,2022-2023,Antwerp,73.0,76.0,72.0,73.0,27.0,Balanced,Seraing,65.0,66.0,65.0,64.0,28.0,Long ball,86.66666666666667,100.0,40.0
B1,2022-09-17,Mechelen,Oud-Heverlee Leuven,0,0,D,12.0,10.0,2.0,1.0,8.0,8.0,10.0,1.0,2.0,2.0,1.0,0.0,1.85,3.8,3.8,15,0,2022,9,17,10,13,7,Draw,Draw,2022-2023,Mechelen,69.0,70.0,71.0,67.0,28.0,Balanced,Oud-Heverlee Leuven,69.0,74.0,70.0,68.0,23.0,Long ball,60.0,46.666666666666664,66.66666666666666
B1,2022-09-17,Cercle Brugge,Oostende,2,2,D,18.0,16.0,6.0,7.0,11.0,10.0,10.0,7.0,1.0,3.0,0.0,0.0,1.8,3.5,4.5,17,0,2022,9,17,3,12,7,Draw,Draw,2022-2023,Cercle Brugge,69.0,70.0,69.0,66.0,25.0,Fast build up,Oostende,68.0,68.0,68.0,66.0,28.0,Long ball,40.0,13.333333333333334,20.0
B1,2022-09-17,Waregem,St Truiden,0,3,A,4.0,18.0,2.0,8.0,13.0,15.0,0.0,4.0,1.0,3.0,1.0,0.0,2.87,3.25,2.45,17,2,2022,9,17,20,16,7,Away Win,Away Win,2022-2023,Waregem,68.0,70.0,68.0,66.0,28.0,Balanced,St Truiden,68.0,68.0,68.0,66.0,24.0,Fast build up,20.0,6.666666666666667,46.666666666666664
B1,2022-09-17,Charleroi,Westerlo,2,3,A,14.0,7.0,4.0,3.0,9.0,4.0,1.0,0.0,0.0,0.0,0.0,0.0,2.1,3.5,3.4,19,2,2022,9,17,4,21,7,Away Win,Away Win,2022-2023,Charleroi,69.0,70.0,70.0,68.0,27.0,Fast build up,,69.64389067524115,70.3330689928628,69.83108643933386,68.45757335448057,26.94528152260111,Balanced,60.0,60.0,40.0
B1,2022-09-18,Genk,Gent,1,0,H,10.0,9.0,6.0,0.0,13.0,11.0,5.0,5.0,2.0,2.0,0.0,0.0,2.2,3.4,3.1,12,1,2022,9,18,7,8,1,Home Win,Home Win,2022-2023,Genk,73.0,72.0,74.0,72.0,28.0,Balanced,Gent,69.64389067524115,71.0,71.0,73.0,27.0,Slow Build up,86.66666666666667,86.66666666666667,60.0
B1,2022-09-18,Eupen,St. Gilloise,1,2,A,9.0,12.0,4.0,3.0,8.0,19.0,5.0,5.0,3.0,2.0,1.0,0.0,4.0,3.5,1.9,15,2,2022,9,18,6,17,1,Away Win,Away Win,2022-2023,Eupen,67.0,70.0,68.0,64.0,28.0,Balanced,St. Gilloise,72.0,71.0,73.0,71.0,25.0,Long ball,20.0,20.0,60.0
B1,2022-09-18,Standard,Club Brugge,3,0,H,9.0,10.0,6.0,1.0,10.0,14.0,1.0,8.0,4.0,2.0,1.0,0.0,3.8,3.6,1.9,17,1,2022,9,18,18,5,1,Home Win,Home Win,2022-2023,,69.65567176186646,70.34285714285714,69.84285714285714,68.46746031746032,26.95,Balanced,Club Brugge,75.0,74.0,76.0,72.0,28.0,Balanced,46.666666666666664,60.0,100.0
B1,2022-09-18,Anderlecht,Kortrijk,4,1,H,12.0,8.0,5.0,3.0,17.0,8.0,9.0,6.0,1.0,2.0,0.0,0.0,1.33,5.5,7.5,20,1,2022,9,18,0,9,1,Home Win,Home Win,2022-2023,Anderlecht,72.0,72.0,72.0,71.0,28.0,Balanced,Kortrijk,68.0,66.0,68.0,65.0,28.0,Balanced,66.66666666666666,26.666666666666668,20.0
B1,2022-09-30,Standard,Seraing,0,2,A,13.0,10.0,3.0,3.0,9.0,14.0,9.0,4.0,1.0,4.0,0.0,0.0,1.65,4.0,5.25,19,2,2022,9,30,18,15,6,Away Win,Away Win,2022-2023,,69.65567176186646,70.34285714285714,69.84285714285714,68.46746031746032,26.95,Balanced,Seraing,65.0,66.0,65.0,64.0,28.0,Long ball,66.66666666666666,80.0,40.0
B1,2022-10-01,Oud-Heverlee Leuven,St. Gilloise,0,3,A,8.0,11.0,2.0,6.0,7.0,15.0,6.0,8.0,2.0,3.0,0.0,0.0,4.5,3.75,1.72,15,2,2022,10,1,13,17,7,Away Win,Away Win,2022-2023,Oud-Heverlee Leuven,69.0,74.0,70.0,68.0,23.0,Long ball,St. Gilloise,72.0,71.0,73.0,71.0,25.0,Long ball,60.0,73.33333333333333,60.0
B1,2022-10-01,Oostende,Genk,1,2,A,12.0,10.0,7.0,5.0,17.0,10.0,2.0,6.0,1.0,1.0,1.0,0.0,4.2,3.8,1.75,17,2,2022,10,1,12,7,7,Away Win,Away Win,2022-2023,Oostende,68.0,68.0,68.0,66.0,28.0,Long ball,Genk,73.0,72.0,74.0,72.0,28.0,Balanced,46.666666666666664,26.666666666666668,86.66666666666667
B1,2022-10-01,Westerlo,Waregem,2,0,H,9.0,12.0,4.0,3.0,12.0,11.0,5.0,12.0,3.0,3.0,0.0,0.0,1.57,4.0,5.25,17,1,2022,10,1,21,20,7,Home Win,Home Win,2022-2023,,69.65567176186646,70.34285714285714,69.84285714285714,68.46746031746032,26.95,Balanced,Waregem,68.0,70.0,68.0,66.0,28.0,Balanced,75.0,40.0,6.666666666666667
B1,2022-10-01,Club Brugge,Mechelen,3,0,H,21.0,6.0,10.0,2.0,2.0,10.0,5.0,3.0,0.0,0.0,0.0,0.0,1.45,4.5,5.75,19,1,2022,10,1,5,10,7,Home Win,Home Win,2022-2023,Club Brugge,75.0,74.0,76.0,72.0,28.0,Balanced,Mechelen,69.0,70.0,71.0,67.0,28.0,Balanced,86.66666666666667,80.0,46.666666666666664
B1,2022-10-02,Anderlecht,Charleroi,0,1,A,21.0,5.0,8.0,2.0,9.0,14.0,14.0,5.0,2.0,3.0,0.0,0.0,1.6,4.0,5.0,12,2,2022,10,2,0,4,1,Away Win,Away Win,2022-2023,Anderlecht,72.0,72.0,72.0,71.0,28.0,Balanced,Charleroi,69.0,70.0,70.0,68.0,27.0,Fast build up,66.66666666666666,26.666666666666668,40.0
B1,2022-10-02,Gent,Cercle Brugge,3,4,A,12.0,14.0,7.0,5.0,15.0,15.0,6.0,4.0,3.0,5.0,0.0,0.0,1.6,4.0,5.0,15,2,2022,10,2,8,3,1,Away Win,Away Win,2022-2023,Gent,69.65567176186646,71.0,71.0,73.0,27.0,Slow Build up,Cercle Brugge,69.0,70.0,69.0,66.0,25.0,Fast build up,66.66666666666666,40.0,13.333333333333334
B1,2022-10-02,Kortrijk,Antwerp,2,1,H,13.0,21.0,4.0,5.0,8.0,13.0,0.0,7.0,4.0,1.0,0.0,0.0,4.5,3.75,1.72,17,1,2022,10,2,9,1,1,Home Win,Home Win,2022-2023,Kortrijk,68.0,66.0,68.0,65.0,28.0,Balanced,Antwerp,73.0,76.0,72.0,73.0,27.0,Balanced,6.666666666666667,20.0,100.0
B1,2022-10-02,St Truiden,Eupen,0,1,A,22.0,8.0,6.0,4.0,8.0,13.0,10.0,1.0,1.0,2.0,0.0,0.0,1.72,3.75,4.33,20,2,2022,10,2,16,6,1,Away Win,Away Win,2022-2023,St Truiden,68.0,68.0,68.0,66.0,24.0,Fast build up,Eupen,67.0,70.0,68.0,64.0,28.0,Balanced,46.666666666666664,66.66666666666666,20.0
B1,2022-10-07,Antwerp,St Truiden,2,0,H,11.0,4.0,4.0,3.0,15.0,9.0,6.0,2.0,1.0,3.0,0.0,1.0,1.9,3.6,3.8,19,1,2022,10,7,1,16,6,Home Win,Home Win,2022-2023,Antwerp,73.0,76.0,72.0,73.0,27.0,Balanced,St Truiden,68.0,68.0,68.0,66.0,24.0,Fast build up,100.0,80.0,46.666666666666664
B1,2022-10-08,Genk,Kortrijk,2,1,H,28.0,6.0,7.0,2.0,12.0,13.0,10.0,3.0,4.0,0.0,0.0,0.0,1.3,5.5,8.5,15,1,2022,10,8,7,9,7,Home Win,Home Win,2022-2023,Genk,73.0,72.0,74.0,72.0,28.0,Balanced,Kortrijk,68.0,66.0,68.0,65.0,28.0,Balanced,86.66666666666667,86.66666666666667,40.0
B1,2022-10-08,Seraing,Oostende,1,1,D,13.0,13.0,2.0,2.0,11.0,10.0,3.0,9.0,1.0,1.0,1.0,0.0,2.75,3.4,2.4,17,0,2022,10,8,15,12,7,Draw,Draw,2022-2023,Seraing,65.0,66.0,65.0,64.0,28.0,Long ball,Oostende,68.0,68.0,68.0,66.0,28.0,Long ball,0.0,40.0,26.666666666666668
B1,2022-10-08,Waregem,Oud-Heverlee Leuven,2,5,A,11.0,14.0,2.0,7.0,15.0,9.0,4.0,6.0,6.0,2.0,0.0,0.0,2.62,3.6,2.45,17,2,2022,10,8,20,13,7,Away Win,Away Win,2022-2023,Waregem,68.0,70.0,68.0,66.0,28.0,Balanced,Oud-Heverlee Leuven,69.0,74.0,70.0,68.0,23.0,Long ball,20.0,6.666666666666667,53.333333333333336
B1,2022-10-08,Club Brugge,Westerlo,0,2,A,29.0,10.0,12.0,5.0,4.0,9.0,11.0,3.0,0.0,1.0,0.0,0.0,1.53,4.33,5.25,19,2,2022,10,8,5,21,7,Away Win,Away Win,2022-2023,Club Brugge,75.0,74.0,76.0,72.0,28.0,Balanced,,69.64389067524115,70.3330689928628,69.83108643933386,68.45757335448057,26.94528152260111,Balanced,86.66666666666667,80.0,60.0
B1,2022-10-09,Mechelen,Anderlecht,1,3,A,19.0,13.0,3.0,7.0,11.0,13.0,5.0,7.0,1.0,4.0,0.0,0.0,3.75,3.75,1.85,12,2,2022,10,9,10,0,1,Away Win,Away Win,2022-2023,Mechelen,69.0,70.0,71.0,67.0,28.0,Balanced,Anderlecht,72.0,72.0,72.0,71.0,28.0,Balanced,46.666666666666664,26.666666666666668,26.666666666666668
B1,2022-10-09,Eupen,Gent,0,4,A,10.0,13.0,1.0,6.0,15.0,15.0,6.0,9.0,2.0,2.0,0.0,0.0,4.2,3.6,1.75,15,2,2022,10,9,6,8,1,Away Win,Away Win,2022-2023,Eupen,67.0,70.0,68.0,64.0,28.0,Balanced,Gent,69.64389067524115,71.0,71.0,73.0,27.0,Slow Build up,20.0,40.0,40.0
B1,2022-10-09,Charleroi,Standard,0,1,A,10.0,4.0,3.0,1.0,19.0,14.0,3.0,1.0,3.0,4.0,1.0,2.0,2.1,3.5,3.2,17,2,2022,10,9,4,18,1,Away Win,Away Win,2022-2023,Charleroi,69.0,70.0,70.0,68.0,27.0,Fast build up,,69.64389067524115,70.3330689928628,69.83108643933386,68.45757335448057,26.94528152260111,Balanced,40.0,40.0,80.0
B1,2022-10-09,St. Gilloise,Cercle Brugge,2,1,H,17.0,13.0,7.0,5.0,10.0,7.0,3.0,4.0,0.0,1.0,0.0,0.0,1.53,4.2,5.25,20,1,2022,10,9,17,3,1,Home Win,Home Win,2022-2023,St. Gilloise,72.0,71.0,73.0,71.0,25.0,Long ball,Cercle Brugge,69.0,70.0,69.0,66.0,25.0,Fast build up,80.0,60.0,33.33333333333333
B1,2022-10-14,Westerlo,Seraing,2,2,D,10.0,2.0,3.0,2.0,10.0,10.0,5.0,2.0,0.0,1.0,0.0,0.0,1.57,3.8,5.75,19,0,2022,10,14,21,15,6,Draw,Draw,2022-2023,,69.65567176186646,70.34285714285714,69.84285714285714,68.46746031746032,26.95,Balanced,Seraing,65.0,66.0,65.0,64.0,28.0,Long ball,80.0,80.0,46.666666666666664
B1,2022-10-15,Kortrijk,Waregem,1,3,A,8.0,15.0,5.0,8.0,14.0,16.0,3.0,5.0,4.0,4.0,0.0,0.0,1.95,3.75,3.5,15,2,2022,10,15,9,20,7,Away Win,Away Win,2022-2023,Kortrijk,68.0,66.0,68.0,65.0,28.0,Balanced,Waregem,68.0,70.0,68.0,66.0,28.0,Balanced,26.666666666666668,40.0,0.0
B1,2022-10-15,Cercle Brugge,Eupen,5,1,H,18.0,2.0,10.0,2.0,20.0,9.0,2.0,2.0,2.0,2.0,0.0,0.0,1.8,3.6,4.2,17,1,2022,10,15,3,6,7,Home Win,Home Win,2022-2023,Cercle Brugge,69.0,70.0,69.0,66.0,25.0,Fast build up,Eupen,67.0,70.0,68.0,64.0,28.0,Balanced,40.0,26.666666666666668,20.0
B1,2022-10-15,St Truiden,Charleroi,2,1,H,10.0,7.0,3.0,2.0,11.0,14.0,4.0,4.0,1.0,2.0,0.0,0.0,2.1,3.3,3.5,17,1,2022,10,15,16,4,7,Home Win,Home Win,2022-2023,St Truiden,68.0,68.0,68.0,66.0,24.0,Fast build up,Charleroi,69.0,70.0,70.0,68.0,27.0,Fast build up,26.666666666666668,26.666666666666668,40.0
B1,2022-10-15,Oud-Heverlee Leuven,Genk,0,1,A,19.0,13.0,7.0,1.0,9.0,15.0,11.0,9.0,3.0,2.0,0.0,1.0,4.33,4.2,1.66,19,2,2022,10,15,13,7,7,Away Win,Away Win,2022-2023,Oud-Heverlee Leuven,69.0,74.0,70.0,68.0,23.0,Long ball,Genk,73.0,72.0,74.0,72.0,28.0,Balanced,60.0,53.333333333333336,86.66666666666667
B1,2022-10-16,Standard,Antwerp,3,0,H,6.0,13.0,4.0,2.0,14.0,14.0,2.0,6.0,2.0,3.0,0.0,0.0,2.87,3.5,2.3,12,1,2022,10,16,18,1,1,Home Win,Home Win,2022-2023,,69.65567176186646,70.34285714285714,69.84285714285714,68.46746031746032,26.95,Balanced,Antwerp,73.0,76.0,72.0,73.0,27.0,Balanced,60.0,80.0,80.0
B1,2022-10-16,Gent,Mechelen,3,0,H,19.0,8.0,9.0,1.0,12.0,14.0,5.0,2.0,1.0,3.0,0.0,1.0,1.45,4.5,6.0,15,1,2022,10,16,8,10,1,Home Win,Home Win,2022-2023,Gent,69.65567176186646,71.0,71.0,73.0,27.0,Slow Build up,Mechelen,69.0,70.0,71.0,67.0,28.0,Balanced,46.666666666666664,40.0,26.666666666666668
B1,2022-10-16,Anderlecht,Club Brugge,0,1,A,12.0,11.0,4.0,4.0,15.0,15.0,6.0,7.0,1.0,3.0,0.0,1.0,2.5,3.5,2.7,17,2,2022,10,16,0,5,1,Away Win,Away Win,2022-2023,Anderlecht,72.0,72.0,72.0,71.0,28.0,Balanced,Club Brugge,75.0,74.0,76.0,72.0,28.0,Balanced,46.666666666666664,46.666666666666664,60.0
B1,2022-10-16,Oostende,St. Gilloise,1,6,A,11.0,17.0,3.0,8.0,10.0,9.0,6.0,4.0,2.0,2.0,0.0,0.0,4.33,3.75,1.75,20,2,2022,10,16,12,17,1,Away Win,Away Win,2022-2023,Oostende,68.0,68.0,68.0,66.0,28.0,Long ball,St. Gilloise,72.0,71.0,73.0,71.0,25.0,Long ball,40.0,33.33333333333333,80.0
B1,2022-10-18,Charleroi,Kortrijk,2,2,D,11.0,12.0,5.0,6.0,22.0,7.0,4.0,9.0,3.0,1.0,0.0,0.0,1.66,4.0,4.5,17,0,2022,10,18,4,9,3,Draw,Draw,2022-2023,Charleroi,69.0,70.0,70.0,68.0,27.0,Fast build up,Kortrijk,68.0,66.0,68.0,65.0,28.0,Balanced,20.0,20.0,20.0
B1,2022-10-18,Eupen,Oud-Heverlee Leuven,4,2,H,22.0,8.0,9.0,4.0,10.0,11.0,6.0,3.0,3.0,2.0,0.0,0.0,2.62,3.5,2.45,17,1,2022,10,18,6,13,3,Home Win,Home Win,2022-2023,Eupen,67.0,70.0,68.0,64.0,28.0,Balanced,Oud-Heverlee Leuven,69.0,74.0,70.0,68.0,23.0,Long ball,0.0,20.0,46.666666666666664
B1,2022-10-18,Genk,Westerlo,6,1,H,23.0,6.0,10.0,5.0,8.0,7.0,7.0,1.0,1.0,0.0,0.0,1.0,1.57,4.2,5.0,19,1,2022,10,18,7,21,3,Home Win,Home Win,2022-2023,Genk,73.0,72.0,74.0,72.0,28.0,Balanced,,69.64389067524115,70.3330689928628,69.83108643933386,68.45757335448057,26.94528152260111,Balanced,86.66666666666667,100.0,86.66666666666667
B1,2022-10-18,Seraing,Cercle Brugge,0,1,A,5.0,13.0,3.0,2.0,13.0,20.0,1.0,1.0,5.0,3.0,1.0,0.0,3.8,3.6,1.9,19,2,2022,10,18,15,3,3,Away Win,Away Win,2022-2023,Seraing,65.0,66.0,65.0,64.0,28.0,Long ball,Cercle Brugge,69.0,70.0,69.0,66.0,25.0,Fast build up,6.666666666666667,33.33333333333333,46.666666666666664
B1,2022-10-19,St. Gilloise,Gent,2,0,H,17.0,2.0,3.0,2.0,7.0,13.0,3.0,4.0,1.0,2.0,0.0,1.0,2.05,3.4,3.4,17,1,2022,10,19,17,8,4,Home Win,Home Win,2022-2023,St. Gilloise,72.0,71.0,73.0,71.0,25.0,Long ball,Gent,69.64389067524115,71.0,71.0,73.0,27.0,Slow Build up,80.0,80.0,60.0
B1,2022-10-19,Club Brugge,St Truiden,3,0,H,12.0,7.0,7.0,2.0,14.0,14.0,8.0,1.0,2.0,2.0,0.0,1.0,1.5,4.5,5.75,19,1,2022,10,19,5,16,4,Home Win,Home Win,2022-2023,Club Brugge,75.0,74.0,76.0,72.0,28.0,Balanced,St Truiden,68.0,68.0,68.0,66.0,24.0,Fast build up,66.66666666666666,60.0,40.0
B1,2022-10-19,Mechelen,Standard,2,0,H,14.0,8.0,7.0,1.0,9.0,9.0,8.0,5.0,1.0,2.0,0.0,0.0,2.55,3.4,2.62,19,1,2022,10,19,10,18,4,Home Win,Home Win,2022-2023,Mechelen,69.0,70.0,71.0,67.0,28.0,Balanced,,69.64389067524115,70.3330689928628,69.83108643933386,68.45757335448057,26.94528152260111,Balanced,46.666666666666664,26.666666666666668,80.0
B1,2022-10-20,Antwerp,Oostende,3,0,H,17.0,6.0,4.0,2.0,15.0,17.0,7.0,3.0,1.0,2.0,0.0,0.0,1.57,4.2,5.0,17,1,2022,10,20,1,12,5,Home Win,Home Win,2022-2023,Antwerp,73.0,76.0,72.0,73.0,27.0,Balanced,Oostende,68.0,68.0,68.0,66.0,28.0,Long ball,100.0,60.0,33.33333333333333
B1,2022-10-20,Waregem,Anderlecht,3,2,H,12.0,11.0,5.0,4.0,19.0,14.0,5.0,5.0,8.0,1.0,0.0,1.0,5.25,4.2,1.57,19,1,2022,10,20,20,0,5,Home Win,Home Win,2022-2023,Waregem,68.0,70.0,68.0,66.0,28.0,Balanced,Anderlecht,72.0,72.0,72.0,71.0,28.0,Balanced,0.0,20.0,40.0
B1,2022-10-21,Cercle Brugge,Charleroi,4,1,H,20.0,11.0,8.0,3.0,9.0,9.0,6.0,6.0,3.0,1.0,0.0,0.0,2.0,3.4,3.8,19,1,2022,10,21,3,4,6,Home Win,Home Win,2022-2023,Cercle Brugge,69.0,70.0,69.0,66.0,25.0,Fast build up,Charleroi,69.0,70.0,70.0,68.0,27.0,Fast build up,40.0,66.66666666666666,26.666666666666668
B1,2022-10-22,Kortrijk,Westerlo,0,2,A,6.0,18.0,3.0,5.0,11.0,14.0,6.0,6.0,0.0,2.0,1.0,0.0,2.87,3.5,2.3,15,2,2022,10,22,9,21,7,Away Win,Away Win,2022-2023,Kortrijk,68.0,66.0,68.0,65.0,28.0,Balanced,,69.64389067524115,70.3330689928628,69.83108643933386,68.45757335448057,26.94528152260111,Balanced,26.666666666666668,26.666666666666668,66.66666666666666
B1,2022-10-22,Mechelen,Eupen,2,1,H,20.0,9.0,10.0,2.0,7.0,10.0,7.0,8.0,3.0,4.0,1.0,0.0,1.85,3.8,3.75,17,1,2022,10,22,10,6,7,Home Win,Home Win,2022-2023,Mechelen,69.0,70.0,71.0,67.0,28.0,Balanced,Eupen,67.0,70.0,68.0,64.0,28.0,Balanced,46.666666666666664,26.666666666666668,40.0
B1,2022-10-22,St Truiden,Oud-Heverlee Leuven,0,0,D,13.0,14.0,3.0,2.0,10.0,12.0,3.0,5.0,2.0,2.0,1.0,0.0,2.0,3.4,3.6,17,0,2022,10,22,16,13,7,Draw,Draw,2022-2023,St Truiden,68.0,68.0,68.0,66.0,24.0,Fast build up,Oud-Heverlee Leuven,69.0,74.0,70.0,68.0,23.0,Long ball,40.0,40.0,26.666666666666668
B1,2022-10-22,St. Gilloise,Club Brugge,2,2,D,6.0,13.0,4.0,2.0,8.0,9.0,4.0,4.0,4.0,2.0,1.0,0.0,2.6,3.4,2.6,19,0,2022,10,22,17,5,7,Draw,Draw,2022-2023,St. Gilloise,72.0,71.0,73.0,71.0,25.0,Long ball,Club Brugge,75.0,74.0,76.0,72.0,28.0,Balanced,80.0,100.0,60.0
B1,2022-10-23,Antwerp,Genk,1,3,A,20.0,8.0,4.0,5.0,10.0,19.0,8.0,4.0,1.0,1.0,0.0,0.0,2.62,3.4,2.45,12,2,2022,10,23,1,7,1,Away Win,Away Win,2022-2023,Antwerp,73.0,76.0,72.0,73.0,27.0,Balanced,Genk,73.0,72.0,74.0,72.0,28.0,Balanced,100.0,60.0,100.0
B1,2022-10-23,Gent,Seraing,2,1,H,14.0,5.0,4.0,3.0,5.0,11.0,9.0,3.0,1.0,1.0,0.0,0.0,1.36,5.0,7.0,15,1,2022,10,23,8,15,1,Home Win,Home Win,2022-2023,Gent,69.65567176186646,71.0,71.0,73.0,27.0,Slow Build up,Seraing,65.0,66.0,65.0,64.0,28.0,Long ball,60.0,40.0,33.33333333333333
B1,2022-10-23,Standard,Anderlecht,5,0,H,,,,,,,,,,,,,3.0,3.5,2.2,17,1,2022,10,23,18,0,1,Home Win,Home Win,2022-2023,,69.65567176186646,70.34285714285714,69.84285714285714,68.46746031746032,26.95,Balanced,Anderlecht,72.0,72.0,72.0,71.0,28.0,Balanced,60.0,60.0,40.0
B1,2022-10-23,Oostende,Waregem,2,1,H,8.0,7.0,5.0,4.0,15.0,20.0,5.0,5.0,2.0,3.0,0.0,0.0,2.05,3.5,3.4,20,1,2022,10,23,12,20,1,Home Win,Home Win,2022-2023,Oostende,68.0,68.0,68.0,66.0,28.0,Long ball,Waregem,68.0,70.0,68.0,66.0,28.0,Balanced,20.0,13.333333333333334,40.0
B1,2022-10-28,Genk,Mechelen,3,1,H,14.0,10.0,6.0,5.0,9.0,15.0,8.0,7.0,2.0,2.0,1.0,0.0,1.36,5.25,7.0,19,1,2022,10,28,7,10,6,Home Win,Home Win,2022-2023,Genk,73.0,72.0,74.0,72.0,28.0,Balanced,Mechelen,69.0,70.0,71.0,67.0,28.0,Balanced,86.66666666666667,100.0,40.0
B1,2022-10-29,Waregem,Standard,0,3,A,6.0,18.0,3.0,7.0,13.0,11.0,4.0,10.0,1.0,1.0,1.0,0.0,3.0,3.6,2.2,15,2,2022,10,29,20,18,7,Away Win,Away Win,2022-2023,Waregem,68.0,70.0,68.0,66.0,28.0,Balanced,,69.64389067524115,70.3330689928628,69.83108643933386,68.45757335448057,26.94528152260111,Balanced,20.0,40.0,60.0
B1,2022-10-29,Kortrijk,Cercle Brugge,1,1,D,14.0,16.0,5.0,3.0,17.0,16.0,3.0,6.0,4.0,2.0,0.0,0.0,3.6,3.6,1.95,17,0,2022,10,29,9,3,7,Draw,Draw,2022-2023,Kortrijk,68.0,66.0,68.0,65.0,28.0,Balanced,Cercle Brugge,69.0,70.0,69.0,66.0,25.0,Fast build up,20.0,26.666666666666668,80.0
B1,2022-10-29,Westerlo,St Truiden,2,3,A,11.0,13.0,3.0,4.0,5.0,9.0,4.0,2.0,4.0,3.0,0.0,0.0,2.2,3.25,3.4,17,2,2022,10,29,21,16,7,Away Win,Away Win,2022-2023,,69.65567176186646,70.34285714285714,69.84285714285714,68.46746031746032,26.95,Balanced,St Truiden,68.0,68.0,68.0,66.0,24.0,Fast build up,66.66666666666666,66.66666666666666,26.666666666666668
B1,2022-10-29,Club Brugge,Oostende,4,2,H,16.0,6.0,6.0,3.0,5.0,13.0,4.0,2.0,2.0,2.0,0.0,0.0,1.25,6.0,10.0,19,1,2022,10,29,5,12,7,Home Win,Home Win,2022-2023,Club Brugge,75.0,74.0,76.0,72.0,28.0,Balanced,Oostende,68.0,68.0,68.0,66.0,28.0,Long ball,80.0,66.66666666666666,26.666666666666668
B1,2022-10-30,Anderlecht,Eupen,4,2,H,19.0,12.0,8.0,2.0,15.0,6.0,10.0,4.0,2.0,2.0,0.0,0.0,1.44,4.75,6.0,12,1,2022,10,30,0,6,1,Home Win,Home Win,2022-2023,Anderlecht,72.0,72.0,72.0,71.0,28.0,Balanced,Eupen,67.0,70.0,68.0,64.0,28.0,Balanced,26.666666666666668,20.0,40.0
B1,2022-10-30,Seraing,St. Gilloise,1,2,A,12.0,13.0,2.0,3.0,16.0,11.0,6.0,7.0,3.0,2.0,0.0,0.0,6.0,4.2,1.53,15,2,2022,10,30,15,17,1,Away Win,Away Win,2022-2023,Seraing,65.0,66.0,65.0,64.0,28.0,Long ball,St. Gilloise,72.0,71.0,73.0,71.0,25.0,Long ball,6.666666666666667,33.33333333333333,86.66666666666667
B1,2022-10-30,Oud-Heverlee Leuven,Gent,1,1,D,12.0,10.0,5.0,4.0,14.0,17.0,1.0,6.0,5.0,4.0,0.0,0.0,3.75,3.6,1.95,17,0,2022,10,30,13,8,1,Draw,Draw,2022-2023,Oud-Heverlee Leuven,69.0,74.0,70.0,68.0,23.0,Long ball,Gent,69.64389067524115,71.0,71.0,73.0,27.0,Slow Build up,40.0,26.666666666666668,60.0
B1,2022-10-30,Charleroi,Antwerp,1,0,H,8.0,14.0,3.0,6.0,13.0,4.0,4.0,8.0,3.0,3.0,0.0,0.0,3.4,3.5,2.05,20,1,2022,10,30,4,1,1,Home Win,Home Win,2022-2023,Charleroi,69.0,70.0,70.0,68.0,27.0,Fast build up,Antwerp,73.0,76.0,72.0,73.0,27.0,Balanced,26.666666666666668,26.666666666666668,40.0
B1,2022-11-04,Genk,Charleroi,4,1,H,13.0,6.0,8.0,2.0,3.0,7.0,5.0,4.0,1.0,1.0,0.0,0.0,1.4,4.75,7.5,19,1,2022,11,4,7,4,6,Home Win,Home Win,2022-2023,Genk,73.0,72.0,74.0,72.0,28.0,Balanced,Charleroi,69.0,70.0,70.0,68.0,27.0,Fast build up,86.66666666666667,100.0,26.666666666666668
B1,2022-11-05,Mechelen,Waregem,2,2,D,22.0,14.0,6.0,7.0,11.0,10.0,11.0,5.0,1.0,4.0,0.0,1.0,1.72,3.75,4.5,15,0,2022,11,5,10,20,7,Draw,Draw,2022-2023,Mechelen,69.0,70.0,71.0,67.0,28.0,Balanced,Waregem,68.0,70.0,68.0,66.0,28.0,Balanced,46.666666666666664,40.0,40.0
B1,2022-11-05,Cercle Brugge,Oud-Heverlee Leuven,2,1,H,8.0,9.0,4.0,4.0,8.0,14.0,6.0,6.0,2.0,2.0,0.0,0.0,1.83,3.8,3.8,17,1,2022,11,5,3,13,7,Home Win,Home Win,2022-2023,Cercle Brugge,69.0,70.0,69.0,66.0,25.0,Fast build up,Oud-Heverlee Leuven,69.0,74.0,70.0,68.0,23.0,Long ball,53.333333333333336,66.66666666666666,33.33333333333333
B1,2022-11-05,Seraing,St Truiden,1,2,A,6.0,15.0,2.0,5.0,14.0,19.0,5.0,7.0,5.0,1.0,1.0,0.0,3.6,3.2,2.1,17,2,2022,11,5,15,16,7,Away Win,Away Win,2022-2023,Seraing,65.0,66.0,65.0,64.0,28.0,Long ball,St Truiden,68.0,68.0,68.0,66.0,24.0,Fast build up,6.666666666666667,13.333333333333334,46.666666666666664
B1,2022-11-05,Eupen,Standard,2,0,H,13.0,8.0,5.0,4.0,13.0,10.0,7.0,2.0,0.0,3.0,1.0,1.0,3.1,3.4,2.25,19,1,2022,11,5,6,18,7,Home Win,Home Win,2022-2023,Eupen,67.0,70.0,68.0,64.0,28.0,Balanced,,69.64389067524115,70.3330689928628,69.83108643933386,68.45757335448057,26.94528152260111,Balanced,20.0,20.0,80.0
B1,2022-11-06,Gent,Club Brugge,2,0,H,11.0,8.0,2.0,4.0,11.0,12.0,4.0,3.0,1.0,5.0,0.0,0.0,2.7,3.5,2.5,12,1,2022,11,6,8,5,1,Home Win,Home Win,2022-2023,Gent,69.65567176186646,71.0,71.0,73.0,27.0,Slow Build up,Club Brugge,75.0,74.0,76.0,72.0,28.0,Balanced,60.0,66.66666666666666,66.66666666666666
B1,2022-11-06,St. Gilloise,Westerlo,1,1,D,25.0,13.0,1.0,5.0,12.0,14.0,10.0,4.0,4.0,3.0,0.0,0.0,1.57,4.0,5.5,15,0,2022,11,6,17,21,1,Draw,Draw,2022-2023,St. Gilloise,72.0,71.0,73.0,71.0,25.0,Long ball,,69.64389067524115,70.3330689928628,69.83108643933386,68.45757335448057,26.94528152260111,Balanced,66.66666666666666,86.66666666666667,46.666666666666664
B1,2022-11-06,Antwerp,Anderlecht,0,0,D,14.0,4.0,3.0,1.0,13.0,13.0,4.0,1.0,2.0,3.0,0.0,0.0,2.15,3.4,3.3,17,0,2022,11,6,1,0,1,Draw,Draw,2022-2023,Antwerp,73.0,76.0,72.0,73.0,27.0,Balanced,Anderlecht,72.0,72.0,72.0,71.0,28.0,Balanced,80.0,40.0,40.0
B1,2022-11-06,Oostende,Kortrijk,3,1,H,22.0,8.0,9.0,4.0,13.0,15.0,8.0,6.0,3.0,3.0,0.0,1.0,2.1,3.4,3.3,20,1,2022,11,6,12,9,1,Home Win,Home Win,2022-2023,Oostende,68.0,68.0,68.0,66.0,28.0,Long ball,Kortrijk,68.0,66.0,68.0,65.0,28.0,Balanced,40.0,26.666666666666668,13.333333333333334
B1,2022-11-11,Oud-Heverlee Leuven,Seraing,5,0,H,25.0,4.0,14.0,1.0,11.0,8.0,14.0,3.0,1.0,6.0,0.0,1.0,1.55,4.0,5.75,19,1,2022,11,11,13,15,6,Home Win,Home Win,2022-2023,Oud-Heverlee Leuven,69.0,74.0,70.0,68.0,23.0,Long ball,Seraing,65.0,66.0,65.0,64.0,28.0,Long ball,46.666666666666664,13.333333333333334,6.666666666666667
B1,2022-11-12,Westerlo,Oostende,6,0,H,16.0,7.0,8.0,0.0,8.0,14.0,5.0,3.0,1.0,2.0,0.0,0.0,1.75,4.0,4.2,15,1,2022,11,12,21,12,7,Home Win,Home Win,2022-2023,,69.65567176186646,70.34285714285714,69.84285714285714,68.46746031746032,26.95,Balanced,Oostende,68.0,68.0,68.0,66.0,28.0,Long ball,46.666666666666664,33.33333333333333,40.0
B1,2022-11-12,St Truiden,Cercle Brugge,0,1,A,12.0,6.0,1.0,1.0,13.0,11.0,10.0,2.0,0.0,4.0,1.0,1.0,2.4,3.4,2.8,17,2,2022,11,12,16,3,7,Away Win,Away Win,2022-2023,St Truiden,68.0,68.0,68.0,66.0,24.0,Fast build up,Cercle Brugge,69.0,70.0,69.0,66.0,25.0,Fast build up,46.666666666666664,66.66666666666666,86.66666666666667
B1,2022-11-12,Waregem,Eupen,5,5,D,19.0,16.0,9.0,8.0,12.0,8.0,11.0,2.0,2.0,2.0,0.0,0.0,2.3,3.75,2.8,17,0,2022,11,12,20,6,7,Draw,Draw,2022-2023,Waregem,68.0,70.0,68.0,66.0,28.0,Balanced,Eupen,67.0,70.0,68.0,64.0,28.0,Balanced,20.0,46.666666666666664,40.0
B1,2022-11-12,Charleroi,Mechelen,0,5,A,,,,,,,,,,,,,2.2,3.5,3.0,19,2,2022,11,12,4,10,7,Away Win,Away Win,2022-2023,Charleroi,69.0,70.0,70.0,68.0,27.0,Fast build up,Mechelen,69.0,70.0,71.0,67.0,28.0,Balanced,46.666666666666664,26.666666666666668,46.666666666666664
B1,2022-11-13,Club Brugge,Antwerp,2,2,D,9.0,11.0,5.0,6.0,11.0,11.0,3.0,4.0,4.0,2.0,0.0,0.0,1.83,3.75,4.0,12,0,2022,11,13,5,1,1,Draw,Draw,2022-2023,Club Brugge,75.0,74.0,76.0,72.0,28.0,Balanced,Antwerp,73.0,76.0,72.0,73.0,27.0,Balanced,80.0,66.66666666666666,26.666666666666668
B1,2022-11-13,Standard,St. Gilloise,2,3,A,10.0,13.0,5.0,7.0,10.0,17.0,8.0,4.0,3.0,4.0,0.0,0.0,3.4,3.5,2.0,15,2,2022,11,13,18,17,1,Away Win,Away Win,2022-2023,,69.65567176186646,70.34285714285714,69.84285714285714,68.46746031746032,26.95,Balanced,St. Gilloise,72.0,71.0,73.0,71.0,25.0,Long ball,80.0,60.0,73.33333333333333
B1,2022-11-13,Anderlecht,Genk,0,2,A,12.0,13.0,5.0,4.0,10.0,14.0,5.0,6.0,2.0,3.0,0.0,1.0,2.62,3.5,2.5,17,2,2022,11,13,0,7,1,Away Win,Away Win,2022-2023,Anderlecht,72.0,72.0,72.0,71.0,28.0,Balanced,Genk,73.0,72.0,74.0,72.0,28.0,Balanced,46.666666666666664,26.666666666666668,100.0
B1,2022-11-13,Kortrijk,Gent,0,4,A,8.0,19.0,3.0,10.0,8.0,15.0,8.0,6.0,2.0,0.0,1.0,1.0,5.0,3.8,1.66,20,2,2022,11,13,9,8,1,Away Win,Away Win,2022-2023,Kortrijk,68.0,66.0,68.0,65.0,28.0,Balanced,Gent,69.64389067524115,71.0,71.0,73.0,27.0,Slow Build up,26.666666666666668,13.333333333333334,66.66666666666666
B1,2022-12-23,Seraing,Eupen,0,1,A,8.0,15.0,1.0,5.0,9.0,16.0,4.0,9.0,3.0,1.0,0.0,0.0,2.7,3.25,2.45,17,2,2022,12,23,15,6,6,Away Win,Away Win,2022-2023,Seraing,65.0,66.0,65.0,64.0,28.0,Long ball,Eupen,67.0,70.0,68.0,64.0,28.0,Balanced,6.666666666666667,0.0,46.666666666666664
B1,2022-12-23,Gent,Standard,0,0,D,21.0,1.0,5.0,0.0,12.0,12.0,13.0,1.0,0.0,5.0,0.0,0.0,1.53,4.0,5.25,19,0,2022,12,23,8,18,6,Draw,Draw,2022-2023,Gent,69.65567176186646,71.0,71.0,73.0,27.0,Slow Build up,,69.64389067524115,70.3330689928628,69.83108643933386,68.45757335448057,26.94528152260111,Balanced,80.0,66.66666666666666,40.0
B1,2022-12-23,Mechelen,Cercle Brugge,1,1,D,20.0,12.0,9.0,4.0,8.0,8.0,9.0,8.0,2.0,4.0,0.0,1.0,2.55,3.4,2.55,19,0,2022,12,23,10,3,6,Draw,Draw,2022-2023,Mechelen,69.0,70.0,71.0,67.0,28.0,Balanced,Cercle Brugge,69.0,70.0,69.0,66.0,25.0,Fast build up,53.333333333333336,66.66666666666666,86.66666666666667
B1,2022-12-26,Club Brugge,Oud-Heverlee Leuven,1,1,D,20.0,12.0,7.0,5.0,10.0,17.0,3.0,3.0,3.0,2.0,0.0,0.0,1.44,4.75,5.75,12,0,2022,12,26,5,13,2,Draw,Draw,2022-2023,Club Brugge,75.0,74.0,76.0,72.0,28.0,Balanced,Oud-Heverlee Leuven,69.0,74.0,70.0,68.0,23.0,Long ball,66.66666666666666,53.333333333333336,33.33333333333333
B1,2022-12-26,St. Gilloise,Oostende,3,0,H,12.0,4.0,5.0,1.0,9.0,13.0,10.0,2.0,3.0,4.0,0.0,0.0,1.33,5.0,7.0,15,1,2022,12,26,17,12,2,Home Win,Home Win,2022-2023,St. Gilloise,72.0,71.0,73.0,71.0,25.0,Long ball,Oostende,68.0,68.0,68.0,66.0,28.0,Long ball,53.333333333333336,73.33333333333333,40.0
B1,2022-12-26,Kortrijk,Genk,1,0,H,18.0,14.0,8.0,6.0,13.0,11.0,5.0,6.0,4.0,1.0,0.0,0.0,6.5,4.33,1.4,17,1,2022,12,26,9,7,2,Home Win,Home Win,2022-2023,Kortrijk,68.0,66.0,68.0,65.0,28.0,Balanced,Genk,73.0,72.0,74.0,72.0,28.0,Balanced,26.666666666666668,13.333333333333334,100.0
B1,2022-12-26,Charleroi,Anderlecht,0,1,A,9.0,9.0,2.0,2.0,13.0,8.0,3.0,0.0,2.0,1.0,0.0,0.0,2.9,3.4,2.15,19,2,2022,12,26,4,0,2,Away Win,Away Win,2022-2023,Charleroi,69.0,70.0,70.0,68.0,27.0,Fast build up,Anderlecht,72.0,72.0,72.0,71.0,28.0,Balanced,26.666666666666668,26.666666666666668,26.666666666666668
B1,2022-12-27,St Truiden,Waregem,2,0,H,12.0,6.0,6.0,1.0,10.0,10.0,6.0,3.0,0.0,1.0,0.0,1.0,1.67,3.6,4.5,19,1,2022,12,27,16,20,3,Home Win,Home Win,2022-2023,St Truiden,68.0,68.0,68.0,66.0,24.0,Fast build up,Waregem,68.0,70.0,68.0,66.0,28.0,Balanced,26.666666666666668,46.666666666666664,33.33333333333333
B1,2022-12-27,Westerlo,Antwerp,3,3,D,10.0,15.0,4.0,7.0,10.0,8.0,3.0,6.0,1.0,1.0,0.0,0.0,3.1,3.5,2.05,19,0,2022,12,27,21,1,3,Draw,Draw,2022-2023,,69.65567176186646,70.34285714285714,69.84285714285714,68.46746031746032,26.95,Balanced,Antwerp,73.0,76.0,72.0,73.0,27.0,Balanced,66.66666666666666,46.666666666666664,33.33333333333333
B1,2023-01-06,Standard,St Truiden,1,1,D,6.0,9.0,1.0,3.0,11.0,13.0,9.0,2.0,0.0,2.0,0.0,0.0,2.2,3.25,3.0,19,0,2023,1,6,18,16,6,Draw,Draw,2022-2023,,69.65567176186646,70.34285714285714,69.84285714285714,68.46746031746032,26.95,Balanced,St Truiden,68.0,68.0,68.0,66.0,24.0,Fast build up,60.0,46.666666666666664,66.66666666666666
B1,2023-01-07,Eupen,Charleroi,1,2,A,10.0,20.0,3.0,4.0,11.0,12.0,5.0,7.0,1.0,2.0,0.0,0.0,2.55,3.4,2.45,15,2,2023,1,7,6,4,7,Away Win,Away Win,2022-2023,Eupen,67.0,70.0,68.0,64.0,28.0,Balanced,Charleroi,69.0,70.0,70.0,68.0,27.0,Fast build up,40.0,46.666666666666664,20.0
B1,2023-01-07,Cercle Brugge,Westerlo,0,1,A,11.0,4.0,5.0,2.0,8.0,9.0,6.0,4.0,1.0,3.0,0.0,0.0,2.05,3.5,3.1,17,2,2023,1,7,3,21,7,Away Win,Away Win,2022-2023,Cercle Brugge,69.0,70.0,69.0,66.0,25.0,Fast build up,,69.64389067524115,70.3330689928628,69.83108643933386,68.45757335448057,26.94528152260111,Balanced,66.66666666666666,73.33333333333333,53.333333333333336
B1,2023-01-07,Oostende,Seraing,1,2,A,17.0,4.0,3.0,2.0,21.0,20.0,5.0,2.0,6.0,5.0,2.0,0.0,1.75,3.75,4.2,17,2,2023,1,7,12,15,7,Away Win,Away Win,2022-2023,Oostende,68.0,68.0,68.0,66.0,28.0,Long ball,Seraing,65.0,66.0,65.0,64.0,28.0,Long ball,60.0,40.0,0.0
B1,2023-01-07,Antwerp,Gent,2,0,H,11.0,9.0,5.0,1.0,10.0,10.0,3.0,6.0,2.0,1.0,0.0,0.0,2.45,3.25,2.63,19,1,2023,1,7,1,8,7,Home Win,Home Win,2022-2023,Antwerp,73.0,76.0,72.0,73.0,27.0,Balanced,Gent,69.64389067524115,71.0,71.0,73.0,27.0,Slow Build up,66.66666666666666,20.0,73.33333333333333
B1,2023-01-08,Genk,Club Brugge,3,1,H,12.0,7.0,6.0,4.0,13.0,10.0,5.0,4.0,2.0,4.0,0.0,1.0,2.1,3.5,3.0,12,1,2023,1,8,7,5,1,Home Win,Home Win,2022-2023,Genk,73.0,72.0,74.0,72.0,28.0,Balanced,Club Brugge,75.0,74.0,76.0,72.0,28.0,Balanced,100.0,80.0,40.0
B1,2023-01-08,Waregem,Mechelen,2,0,H,16.0,7.0,4.0,4.0,21.0,16.0,3.0,3.0,2.0,6.0,0.0,0.0,2.75,3.5,2.2,15,1,2023,1,8,20,10,1,Home Win,Home Win,2022-2023,Waregem,68.0,70.0,68.0,66.0,28.0,Balanced,Mechelen,69.0,70.0,71.0,67.0,28.0,Balanced,26.666666666666668,13.333333333333334,53.333333333333336
B1,2023-01-08,Anderlecht,St. Gilloise,1,3,A,6.0,21.0,2.0,10.0,12.0,12.0,0.0,6.0,5.0,3.0,1.0,0.0,2.6,3.3,2.45,17,2,2023,1,8,0,17,1,Away Win,Away Win,2022-2023,Anderlecht,72.0,72.0,72.0,71.0,28.0,Balanced,St. Gilloise,72.0,71.0,73.0,71.0,25.0,Long ball,40.0,46.666666666666664,73.33333333333333
B1,2023-01-08,Oud-Heverlee Leuven,Kortrijk,2,3,A,16.0,15.0,4.0,6.0,10.0,16.0,5.0,6.0,1.0,3.0,0.0,0.0,1.65,4.0,4.2,20,2,2023,1,8,13,9,1,Away Win,Away Win,2022-2023,Oud-Heverlee Leuven,69.0,74.0,70.0,68.0,23.0,Long ball,Kortrijk,68.0,66.0,68.0,65.0,28.0,Balanced,46.666666666666664,40.0,26.666666666666668
B1,2023-01-13,Westerlo,Oud-Heverlee Leuven,1,2,A,14.0,10.0,4.0,4.0,10.0,7.0,9.0,3.0,3.0,2.0,0.0,1.0,1.95,3.75,3.5,19,2,2023,1,13,21,13,6,Away Win,Away Win,2022-2023,,69.65567176186646,70.34285714285714,69.84285714285714,68.46746031746032,26.95,Balanced,Oud-Heverlee Leuven,69.0,74.0,70.0,68.0,23.0,Long ball,53.333333333333336,53.333333333333336,33.33333333333333
B1,2023-01-14,Seraing,Standard,1,1,D,8.0,16.0,2.0,1.0,9.0,15.0,3.0,11.0,5.0,1.0,0.0,0.0,3.8,3.6,1.91,15,0,2023,1,14,15,18,7,Draw,Draw,2022-2023,Seraing,65.0,66.0,65.0,64.0,28.0,Long ball,,69.64389067524115,70.3330689928628,69.83108643933386,68.45757335448057,26.94528152260111,Balanced,6.666666666666667,20.0,33.33333333333333
B1,2023-01-14,Eupen,St Truiden,0,2,A,7.0,10.0,3.0,4.0,9.0,9.0,3.0,3.0,1.0,1.0,0.0,0.0,2.9,3.4,2.3,17,2,2023,1,14,6,16,7,Away Win,Away Win,2022-2023,Eupen,67.0,70.0,68.0,64.0,28.0,Balanced,St Truiden,68.0,68.0,68.0,66.0,24.0,Fast build up,40.0,46.666666666666664,66.66666666666666
B1,2023-01-14,Mechelen,Oostende,2,1,H,16.0,14.0,6.0,4.0,6.0,17.0,10.0,1.0,1.0,1.0,0.0,1.0,1.73,3.8,4.33,17,1,2023,1,14,10,12,7,Home Win,Home Win,2022-2023,Mechelen,69.0,70.0,71.0,67.0,28.0,Balanced,Oostende,68.0,68.0,68.0,66.0,28.0,Long ball,53.333333333333336,33.33333333333333,20.0
B1,2023-01-14,Genk,Waregem,1,0,H,9.0,7.0,3.0,1.0,17.0,16.0,1.0,5.0,2.0,2.0,0.0,0.0,1.25,6.5,8.0,19,1,2023,1,14,7,20,7,Home Win,Home Win,2022-2023,Genk,73.0,72.0,74.0,72.0,28.0,Balanced,Waregem,68.0,70.0,68.0,66.0,28.0,Balanced,100.0,80.0,33.33333333333333
B1,2023-01-15,Club Brugge,Anderlecht,1,1,D,17.0,4.0,6.0,0.0,13.0,15.0,3.0,4.0,2.0,3.0,0.0,0.0,1.91,3.75,3.6,12,0,2023,1,15,5,0,1,Draw,Draw,2022-2023,Club Brugge,75.0,74.0,76.0,72.0,28.0,Balanced,Anderlecht,72.0,72.0,72.0,71.0,28.0,Balanced,53.333333333333336,33.33333333333333,46.666666666666664
B1,2023-01-15,Gent,Kortrijk,2,1,H,15.0,12.0,6.0,5.0,14.0,12.0,7.0,5.0,3.0,1.0,0.0,0.0,1.36,5.0,8.5,15,1,2023,1,15,8,9,1,Home Win,Home Win,2022-2023,Gent,69.65567176186646,71.0,71.0,73.0,27.0,Slow Build up,Kortrijk,68.0,66.0,68.0,65.0,28.0,Balanced,66.66666666666666,53.333333333333336,46.666666666666664
B1,2023-01-15,St. Gilloise,Antwerp,2,0,H,17.0,7.0,6.0,5.0,13.0,11.0,8.0,9.0,5.0,4.0,0.0,0.0,2.15,3.4,3.25,17,1,2023,1,15,17,1,1,Home Win,Home Win,2022-2023,St. Gilloise,72.0,71.0,73.0,71.0,25.0,Long ball,Antwerp,73.0,76.0,72.0,73.0,27.0,Balanced,73.33333333333333,86.66666666666667,40.0
B1,2023-01-15,Charleroi,Cercle Brugge,2,1,H,10.0,12.0,6.0,3.0,9.0,12.0,9.0,7.0,1.0,1.0,0.0,0.0,2.63,3.3,2.63,20,1,2023,1,15,4,3,1,Home Win,Home Win,2022-2023,Charleroi,69.0,70.0,70.0,68.0,27.0,Fast build up,Cercle Brugge,69.0,70.0,69.0,66.0,25.0,Fast build up,26.666666666666668,40.0,53.333333333333336
B1,2023-01-17,Oud-Heverlee Leuven,Eupen,1,1,D,17.0,7.0,7.0,3.0,9.0,10.0,8.0,7.0,2.0,2.0,0.0,0.0,1.62,4.0,4.75,17,0,2023,1,17,13,6,3,Draw,Draw,2022-2023,Oud-Heverlee Leuven,69.0,74.0,70.0,68.0,23.0,Long ball,Eupen,67.0,70.0,68.0,64.0,28.0,Balanced,26.666666666666668,46.666666666666664,46.666666666666664
B1,2023-01-17,Standard,Mechelen,2,0,H,12.0,10.0,5.0,1.0,12.0,13.0,7.0,7.0,2.0,0.0,0.0,0.0,1.85,3.6,3.8,19,1,2023,1,17,18,10,3,Home Win,Home Win,2022-2023,,69.65567176186646,70.34285714285714,69.84285714285714,68.46746031746032,26.95,Balanced,Mechelen,69.0,70.0,71.0,67.0,28.0,Balanced,46.666666666666664,20.0,53.333333333333336
B1,2023-01-17,Westerlo,Genk,2,3,A,14.0,8.0,5.0,3.0,7.0,9.0,11.0,4.0,3.0,0.0,0.0,0.0,3.3,3.75,2.0,19,2,2023,1,17,21,7,3,Away Win,Away Win,2022-2023,,69.65567176186646,70.34285714285714,69.84285714285714,68.46746031746032,26.95,Balanced,Genk,73.0,72.0,74.0,72.0,28.0,Balanced,33.33333333333333,53.333333333333336,80.0
B1,2023-01-18,Cercle Brugge,St. Gilloise,1,1,D,6.0,15.0,1.0,7.0,15.0,10.0,3.0,6.0,2.0,0.0,0.0,0.0,3.3,3.5,2.05,17,0,2023,1,18,3,17,4,Draw,Draw,2022-2023,Cercle Brugge,69.0,70.0,69.0,66.0,25.0,Fast build up,St. Gilloise,72.0,71.0,73.0,71.0,25.0,Long ball,66.66666666666666,46.666666666666664,86.66666666666667
B1,2023-01-18,Oostende,Antwerp,0,3,A,16.0,12.0,3.0,6.0,13.0,17.0,6.0,5.0,1.0,0.0,0.0,0.0,4.2,3.8,1.75,17,2,2023,1,18,12,1,4,Away Win,Away Win,2022-2023,Oostende,68.0,68.0,68.0,66.0,28.0,Long ball,Antwerp,73.0,76.0,72.0,73.0,27.0,Balanced,40.0,20.0,40.0
B1,2023-01-18,Anderlecht,Waregem,2,3,A,19.0,11.0,9.0,5.0,9.0,16.0,5.0,2.0,1.0,2.0,0.0,0.0,1.5,4.5,5.25,19,2,2023,1,18,0,20,4,Away Win,Away Win,2022-2023,Anderlecht,72.0,72.0,72.0,71.0,28.0,Balanced,Waregem,68.0,70.0,68.0,66.0,28.0,Balanced,20.0,33.33333333333333,33.33333333333333
B1,2023-01-18,Kortrijk,Seraing,3,2,H,21.0,12.0,7.0,7.0,11.0,12.0,6.0,8.0,1.0,2.0,0.0,1.0,1.85,3.75,3.8,19,1,2023,1,18,9,15,4,Home Win,Home Win,2022-2023,Kortrijk,68.0,66.0,68.0,65.0,28.0,Balanced,Seraing,65.0,66.0,65.0,64.0,28.0,Long ball,26.666666666666668,40.0,26.666666666666668
B1,2023-01-19,Gent,Charleroi,0,0,D,11.0,9.0,6.0,3.0,7.0,11.0,9.0,5.0,2.0,4.0,0.0,0.0,1.55,4.2,5.25,17,0,2023,1,19,8,4,5,Draw,Draw,2022-2023,Gent,69.65567176186646,71.0,71.0,73.0,27.0,Slow Build up,Charleroi,69.0,70.0,70.0,68.0,27.0,Fast build up,86.66666666666667,66.66666666666666,40.0
B1,2023-01-19,St Truiden,Club Brugge,1,1,D,8.0,13.0,4.0,4.0,14.0,6.0,1.0,8.0,1.0,1.0,0.0,0.0,3.5,3.5,2.0,19,0,2023,1,19,16,5,5,Draw,Draw,2022-2023,St Truiden,68.0,68.0,68.0,66.0,24.0,Fast build up,Club Brugge,75.0,74.0,76.0,72.0,28.0,Balanced,46.666666666666664,66.66666666666666,20.0
B1,2023-01-21,Waregem,Westerlo,1,1,D,11.0,13.0,3.0,5.0,15.0,10.0,5.0,5.0,1.0,1.0,0.0,0.0,2.88,3.4,2.2,15,0,2023,1,21,20,21,7,Draw,Draw,2022-2023,Waregem,68.0,70.0,68.0,66.0,28.0,Balanced,,69.64389067524115,70.3330689928628,69.83108643933386,68.45757335448057,26.94528152260111,Balanced,46.666666666666664,46.666666666666664,46.666666666666664
B1,2023-01-21,Mechelen,Kortrijk,3,2,H,15.0,8.0,8.0,3.0,14.0,15.0,9.0,0.0,2.0,4.0,0.0,0.0,1.75,3.5,4.2,17,1,2023,1,21,10,9,7,Home Win,Home Win,2022-2023,Mechelen,69.0,70.0,71.0,67.0,28.0,Balanced,Kortrijk,68.0,66.0,68.0,65.0,28.0,Balanced,73.33333333333333,46.666666666666664,60.0
B1,2023-01-21,Oostende,Cercle Brugge,1,2,A,9.0,10.0,4.0,6.0,11.0,15.0,4.0,6.0,3.0,1.0,0.0,0.0,3.0,3.4,2.1,17,2,2023,1,21,12,3,7,Away Win,Away Win,2022-2023,Oostende,68.0,68.0,68.0,66.0,28.0,Long ball,Cercle Brugge,69.0,70.0,69.0,66.0,25.0,Fast build up,40.0,0.0,33.33333333333333
B1,2023-01-21,St. Gilloise,Oud-Heverlee Leuven,1,0,H,18.0,11.0,7.0,4.0,7.0,15.0,12.0,5.0,1.0,3.0,0.0,0.0,1.5,4.5,5.25,19,1,2023,1,21,17,13,7,Home Win,Home Win,2022-2023,St. Gilloise,72.0,71.0,73.0,71.0,25.0,Long ball,Oud-Heverlee Leuven,69.0,74.0,70.0,68.0,23.0,Long ball,73.33333333333333,86.66666666666667,53.333333333333336
B1,2023-01-22,Antwerp,Standard,4,1,H,8.0,10.0,6.0,3.0,20.0,9.0,2.0,2.0,3.0,2.0,0.0,1.0,1.67,3.6,4.75,12,1,2023,1,22,1,18,1,Home Win,Home Win,2022-2023,Antwerp,73.0,76.0,72.0,73.0,27.0,Balanced,,69.64389067524115,70.3330689928628,69.83108643933386,68.45757335448057,26.94528152260111,Balanced,66.66666666666666,53.333333333333336,40.0
B1,2023-01-22,Seraing,Anderlecht,0,1,A,9.0,14.0,4.0,4.0,17.0,11.0,4.0,6.0,3.0,1.0,0.0,0.0,5.25,4.0,1.55,15,2,2023,1,22,15,0,1,Away Win,Away Win,2022-2023,Seraing,65.0,66.0,65.0,64.0,28.0,Long ball,Anderlecht,72.0,72.0,72.0,71.0,28.0,Balanced,6.666666666666667,26.666666666666668,26.666666666666668
B1,2023-01-22,Club Brugge,Charleroi,2,2,D,12.0,9.0,6.0,3.0,7.0,18.0,2.0,3.0,2.0,4.0,0.0,1.0,1.4,4.5,6.5,17,0,2023,1,22,5,4,1,Draw,Draw,2022-2023,Club Brugge,75.0,74.0,76.0,72.0,28.0,Balanced,Charleroi,69.0,70.0,70.0,68.0,27.0,Fast build up,60.0,26.666666666666668,46.666666666666664
B1,2023-01-22,St Truiden,Gent,0,3,A,5.0,13.0,1.0,4.0,12.0,10.0,1.0,5.0,2.0,0.0,1.0,0.0,3.4,3.2,2.1,20,2,2023,1,22,16,8,1,Away Win,Away Win,2022-2023,St Truiden,68.0,68.0,68.0,66.0,24.0,Fast build up,Gent,69.64389067524115,71.0,71.0,73.0,27.0,Slow Build up,53.333333333333336,53.333333333333336,53.333333333333336
B1,2023-01-27,Standard,Eupen,3,1,H,13.0,8.0,7.0,3.0,15.0,11.0,8.0,2.0,1.0,2.0,0.0,0.0,1.65,3.75,4.5,19,1,2023,1,27,18,6,6,Home Win,Home Win,2022-2023,,69.65567176186646,70.34285714285714,69.84285714285714,68.46746031746032,26.95,Balanced,Eupen,67.0,70.0,68.0,64.0,28.0,Balanced,66.66666666666666,40.0,33.33333333333333
B1,2023-01-28,Westerlo,Mechelen,2,0,H,26.0,8.0,8.0,2.0,4.0,10.0,11.0,5.0,1.0,3.0,0.0,1.0,1.85,3.6,3.6,15,1,2023,1,28,21,10,7,Home Win,Home Win,2022-2023,,69.65567176186646,70.34285714285714,69.84285714285714,68.46746031746032,26.95,Balanced,Mechelen,69.0,70.0,71.0,67.0,28.0,Balanced,26.666666666666668,33.33333333333333,46.666666666666664
B1,2023-01-28,Kortrijk,Oostende,2,2,D,14.0,22.0,3.0,7.0,12.0,8.0,2.0,5.0,1.0,0.0,0.0,0.0,2.0,3.4,3.3,17,0,2023,1,28,9,12,7,Draw,Draw,2022-2023,Kortrijk,68.0,66.0,68.0,65.0,28.0,Balanced,Oostende,68.0,68.0,68.0,66.0,28.0,Long ball,46.666666666666664,60.0,0.0
B1,2023-01-28,Oud-Heverlee Leuven,St Truiden,1,1,D,13.0,8.0,5.0,4.0,7.0,18.0,6.0,3.0,0.0,3.0,0.0,0.0,2.25,3.3,2.9,17,0,2023,1,28,13,16,7,Draw,Draw,2022-2023,Oud-Heverlee Leuven,69.0,74.0,70.0,68.0,23.0,Long ball,St Truiden,68.0,68.0,68.0,66.0,24.0,Fast build up,33.33333333333333,33.33333333333333,53.333333333333336
B1,2023-01-28,Charleroi,St. Gilloise,0,1,A,5.0,9.0,1.0,3.0,17.0,8.0,2.0,8.0,3.0,3.0,0.0,0.0,3.3,3.4,2.0,19,2,2023,1,28,4,17,7,Away Win,Away Win,2022-2023,Charleroi,69.0,70.0,70.0,68.0,27.0,Fast build up,St. Gilloise,72.0,71.0,73.0,71.0,25.0,Long ball,46.666666666666664,53.333333333333336,86.66666666666667
B1,2023-01-29,Anderlecht,Antwerp,0,0,D,7.0,12.0,0.0,4.0,12.0,10.0,6.0,2.0,4.0,3.0,1.0,1.0,2.63,3.25,2.45,12,0,2023,1,29,0,1,1,Draw,Draw,2022-2023,Anderlecht,72.0,72.0,72.0,71.0,28.0,Balanced,Antwerp,73.0,76.0,72.0,73.0,27.0,Balanced,20.0,46.666666666666664,66.66666666666666
B1,2023-01-29,Cercle Brugge,Gent,3,2,H,10.0,9.0,6.0,5.0,18.0,7.0,4.0,2.0,1.0,1.0,0.0,0.0,3.1,3.25,2.15,15,1,2023,1,29,3,8,1,Home Win,Home Win,2022-2023,Cercle Brugge,69.0,70.0,69.0,66.0,25.0,Fast build up,Gent,69.64389067524115,71.0,71.0,73.0,27.0,Slow Build up,66.66666666666666,33.33333333333333,53.333333333333336
B1,2023-01-29,Waregem,Club Brugge,1,2,A,11.0,12.0,4.0,2.0,8.0,17.0,4.0,8.0,2.0,4.0,1.0,0.0,4.5,3.75,1.65,17,2,2023,1,29,20,5,1,Away Win,Away Win,2022-2023,Waregem,68.0,70.0,68.0,66.0,28.0,Balanced,Club Brugge,75.0,74.0,76.0,72.0,28.0,Balanced,53.333333333333336,46.666666666666664,26.666666666666668
B1,2023-01-29,Genk,Seraing,4,0,H,12.0,6.0,9.0,0.0,7.0,15.0,3.0,4.0,0.0,2.0,0.0,0.0,1.22,5.75,10.0,20,1,2023,1,29,7,15,1,Home Win,Home Win,2022-2023,Genk,73.0,72.0,74.0,72.0,28.0,Balanced,Seraing,65.0,66.0,65.0,64.0,28.0,Long ball,100.0,80.0,26.666666666666668
B1,2023-02-01,Eupen,Genk,1,1,D,10.0,14.0,4.0,5.0,15.0,13.0,3.0,7.0,5.0,4.0,0.0,0.0,5.5,3.8,1.53,17,0,2023,2,1,6,7,4,Draw,Draw,2022-2023,Eupen,67.0,70.0,68.0,64.0,28.0,Balanced,Genk,73.0,72.0,74.0,72.0,28.0,Balanced,40.0,26.666666666666668,80.0
B1,2023-02-03,Oostende,Anderlecht,0,2,A,11.0,12.0,4.0,3.0,18.0,13.0,3.0,2.0,3.0,1.0,0.0,0.0,3.4,3.6,1.91,19,2,2023,2,3,12,0,6,Away Win,Away Win,2022-2023,Oostende,68.0,68.0,68.0,66.0,28.0,Long ball,Anderlecht,72.0,72.0,72.0,71.0,28.0,Balanced,40.0,6.666666666666667,33.33333333333333
B1,2023-02-04,Cercle Brugge,Standard,1,1,D,13.0,8.0,3.0,2.0,21.0,14.0,4.0,1.0,3.0,3.0,0.0,0.0,2.05,3.5,3.1,15,0,2023,2,4,3,18,7,Draw,Draw,2022-2023,Cercle Brugge,69.0,70.0,69.0,66.0,25.0,Fast build up,,69.64389067524115,70.3330689928628,69.83108643933386,68.45757335448057,26.94528152260111,Balanced,66.66666666666666,46.666666666666664,53.333333333333336
B1,2023-02-04,Eupen,Westerlo,1,1,D,7.0,15.0,3.0,6.0,18.0,7.0,4.0,7.0,1.0,0.0,0.0,0.0,2.9,3.5,2.15,17,0,2023,2,4,6,21,7,Draw,Draw,2022-2023,Eupen,67.0,70.0,68.0,64.0,28.0,Balanced,,69.64389067524115,70.3330689928628,69.83108643933386,68.45757335448057,26.94528152260111,Balanced,46.666666666666664,13.333333333333334,46.666666666666664
B1,2023-02-04,Seraing,Oud-Heverlee Leuven,2,1,H,14.0,19.0,4.0,5.0,10.0,10.0,7.0,11.0,1.0,0.0,0.0,0.0,4.0,3.6,1.85,17,1,2023,2,4,15,13,7,Home Win,Home Win,2022-2023,Seraing,65.0,66.0,65.0,64.0,28.0,Long ball,Oud-Heverlee Leuven,69.0,74.0,70.0,68.0,23.0,Long ball,6.666666666666667,26.666666666666668,33.33333333333333
B1,2023-02-04,St Truiden,Kortrijk,1,0,H,7.0,9.0,2.0,4.0,11.0,9.0,2.0,2.0,1.0,3.0,0.0,0.0,1.73,3.6,4.33,19,1,2023,2,4,16,9,7,Home Win,Home Win,2022-2023,St Truiden,68.0,68.0,68.0,66.0,24.0,Fast build up,Kortrijk,68.0,66.0,68.0,65.0,28.0,Balanced,33.33333333333333,40.0,46.666666666666664
B1,2023-02-05,Antwerp,Club Brugge,0,0,D,7.0,4.0,2.0,1.0,12.0,22.0,2.0,5.0,1.0,5.0,0.0,0.0,2.5,3.3,2.63,12,0,2023,2,5,1,5,1,Draw,Draw,2022-2023,Antwerp,73.0,76.0,72.0,73.0,27.0,Balanced,Club Brugge,75.0,74.0,76.0,72.0,28.0,Balanced,66.66666666666666,66.66666666666666,40.0
B1,2023-02-05,Mechelen,Charleroi,2,2,D,10.0,17.0,7.0,8.0,12.0,11.0,4.0,7.0,0.0,3.0,1.0,0.0,2.15,3.4,3.1,15,0,2023,2,5,10,4,1,Draw,Draw,2022-2023,Mechelen,69.0,70.0,71.0,67.0,28.0,Balanced,Charleroi,69.0,70.0,70.0,68.0,27.0,Fast build up,73.33333333333333,40.0,53.333333333333336
B1,2023-02-05,Gent,Genk,2,3,A,20.0,11.0,6.0,5.0,12.0,12.0,4.0,3.0,1.0,1.0,0.0,0.0,2.25,3.4,2.8,17,2,2023,2,5,8,7,1,Away Win,Away Win,2022-2023,Gent,69.65567176186646,71.0,71.0,73.0,27.0,Slow Build up,Genk,73.0,72.0,74.0,72.0,28.0,Balanced,73.33333333333333,46.666666666666664,86.66666666666667
B1,2023-02-05,St. Gilloise,Waregem,4,0,H,14.0,7.0,8.0,1.0,8.0,9.0,2.0,3.0,0.0,1.0,0.0,0.0,1.36,4.75,7.0,18,1,2023,2,5,17,20,1,Home Win,Home Win,2022-2023,St. Gilloise,72.0,71.0,73.0,71.0,25.0,Long ball,Waregem,68.0,70.0,68.0,66.0,28.0,Balanced,73.33333333333333,86.66666666666667,46.666666666666664
B1,2023-02-10,Oud-Heverlee Leuven,Cercle Brugge,0,0,D,7.0,11.0,1.0,5.0,12.0,10.0,6.0,7.0,1.0,0.0,0.0,0.0,2.25,3.25,2.8,19,0,2023,2,10,13,3,6,Draw,Draw,2022-2023,Oud-Heverlee Leuven,69.0,74.0,70.0,68.0,23.0,Long ball,Cercle Brugge,69.0,70.0,69.0,66.0,25.0,Fast build up,40.0,33.33333333333333,53.333333333333336
B1,2023-02-10,Club Brugge,St. Gilloise,1,1,D,10.0,19.0,4.0,2.0,13.0,10.0,5.0,3.0,1.0,4.0,0.0,0.0,2.3,3.3,2.9,19,0,2023,2,10,5,17,6,Draw,Draw,2022-2023,Club Brugge,75.0,74.0,76.0,72.0,28.0,Balanced,St. Gilloise,72.0,71.0,73.0,71.0,25.0,Long ball,46.666666666666664,46.666666666666664,86.66666666666667
B1,2023-02-10,Eupen,Mechelen,2,1,H,11.0,14.0,3.0,4.0,16.0,16.0,4.0,2.0,0.0,4.0,0.0,0.0,2.55,3.4,2.5,19,1,2023,2,10,6,10,6,Home Win,Home Win,2022-2023,Eupen,67.0,70.0,68.0,64.0,28.0,Balanced,Mechelen,69.0,70.0,71.0,67.0,28.0,Balanced,33.33333333333333,20.0,46.666666666666664
B1,2023-02-11,Westerlo,Gent,3,3,D,8.0,16.0,5.0,9.0,7.0,6.0,3.0,6.0,1.0,1.0,0.0,0.0,2.8,3.3,2.38,15,0,2023,2,11,21,8,7,Draw,Draw,2022-2023,,69.65567176186646,70.34285714285714,69.84285714285714,68.46746031746032,26.95,Balanced,Gent,69.64389067524115,71.0,71.0,73.0,27.0,Slow Build up,46.666666666666664,33.33333333333333,46.666666666666664
B1,2023-02-11,Charleroi,Seraing,3,0,H,11.0,2.0,4.0,1.0,8.0,13.0,10.0,2.0,1.0,0.0,0.0,0.0,1.5,4.0,5.75,17,1,2023,2,11,4,15,7,Home Win,Home Win,2022-2023,Charleroi,69.0,70.0,70.0,68.0,27.0,Fast build up,Seraing,65.0,66.0,65.0,64.0,28.0,Long ball,40.0,40.0,26.666666666666668
B1,2023-02-12,Genk,Antwerp,0,1,A,16.0,8.0,3.0,3.0,17.0,14.0,9.0,3.0,2.0,3.0,0.0,0.0,1.91,3.5,3.75,12,2,2023,2,12,7,1,1,Away Win,Away Win,2022-2023,Genk,73.0,72.0,74.0,72.0,28.0,Balanced,Antwerp,73.0,76.0,72.0,73.0,27.0,Balanced,100.0,86.66666666666667,53.333333333333336
B1,2023-02-12,Anderlecht,St Truiden,3,1,H,24.0,3.0,9.0,2.0,3.0,11.0,4.0,2.0,1.0,1.0,0.0,0.0,1.83,3.4,4.0,15,1,2023,2,12,0,16,1,Home Win,Home Win,2022-2023,Anderlecht,72.0,72.0,72.0,71.0,28.0,Balanced,St Truiden,68.0,68.0,68.0,66.0,24.0,Fast build up,26.666666666666668,53.333333333333336,53.333333333333336
B1,2023-02-12,Standard,Kortrijk,0,2,A,9.0,11.0,1.0,4.0,10.0,20.0,7.0,3.0,0.0,2.0,1.0,0.0,1.62,4.0,4.75,17,2,2023,2,12,18,9,1,Away Win,Away Win,2022-2023,,69.65567176186646,70.34285714285714,69.84285714285714,68.46746031746032,26.95,Balanced,Kortrijk,68.0,66.0,68.0,65.0,28.0,Balanced,66.66666666666666,53.333333333333336,26.666666666666668
B1,2023-02-12,Waregem,Oostende,1,1,D,8.0,5.0,2.0,3.0,11.0,17.0,3.0,4.0,0.0,1.0,0.0,0.0,1.95,3.6,3.5,18,0,2023,2,12,20,12,1,Draw,Draw,2022-2023,Waregem,68.0,70.0,68.0,66.0,28.0,Balanced,Oostende,68.0,68.0,68.0,66.0,28.0,Long ball,33.33333333333333,26.666666666666668,6.666666666666667
B1,2023-02-17,Mechelen,Genk,2,2,D,11.0,13.0,5.0,3.0,8.0,6.0,4.0,4.0,1.0,0.0,0.0,0.0,4.2,3.6,1.8,19,0,2023,2,17,10,7,6,Draw,Draw,2022-2023,Mechelen,69.0,70.0,71.0,67.0,28.0,Balanced,Genk,73.0,72.0,74.0,72.0,28.0,Balanced,60.0,26.666666666666668,66.66666666666666
B1,2023-02-18,Antwerp,Eupen,2,0,H,17.0,4.0,2.0,0.0,11.0,11.0,7.0,4.0,3.0,3.0,0.0,1.0,1.36,5.0,8.0,15,1,2023,2,18,1,6,7,Home Win,Home Win,2022-2023,Antwerp,73.0,76.0,72.0,73.0,27.0,Balanced,Eupen,67.0,70.0,68.0,64.0,28.0,Balanced,53.333333333333336,73.33333333333333,40.0
B1,2023-02-18,Oostende,Charleroi,0,0,D,17.0,8.0,6.0,3.0,7.0,10.0,11.0,3.0,0.0,0.0,0.0,0.0,3.1,3.5,2.25,17,0,2023,2,18,12,4,7,Draw,Draw,2022-2023,Oostende,68.0,68.0,68.0,66.0,28.0,Long ball,Charleroi,69.0,70.0,70.0,68.0,27.0,Fast build up,20.0,13.333333333333334,40.0
B1,2023-02-18,Seraing,Waregem,1,1,D,6.0,12.0,2.0,3.0,18.0,16.0,4.0,7.0,3.0,3.0,1.0,1.0,3.1,3.4,2.2,17,0,2023,2,18,15,20,7,Draw,Draw,2022-2023,Seraing,65.0,66.0,65.0,64.0,28.0,Long ball,Waregem,68.0,70.0,68.0,66.0,28.0,Balanced,26.666666666666668,20.0,33.33333333333333
B1,2023-02-18,St. Gilloise,Standard,2,4,A,15.0,9.0,6.0,6.0,12.0,11.0,3.0,0.0,2.0,5.0,0.0,0.0,1.53,4.2,6.0,19,2,2023,2,18,17,18,7,Away Win,Away Win,2022-2023,St. Gilloise,72.0,71.0,73.0,71.0,25.0,Long ball,,69.64389067524115,70.3330689928628,69.83108643933386,68.45757335448057,26.94528152260111,Balanced,86.66666666666667,73.33333333333333,46.666666666666664
B1,2023-02-19,Cercle Brugge,Club Brugge,2,2,D,28.0,7.0,10.0,5.0,10.0,12.0,17.0,4.0,2.0,2.0,0.0,0.0,3.5,3.4,2.05,12,0,2023,2,19,3,5,1,Draw,Draw,2022-2023,Cercle Brugge,69.0,70.0,69.0,66.0,25.0,Fast build up,Club Brugge,75.0,74.0,76.0,72.0,28.0,Balanced,53.333333333333336,60.0,46.666666666666664
B1,2023-02-19,Gent,Oud-Heverlee Leuven,2,0,H,12.0,14.0,6.0,4.0,15.0,12.0,5.0,9.0,2.0,1.0,0.0,0.0,1.57,4.0,5.25,15,1,2023,2,19,8,13,1,Home Win,Home Win,2022-2023,Gent,69.65567176186646,71.0,71.0,73.0,27.0,Slow Build up,Oud-Heverlee Leuven,69.0,74.0,70.0,68.0,23.0,Long ball,53.333333333333336,33.33333333333333,20.0
B1,2023-02-19,Kortrijk,Anderlecht,2,2,D,13.0,12.0,7.0,5.0,14.0,8.0,6.0,4.0,2.0,0.0,0.0,0.0,4.0,3.6,1.85,17,0,2023,2,19,9,0,1,Draw,Draw,2022-2023,Kortrijk,68.0,66.0,68.0,65.0,28.0,Balanced,Anderlecht,72.0,72.0,72.0,71.0,28.0,Balanced,53.333333333333336,46.666666666666664,66.66666666666666
B1,2023-02-19,St Truiden,Westerlo,0,1,A,6.0,13.0,1.0,3.0,8.0,6.0,1.0,6.0,1.0,0.0,1.0,0.0,2.63,3.3,2.63,18,2,2023,2,19,16,21,1,Away Win,Away Win,2022-2023,St Truiden,68.0,68.0,68.0,66.0,24.0,Fast build up,,69.64389067524115,70.3330689928628,69.83108643933386,68.45757335448057,26.94528152260111,Balanced,46.666666666666664,33.33333333333333,40.0
B1,2023-02-24,Waregem,Kortrijk,3,3,D,15.0,9.0,4.0,5.0,19.0,18.0,8.0,5.0,3.0,4.0,0.0,0.0,2.2,3.5,3.1,19,0,2023,2,24,20,9,6,Draw,Draw,2022-2023,Waregem,68.0,70.0,68.0,66.0,28.0,Balanced,Kortrijk,68.0,66.0,68.0,65.0,28.0,Balanced,40.0,20.0,33.33333333333333
B1,2023-02-25,Seraing,Mechelen,0,2,A,7.0,9.0,0.0,4.0,11.0,14.0,4.0,3.0,2.0,1.0,0.0,0.0,3.75,3.6,1.95,15,2,2023,2,25,15,10,7,Away Win,Away Win,2022-2023,Seraing,65.0,66.0,65.0,64.0,28.0,Long ball,Mechelen,69.0,70.0,71.0,67.0,28.0,Balanced,33.33333333333333,26.666666666666668,33.33333333333333
B1,2023-02-25,Eupen,Cercle Brugge,2,2,D,7.0,14.0,3.0,4.0,10.0,13.0,4.0,6.0,1.0,1.0,1.0,0.0,3.4,3.5,2.05,17,0,2023,2,25,6,3,7,Draw,Draw,2022-2023,Eupen,67.0,70.0,68.0,64.0,28.0,Balanced,Cercle Brugge,69.0,70.0,69.0,66.0,25.0,Fast build up,33.33333333333333,33.33333333333333,60.0
B1,2023-02-25,Genk,Oostende,3,0,H,10.0,12.0,5.0,4.0,13.0,15.0,4.0,4.0,2.0,3.0,0.0,0.0,1.33,5.5,7.0,17,1,2023,2,25,7,12,7,Home Win,Home Win,2022-2023,Genk,73.0,72.0,74.0,72.0,28.0,Balanced,Oostende,68.0,68.0,68.0,66.0,28.0,Long ball,80.0,53.333333333333336,20.0
B1,2023-02-25,Westerlo,St. Gilloise,4,2,H,9.0,20.0,6.0,8.0,9.0,9.0,4.0,6.0,2.0,2.0,0.0,0.0,3.5,3.6,1.95,19,1,2023,2,25,21,17,7,Home Win,Home Win,2022-2023,,69.65567176186646,70.34285714285714,69.84285714285714,68.46746031746032,26.95,Balanced,St. Gilloise,72.0,71.0,73.0,71.0,25.0,Long ball,33.33333333333333,60.0,66.66666666666666
B1,2023-02-26,Club Brugge,Gent,2,0,H,16.0,6.0,6.0,2.0,9.0,10.0,9.0,3.0,2.0,0.0,0.0,0.0,2.15,3.75,3.1,12,1,2023,2,26,5,8,1,Home Win,Home Win,2022-2023,Club Brugge,75.0,74.0,76.0,72.0,28.0,Balanced,Gent,69.64389067524115,71.0,71.0,73.0,27.0,Slow Build up,33.33333333333333,46.666666666666664,46.666666666666664
B1,2023-02-26,Oud-Heverlee Leuven,Antwerp,1,1,D,9.0,17.0,4.0,4.0,9.0,13.0,3.0,7.0,1.0,0.0,0.0,0.0,3.5,3.5,2.0,15,0,2023,2,26,13,1,1,Draw,Draw,2022-2023,Oud-Heverlee Leuven,69.0,74.0,70.0,68.0,23.0,Long ball,Antwerp,73.0,76.0,72.0,73.0,27.0,Balanced,40.0,13.333333333333334,73.33333333333333
B1,2023-02-26,Anderlecht,Standard,2,2,D,14.0,8.0,7.0,4.0,5.0,8.0,7.0,3.0,2.0,2.0,0.0,0.0,1.83,3.75,4.0,17,0,2023,2,26,0,18,1,Draw,Draw,2022-2023,Anderlecht,72.0,72.0,72.0,71.0,28.0,Balanced,,69.64389067524115,70.3330689928628,69.83108643933386,68.45757335448057,26.94528152260111,Balanced,26.666666666666668,73.33333333333333,46.666666666666664
B1,2023-02-26,Charleroi,St Truiden,1,0,H,17.0,11.0,7.0,2.0,15.0,13.0,3.0,2.0,0.0,2.0,0.0,0.0,2.05,3.5,3.6,18,1,2023,2,26,4,16,1,Home Win,Home Win,2022-2023,Charleroi,69.0,70.0,70.0,68.0,27.0,Fast build up,St Truiden,68.0,68.0,68.0,66.0,24.0,Fast build up,40.0,40.0,26.666666666666668
B1,2023-03-03,Oostende,Club Brugge,3,0,H,13.0,11.0,6.0,3.0,12.0,16.0,0.0,5.0,2.0,2.0,0.0,0.0,4.5,4.0,1.67,19,1,2023,3,3,12,5,6,Home Win,Home Win,2022-2023,Oostende,68.0,68.0,68.0,66.0,28.0,Long ball,Club Brugge,75.0,74.0,76.0,72.0,28.0,Balanced,6.666666666666667,20.0,60.0
B1,2023-03-04,Kortrijk,Charleroi,0,1,A,18.0,11.0,3.0,6.0,7.0,12.0,4.0,2.0,0.0,4.0,0.0,0.0,3.1,3.4,2.25,15,2,2023,3,4,9,4,7,Away Win,Away Win,2022-2023,Kortrijk,68.0,66.0,68.0,65.0,28.0,Balanced,Charleroi,69.0,70.0,70.0,68.0,27.0,Fast build up,53.333333333333336,40.0,53.333333333333336
B1,2023-03-04,Cercle Brugge,Seraing,3,1,H,19.0,3.0,7.0,2.0,14.0,11.0,11.0,3.0,1.0,1.0,0.0,0.0,1.4,4.75,8.0,17,1,2023,3,4,3,15,7,Home Win,Home Win,2022-2023,Cercle Brugge,69.0,70.0,69.0,66.0,25.0,Fast build up,Seraing,65.0,66.0,65.0,64.0,28.0,Long ball,40.0,46.666666666666664,26.666666666666668
B1,2023-03-04,Oud-Heverlee Leuven,Waregem,4,2,H,13.0,12.0,8.0,4.0,11.0,10.0,3.0,5.0,2.0,1.0,0.0,0.0,1.83,3.6,4.2,17,1,2023,3,4,13,20,7,Home Win,Home Win,2022-2023,Oud-Heverlee Leuven,69.0,74.0,70.0,68.0,23.0,Long ball,Waregem,68.0,70.0,68.0,66.0,28.0,Balanced,26.666666666666668,20.0,20.0
B1,2023-03-04,Standard,Westerlo,2,0,H,23.0,7.0,5.0,0.0,12.0,11.0,7.0,1.0,0.0,2.0,1.0,0.0,2.55,3.3,2.7,19,1,2023,3,4,18,21,7,Home Win,Home Win,2022-2023,,69.65567176186646,70.34285714285714,69.84285714285714,68.46746031746032,26.95,Balanced,,69.64389067524115,70.3330689928628,69.83108643933386,68.45757335448057,26.94528152260111,Balanced,46.666666666666664,53.333333333333336,73.33333333333333
B1,2023-03-05,St Truiden,Genk,2,2,D,10.0,9.0,4.0,5.0,17.0,11.0,2.0,2.0,3.0,1.0,0.0,0.0,4.0,3.4,1.91,12,0,2023,3,5,16,7,1,Draw,Draw,2022-2023,St Truiden,68.0,68.0,68.0,66.0,24.0,Fast build up,Genk,73.0,72.0,74.0,72.0,28.0,Balanced,46.666666666666664,26.666666666666668,53.333333333333336
B1,2023-03-05,Antwerp,Mechelen,5,0,H,16.0,11.0,10.0,5.0,9.0,11.0,6.0,3.0,1.0,2.0,0.0,0.0,1.53,4.2,5.75,15,1,2023,3,5,1,10,1,Home Win,Home Win,2022-2023,Antwerp,73.0,76.0,72.0,73.0,27.0,Balanced,Mechelen,69.0,70.0,71.0,67.0,28.0,Balanced,73.33333333333333,60.0,33.33333333333333
B1,2023-03-05,Gent,Anderlecht,1,0,H,14.0,10.0,5.0,3.0,8.0,9.0,4.0,2.0,1.0,4.0,0.0,1.0,2.05,3.4,3.5,17,1,2023,3,5,8,0,1,Home Win,Home Win,2022-2023,Gent,69.65567176186646,71.0,71.0,73.0,27.0,Slow Build up,Anderlecht,72.0,72.0,72.0,71.0,28.0,Balanced,53.333333333333336,26.666666666666668,60.0
B1,2023-03-05,St. Gilloise,Eupen,2,1,H,12.0,8.0,6.0,3.0,11.0,16.0,5.0,2.0,1.0,1.0,0.0,0.0,1.25,5.5,12.0,18,1,2023,3,5,17,6,1,Home Win,Home Win,2022-2023,St. Gilloise,72.0,71.0,73.0,71.0,25.0,Long ball,Eupen,67.0,70.0,68.0,64.0,28.0,Balanced,80.0,46.666666666666664,40.0
B1,2023-03-10,Charleroi,Oud-Heverlee Leuven,0,1,A,25.0,9.0,5.0,2.0,8.0,11.0,7.0,4.0,1.0,4.0,0.0,0.0,1.85,3.6,3.6,19,2,2023,3,10,4,13,6,Away Win,Away Win,2022-2023,Charleroi,69.0,70.0,70.0,68.0,27.0,Fast build up,Oud-Heverlee Leuven,69.0,74.0,70.0,68.0,23.0,Long ball,60.0,73.33333333333333,33.33333333333333
B1,2023-03-11,Mechelen,St Truiden,1,0,H,8.0,7.0,4.0,1.0,10.0,16.0,8.0,4.0,1.0,2.0,0.0,0.0,2.15,3.25,3.1,15,1,2023,3,11,10,16,7,Home Win,Home Win,2022-2023,Mechelen,69.0,70.0,71.0,67.0,28.0,Balanced,St Truiden,68.0,68.0,68.0,66.0,24.0,Fast build up,60.0,33.33333333333333,26.666666666666668
B1,2023-03-11,Eupen,Oostende,4,4,D,29.0,14.0,10.0,9.0,9.0,10.0,9.0,2.0,0.0,3.0,0.0,1.0,2.5,3.4,2.6,17,0,2023,3,11,6,12,7,Draw,Draw,2022-2023,Eupen,67.0,70.0,68.0,64.0,28.0,Balanced,Oostende,68.0,68.0,68.0,66.0,28.0,Long ball,40.0,33.33333333333333,33.33333333333333
B1,2023-03-11,Westerlo,Kortrijk,3,1,H,9.0,19.0,7.0,6.0,9.0,10.0,7.0,7.0,3.0,2.0,0.0,0.0,1.67,4.0,4.33,17,1,2023,3,11,21,9,7,Home Win,Home Win,2022-2023,,69.65567176186646,70.34285714285714,69.84285714285714,68.46746031746032,26.95,Balanced,Kortrijk,68.0,66.0,68.0,65.0,28.0,Balanced,46.666666666666664,53.333333333333336,33.33333333333333
B1,2023-03-11,Seraing,Antwerp,0,2,A,8.0,18.0,1.0,5.0,15.0,12.0,4.0,5.0,3.0,1.0,1.0,0.0,7.5,4.33,1.4,19,2,2023,3,11,15,1,7,Away Win,Away Win,2022-2023,Seraing,65.0,66.0,65.0,64.0,28.0,Long ball,Antwerp,73.0,76.0,72.0,73.0,27.0,Balanced,33.33333333333333,26.666666666666668,73.33333333333333
B1,2023-03-12,Club Brugge,Standard,2,0,H,13.0,17.0,4.0,4.0,11.0,10.0,6.0,6.0,1.0,1.0,0.0,0.0,1.7,3.8,4.33,12,1,2023,3,12,5,18,1,Home Win,Home Win,2022-2023,Club Brugge,75.0,74.0,76.0,72.0,28.0,Balanced,,69.64389067524115,70.3330689928628,69.83108643933386,68.45757335448057,26.94528152260111,Balanced,46.666666666666664,40.0,53.333333333333336
B1,2023-03-12,Waregem,Gent,2,6,A,11.0,12.0,4.0,8.0,14.0,11.0,4.0,1.0,1.0,1.0,0.0,0.0,3.2,3.6,1.95,15,2,2023,3,12,20,8,1,Away Win,Away Win,2022-2023,Waregem,68.0,70.0,68.0,66.0,28.0,Balanced,Gent,69.64389067524115,71.0,71.0,73.0,27.0,Slow Build up,40.0,20.0,46.666666666666664
B1,2023-03-12,Genk,St. Gilloise,1,2,A,12.0,13.0,6.0,5.0,13.0,15.0,14.0,5.0,3.0,3.0,0.0,0.0,2.2,3.4,3.0,17,2,2023,3,12,7,17,1,Away Win,Away Win,2022-2023,Genk,73.0,72.0,74.0,72.0,28.0,Balanced,St. Gilloise,72.0,71.0,73.0,71.0,25.0,Long ball,80.0,53.333333333333336,46.666666666666664
B1,2023-03-12,Anderlecht,Cercle Brugge,2,0,H,18.0,7.0,9.0,2.0,8.0,17.0,5.0,4.0,0.0,2.0,0.0,1.0,2.05,3.5,3.3,18,1,2023,3,12,0,3,1,Home Win,Home Win,2022-2023,Anderlecht,72.0,72.0,72.0,71.0,28.0,Balanced,Cercle Brugge,69.0,70.0,69.0,66.0,25.0,Fast build up,33.33333333333333,53.333333333333336,46.666666666666664
B1,2023-03-17,Cercle Brugge,Genk,1,1,D,18.0,10.0,4.0,2.0,5.0,9.0,6.0,9.0,2.0,1.0,0.0,0.0,2.7,3.4,2.38,19,0,2023,3,17,3,7,6,Draw,Draw,2022-2023,Cercle Brugge,69.0,70.0,69.0,66.0,25.0,Fast build up,Genk,73.0,72.0,74.0,72.0,28.0,Balanced,60.0,40.0,33.33333333333333
B1,2023-03-18,Kortrijk,Club Brugge,1,0,H,10.0,13.0,6.0,3.0,11.0,11.0,1.0,6.0,2.0,2.0,0.0,0.0,4.2,3.8,1.65,15,1,2023,3,18,9,5,7,Home Win,Home Win,2022-2023,Kortrijk,68.0,66.0,68.0,65.0,28.0,Balanced,Club Brugge,75.0,74.0,76.0,72.0,28.0,Balanced,53.333333333333336,33.33333333333333,53.333333333333336
B1,2023-03-18,Oostende,Westerlo,1,2,A,22.0,7.0,12.0,2.0,9.0,9.0,7.0,5.0,1.0,2.0,0.0,0.0,2.88,3.3,2.25,17,2,2023,3,18,12,21,7,Away Win,Away Win,2022-2023,Oostende,68.0,68.0,68.0,66.0,28.0,Long ball,,69.64389067524115,70.3330689928628,69.83108643933386,68.45757335448057,26.94528152260111,Balanced,26.666666666666668,40.0,66.66666666666666
B1,2023-03-18,St Truiden,Seraing,2,1,H,12.0,9.0,7.0,1.0,14.0,8.0,4.0,2.0,2.0,2.0,0.0,0.0,1.53,3.75,5.75,17,1,2023,3,18,16,15,7,Home Win,Home Win,2022-2023,St Truiden,68.0,68.0,68.0,66.0,24.0,Fast build up,Seraing,65.0,66.0,65.0,64.0,28.0,Long ball,33.33333333333333,6.666666666666667,6.666666666666667
B1,2023-03-18,Standard,Waregem,2,2,D,21.0,9.0,8.0,5.0,14.0,12.0,6.0,5.0,3.0,2.0,0.0,0.0,1.67,3.75,4.5,19,0,2023,3,18,18,20,7,Draw,Draw,2022-2023,,69.65567176186646,70.34285714285714,69.84285714285714,68.46746031746032,26.95,Balanced,Waregem,68.0,70.0,68.0,66.0,28.0,Balanced,66.66666666666666,46.666666666666664,20.0
B1,2023-03-19,Antwerp,Charleroi,0,1,A,28.0,5.0,8.0,2.0,8.0,9.0,8.0,0.0,0.0,4.0,0.0,1.0,1.67,3.75,4.5,12,2,2023,3,19,1,4,1,Away Win,Away Win,2022-2023,Antwerp,73.0,76.0,72.0,73.0,27.0,Balanced,Charleroi,69.0,70.0,70.0,68.0,27.0,Fast build up,86.66666666666667,86.66666666666667,66.66666666666666
B1,2023-03-19,Oud-Heverlee Leuven,Anderlecht,0,2,A,9.0,12.0,5.0,5.0,11.0,13.0,4.0,7.0,3.0,2.0,0.0,0.0,3.0,3.4,2.15,15,2,2023,3,19,13,0,1,Away Win,Away Win,2022-2023,Oud-Heverlee Leuven,69.0,74.0,70.0,68.0,23.0,Long ball,Anderlecht,72.0,72.0,72.0,71.0,28.0,Balanced,46.666666666666664,53.333333333333336,53.333333333333336
B1,2023-03-19,St. Gilloise,Mechelen,2,1,H,15.0,5.0,6.0,1.0,11.0,11.0,3.0,5.0,1.0,2.0,0.0,0.0,1.36,4.75,7.0,17,1,2023,3,19,17,10,1,Home Win,Home Win,2022-2023,St. Gilloise,72.0,71.0,73.0,71.0,25.0,Long ball,Mechelen,69.0,70.0,71.0,67.0,28.0,Balanced,80.0,46.666666666666664,46.666666666666664
B1,2023-03-19,Gent,Eupen,3,0,H,25.0,11.0,5.0,3.0,6.0,9.0,16.0,5.0,2.0,0.0,0.0,0.0,1.36,4.75,8.0,18,1,2023,3,19,8,6,1,Home Win,Home Win,2022-2023,Gent,69.65567176186646,71.0,71.0,73.0,27.0,Slow Build up,Eupen,67.0,70.0,68.0,64.0,28.0,Balanced,66.66666666666666,66.66666666666666,33.33333333333333
B1,2023-03-31,Waregem,Antwerp,0,2,A,7.0,13.0,3.0,5.0,11.0,15.0,6.0,5.0,4.0,1.0,0.0,0.0,4.2,4.0,1.65,19,2,2023,3,31,20,1,6,Away Win,Away Win,2022-2023,Waregem,68.0,70.0,68.0,66.0,28.0,Balanced,Antwerp,73.0,76.0,72.0,73.0,27.0,Balanced,20.0,20.0,66.66666666666666
B1,2023-04-01,Cercle Brugge,Kortrijk,2,0,H,19.0,6.0,6.0,4.0,17.0,13.0,6.0,2.0,2.0,2.0,0.0,0.0,1.57,4.0,4.75,15,1,2023,4,1,3,9,7,Home Win,Home Win,2022-2023,Cercle Brugge,69.0,70.0,69.0,66.0,25.0,Fast build up,Kortrijk,68.0,66.0,68.0,65.0,28.0,Balanced,60.0,40.0,33.33333333333333
B1,2023-04-01,Seraing,Gent,0,5,A,6.0,18.0,0.0,10.0,5.0,6.0,3.0,13.0,0.0,1.0,0.0,0.0,8.0,4.33,1.33,17,2,2023,4,1,15,8,7,Away Win,Away Win,2022-2023,Seraing,65.0,66.0,65.0,64.0,28.0,Long ball,Gent,69.64389067524115,71.0,71.0,73.0,27.0,Slow Build up,26.666666666666668,6.666666666666667,80.0
B1,2023-04-01,Westerlo,Charleroi,2,3,A,17.0,12.0,7.0,5.0,5.0,16.0,7.0,4.0,2.0,5.0,0.0,0.0,2.1,3.5,3.1,17,2,2023,4,1,21,4,7,Away Win,Away Win,2022-2023,,69.65567176186646,70.34285714285714,69.84285714285714,68.46746031746032,26.95,Balanced,Charleroi,69.0,70.0,70.0,68.0,27.0,Fast build up,66.66666666666666,80.0,66.66666666666666
B1,2023-04-01,Oostende,Standard,1,3,A,15.0,13.0,4.0,7.0,11.0,6.0,6.0,7.0,3.0,1.0,1.0,0.0,3.1,3.4,2.1,19,2,2023,4,1,12,18,7,Away Win,Away Win,2022-2023,Oostende,68.0,68.0,68.0,66.0,28.0,Long ball,,69.64389067524115,70.3330689928628,69.83108643933386,68.45757335448057,26.94528152260111,Balanced,26.666666666666668,33.33333333333333,53.333333333333336
B1,2023-04-02,Genk,Oud-Heverlee Leuven,2,1,H,22.0,11.0,8.0,5.0,10.0,9.0,11.0,5.0,4.0,2.0,0.0,0.0,1.5,4.0,6.0,12,1,2023,4,2,7,13,1,Home Win,Home Win,2022-2023,Genk,73.0,72.0,74.0,72.0,28.0,Balanced,Oud-Heverlee Leuven,69.0,74.0,70.0,68.0,23.0,Long ball,60.0,40.0,46.666666666666664
B1,2023-04-02,Eupen,Anderlecht,0,1,A,9.0,13.0,1.0,4.0,16.0,8.0,2.0,6.0,1.0,0.0,0.0,0.0,3.8,3.6,1.8,15,2,2023,4,2,6,0,1,Away Win,Away Win,2022-2023,Eupen,67.0,70.0,68.0,64.0,28.0,Balanced,Anderlecht,72.0,72.0,72.0,71.0,28.0,Balanced,46.666666666666664,13.333333333333334,53.333333333333336
B1,2023-04-02,Mechelen,Club Brugge,0,3,A,4.0,18.0,1.0,5.0,9.0,6.0,1.0,8.0,1.0,1.0,0.0,0.0,3.5,3.5,1.91,17,2,2023,4,2,10,5,1,Away Win,Away Win,2022-2023,Mechelen,69.0,70.0,71.0,67.0,28.0,Balanced,Club Brugge,75.0,74.0,76.0,72.0,28.0,Balanced,73.33333333333333,46.666666666666664,46.666666666666664
B1,2023-04-02,St. Gilloise,St Truiden,2,1,H,11.0,6.0,7.0,1.0,14.0,8.0,13.0,1.0,2.0,3.0,0.0,1.0,1.44,4.5,6.5,18,1,2023,4,2,17,16,1,Home Win,Home Win,2022-2023,St. Gilloise,72.0,71.0,73.0,71.0,25.0,Long ball,St Truiden,68.0,68.0,68.0,66.0,24.0,Fast build up,80.0,60.0,26.666666666666668
B1,2023-04-07,Club Brugge,Seraing,2,0,H,26.0,5.0,11.0,0.0,10.0,8.0,21.0,1.0,0.0,0.0,0.0,0.0,1.11,9.5,21.0,19,1,2023,4,7,5,15,6,Home Win,Home Win,2022-2023,Club Brugge,75.0,74.0,76.0,72.0,28.0,Balanced,Seraing,65.0,66.0,65.0,64.0,28.0,Long ball,60.0,60.0,0.0
B1,2023-04-08,Kortrijk,Eupen,0,0,D,14.0,13.0,1.0,3.0,17.0,9.0,7.0,6.0,3.0,2.0,0.0,0.0,2.0,3.5,3.6,15,0,2023,4,8,9,6,7,Draw,Draw,2022-2023,Kortrijk,68.0,66.0,68.0,65.0,28.0,Balanced,Eupen,67.0,70.0,68.0,64.0,28.0,Balanced,53.333333333333336,26.666666666666668,13.333333333333334
B1,2023-04-08,Oud-Heverlee Leuven,Mechelen,4,1,H,17.0,16.0,11.0,6.0,8.0,13.0,2.0,8.0,1.0,3.0,0.0,0.0,2.1,3.5,3.3,15,1,2023,4,8,13,10,7,Home Win,Home Win,2022-2023,Oud-Heverlee Leuven,69.0,74.0,70.0,68.0,23.0,Long ball,Mechelen,69.0,70.0,71.0,67.0,28.0,Balanced,40.0,46.666666666666664,40.0
B1,2023-04-08,Charleroi,Waregem,3,2,H,18.0,8.0,8.0,5.0,11.0,15.0,3.0,5.0,3.0,1.0,0.0,0.0,1.73,3.8,4.75,17,1,2023,4,8,4,20,7,Home Win,Home Win,2022-2023,Charleroi,69.0,70.0,70.0,68.0,27.0,Fast build up,Waregem,68.0,70.0,68.0,66.0,28.0,Balanced,60.0,80.0,13.333333333333334
B1,2023-04-08,Gent,St. Gilloise,1,1,D,10.0,5.0,3.0,3.0,4.0,11.0,4.0,3.0,0.0,2.0,0.0,0.0,2.55,3.3,2.7,19,0,2023,4,8,8,17,7,Draw,Draw,2022-2023,Gent,69.65567176186646,71.0,71.0,73.0,27.0,Slow Build up,St. Gilloise,72.0,71.0,73.0,71.0,25.0,Long ball,66.66666666666666,80.0,80.0
B1,2023-04-09,Anderlecht,Westerlo,0,0,D,16.0,13.0,2.0,6.0,11.0,18.0,10.0,1.0,2.0,2.0,0.0,0.0,1.67,3.75,5.0,12,0,2023,4,9,0,21,1,Draw,Draw,2022-2023,Anderlecht,72.0,72.0,72.0,71.0,28.0,Balanced,,69.64389067524115,70.3330689928628,69.83108643933386,68.45757335448057,26.94528152260111,Balanced,53.333333333333336,66.66666666666666,60.0
B1,2023-04-09,Antwerp,Cercle Brugge,2,1,H,11.0,10.0,4.0,4.0,10.0,19.0,6.0,1.0,1.0,3.0,0.0,0.0,1.7,3.6,4.75,15,1,2023,4,9,1,3,1,Home Win,Home Win,2022-2023,Antwerp,73.0,76.0,72.0,73.0,27.0,Balanced,Cercle Brugge,69.0,70.0,69.0,66.0,25.0,Fast build up,66.66666666666666,66.66666666666666,53.333333333333336
B1,2023-04-09,Standard,Genk,2,0,H,11.0,19.0,4.0,7.0,17.0,13.0,4.0,7.0,3.0,3.0,0.0,0.0,2.63,3.4,2.55,17,1,2023,4,9,18,7,1,Home Win,Home Win,2022-2023,,69.65567176186646,70.34285714285714,69.84285714285714,68.46746031746032,26.95,Balanced,Genk,73.0,72.0,74.0,72.0,28.0,Balanced,66.66666666666666,53.333333333333336,53.333333333333336
B1,2023-04-09,St Truiden,Oostende,5,0,H,18.0,11.0,11.0,4.0,14.0,12.0,6.0,2.0,1.0,1.0,0.0,0.0,2.25,3.25,3.25,18,1,2023,4,9,16,12,1,Home Win,Home Win,2022-2023,St Truiden,68.0,68.0,68.0,66.0,24.0,Fast build up,Oostende,68.0,68.0,68.0,66.0,28.0,Long ball,46.666666666666664,26.666666666666668,26.666666666666668
B1,2023-04-14,Standard,Charleroi,3,1,H,10.0,17.0,6.0,5.0,15.0,11.0,5.0,5.0,4.0,1.0,1.0,0.0,2.05,3.5,3.5,19,1,2023,4,14,18,4,6,Home Win,Home Win,2022-2023,,69.65567176186646,70.34285714285714,69.84285714285714,68.46746031746032,26.95,Balanced,Charleroi,69.0,70.0,70.0,68.0,27.0,Fast build up,66.66666666666666,66.66666666666666,80.0
B1,2023-04-15,Eupen,Waregem,1,5,A,11.0,16.0,3.0,9.0,15.0,13.0,4.0,3.0,3.0,1.0,0.0,0.0,2.38,3.4,2.9,15,2,2023,4,15,6,20,7,Away Win,Away Win,2022-2023,Eupen,67.0,70.0,68.0,64.0,28.0,Balanced,Waregem,68.0,70.0,68.0,66.0,28.0,Balanced,40.0,13.333333333333334,6.666666666666667
B1,2023-04-15,Cercle Brugge,St Truiden,3,1,H,10.0,5.0,5.0,1.0,11.0,15.0,4.0,1.0,3.0,0.0,0.0,0.0,1.67,3.75,5.0,17,1,2023,4,15,3,16,7,Home Win,Home Win,2022-2023,Cercle Brugge,69.0,70.0,69.0,66.0,25.0,Fast build up,St Truiden,68.0,68.0,68.0,66.0,24.0,Fast build up,60.0,46.666666666666664,46.666666666666664
B1,2023-04-15,Oostende,Oud-Heverlee Leuven,0,4,A,13.0,19.0,3.0,8.0,10.0,8.0,7.0,6.0,1.0,0.0,0.0,0.0,2.4,3.5,2.75,17,2,2023,4,15,12,13,7,Away Win,Away Win,2022-2023,Oostende,68.0,68.0,68.0,66.0,28.0,Long ball,Oud-Heverlee Leuven,69.0,74.0,70.0,68.0,23.0,Long ball,26.666666666666668,26.666666666666668,60.0
B1,2023-04-15,Westerlo,Club Brugge,0,0,D,7.0,22.0,1.0,10.0,13.0,8.0,4.0,13.0,4.0,3.0,0.0,0.0,3.3,3.4,2.15,19,0,2023,4,15,21,5,7,Draw,Draw,2022-2023,,69.65567176186646,70.34285714285714,69.84285714285714,68.46746031746032,26.95,Balanced,Club Brugge,75.0,74.0,76.0,72.0,28.0,Balanced,66.66666666666666,46.666666666666664,60.0
B1,2023-04-16,Genk,Anderlecht,5,2,H,14.0,13.0,9.0,6.0,16.0,17.0,7.0,2.0,2.0,3.0,0.0,0.0,1.85,3.6,4.0,12,1,2023,4,16,7,0,1,Home Win,Home Win,2022-2023,Genk,73.0,72.0,74.0,72.0,28.0,Balanced,Anderlecht,72.0,72.0,72.0,71.0,28.0,Balanced,60.0,33.33333333333333,66.66666666666666
B1,2023-04-16,Mechelen,Gent,1,1,D,2.0,14.0,1.0,5.0,10.0,7.0,3.0,6.0,1.0,1.0,0.0,0.0,4.75,3.8,1.67,15,0,2023,4,16,10,8,1,Draw,Draw,2022-2023,Mechelen,69.0,70.0,71.0,67.0,28.0,Balanced,Gent,69.64389067524115,71.0,71.0,73.0,27.0,Slow Build up,53.333333333333336,20.0,86.66666666666667
B1,2023-04-16,Antwerp,Kortrijk,1,0,H,14.0,5.0,3.0,2.0,13.0,13.0,12.0,2.0,0.0,1.0,0.0,0.0,1.29,5.75,9.0,17,1,2023,4,16,1,9,1,Home Win,Home Win,2022-2023,Antwerp,73.0,76.0,72.0,73.0,27.0,Balanced,Kortrijk,68.0,66.0,68.0,65.0,28.0,Balanced,66.66666666666666,80.0,26.666666666666668
B1,2023-04-16,St. Gilloise,Seraing,2,1,H,19.0,6.0,8.0,2.0,9.0,13.0,11.0,2.0,1.0,1.0,0.0,0.0,1.08,10.0,23.0,18,1,2023,4,16,17,15,1,Home Win,Home Win,2022-2023,St. Gilloise,72.0,71.0,73.0,71.0,25.0,Long ball,Seraing,65.0,66.0,65.0,64.0,28.0,Long ball,80.0,86.66666666666667,0.0
B1,2023-04-22,Seraing,Westerlo,1,1,D,10.0,12.0,4.0,1.0,14.0,12.0,6.0,4.0,4.0,1.0,0.0,0.0,5.5,4.0,1.55,17,0,2023,4,22,15,21,7,Draw,Draw,2022-2023,Seraing,65.0,66.0,65.0,64.0,28.0,Long ball,,69.64389067524115,70.3330689928628,69.83108643933386,68.45757335448057,26.94528152260111,Balanced,26.666666666666668,0.0,53.333333333333336
B1,2023-04-23,St Truiden,Antwerp,0,1,A,10.0,10.0,0.0,4.0,11.0,6.0,6.0,2.0,2.0,0.0,0.0,0.0,4.33,3.5,1.8,12,2,2023,4,23,16,1,1,Away Win,Away Win,2022-2023,St Truiden,68.0,68.0,68.0,66.0,24.0,Fast build up,Antwerp,73.0,76.0,72.0,73.0,27.0,Balanced,66.66666666666666,40.0,80.0
B1,2023-04-23,Anderlecht,Mechelen,2,3,A,19.0,15.0,9.0,7.0,11.0,12.0,6.0,3.0,0.0,0.0,0.0,0.0,1.36,5.0,7.0,17,2,2023,4,23,0,10,1,Away Win,Away Win,2022-2023,Anderlecht,72.0,72.0,72.0,71.0,28.0,Balanced,Mechelen,69.0,70.0,71.0,67.0,28.0,Balanced,60.0,66.66666666666666,26.666666666666668
B1,2023-04-23,Charleroi,Genk,2,2,D,13.0,4.0,6.0,2.0,15.0,13.0,6.0,4.0,3.0,1.0,0.0,0.0,3.6,3.6,1.91,17,0,2023,4,23,4,7,1,Draw,Draw,2022-2023,Charleroi,69.0,70.0,70.0,68.0,27.0,Fast build up,Genk,73.0,72.0,74.0,72.0,28.0,Balanced,60.0,60.0,46.666666666666664
B1,2023-04-23,Club Brugge,Eupen,7,0,H,33.0,6.0,13.0,0.0,8.0,15.0,4.0,4.0,0.0,3.0,0.0,0.0,1.3,5.0,9.5,17,1,2023,4,23,5,6,1,Home Win,Home Win,2022-2023,Club Brugge,75.0,74.0,76.0,72.0,28.0,Balanced,Eupen,67.0,70.0,68.0,64.0,28.0,Balanced,73.33333333333333,66.66666666666666,13.333333333333334
B1,2023-04-23,Gent,Oostende,1,2,A,19.0,13.0,4.0,6.0,4.0,10.0,3.0,5.0,2.0,3.0,0.0,0.0,1.2,6.0,12.0,17,2,2023,4,23,8,12,1,Away Win,Away Win,2022-2023,Gent,69.65567176186646,71.0,71.0,73.0,27.0,Slow Build up,Oostende,68.0,68.0,68.0,66.0,28.0,Long ball,66.66666666666666,73.33333333333333,6.666666666666667
B1,2023-04-23,Kortrijk,St. Gilloise,2,4,A,9.0,16.0,5.0,8.0,9.0,14.0,0.0,3.0,1.0,3.0,0.0,0.0,5.25,4.2,1.53,17,2,2023,4,23,9,17,1,Away Win,Away Win,2022-2023,Kortrijk,68.0,66.0,68.0,65.0,28.0,Balanced,St. Gilloise,72.0,71.0,73.0,71.0,25.0,Long ball,40.0,26.666666666666668,86.66666666666667
B1,2023-04-23,Oud-Heverlee Leuven,Standard,3,2,H,12.0,14.0,5.0,5.0,9.0,9.0,6.0,7.0,0.0,2.0,0.0,0.0,2.5,3.6,2.5,17,1,2023,4,23,13,18,1,Home Win,Home Win,2022-2023,Oud-Heverlee Leuven,69.0,74.0,70.0,68.0,23.0,Long ball,,69.64389067524115,70.3330689928628,69.83108643933386,68.45757335448057,26.94528152260111,Balanced,53.333333333333336,60.0,66.66666666666666
B1,2023-04-23,Waregem,Cercle Brugge,2,3,A,11.0,22.0,3.0,8.0,16.0,21.0,3.0,3.0,2.0,4.0,0.0,0.0,3.0,3.6,2.15,17,2,2023,4,23,20,3,1,Away Win,Away Win,2022-2023,Waregem,68.0,70.0,68.0,66.0,28.0,Balanced,Cercle Brugge,69.0,70.0,69.0,66.0,25.0,Fast build up,13.333333333333334,26.666666666666668,46.666666666666664
B1,2023-07-28,St. Gilloise,Anderlecht,2,0,H,10.0,5.0,3.0,2.0,16.0,13.0,3.0,3.0,5.0,3.0,0.0,0.0,2.1,3.3,3.2,19,1,2023,7,28,17,0,6,Home Win,Home Win,2023-2024,St. Gilloise,72.0,72.0,70.0,72.0,27.0,Balanced,Anderlecht,74.0,74.0,73.0,74.0,28.0,Balanced,80.0,86.66666666666667,46.666666666666664
B1,2023-07-29,Eupen,Westerlo,2,2,D,13.0,22.0,6.0,5.0,14.0,7.0,1.0,4.0,1.0,0.0,0.0,0.0,3.4,3.3,2.05,15,0,2023,7,29,6,21,7,Draw,Draw,2023-2024,Eupen,67.0,67.0,67.0,66.0,28.0,Long ball,Westerlo,68.0,67.0,67.0,68.0,28.0,Balanced,33.33333333333333,6.666666666666667,40.0
B1,2023-07-29,Charleroi,Oud-Heverlee Leuven,1,1,D,4.0,19.0,2.0,5.0,7.0,12.0,2.0,6.0,3.0,1.0,1.0,0.0,1.95,3.5,3.5,17,0,2023,7,29,4,13,7,Draw,Draw,2023-2024,Charleroi,69.0,72.0,70.0,68.0,28.0,Balanced,Oud-Heverlee Leuven,68.0,69.0,68.0,69.0,28.0,Balanced,66.66666666666666,66.66666666666666,60.0
B1,2023-07-29,RWD Molenbeek,Genk,0,4,A,10.0,28.0,4.0,10.0,11.0,11.0,2.0,6.0,1.0,0.0,0.0,0.0,3.5,3.6,1.85,19,2,2023,7,29,14,7,7,Away Win,Away Win,2023-2024,RWD Molenbeek,67.0,70.0,68.0,65.0,28.0,Balanced,Genk,72.0,71.0,72.0,72.0,26.0,Long ball,,,53.333333333333336
B1,2023-07-30,Antwerp,Cercle Brugge,1,0,H,15.0,8.0,4.0,1.0,15.0,13.0,7.0,7.0,0.0,2.0,0.0,0.0,1.75,3.5,4.2,12,1,2023,7,30,1,3,1,Home Win,Home Win,2023-2024,Antwerp,73.0,74.0,73.0,73.0,27.0,Fast build up,Cercle Brugge,69.0,70.0,70.0,67.0,28.0,Balanced,80.0,80.0,66.66666666666666
B1,2023-07-30,Gent,Kortrijk,3,2,H,17.0,10.0,4.0,3.0,5.0,9.0,7.0,5.0,1.0,4.0,0.0,0.0,1.33,4.75,8.0,15,1,2023,7,30,8,9,1,Home Win,Home Win,2023-2024,Gent,72.0,71.0,72.0,72.0,28.0,Fast build up,Kortrijk,67.0,67.0,68.0,66.0,28.0,Balanced,66.66666666666666,53.333333333333336,26.666666666666668
B1,2023-07-30,Club Brugge,Mechelen,1,1,D,21.0,9.0,5.0,2.0,8.0,9.0,4.0,3.0,2.0,2.0,1.0,0.0,1.45,4.5,5.25,17,0,2023,7,30,5,10,1,Draw,Draw,2023-2024,Club Brugge,74.0,73.0,75.0,71.0,27.0,Long ball,Mechelen,69.0,71.0,68.0,68.0,28.0,Balanced,86.66666666666667,66.66666666666666,26.666666666666668
B1,2023-07-30,St Truiden,Standard,1,0,H,11.0,7.0,3.0,3.0,13.0,11.0,3.0,2.0,1.0,1.0,0.0,0.0,2.63,3.2,2.63,18,1,2023,7,30,16,18,1,Home Win,Home Win,2023-2024,St Truiden,68.0,70.0,68.0,68.0,27.0,Fast build up,,69.64389067524115,70.3330689928628,69.83108643933386,68.45757335448057,26.94528152260111,Balanced,46.666666666666664,40.0,66.66666666666666
B1,2023-08-04,Standard,St. Gilloise,0,1,A,8.0,24.0,3.0,8.0,9.0,12.0,2.0,13.0,4.0,1.0,1.0,0.0,3.75,3.6,1.91,19,2,2023,8,4,18,17,6,Away Win,Away Win,2023-2024,,69.65567176186646,70.34285714285714,69.84285714285714,68.46746031746032,26.95,Balanced,St. Gilloise,72.0,72.0,70.0,72.0,27.0,Balanced,66.66666666666666,60.0,86.66666666666667
B1,2023-08-05,Genk,Eupen,0,1,A,28.0,5.0,3.0,2.0,11.0,11.0,7.0,2.0,1.0,2.0,0.0,0.0,1.33,5.25,8.5,15,2,2023,8,5,7,6,7,Away Win,Away Win,2023-2024,Genk,72.0,71.0,72.0,72.0,26.0,Long ball,Eupen,67.0,67.0,67.0,66.0,28.0,Long ball,60.0,66.66666666666666,13.333333333333334
B1,2023-08-05,Cercle Brugge,Charleroi,2,0,H,19.0,8.0,3.0,3.0,11.0,13.0,4.0,5.0,0.0,3.0,0.0,0.0,1.85,3.8,4.0,17,1,2023,8,5,3,4,7,Home Win,Home Win,2023-2024,Cercle Brugge,69.0,70.0,70.0,67.0,28.0,Balanced,Charleroi,69.0,72.0,70.0,68.0,28.0,Balanced,73.33333333333333,60.0,53.333333333333336
B1,2023-08-05,Oud-Heverlee Leuven,RWD Molenbeek,1,2,A,18.0,15.0,5.0,4.0,14.0,18.0,15.0,6.0,4.0,1.0,0.0,0.0,1.75,4.0,4.2,19,2,2023,8,5,13,14,7,Away Win,Away Win,2023-2024,Oud-Heverlee Leuven,68.0,69.0,68.0,69.0,28.0,Balanced,RWD Molenbeek,67.0,70.0,68.0,65.0,28.0,Balanced,66.66666666666666,66.66666666666666,0.0
B1,2023-08-06,Anderlecht,Antwerp,1,0,H,9.0,5.0,2.0,3.0,9.0,19.0,3.0,6.0,1.0,1.0,0.0,0.0,2.55,3.4,2.63,12,1,2023,8,6,0,1,1,Home Win,Home Win,2023-2024,Anderlecht,74.0,74.0,73.0,74.0,28.0,Balanced,Antwerp,73.0,74.0,73.0,73.0,27.0,Fast build up,53.333333333333336,26.666666666666668,100.0
B1,2023-08-06,Mechelen,Gent,0,1,A,14.0,12.0,2.0,3.0,14.0,14.0,7.0,3.0,2.0,3.0,0.0,0.0,3.8,4.0,1.8,15,2,2023,8,6,10,8,1,Away Win,Away Win,2023-2024,Mechelen,69.0,71.0,68.0,68.0,28.0,Balanced,Gent,72.0,71.0,72.0,72.0,28.0,Fast build up,40.0,33.33333333333333,53.333333333333336
B1,2023-08-06,Westerlo,Club Brugge,0,1,A,11.0,20.0,3.0,8.0,7.0,9.0,4.0,5.0,1.0,0.0,0.0,0.0,3.6,3.75,1.95,17,2,2023,8,6,21,5,1,Away Win,Away Win,2023-2024,Westerlo,68.0,67.0,67.0,68.0,28.0,Balanced,Club Brugge,74.0,73.0,75.0,71.0,27.0,Long ball,53.333333333333336,26.666666666666668,73.33333333333333
B1,2023-08-06,Kortrijk,St Truiden,0,1,A,8.0,14.0,1.0,4.0,10.0,12.0,0.0,14.0,1.0,2.0,0.0,0.0,2.8,3.4,2.45,18,2,2023,8,6,9,16,1,Away Win,Away Win,2023-2024,Kortrijk,67.0,67.0,68.0,66.0,28.0,Balanced,St Truiden,68.0,70.0,68.0,68.0,27.0,Fast build up,33.33333333333333,6.666666666666667,40.0
B1,2023-08-11,Antwerp,Kortrijk,6,0,H,25.0,4.0,9.0,1.0,8.0,11.0,4.0,1.0,0.0,2.0,0.0,0.0,1.25,5.25,9.5,19,1,2023,8,11,1,9,6,Home Win,Home Win,2023-2024,Antwerp,73.0,74.0,73.0,73.0,27.0,Fast build up,Kortrijk,67.0,67.0,68.0,66.0,28.0,Balanced,80.0,80.0,6.666666666666667
B1,2023-08-12,RWD Molenbeek,Mechelen,1,0,H,18.0,9.0,8.0,4.0,12.0,11.0,7.0,4.0,3.0,1.0,0.0,0.0,2.15,3.5,2.9,15,1,2023,8,12,14,10,7,Home Win,Home Win,2023-2024,RWD Molenbeek,67.0,70.0,68.0,65.0,28.0,Balanced,Mechelen,69.0,71.0,68.0,68.0,28.0,Balanced,0.0,50.0,33.33333333333333
B1,2023-08-12,St. Gilloise,Oud-Heverlee Leuven,5,1,H,16.0,4.0,9.0,1.0,10.0,15.0,0.0,3.0,1.0,4.0,0.0,0.0,1.5,4.0,5.75,17,1,2023,8,12,17,13,7,Home Win,Home Win,2023-2024,St. Gilloise,72.0,72.0,70.0,72.0,27.0,Balanced,Oud-Heverlee Leuven,68.0,69.0,68.0,69.0,28.0,Balanced,100.0,86.66666666666667,66.66666666666666
B1,2023-08-13,St Truiden,Anderlecht,0,1,A,14.0,9.0,5.0,3.0,13.0,15.0,6.0,1.0,4.0,5.0,0.0,1.0,3.2,3.4,2.05,12,2,2023,8,13,16,0,1,Away Win,Away Win,2023-2024,St Truiden,68.0,70.0,68.0,68.0,27.0,Fast build up,Anderlecht,74.0,74.0,73.0,74.0,28.0,Balanced,66.66666666666666,60.0,26.666666666666668
B1,2023-08-13,Cercle Brugge,Genk,0,1,A,13.0,10.0,2.0,3.0,8.0,20.0,5.0,3.0,2.0,3.0,0.0,0.0,2.75,3.5,2.25,15,2,2023,8,13,3,7,1,Away Win,Away Win,2023-2024,Cercle Brugge,69.0,70.0,70.0,67.0,28.0,Balanced,Genk,72.0,71.0,72.0,72.0,26.0,Long ball,86.66666666666667,60.0,46.666666666666664
B1,2023-08-13,Eupen,Club Brugge,0,5,A,9.0,13.0,1.0,7.0,9.0,13.0,4.0,6.0,0.0,2.0,0.0,0.0,5.25,4.0,1.5,15,2,2023,8,13,6,5,1,Away Win,Away Win,2023-2024,Eupen,67.0,67.0,67.0,66.0,28.0,Long ball,Club Brugge,74.0,73.0,75.0,71.0,27.0,Long ball,20.0,33.33333333333333,73.33333333333333
B1,2023-08-13,Charleroi,Standard,1,1,D,18.0,7.0,3.0,2.0,11.0,12.0,13.0,2.0,3.0,2.0,1.0,1.0,1.95,3.5,3.4,17,0,2023,8,13,4,18,1,Draw,Draw,2023-2024,Charleroi,69.0,72.0,70.0,68.0,28.0,Balanced,,69.64389067524115,70.3330689928628,69.83108643933386,68.45757335448057,26.94528152260111,Balanced,53.333333333333336,33.33333333333333,40.0
B1,2023-08-13,Westerlo,Gent,1,3,A,14.0,18.0,4.0,9.0,10.0,14.0,4.0,10.0,1.0,1.0,0.0,0.0,3.3,3.4,2.0,18,2,2023,8,13,21,8,1,Away Win,Away Win,2023-2024,Westerlo,68.0,67.0,67.0,68.0,28.0,Balanced,Gent,72.0,71.0,72.0,72.0,28.0,Fast build up,46.666666666666664,26.666666666666668,53.333333333333336
B1,2023-08-18,Oud-Heverlee Leuven,Antwerp,1,1,D,10.0,13.0,2.0,4.0,16.0,10.0,7.0,7.0,4.0,2.0,1.0,0.0,5.25,4.0,1.62,19,0,2023,8,18,13,1,6,Draw,Draw,2023-2024,Oud-Heverlee Leuven,68.0,69.0,68.0,69.0,28.0,Balanced,Antwerp,73.0,74.0,73.0,73.0,27.0,Fast build up,60.0,46.666666666666664,80.0
B1,2023-08-19,Standard,Cercle Brugge,0,1,A,7.0,16.0,3.0,4.0,10.0,11.0,3.0,2.0,2.0,2.0,0.0,0.0,2.9,3.4,2.38,15,2,2023,8,19,18,3,7,Away Win,Away Win,2023-2024,,69.65567176186646,70.34285714285714,69.84285714285714,68.46746031746032,26.95,Balanced,Cercle Brugge,69.0,70.0,70.0,67.0,28.0,Balanced,66.66666666666666,26.666666666666668,60.0
B1,2023-08-19,Mechelen,St. Gilloise,4,0,H,10.0,14.0,7.0,1.0,9.0,10.0,4.0,6.0,0.0,2.0,0.0,0.0,4.33,3.75,1.75,19,1,2023,8,19,10,17,7,Home Win,Home Win,2023-2024,Mechelen,69.0,71.0,68.0,68.0,28.0,Balanced,St. Gilloise,72.0,72.0,70.0,72.0,27.0,Balanced,33.33333333333333,33.33333333333333,100.0
B1,2023-08-20,Anderlecht,Westerlo,2,1,H,24.0,18.0,7.0,3.0,7.0,13.0,6.0,2.0,1.0,3.0,0.0,0.0,1.83,3.75,4.0,12,1,2023,8,20,0,21,1,Home Win,Home Win,2023-2024,Anderlecht,74.0,74.0,73.0,74.0,28.0,Balanced,Westerlo,68.0,67.0,67.0,68.0,28.0,Balanced,53.333333333333336,40.0,20.0
B1,2023-08-20,Genk,Charleroi,0,0,D,23.0,7.0,7.0,3.0,11.0,13.0,11.0,4.0,0.0,0.0,0.0,0.0,1.53,4.2,5.5,15,0,2023,8,20,7,4,1,Draw,Draw,2023-2024,Genk,72.0,71.0,72.0,72.0,26.0,Long ball,Charleroi,69.0,72.0,70.0,68.0,28.0,Balanced,60.0,66.66666666666666,20.0
B1,2023-08-20,Gent,St Truiden,2,2,D,19.0,14.0,5.0,3.0,11.0,9.0,7.0,2.0,2.0,2.0,0.0,0.0,1.4,4.75,7.5,15,0,2023,8,20,8,16,1,Draw,Draw,2023-2024,Gent,72.0,71.0,72.0,72.0,28.0,Fast build up,St Truiden,68.0,70.0,68.0,68.0,27.0,Fast build up,66.66666666666666,66.66666666666666,40.0
B1,2023-08-20,Club Brugge,RWD Molenbeek,7,1,H,23.0,9.0,9.0,3.0,10.0,12.0,8.0,3.0,0.0,1.0,0.0,0.0,1.29,5.75,9.5,17,1,2023,8,20,5,14,1,Home Win,Home Win,2023-2024,Club Brugge,74.0,73.0,75.0,71.0,27.0,Long ball,RWD Molenbeek,67.0,70.0,68.0,65.0,28.0,Balanced,86.66666666666667,73.33333333333333,66.66666666666666
B1,2023-08-20,Kortrijk,Eupen,1,3,A,13.0,15.0,4.0,8.0,15.0,15.0,5.0,9.0,5.0,4.0,1.0,0.0,2.25,3.5,3.0,18,2,2023,8,20,9,6,1,Away Win,Away Win,2023-2024,Kortrijk,67.0,67.0,68.0,66.0,28.0,Balanced,Eupen,67.0,67.0,67.0,66.0,28.0,Long ball,26.666666666666668,0.0,26.666666666666668
B1,2023-08-26,Westerlo,Mechelen,2,3,A,11.0,17.0,4.0,5.0,8.0,9.0,5.0,4.0,0.0,3.0,0.0,0.0,2.2,3.5,3.1,15,2,2023,8,26,21,10,7,Away Win,Away Win,2023-2024,Westerlo,68.0,67.0,67.0,68.0,28.0,Balanced,Mechelen,69.0,71.0,68.0,68.0,28.0,Balanced,26.666666666666668,13.333333333333334,46.666666666666664
B1,2023-08-26,Eupen,Oud-Heverlee Leuven,3,1,H,17.0,22.0,4.0,5.0,15.0,9.0,3.0,5.0,1.0,2.0,0.0,0.0,3.0,3.6,2.2,17,1,2023,8,26,6,13,7,Home Win,Home Win,2023-2024,Eupen,67.0,67.0,67.0,66.0,28.0,Long ball,Oud-Heverlee Leuven,68.0,69.0,68.0,69.0,28.0,Balanced,13.333333333333334,46.666666666666664,33.33333333333333
B1,2023-08-26,Kortrijk,Standard,1,1,D,19.0,23.0,6.0,6.0,7.0,12.0,7.0,10.0,0.0,2.0,0.0,0.0,3.0,3.4,2.3,19,0,2023,8,26,9,18,7,Draw,Draw,2023-2024,Kortrijk,67.0,67.0,68.0,66.0,28.0,Balanced,,69.64389067524115,70.3330689928628,69.83108643933386,68.45757335448057,26.94528152260111,Balanced,26.666666666666668,0.0,6.666666666666667
B1,2023-08-27,St Truiden,Cercle Brugge,0,2,A,20.0,25.0,4.0,8.0,8.0,18.0,8.0,8.0,1.0,1.0,0.0,0.0,3.25,3.3,2.2,15,2,2023,8,27,16,3,1,Away Win,Away Win,2023-2024,St Truiden,68.0,70.0,68.0,68.0,27.0,Fast build up,Cercle Brugge,69.0,70.0,70.0,67.0,28.0,Balanced,60.0,46.666666666666664,60.0
B1,2023-08-27,Anderlecht,Charleroi,2,1,H,15.0,18.0,8.0,5.0,12.0,16.0,4.0,7.0,0.0,2.0,0.0,0.0,1.75,3.75,4.5,17,1,2023,8,27,0,4,1,Home Win,Home Win,2023-2024,Anderlecht,74.0,74.0,73.0,74.0,28.0,Balanced,Charleroi,69.0,72.0,70.0,68.0,28.0,Balanced,66.66666666666666,60.0,26.666666666666668
B1,2023-09-01,Oud-Heverlee Leuven,Kortrijk,3,0,H,20.0,13.0,9.0,7.0,10.0,14.0,4.0,1.0,1.0,3.0,0.0,0.0,1.6,4.5,4.5,19,1,2023,9,1,13,9,6,Home Win,Home Win,2023-2024,Oud-Heverlee Leuven,68.0,69.0,68.0,69.0,28.0,Balanced,Kortrijk,67.0,67.0,68.0,66.0,28.0,Balanced,46.666666666666664,13.333333333333334,6.666666666666667
B1,2023-09-02,Cercle Brugge,Westerlo,2,1,H,21.0,7.0,6.0,1.0,16.0,16.0,14.0,1.0,0.0,1.0,0.0,0.0,1.55,4.2,5.5,15,1,2023,9,2,3,21,7,Home Win,Home Win,2023-2024,Cercle Brugge,69.0,70.0,70.0,67.0,28.0,Balanced,Westerlo,68.0,67.0,67.0,68.0,28.0,Balanced,66.66666666666666,60.0,6.666666666666667
B1,2023-09-02,Mechelen,Eupen,1,0,H,22.0,9.0,6.0,1.0,10.0,13.0,6.0,4.0,0.0,1.0,0.0,0.0,1.8,3.8,4.0,17,1,2023,9,2,10,6,7,Home Win,Home Win,2023-2024,Mechelen,69.0,71.0,68.0,68.0,28.0,Balanced,Eupen,67.0,67.0,67.0,66.0,28.0,Long ball,46.666666666666664,46.666666666666664,66.66666666666666
B1,2023-09-02,Standard,RWD Molenbeek,1,1,D,11.0,8.0,4.0,3.0,9.0,22.0,5.0,0.0,1.0,3.0,0.0,0.0,1.95,3.6,3.6,19,0,2023,9,2,18,14,7,Draw,Draw,2023-2024,,69.65567176186646,70.34285714285714,69.84285714285714,68.46746031746032,26.95,Balanced,RWD Molenbeek,67.0,70.0,68.0,65.0,28.0,Balanced,46.666666666666664,13.333333333333334,50.0
B1,2023-09-03,Gent,Club Brugge,2,1,H,14.0,14.0,4.0,7.0,14.0,12.0,5.0,6.0,2.0,0.0,1.0,0.0,2.4,3.5,2.75,12,1,2023,9,3,8,5,1,Home Win,Home Win,2023-2024,Gent,72.0,71.0,72.0,72.0,28.0,Fast build up,Club Brugge,74.0,73.0,75.0,71.0,27.0,Long ball,53.333333333333336,66.66666666666666,86.66666666666667
B1,2023-09-03,St. Gilloise,Antwerp,2,2,D,24.0,8.0,7.0,5.0,9.0,12.0,8.0,4.0,1.0,2.0,0.0,0.0,2.3,3.4,3.0,15,0,2023,9,3,17,1,1,Draw,Draw,2023-2024,St. Gilloise,72.0,72.0,70.0,72.0,27.0,Balanced,Antwerp,73.0,74.0,73.0,73.0,27.0,Fast build up,100.0,80.0,66.66666666666666
B1,2023-09-03,Genk,Anderlecht,1,1,D,12.0,8.0,4.0,4.0,6.0,15.0,7.0,7.0,5.0,6.0,1.0,0.0,1.91,3.6,3.8,17,0,2023,9,3,7,0,1,Draw,Draw,2023-2024,Genk,72.0,71.0,72.0,72.0,26.0,Long ball,Anderlecht,74.0,74.0,73.0,74.0,28.0,Balanced,46.666666666666664,53.333333333333336,80.0
B1,2023-09-03,Charleroi,St Truiden,1,1,D,18.0,8.0,5.0,5.0,12.0,6.0,3.0,5.0,2.0,0.0,0.0,1.0,2.25,3.3,3.2,18,0,2023,9,3,4,16,1,Draw,Draw,2023-2024,Charleroi,69.0,72.0,70.0,68.0,28.0,Balanced,St Truiden,68.0,70.0,68.0,68.0,27.0,Fast build up,40.0,20.0,46.666666666666664
B1,2023-09-15,Westerlo,Antwerp,0,3,A,9.0,15.0,2.0,4.0,13.0,9.0,4.0,5.0,3.0,0.0,0.0,0.0,5.5,4.0,1.57,19,2,2023,9,15,21,1,6,Away Win,Away Win,2023-2024,Westerlo,68.0,67.0,67.0,68.0,28.0,Balanced,Antwerp,73.0,74.0,73.0,73.0,27.0,Fast build up,6.666666666666667,0.0,53.333333333333336
B1,2023-09-16,RWD Molenbeek,Cercle Brugge,2,1,H,10.0,15.0,5.0,4.0,18.0,12.0,5.0,4.0,3.0,3.0,0.0,0.0,4.2,3.75,1.8,15,1,2023,9,16,14,3,7,Home Win,Home Win,2023-2024,RWD Molenbeek,67.0,70.0,68.0,65.0,28.0,Balanced,Cercle Brugge,69.0,70.0,70.0,67.0,28.0,Balanced,50.0,46.666666666666664,80.0
B1,2023-09-16,St. Gilloise,Genk,0,2,A,25.0,7.0,4.0,2.0,15.0,15.0,7.0,3.0,1.0,6.0,0.0,0.0,1.91,3.6,3.75,17,2,2023,9,16,17,7,7,Away Win,Away Win,2023-2024,St. Gilloise,72.0,72.0,70.0,72.0,27.0,Balanced,Genk,72.0,71.0,72.0,72.0,26.0,Long ball,86.66666666666667,66.66666666666666,53.333333333333336
B1,2023-09-16,Club Brugge,Charleroi,4,2,H,25.0,14.0,10.0,8.0,8.0,6.0,5.0,5.0,2.0,3.0,0.0,0.0,1.4,4.75,6.5,19,1,2023,9,16,5,4,7,Home Win,Home Win,2023-2024,Club Brugge,74.0,73.0,75.0,71.0,27.0,Long ball,Charleroi,69.0,72.0,70.0,68.0,28.0,Balanced,86.66666666666667,66.66666666666666,20.0
B1,2023-09-17,Eupen,Standard,1,3,A,13.0,16.0,3.0,6.0,5.0,12.0,6.0,6.0,1.0,4.0,0.0,1.0,3.0,3.4,2.3,12,2,2023,9,17,6,18,1,Away Win,Away Win,2023-2024,Eupen,67.0,67.0,67.0,66.0,28.0,Long ball,,69.64389067524115,70.3330689928628,69.83108643933386,68.45757335448057,26.94528152260111,Balanced,26.666666666666668,60.0,20.0
B1,2023-09-17,Kortrijk,Anderlecht,2,2,D,9.0,18.0,4.0,6.0,13.0,6.0,3.0,11.0,5.0,1.0,1.0,1.0,4.5,4.0,1.7,15,0,2023,9,17,9,0,1,Draw,Draw,2023-2024,Kortrijk,67.0,67.0,68.0,66.0,28.0,Balanced,Anderlecht,74.0,74.0,73.0,74.0,28.0,Balanced,13.333333333333334,6.666666666666667,86.66666666666667
B1,2023-09-17,Oud-Heverlee Leuven,Gent,1,1,D,9.0,22.0,2.0,4.0,7.0,11.0,3.0,16.0,4.0,3.0,0.0,0.0,4.33,3.75,1.75,17,0,2023,9,17,13,8,1,Draw,Draw,2023-2024,Oud-Heverlee Leuven,68.0,69.0,68.0,69.0,28.0,Balanced,Gent,72.0,71.0,72.0,72.0,28.0,Fast build up,66.66666666666666,26.666666666666668,86.66666666666667
B1,2023-09-17,St Truiden,Mechelen,2,0,H,16.0,13.0,4.0,7.0,8.0,12.0,1.0,7.0,1.0,2.0,0.0,0.0,2.4,3.4,2.88,18,1,2023,9,17,16,10,1,Home Win,Home Win,2023-2024,St Truiden,68.0,70.0,68.0,68.0,27.0,Fast build up,Mechelen,69.0,71.0,68.0,68.0,28.0,Balanced,40.0,33.33333333333333,60.0
B1,2023-09-22,Standard,Westerlo,0,0,D,14.0,3.0,5.0,2.0,6.0,23.0,5.0,2.0,0.0,3.0,0.0,0.0,1.8,4.0,3.8,19,0,2023,9,22,18,21,6,Draw,Draw,2023-2024,,69.65567176186646,70.34285714285714,69.84285714285714,68.46746031746032,26.95,Balanced,Westerlo,68.0,67.0,67.0,68.0,28.0,Balanced,46.666666666666664,40.0,0.0
B1,2023-09-23,Charleroi,Kortrijk,1,0,H,14.0,13.0,5.0,3.0,16.0,13.0,8.0,7.0,2.0,1.0,0.0,0.0,1.62,4.33,4.75,15,1,2023,9,23,4,9,7,Home Win,Home Win,2023-2024,Charleroi,69.0,72.0,70.0,68.0,28.0,Balanced,Kortrijk,67.0,67.0,68.0,66.0,28.0,Balanced,46.666666666666664,20.0,13.333333333333334
B1,2023-09-23,Mechelen,Oud-Heverlee Leuven,1,2,A,16.0,15.0,4.0,8.0,12.0,7.0,6.0,6.0,5.0,3.0,0.0,0.0,1.91,3.75,3.6,17,2,2023,9,23,10,13,7,Away Win,Away Win,2023-2024,Mechelen,69.0,71.0,68.0,68.0,28.0,Balanced,Oud-Heverlee Leuven,68.0,69.0,68.0,69.0,28.0,Balanced,46.666666666666664,60.0,33.33333333333333
B1,2023-09-23,Antwerp,RWD Molenbeek,0,0,D,14.0,5.0,3.0,1.0,4.0,14.0,9.0,1.0,0.0,1.0,0.0,0.0,1.3,5.0,9.0,19,0,2023,9,23,1,14,7,Draw,Draw,2023-2024,Antwerp,73.0,74.0,73.0,73.0,27.0,Fast build up,RWD Molenbeek,67.0,70.0,68.0,65.0,28.0,Balanced,80.0,53.333333333333336,66.66666666666666
B1,2023-09-24,Genk,St Truiden,3,3,D,20.0,16.0,7.0,6.0,17.0,11.0,5.0,1.0,2.0,4.0,0.0,0.0,1.55,4.33,5.25,12,0,2023,9,24,7,16,1,Draw,Draw,2023-2024,Genk,72.0,71.0,72.0,72.0,26.0,Long ball,St Truiden,68.0,70.0,68.0,68.0,27.0,Fast build up,53.333333333333336,53.333333333333336,33.33333333333333
B1,2023-09-24,Cercle Brugge,St. Gilloise,0,2,A,6.0,15.0,1.0,7.0,8.0,17.0,3.0,2.0,3.0,3.0,1.0,0.0,2.63,3.6,2.45,15,2,2023,9,24,3,17,1,Away Win,Away Win,2023-2024,Cercle Brugge,69.0,70.0,70.0,67.0,28.0,Balanced,St. Gilloise,72.0,72.0,70.0,72.0,27.0,Balanced,80.0,60.0,46.666666666666664
B1,2023-09-24,Anderlecht,Club Brugge,1,1,D,8.0,9.0,1.0,3.0,12.0,11.0,3.0,3.0,1.0,1.0,0.0,0.0,3.1,3.6,2.15,17,0,2023,9,24,0,5,1,Draw,Draw,2023-2024,Anderlecht,74.0,74.0,73.0,74.0,28.0,Balanced,Club Brugge,74.0,73.0,75.0,71.0,27.0,Long ball,66.66666666666666,73.33333333333333,80.0
B1,2023-09-24,Gent,Eupen,2,1,H,13.0,14.0,6.0,3.0,9.0,16.0,3.0,7.0,1.0,4.0,1.0,0.0,1.29,5.5,11.0,18,1,2023,9,24,8,6,1,Home Win,Home Win,2023-2024,Gent,72.0,71.0,72.0,72.0,28.0,Fast build up,Eupen,67.0,67.0,67.0,66.0,28.0,Long ball,53.333333333333336,73.33333333333333,40.0
B1,2023-09-27,Antwerp,Gent,0,0,D,14.0,6.0,4.0,2.0,10.0,4.0,6.0,0.0,3.0,1.0,0.0,0.0,2.1,3.6,3.2,19,0,2023,9,27,1,8,4,Draw,Draw,2023-2024,Antwerp,73.0,74.0,73.0,73.0,27.0,Fast build up,Gent,72.0,71.0,72.0,72.0,28.0,Fast build up,86.66666666666667,60.0,73.33333333333333
B1,2023-09-28,RWD Molenbeek,St. Gilloise,2,3,A,10.0,16.0,7.0,8.0,8.0,14.0,3.0,8.0,2.0,3.0,0.0,0.0,4.75,3.8,1.7,17,2,2023,9,28,14,17,5,Away Win,Away Win,2023-2024,RWD Molenbeek,67.0,70.0,68.0,65.0,28.0,Balanced,St. Gilloise,72.0,72.0,70.0,72.0,27.0,Balanced,66.66666666666666,53.333333333333336,46.666666666666664
B1,2023-09-28,Club Brugge,Genk,1,1,D,18.0,15.0,3.0,5.0,16.0,7.0,10.0,3.0,4.0,1.0,0.0,0.0,1.85,3.6,4.2,19,0,2023,9,28,5,7,5,Draw,Draw,2023-2024,Club Brugge,74.0,73.0,75.0,71.0,27.0,Long ball,Genk,72.0,71.0,72.0,72.0,26.0,Long ball,86.66666666666667,66.66666666666666,60.0
B1,2023-09-29,Kortrijk,Cercle Brugge,2,1,H,10.0,10.0,4.0,2.0,13.0,19.0,3.0,7.0,3.0,1.0,0.0,0.0,5.0,4.0,1.62,19,1,2023,9,29,9,3,6,Home Win,Home Win,2023-2024,Kortrijk,67.0,67.0,68.0,66.0,28.0,Balanced,Cercle Brugge,69.0,70.0,70.0,67.0,28.0,Balanced,13.333333333333334,13.333333333333334,60.0
B1,2023-09-30,Eupen,Anderlecht,1,3,A,9.0,20.0,3.0,6.0,11.0,15.0,2.0,4.0,1.0,0.0,0.0,0.0,4.2,4.0,1.73,15,2,2023,9,30,6,0,7,Away Win,Away Win,2023-2024,Eupen,67.0,67.0,67.0,66.0,28.0,Long ball,Anderlecht,74.0,74.0,73.0,74.0,28.0,Balanced,26.666666666666668,40.0,60.0
B1,2023-09-30,Oud-Heverlee Leuven,Standard,1,2,A,11.0,14.0,5.0,3.0,10.0,11.0,6.0,3.0,2.0,1.0,0.0,0.0,2.3,3.6,2.88,17,2,2023,9,30,13,18,7,Away Win,Away Win,2023-2024,Oud-Heverlee Leuven,68.0,69.0,68.0,69.0,28.0,Balanced,,69.64389067524115,70.3330689928628,69.83108643933386,68.45757335448057,26.94528152260111,Balanced,53.333333333333336,53.333333333333336,40.0
B1,2023-09-30,Mechelen,Antwerp,0,0,D,14.0,22.0,3.0,4.0,3.0,5.0,5.0,13.0,0.0,1.0,0.0,0.0,3.6,4.0,1.85,19,0,2023,9,30,10,1,7,Draw,Draw,2023-2024,Mechelen,69.0,71.0,68.0,68.0,28.0,Balanced,Antwerp,73.0,74.0,73.0,73.0,27.0,Fast build up,46.666666666666664,60.0,46.666666666666664
B1,2023-10-01,St. Gilloise,Charleroi,3,1,H,17.0,4.0,7.0,3.0,13.0,13.0,8.0,7.0,1.0,2.0,0.0,0.0,1.55,4.2,5.5,12,1,2023,10,1,17,4,1,Home Win,Home Win,2023-2024,St. Gilloise,72.0,72.0,70.0,72.0,27.0,Balanced,Charleroi,69.0,72.0,70.0,68.0,28.0,Balanced,66.66666666666666,46.666666666666664,33.33333333333333
B1,2023-10-01,Genk,Westerlo,3,3,D,18.0,10.0,6.0,7.0,7.0,12.0,4.0,7.0,2.0,2.0,1.0,0.0,1.44,4.5,7.0,15,0,2023,10,1,7,21,1,Draw,Draw,2023-2024,Genk,72.0,71.0,72.0,72.0,26.0,Long ball,Westerlo,68.0,67.0,67.0,68.0,28.0,Balanced,40.0,46.666666666666664,6.666666666666667
B1,2023-10-01,Club Brugge,St Truiden,1,1,D,20.0,12.0,7.0,3.0,12.0,8.0,11.0,4.0,3.0,1.0,0.0,0.0,1.36,4.75,8.5,17,0,2023,10,1,5,16,1,Draw,Draw,2023-2024,Club Brugge,74.0,73.0,75.0,71.0,27.0,Long ball,St Truiden,68.0,70.0,68.0,68.0,27.0,Fast build up,73.33333333333333,53.333333333333336,40.0
B1,2023-10-01,RWD Molenbeek,Gent,1,1,D,9.0,19.0,3.0,9.0,9.0,10.0,4.0,4.0,3.0,1.0,0.0,0.0,4.5,4.0,1.7,18,0,2023,10,1,14,8,1,Draw,Draw,2023-2024,RWD Molenbeek,67.0,70.0,68.0,65.0,28.0,Balanced,Gent,72.0,71.0,72.0,72.0,28.0,Fast build up,50.0,33.33333333333333,60.0
B1,2023-10-06,Charleroi,RWD Molenbeek,2,1,H,22.0,6.0,7.0,3.0,9.0,7.0,14.0,2.0,1.0,3.0,0.0,1.0,1.91,3.75,3.75,19,1,2023,10,6,4,14,6,Home Win,Home Win,2023-2024,Charleroi,69.0,72.0,70.0,68.0,28.0,Balanced,RWD Molenbeek,67.0,70.0,68.0,65.0,28.0,Balanced,46.666666666666664,26.666666666666668,40.0
B1,2023-10-07,Cercle Brugge,Oud-Heverlee Leuven,3,2,H,18.0,13.0,7.0,5.0,9.0,9.0,6.0,6.0,2.0,3.0,0.0,0.0,1.57,4.33,5.0,15,1,2023,10,7,3,13,7,Home Win,Home Win,2023-2024,Cercle Brugge,69.0,70.0,70.0,67.0,28.0,Balanced,Oud-Heverlee Leuven,68.0,69.0,68.0,69.0,28.0,Balanced,60.0,40.0,46.666666666666664
B1,2023-10-07,Westerlo,Kortrijk,1,0,H,13.0,13.0,4.0,3.0,15.0,10.0,1.0,10.0,2.0,4.0,0.0,0.0,1.8,4.0,3.8,17,1,2023,10,7,21,9,7,Home Win,Home Win,2023-2024,Westerlo,68.0,67.0,67.0,68.0,28.0,Balanced,Kortrijk,67.0,67.0,68.0,66.0,28.0,Balanced,6.666666666666667,13.333333333333334,33.33333333333333
B1,2023-10-07,Anderlecht,Mechelen,3,1,H,19.0,13.0,9.0,3.0,14.0,10.0,8.0,1.0,2.0,3.0,0.0,0.0,1.73,4.0,4.2,19,1,2023,10,7,0,10,7,Home Win,Home Win,2023-2024,Anderlecht,74.0,74.0,73.0,74.0,28.0,Balanced,Mechelen,69.0,71.0,68.0,68.0,28.0,Balanced,66.66666666666666,60.0,46.666666666666664
B1,2023-10-08,Standard,Club Brugge,2,1,H,7.0,16.0,5.0,7.0,13.0,14.0,1.0,6.0,4.0,1.0,0.0,0.0,4.75,4.0,1.65,12,1,2023,10,8,18,5,1,Home Win,Home Win,2023-2024,,69.65567176186646,70.34285714285714,69.84285714285714,68.46746031746032,26.95,Balanced,Club Brugge,74.0,73.0,75.0,71.0,27.0,Long ball,33.33333333333333,60.0,40.0
B1,2023-10-08,Antwerp,Eupen,4,1,H,27.0,5.0,12.0,2.0,8.0,10.0,8.0,2.0,0.0,2.0,0.0,0.0,1.25,6.5,9.5,15,1,2023,10,8,1,6,1,Home Win,Home Win,2023-2024,Antwerp,73.0,74.0,73.0,73.0,27.0,Fast build up,Eupen,67.0,67.0,67.0,66.0,28.0,Long ball,73.33333333333333,46.666666666666664,20.0
B1,2023-10-08,Gent,Genk,1,1,D,18.0,20.0,9.0,6.0,9.0,14.0,4.0,9.0,1.0,3.0,0.0,0.0,1.95,3.75,3.5,17,0,2023,10,8,8,7,1,Draw,Draw,2023-2024,Gent,72.0,71.0,72.0,72.0,28.0,Fast build up,Genk,72.0,71.0,72.0,72.0,26.0,Long ball,66.66666666666666,60.0,46.666666666666664
B1,2023-10-08,St Truiden,St. Gilloise,0,4,A,9.0,12.0,1.0,7.0,3.0,15.0,3.0,5.0,1.0,4.0,0.0,0.0,4.0,3.75,1.83,18,2,2023,10,8,16,17,1,Away Win,Away Win,2023-2024,St Truiden,68.0,70.0,68.0,68.0,27.0,Fast build up,St. Gilloise,72.0,72.0,70.0,72.0,27.0,Balanced,40.0,40.0,66.66666666666666
B1,2023-10-20,St. Gilloise,Eupen,4,1,H,21.0,6.0,11.0,1.0,14.0,14.0,3.0,1.0,0.0,3.0,0.0,1.0,1.18,6.5,13.0,19,1,2023,10,20,17,6,6,Home Win,Home Win,2023-2024,St. Gilloise,72.0,72.0,70.0,72.0,27.0,Balanced,Eupen,67.0,67.0,67.0,66.0,28.0,Long ball,66.66666666666666,80.0,0.0
B1,2023-10-21,Kortrijk,Club Brugge,1,0,H,6.0,18.0,2.0,4.0,14.0,9.0,1.0,9.0,4.0,2.0,0.0,0.0,7.0,5.0,1.4,15,1,2023,10,21,9,5,7,Home Win,Home Win,2023-2024,Kortrijk,67.0,67.0,68.0,66.0,28.0,Balanced,Club Brugge,74.0,73.0,75.0,71.0,27.0,Long ball,33.33333333333333,26.666666666666668,40.0
B1,2023-10-21,RWD Molenbeek,Westerlo,1,1,D,12.0,9.0,6.0,5.0,10.0,8.0,7.0,4.0,2.0,2.0,0.0,0.0,2.25,3.5,2.9,17,0,2023,10,21,14,21,7,Draw,Draw,2023-2024,RWD Molenbeek,67.0,70.0,68.0,65.0,28.0,Balanced,Westerlo,68.0,67.0,67.0,68.0,28.0,Balanced,46.666666666666664,33.33333333333333,33.33333333333333
B1,2023-10-21,Charleroi,Antwerp,3,2,H,10.0,11.0,5.0,5.0,6.0,12.0,5.0,2.0,2.0,2.0,0.0,0.0,3.2,3.4,2.15,19,1,2023,10,21,4,1,7,Home Win,Home Win,2023-2024,Charleroi,69.0,72.0,70.0,68.0,28.0,Balanced,Antwerp,73.0,74.0,73.0,73.0,27.0,Fast build up,60.0,46.666666666666664,60.0
B1,2023-10-22,Genk,Mechelen,4,0,H,19.0,10.0,9.0,3.0,6.0,10.0,4.0,3.0,1.0,2.0,0.0,0.0,1.53,4.2,5.75,12,1,2023,10,22,7,10,1,Home Win,Home Win,2023-2024,Genk,72.0,71.0,72.0,72.0,26.0,Long ball,Mechelen,69.0,71.0,68.0,68.0,28.0,Balanced,26.666666666666668,46.666666666666664,26.666666666666668
B1,2023-10-22,Cercle Brugge,Gent,2,0,H,16.0,10.0,5.0,4.0,17.0,15.0,6.0,7.0,3.0,2.0,0.0,1.0,2.6,3.5,2.5,15,1,2023,10,22,3,8,1,Home Win,Home Win,2023-2024,Cercle Brugge,69.0,70.0,70.0,67.0,28.0,Balanced,Gent,72.0,71.0,72.0,72.0,28.0,Fast build up,60.0,40.0,46.666666666666664
B1,2023-10-22,Standard,Anderlecht,3,2,H,15.0,13.0,8.0,7.0,12.0,14.0,3.0,8.0,2.0,3.0,0.0,0.0,3.0,3.4,2.25,17,1,2023,10,22,18,0,1,Home Win,Home Win,2023-2024,,69.65567176186646,70.34285714285714,69.84285714285714,68.46746031746032,26.95,Balanced,Anderlecht,74.0,74.0,73.0,74.0,28.0,Balanced,33.33333333333333,73.33333333333333,60.0
B1,2023-10-22,Oud-Heverlee Leuven,St Truiden,4,0,H,11.0,18.0,4.0,3.0,9.0,12.0,3.0,7.0,1.0,3.0,0.0,0.0,2.3,3.5,2.88,18,1,2023,10,22,13,16,1,Home Win,Home Win,2023-2024,Oud-Heverlee Leuven,68.0,69.0,68.0,69.0,28.0,Balanced,St Truiden,68.0,70.0,68.0,68.0,27.0,Fast build up,33.33333333333333,46.666666666666664,40.0
B1,2023-10-27,St Truiden,RWD Molenbeek,2,1,H,9.0,10.0,5.0,3.0,9.0,7.0,4.0,0.0,0.0,0.0,0.0,0.0,1.85,3.6,4.0,19,1,2023,10,27,16,14,6,Home Win,Home Win,2023-2024,St Truiden,68.0,70.0,68.0,68.0,27.0,Fast build up,RWD Molenbeek,67.0,70.0,68.0,65.0,28.0,Balanced,40.0,33.33333333333333,20.0
B1,2023-10-28,Mechelen,Cercle Brugge,0,2,A,11.0,22.0,7.0,4.0,13.0,15.0,8.0,3.0,1.0,3.0,0.0,0.0,3.3,3.6,2.1,15,2,2023,10,28,10,3,7,Away Win,Away Win,2023-2024,Mechelen,69.0,71.0,68.0,68.0,28.0,Balanced,Cercle Brugge,69.0,70.0,70.0,67.0,28.0,Balanced,46.666666666666664,6.666666666666667,40.0
B1,2023-10-28,Eupen,Charleroi,2,0,H,8.0,17.0,5.0,5.0,11.0,13.0,4.0,8.0,3.0,2.0,0.0,0.0,3.3,3.75,2.0,17,1,2023,10,28,6,4,7,Home Win,Home Win,2023-2024,Eupen,67.0,67.0,67.0,66.0,28.0,Long ball,Charleroi,69.0,72.0,70.0,68.0,28.0,Balanced,26.666666666666668,0.0,60.0
B1,2023-10-28,Anderlecht,Oud-Heverlee Leuven,5,1,H,18.0,13.0,9.0,7.0,13.0,13.0,5.0,1.0,1.0,1.0,0.0,0.0,1.53,4.33,5.5,19,1,2023,10,28,0,13,7,Home Win,Home Win,2023-2024,Anderlecht,74.0,74.0,73.0,74.0,28.0,Balanced,Oud-Heverlee Leuven,68.0,69.0,68.0,69.0,28.0,Balanced,86.66666666666667,53.333333333333336,46.666666666666664
B1,2023-10-29,Club Brugge,Antwerp,2,1,H,11.0,8.0,5.0,2.0,11.0,9.0,3.0,3.0,4.0,1.0,0.0,0.0,1.91,3.6,3.8,12,1,2023,10,29,5,1,1,Home Win,Home Win,2023-2024,Club Brugge,74.0,73.0,75.0,71.0,27.0,Long ball,Antwerp,73.0,74.0,73.0,73.0,27.0,Fast build up,60.0,20.0,40.0
B1,2023-10-29,Westerlo,St. Gilloise,1,3,A,12.0,22.0,4.0,7.0,11.0,10.0,5.0,8.0,1.0,1.0,0.0,0.0,5.0,4.0,1.62,15,2,2023,10,29,21,17,1,Away Win,Away Win,2023-2024,Westerlo,68.0,67.0,67.0,68.0,28.0,Balanced,St. Gilloise,72.0,72.0,70.0,72.0,27.0,Balanced,20.0,40.0,100.0
B1,2023-10-29,Gent,Standard,3,1,H,18.0,12.0,9.0,7.0,16.0,15.0,4.0,4.0,2.0,2.0,0.0,0.0,1.62,4.33,4.5,17,1,2023,10,29,8,18,1,Home Win,Home Win,2023-2024,Gent,72.0,71.0,72.0,72.0,28.0,Fast build up,,69.64389067524115,70.3330689928628,69.83108643933386,68.45757335448057,26.94528152260111,Balanced,73.33333333333333,40.0,86.66666666666667
B1,2023-10-29,Kortrijk,Genk,0,3,A,12.0,15.0,3.0,9.0,10.0,16.0,8.0,5.0,3.0,2.0,0.0,0.0,6.0,4.33,1.5,18,2,2023,10,29,9,7,1,Away Win,Away Win,2023-2024,Kortrijk,67.0,67.0,68.0,66.0,28.0,Balanced,Genk,72.0,71.0,72.0,72.0,26.0,Long ball,53.333333333333336,46.666666666666664,46.666666666666664
B1,2023-11-03,St Truiden,Eupen,1,1,D,16.0,5.0,4.0,1.0,10.0,13.0,5.0,1.0,1.0,1.0,0.0,0.0,1.62,4.2,5.0,19,0,2023,11,3,16,6,6,Draw,Draw,2023-2024,St Truiden,68.0,70.0,68.0,68.0,27.0,Fast build up,Eupen,67.0,67.0,67.0,66.0,28.0,Long ball,40.0,33.33333333333333,20.0
B1,2023-11-04,RWD Molenbeek,Kortrijk,1,1,D,9.0,5.0,5.0,2.0,14.0,7.0,4.0,2.0,3.0,1.0,0.0,0.0,1.91,3.8,3.6,15,0,2023,11,4,14,9,7,Draw,Draw,2023-2024,RWD Molenbeek,67.0,70.0,68.0,65.0,28.0,Balanced,Kortrijk,67.0,67.0,68.0,66.0,28.0,Balanced,53.333333333333336,13.333333333333334,40.0
B1,2023-11-04,Oud-Heverlee Leuven,Westerlo,0,2,A,10.0,10.0,2.0,6.0,11.0,13.0,7.0,7.0,3.0,7.0,0.0,0.0,2.1,3.6,3.25,17,2,2023,11,4,13,21,7,Away Win,Away Win,2023-2024,Oud-Heverlee Leuven,68.0,69.0,68.0,69.0,28.0,Balanced,Westerlo,68.0,67.0,67.0,68.0,28.0,Balanced,53.333333333333336,40.0,40.0
B1,2023-11-04,Antwerp,Genk,3,2,H,14.0,17.0,5.0,8.0,13.0,12.0,5.0,5.0,3.0,4.0,0.0,0.0,2.15,3.5,3.2,19,1,2023,11,4,1,7,7,Home Win,Home Win,2023-2024,Antwerp,73.0,74.0,73.0,73.0,27.0,Fast build up,Genk,72.0,71.0,72.0,72.0,26.0,Long ball,73.33333333333333,33.33333333333333,60.0
B1,2023-11-05,Cercle Brugge,Anderlecht,0,3,A,16.0,7.0,2.0,5.0,14.0,13.0,7.0,1.0,2.0,3.0,0.0,0.0,2.4,3.5,2.75,12,2,2023,11,5,3,0,1,Away Win,Away Win,2023-2024,Cercle Brugge,69.0,70.0,70.0,67.0,28.0,Balanced,Anderlecht,74.0,74.0,73.0,74.0,28.0,Balanced,60.0,60.0,66.66666666666666
B1,2023-11-05,Standard,Mechelen,1,1,D,10.0,11.0,4.0,4.0,10.0,19.0,10.0,1.0,1.0,4.0,0.0,0.0,1.7,3.8,4.5,15,0,2023,11,5,18,10,1,Draw,Draw,2023-2024,,69.65567176186646,70.34285714285714,69.84285714285714,68.46746031746032,26.95,Balanced,Mechelen,69.0,71.0,68.0,68.0,28.0,Balanced,53.333333333333336,66.66666666666666,6.666666666666667
B1,2023-11-05,St. Gilloise,Club Brugge,2,1,H,19.0,5.0,6.0,2.0,11.0,6.0,9.0,4.0,3.0,4.0,0.0,0.0,2.25,3.6,3.0,17,1,2023,11,5,17,5,1,Home Win,Home Win,2023-2024,St. Gilloise,72.0,72.0,70.0,72.0,27.0,Balanced,Club Brugge,74.0,73.0,75.0,71.0,27.0,Long ball,66.66666666666666,100.0,33.33333333333333
B1,2023-11-05,Charleroi,Gent,1,3,A,11.0,17.0,3.0,9.0,5.0,4.0,0.0,6.0,3.0,0.0,0.0,0.0,3.4,3.5,2.05,18,2,2023,11,5,4,8,1,Away Win,Away Win,2023-2024,Charleroi,69.0,72.0,70.0,68.0,28.0,Balanced,Gent,72.0,71.0,72.0,72.0,28.0,Fast build up,73.33333333333333,60.0,40.0
B1,2023-11-10,Westerlo,St Truiden,3,3,D,17.0,10.0,4.0,7.0,11.0,13.0,9.0,3.0,3.0,2.0,0.0,0.0,2.6,3.4,2.6,19,0,2023,11,10,21,16,6,Draw,Draw,2023-2024,Westerlo,68.0,67.0,67.0,68.0,28.0,Balanced,St Truiden,68.0,70.0,68.0,68.0,27.0,Fast build up,20.0,53.333333333333336,33.33333333333333
B1,2023-11-11,Antwerp,Standard,6,0,H,15.0,2.0,9.0,0.0,13.0,10.0,6.0,2.0,2.0,2.0,0.0,0.0,1.6,4.0,5.0,15,1,2023,11,11,1,18,7,Home Win,Home Win,2023-2024,Antwerp,73.0,74.0,73.0,73.0,27.0,Fast build up,,69.64389067524115,70.3330689928628,69.83108643933386,68.45757335448057,26.94528152260111,Balanced,73.33333333333333,46.666666666666664,66.66666666666666
B1,2023-11-11,Eupen,RWD Molenbeek,1,3,A,11.0,20.0,4.0,10.0,12.0,14.0,8.0,5.0,1.0,4.0,0.0,0.0,2.63,3.4,2.55,17,2,2023,11,11,6,14,7,Away Win,Away Win,2023-2024,Eupen,67.0,67.0,67.0,66.0,28.0,Long ball,RWD Molenbeek,67.0,70.0,68.0,65.0,28.0,Balanced,40.0,26.666666666666668,20.0
B1,2023-11-11,Mechelen,Charleroi,1,0,H,19.0,6.0,7.0,3.0,11.0,10.0,8.0,2.0,2.0,1.0,0.0,1.0,2.63,3.4,2.6,19,1,2023,11,11,10,4,7,Home Win,Home Win,2023-2024,Mechelen,69.0,71.0,68.0,68.0,28.0,Balanced,Charleroi,69.0,72.0,70.0,68.0,28.0,Balanced,46.666666666666664,13.333333333333334,40.0
B1,2023-11-12,Club Brugge,Cercle Brugge,0,0,D,14.0,20.0,7.0,3.0,11.0,12.0,10.0,3.0,2.0,5.0,0.0,0.0,1.73,4.0,4.33,12,0,2023,11,12,5,3,1,Draw,Draw,2023-2024,Club Brugge,74.0,73.0,75.0,71.0,27.0,Long ball,Cercle Brugge,69.0,70.0,70.0,67.0,28.0,Balanced,73.33333333333333,26.666666666666668,60.0
B1,2023-11-12,Genk,Oud-Heverlee Leuven,3,1,H,18.0,6.0,6.0,3.0,14.0,19.0,3.0,2.0,2.0,4.0,0.0,0.0,1.4,4.75,7.0,15,1,2023,11,12,7,13,1,Home Win,Home Win,2023-2024,Genk,72.0,71.0,72.0,72.0,26.0,Long ball,Oud-Heverlee Leuven,68.0,69.0,68.0,69.0,28.0,Balanced,46.666666666666664,53.333333333333336,20.0
B1,2023-11-12,Gent,Anderlecht,1,1,D,10.0,7.0,5.0,2.0,12.0,10.0,8.0,3.0,1.0,2.0,0.0,0.0,2.15,3.6,3.2,17,0,2023,11,12,8,0,1,Draw,Draw,2023-2024,Gent,72.0,71.0,72.0,72.0,28.0,Fast build up,Anderlecht,74.0,74.0,73.0,74.0,28.0,Balanced,73.33333333333333,53.333333333333336,80.0
B1,2023-11-12,St. Gilloise,Kortrijk,3,0,H,18.0,11.0,8.0,1.0,10.0,9.0,6.0,6.0,2.0,1.0,0.0,0.0,1.2,7.0,11.0,18,1,2023,11,12,17,9,1,Home Win,Home Win,2023-2024,St. Gilloise,72.0,72.0,70.0,72.0,27.0,Balanced,Kortrijk,67.0,67.0,68.0,66.0,28.0,Balanced,66.66666666666666,100.0,46.666666666666664
B1,2023-11-24,St Truiden,Antwerp,1,1,D,11.0,12.0,5.0,1.0,8.0,11.0,4.0,7.0,2.0,2.0,0.0,0.0,4.0,3.5,1.85,19,0,2023,11,24,16,1,6,Draw,Draw,2023-2024,St Truiden,68.0,70.0,68.0,68.0,27.0,Fast build up,Antwerp,73.0,74.0,73.0,73.0,27.0,Fast build up,46.666666666666664,33.33333333333333,60.0
B1,2023-11-25,Cercle Brugge,Eupen,2,0,H,30.0,6.0,10.0,4.0,12.0,13.0,5.0,3.0,4.0,3.0,0.0,0.0,1.36,5.0,7.0,15,1,2023,11,25,3,6,7,Home Win,Home Win,2023-2024,Cercle Brugge,69.0,70.0,70.0,67.0,28.0,Balanced,Eupen,67.0,67.0,67.0,66.0,28.0,Long ball,60.0,66.66666666666666,26.666666666666668
B1,2023-11-25,Charleroi,Westerlo,3,2,H,14.0,11.0,4.0,4.0,15.0,11.0,5.0,4.0,3.0,2.0,0.0,0.0,1.8,3.75,4.0,17,1,2023,11,25,4,21,7,Home Win,Home Win,2023-2024,Charleroi,69.0,72.0,70.0,68.0,28.0,Balanced,Westerlo,68.0,67.0,67.0,68.0,28.0,Balanced,66.66666666666666,40.0,53.333333333333336
B1,2023-11-25,Standard,Genk,1,0,H,13.0,11.0,4.0,2.0,20.0,12.0,5.0,5.0,2.0,2.0,0.0,0.0,3.6,3.75,1.91,19,1,2023,11,25,18,7,7,Home Win,Home Win,2023-2024,,69.65567176186646,70.34285714285714,69.84285714285714,68.46746031746032,26.95,Balanced,Genk,72.0,71.0,72.0,72.0,26.0,Long ball,60.0,46.666666666666664,66.66666666666666
B1,2023-11-26,Gent,St. Gilloise,1,1,D,11.0,12.0,3.0,4.0,8.0,14.0,5.0,8.0,2.0,3.0,0.0,0.0,2.55,3.4,2.63,12,0,2023,11,26,8,17,1,Draw,Draw,2023-2024,Gent,72.0,71.0,72.0,72.0,28.0,Fast build up,St. Gilloise,72.0,72.0,70.0,72.0,27.0,Balanced,73.33333333333333,53.333333333333336,100.0
B1,2023-11-26,Oud-Heverlee Leuven,Club Brugge,0,1,A,10.0,14.0,3.0,6.0,19.0,13.0,7.0,6.0,4.0,2.0,0.0,0.0,4.5,4.0,1.67,15,2,2023,11,26,13,5,1,Away Win,Away Win,2023-2024,Oud-Heverlee Leuven,68.0,69.0,68.0,69.0,28.0,Balanced,Club Brugge,74.0,73.0,75.0,71.0,27.0,Long ball,46.666666666666664,20.0,26.666666666666668
B1,2023-11-26,Anderlecht,RWD Molenbeek,2,1,H,25.0,7.0,8.0,2.0,6.0,12.0,10.0,1.0,1.0,4.0,0.0,1.0,1.4,5.0,7.0,17,1,2023,11,26,0,14,1,Home Win,Home Win,2023-2024,Anderlecht,74.0,74.0,73.0,74.0,28.0,Balanced,RWD Molenbeek,67.0,70.0,68.0,65.0,28.0,Balanced,86.66666666666667,66.66666666666666,33.33333333333333
B1,2023-11-26,Kortrijk,Mechelen,0,3,A,15.0,10.0,3.0,5.0,12.0,12.0,4.0,3.0,2.0,2.0,0.0,0.0,2.9,3.5,2.3,18,2,2023,11,26,9,10,1,Away Win,Away Win,2023-2024,Kortrijk,67.0,67.0,68.0,66.0,28.0,Balanced,Mechelen,69.0,71.0,68.0,68.0,28.0,Balanced,53.333333333333336,26.666666666666668,26.666666666666668
B1,2023-12-01,Westerlo,Anderlecht,1,3,A,23.0,26.0,7.0,10.0,3.0,11.0,7.0,2.0,0.0,0.0,0.0,0.0,4.75,4.0,1.7,19,2,2023,12,1,21,0,6,Away Win,Away Win,2023-2024,Westerlo,68.0,67.0,67.0,68.0,28.0,Balanced,Anderlecht,74.0,74.0,73.0,74.0,28.0,Balanced,26.666666666666668,33.33333333333333,66.66666666666666
B1,2023-12-02,RWD Molenbeek,Charleroi,0,0,D,10.0,18.0,4.0,8.0,4.0,8.0,3.0,10.0,0.0,2.0,0.0,0.0,2.75,3.4,2.5,15,0,2023,12,2,14,4,7,Draw,Draw,2023-2024,RWD Molenbeek,67.0,70.0,68.0,65.0,28.0,Balanced,Charleroi,69.0,72.0,70.0,68.0,28.0,Balanced,40.0,33.33333333333333,40.0
B1,2023-12-02,Eupen,Kortrijk,1,1,D,14.0,14.0,3.0,3.0,14.0,10.0,7.0,11.0,1.0,1.0,0.0,0.0,2.25,3.3,3.2,17,0,2023,12,2,6,9,7,Draw,Draw,2023-2024,Eupen,67.0,67.0,67.0,66.0,28.0,Long ball,Kortrijk,67.0,67.0,68.0,66.0,28.0,Balanced,40.0,26.666666666666668,26.666666666666668
B1,2023-12-02,Antwerp,Oud-Heverlee Leuven,1,0,H,18.0,10.0,5.0,4.0,6.0,9.0,7.0,6.0,0.0,3.0,0.0,0.0,1.36,5.0,8.5,19,1,2023,12,2,1,13,7,Home Win,Home Win,2023-2024,Antwerp,73.0,74.0,73.0,73.0,27.0,Fast build up,Oud-Heverlee Leuven,68.0,69.0,68.0,69.0,28.0,Balanced,73.33333333333333,46.666666666666664,20.0
B1,2023-12-03,Genk,Gent,2,2,D,13.0,17.0,6.0,6.0,15.0,12.0,1.0,9.0,2.0,2.0,0.0,0.0,2.15,3.5,3.2,12,0,2023,12,3,7,8,1,Draw,Draw,2023-2024,Genk,72.0,71.0,72.0,72.0,26.0,Long ball,Gent,72.0,71.0,72.0,72.0,28.0,Fast build up,60.0,60.0,53.333333333333336
B1,2023-12-03,Mechelen,St Truiden,0,2,A,6.0,13.0,5.0,5.0,10.0,8.0,1.0,5.0,1.0,2.0,0.0,0.0,2.15,3.3,3.4,15,2,2023,12,3,10,16,1,Away Win,Away Win,2023-2024,Mechelen,69.0,71.0,68.0,68.0,28.0,Balanced,St Truiden,68.0,70.0,68.0,68.0,27.0,Fast build up,46.666666666666664,46.666666666666664,40.0
B1,2023-12-03,Club Brugge,Standard,2,0,H,13.0,7.0,5.0,2.0,13.0,10.0,4.0,3.0,2.0,2.0,0.0,0.0,1.44,4.75,6.5,17,1,2023,12,3,5,18,1,Home Win,Home Win,2023-2024,Club Brugge,74.0,73.0,75.0,71.0,27.0,Long ball,,69.64389067524115,70.3330689928628,69.83108643933386,68.45757335448057,26.94528152260111,Balanced,60.0,46.666666666666664,46.666666666666664
B1,2023-12-03,St. Gilloise,Cercle Brugge,2,1,H,12.0,13.0,6.0,6.0,13.0,15.0,5.0,4.0,1.0,3.0,0.0,0.0,1.62,4.0,5.0,18,1,2023,12,3,17,3,1,Home Win,Home Win,2023-2024,St. Gilloise,72.0,72.0,70.0,72.0,27.0,Balanced,Cercle Brugge,69.0,70.0,70.0,67.0,28.0,Balanced,80.0,86.66666666666667,66.66666666666666
B1,2023-12-08,Kortrijk,Westerlo,1,2,A,16.0,8.0,6.0,3.0,8.0,13.0,5.0,1.0,1.0,3.0,0.0,0.0,2.8,3.25,2.5,19,2,2023,12,8,9,21,6,Away Win,Away Win,2023-2024,Kortrijk,67.0,67.0,68.0,66.0,28.0,Balanced,Westerlo,68.0,67.0,67.0,68.0,28.0,Balanced,46.666666666666664,13.333333333333334,26.666666666666668
B1,2023-12-09,Cercle Brugge,Antwerp,1,3,A,15.0,14.0,2.0,8.0,13.0,6.0,6.0,2.0,4.0,1.0,0.0,0.0,2.7,3.4,2.5,15,2,2023,12,9,3,1,7,Away Win,Away Win,2023-2024,Cercle Brugge,69.0,70.0,70.0,67.0,28.0,Balanced,Antwerp,73.0,74.0,73.0,73.0,27.0,Fast build up,60.0,46.666666666666664,66.66666666666666
B1,2023-12-09,St Truiden,Oud-Heverlee Leuven,1,1,D,26.0,4.0,13.0,3.0,5.0,10.0,15.0,2.0,0.0,2.0,0.0,1.0,1.85,3.75,4.0,17,0,2023,12,9,16,13,7,Draw,Draw,2023-2024,St Truiden,68.0,70.0,68.0,68.0,27.0,Fast build up,Oud-Heverlee Leuven,68.0,69.0,68.0,69.0,28.0,Balanced,53.333333333333336,60.0,0.0
B1,2023-12-09,Gent,RWD Molenbeek,4,0,H,22.0,3.0,10.0,1.0,11.0,14.0,9.0,1.0,0.0,5.0,0.0,0.0,1.33,5.5,7.0,19,1,2023,12,9,8,14,7,Home Win,Home Win,2023-2024,Gent,72.0,71.0,72.0,72.0,28.0,Fast build up,RWD Molenbeek,67.0,70.0,68.0,65.0,28.0,Balanced,60.0,60.0,33.33333333333333
B1,2023-12-10,Mechelen,Club Brugge,0,0,D,9.0,13.0,4.0,2.0,11.0,9.0,2.0,9.0,3.0,5.0,0.0,0.0,4.75,4.33,1.62,12,0,2023,12,10,10,5,1,Draw,Draw,2023-2024,Mechelen,69.0,71.0,68.0,68.0,28.0,Balanced,Club Brugge,74.0,73.0,75.0,71.0,27.0,Long ball,26.666666666666668,46.666666666666664,66.66666666666666
B1,2023-12-10,Eupen,Genk,1,3,A,11.0,18.0,4.0,10.0,12.0,8.0,8.0,8.0,0.0,2.0,0.0,0.0,6.5,5.25,1.4,15,2,2023,12,10,6,7,1,Away Win,Away Win,2023-2024,Eupen,67.0,67.0,67.0,66.0,28.0,Long ball,Genk,72.0,71.0,72.0,72.0,26.0,Long ball,26.666666666666668,33.33333333333333,46.666666666666664
B1,2023-12-10,Anderlecht,Standard,2,2,D,12.0,13.0,4.0,4.0,8.0,14.0,1.0,1.0,2.0,3.0,0.0,0.0,1.57,4.0,5.5,17,0,2023,12,10,0,18,1,Draw,Draw,2023-2024,Anderlecht,74.0,74.0,73.0,74.0,28.0,Balanced,,69.64389067524115,70.3330689928628,69.83108643933386,68.45757335448057,26.94528152260111,Balanced,86.66666666666667,86.66666666666667,26.666666666666668
B1,2023-12-10,Charleroi,St. Gilloise,1,3,A,9.0,17.0,3.0,9.0,7.0,12.0,6.0,7.0,3.0,2.0,0.0,0.0,5.0,4.0,1.62,18,2,2023,12,10,4,17,1,Away Win,Away Win,2023-2024,Charleroi,69.0,72.0,70.0,68.0,28.0,Balanced,St. Gilloise,72.0,72.0,70.0,72.0,27.0,Balanced,80.0,26.666666666666668,86.66666666666667
B1,2023-12-15,Westerlo,Eupen,2,0,H,20.0,15.0,4.0,7.0,15.0,8.0,4.0,4.0,3.0,1.0,0.0,0.0,1.73,3.8,4.33,19,1,2023,12,15,21,6,6,Home Win,Home Win,2023-2024,Westerlo,68.0,67.0,67.0,68.0,28.0,Balanced,Eupen,67.0,67.0,67.0,66.0,28.0,Long ball,26.666666666666668,46.666666666666664,13.333333333333334
B1,2023-12-16,Oud-Heverlee Leuven,Cercle Brugge,1,2,A,9.0,12.0,3.0,5.0,12.0,14.0,4.0,6.0,4.0,3.0,0.0,0.0,4.0,4.0,1.8,15,2,2023,12,16,13,3,7,Away Win,Away Win,2023-2024,Oud-Heverlee Leuven,68.0,69.0,68.0,69.0,28.0,Balanced,Cercle Brugge,69.0,70.0,70.0,67.0,28.0,Balanced,26.666666666666668,6.666666666666667,26.666666666666668
B1,2023-12-16,RWD Molenbeek,St Truiden,3,0,H,7.0,12.0,6.0,1.0,14.0,8.0,4.0,4.0,3.0,2.0,0.0,0.0,3.4,3.4,2.15,17,1,2023,12,16,14,16,7,Home Win,Home Win,2023-2024,RWD Molenbeek,67.0,70.0,68.0,65.0,28.0,Balanced,St Truiden,68.0,70.0,68.0,68.0,27.0,Fast build up,26.666666666666668,33.33333333333333,46.666666666666664
B1,2023-12-16,Standard,Charleroi,0,0,D,6.0,7.0,1.0,2.0,11.0,21.0,4.0,2.0,1.0,1.0,0.0,0.0,2.1,3.4,3.5,19,0,2023,12,16,18,4,7,Draw,Draw,2023-2024,,69.65567176186646,70.34285714285714,69.84285714285714,68.46746031746032,26.95,Balanced,Charleroi,69.0,72.0,70.0,68.0,28.0,Balanced,73.33333333333333,33.33333333333333,26.666666666666668
B1,2023-12-17,Club Brugge,Gent,2,0,H,13.0,8.0,4.0,2.0,10.0,11.0,4.0,5.0,0.0,0.0,0.0,1.0,1.67,4.0,4.75,12,1,2023,12,17,5,8,1,Home Win,Home Win,2023-2024,Club Brugge,74.0,73.0,75.0,71.0,27.0,Long ball,Gent,72.0,71.0,72.0,72.0,28.0,Fast build up,60.0,53.333333333333336,60.0
B1,2023-12-17,St. Gilloise,Mechelen,1,0,H,24.0,15.0,8.0,8.0,14.0,10.0,8.0,5.0,2.0,1.0,0.0,0.0,1.33,5.0,9.0,15,1,2023,12,17,17,10,1,Home Win,Home Win,2023-2024,St. Gilloise,72.0,72.0,70.0,72.0,27.0,Balanced,Mechelen,69.0,71.0,68.0,68.0,28.0,Balanced,100.0,86.66666666666667,53.333333333333336
B1,2023-12-17,Antwerp,Anderlecht,1,1,D,19.0,10.0,5.0,4.0,9.0,13.0,7.0,2.0,2.0,4.0,0.0,0.0,1.91,3.5,3.8,17,0,2023,12,17,1,0,1,Draw,Draw,2023-2024,Antwerp,73.0,74.0,73.0,73.0,27.0,Fast build up,Anderlecht,74.0,74.0,73.0,74.0,28.0,Balanced,86.66666666666667,86.66666666666667,73.33333333333333
B1,2023-12-17,Genk,Kortrijk,4,0,H,27.0,5.0,9.0,1.0,7.0,12.0,7.0,2.0,0.0,2.0,0.0,0.0,1.22,6.5,10.0,18,1,2023,12,17,7,9,1,Home Win,Home Win,2023-2024,Genk,72.0,71.0,72.0,72.0,26.0,Long ball,Kortrijk,67.0,67.0,68.0,66.0,28.0,Balanced,60.0,46.666666666666664,13.333333333333334
B1,2023-12-20,Cercle Brugge,Kortrijk,3,0,H,24.0,6.0,13.0,1.0,8.0,14.0,7.0,5.0,2.0,3.0,0.0,0.0,1.36,5.0,8.0,17,1,2023,12,20,3,9,4,Home Win,Home Win,2023-2024,Cercle Brugge,69.0,70.0,70.0,67.0,28.0,Balanced,Kortrijk,67.0,67.0,68.0,66.0,28.0,Balanced,60.0,46.666666666666664,6.666666666666667
B1,2023-12-20,Mechelen,Standard,3,0,H,28.0,14.0,8.0,3.0,8.0,8.0,5.0,3.0,2.0,0.0,0.0,1.0,2.45,3.3,2.8,19,1,2023,12,20,10,18,4,Home Win,Home Win,2023-2024,Mechelen,69.0,71.0,68.0,68.0,28.0,Balanced,,69.64389067524115,70.3330689928628,69.83108643933386,68.45757335448057,26.94528152260111,Balanced,33.33333333333333,46.666666666666664,33.33333333333333
B1,2023-12-21,Gent,Oud-Heverlee Leuven,4,0,H,21.0,9.0,6.0,2.0,6.0,12.0,8.0,3.0,0.0,1.0,0.0,0.0,1.3,5.5,9.0,19,1,2023,12,21,8,13,5,Home Win,Home Win,2023-2024,Gent,72.0,71.0,72.0,72.0,28.0,Fast build up,Oud-Heverlee Leuven,68.0,69.0,68.0,69.0,28.0,Balanced,60.0,40.0,6.666666666666667
B1,2023-12-22,RWD Molenbeek,Club Brugge,1,6,A,10.0,15.0,3.0,10.0,9.0,8.0,2.0,8.0,1.0,2.0,0.0,0.0,7.5,5.0,1.36,19,2,2023,12,22,14,5,6,Away Win,Away Win,2023-2024,RWD Molenbeek,67.0,70.0,68.0,65.0,28.0,Balanced,Club Brugge,74.0,73.0,75.0,71.0,27.0,Long ball,46.666666666666664,46.666666666666664,73.33333333333333
B1,2023-12-23,Eupen,St. Gilloise,1,2,A,1.0,20.0,1.0,8.0,15.0,8.0,3.0,14.0,5.0,1.0,0.0,0.0,11.0,5.75,1.25,15,2,2023,12,23,6,17,7,Away Win,Away Win,2023-2024,Eupen,67.0,67.0,67.0,66.0,28.0,Long ball,St. Gilloise,72.0,72.0,70.0,72.0,27.0,Balanced,26.666666666666668,6.666666666666667,86.66666666666667
B1,2023-12-23,Antwerp,Westerlo,2,2,D,15.0,12.0,6.0,6.0,5.0,7.0,8.0,2.0,2.0,1.0,0.0,0.0,1.33,5.25,8.0,17,0,2023,12,23,1,21,7,Draw,Draw,2023-2024,Antwerp,73.0,74.0,73.0,73.0,27.0,Fast build up,Westerlo,68.0,67.0,67.0,68.0,28.0,Balanced,86.66666666666667,73.33333333333333,46.666666666666664
B1,2023-12-23,St Truiden,Charleroi,1,0,H,16.0,4.0,7.0,0.0,4.0,17.0,6.0,3.0,0.0,0.0,0.0,0.0,2.15,3.4,3.3,17,1,2023,12,23,16,4,7,Home Win,Home Win,2023-2024,St Truiden,68.0,70.0,68.0,68.0,27.0,Fast build up,Charleroi,69.0,72.0,70.0,68.0,28.0,Balanced,40.0,40.0,33.33333333333333
B1,2023-12-23,Anderlecht,Genk,2,1,H,9.0,20.0,3.0,7.0,7.0,15.0,1.0,8.0,1.0,2.0,0.0,0.0,2.25,3.5,3.1,19,1,2023,12,23,0,7,7,Home Win,Home Win,2023-2024,Anderlecht,74.0,74.0,73.0,74.0,28.0,Balanced,Genk,72.0,71.0,72.0,72.0,26.0,Long ball,73.33333333333333,60.0,66.66666666666666
B1,2023-12-26,Genk,Antwerp,3,0,H,16.0,3.0,8.0,1.0,8.0,9.0,3.0,3.0,1.0,3.0,0.0,0.0,2.1,3.5,3.4,12,1,2023,12,26,7,1,3,Home Win,Home Win,2023-2024,Genk,72.0,71.0,72.0,72.0,26.0,Long ball,Antwerp,73.0,74.0,73.0,73.0,27.0,Fast build up,73.33333333333333,46.666666666666664,60.0
B1,2023-12-26,Kortrijk,Gent,0,2,A,7.0,20.0,3.0,9.0,9.0,10.0,4.0,5.0,1.0,1.0,0.0,0.0,7.5,5.0,1.36,15,2,2023,12,26,9,8,3,Away Win,Away Win,2023-2024,Kortrijk,67.0,67.0,68.0,66.0,28.0,Balanced,Gent,72.0,71.0,72.0,72.0,28.0,Fast build up,40.0,6.666666666666667,53.333333333333336
B1,2023-12-26,Oud-Heverlee Leuven,Eupen,3,0,H,18.0,14.0,7.0,6.0,6.0,15.0,7.0,3.0,2.0,2.0,0.0,0.0,1.8,4.0,3.8,15,1,2023,12,26,13,6,3,Home Win,Home Win,2023-2024,Oud-Heverlee Leuven,68.0,69.0,68.0,69.0,28.0,Balanced,Eupen,67.0,67.0,67.0,66.0,28.0,Long ball,20.0,6.666666666666667,6.666666666666667
B1,2023-12-26,Westerlo,RWD Molenbeek,3,0,H,13.0,11.0,3.0,4.0,7.0,12.0,6.0,0.0,0.0,0.0,0.0,1.0,1.85,3.6,4.0,17,1,2023,12,26,21,14,3,Home Win,Home Win,2023-2024,Westerlo,68.0,67.0,67.0,68.0,28.0,Balanced,RWD Molenbeek,67.0,70.0,68.0,65.0,28.0,Balanced,46.666666666666664,46.666666666666664,26.666666666666668
B1,2023-12-26,Club Brugge,St. Gilloise,1,1,D,9.0,7.0,2.0,3.0,15.0,14.0,6.0,0.0,1.0,5.0,0.0,1.0,2.3,3.25,3.2,19,0,2023,12,26,5,17,3,Draw,Draw,2023-2024,Club Brugge,74.0,73.0,75.0,71.0,27.0,Long ball,St. Gilloise,72.0,72.0,70.0,72.0,27.0,Balanced,73.33333333333333,86.66666666666667,86.66666666666667
B1,2023-12-27,Standard,St Truiden,1,1,D,11.0,18.0,2.0,8.0,14.0,14.0,4.0,4.0,1.0,3.0,0.0,0.0,2.38,3.1,3.2,17,0,2023,12,27,18,16,4,Draw,Draw,2023-2024,,69.65567176186646,70.34285714285714,69.84285714285714,68.46746031746032,26.95,Balanced,St Truiden,68.0,70.0,68.0,68.0,27.0,Fast build up,73.33333333333333,33.33333333333333,53.333333333333336
B1,2023-12-27,Anderlecht,Cercle Brugge,2,0,H,7.0,19.0,4.0,7.0,9.0,13.0,2.0,12.0,1.0,1.0,0.0,0.0,1.8,3.8,4.0,19,1,2023,12,27,0,3,4,Home Win,Home Win,2023-2024,Anderlecht,74.0,74.0,73.0,74.0,28.0,Balanced,Cercle Brugge,69.0,70.0,70.0,67.0,28.0,Balanced,86.66666666666667,73.33333333333333,60.0
B1,2023-12-27,Charleroi,Mechelen,3,1,H,16.0,11.0,6.0,5.0,10.0,9.0,5.0,7.0,2.0,1.0,0.0,0.0,2.1,3.3,3.5,19,1,2023,12,27,4,10,4,Home Win,Home Win,2023-2024,Charleroi,69.0,72.0,70.0,68.0,28.0,Balanced,Mechelen,69.0,71.0,68.0,68.0,28.0,Balanced,60.0,33.33333333333333,46.666666666666664
B1,2024-01-19,Gent,Mechelen,1,2,A,23.0,9.0,7.0,2.0,4.0,15.0,8.0,4.0,2.0,4.0,0.0,0.0,1.55,4.0,5.75,19,2,2024,1,19,8,10,6,Away Win,Away Win,2023-2024,Gent,72.0,71.0,72.0,72.0,28.0,Fast build up,Mechelen,69.0,71.0,68.0,68.0,28.0,Balanced,73.33333333333333,66.66666666666666,26.666666666666668
B1,2024-01-20,Genk,Cercle Brugge,1,1,D,12.0,19.0,3.0,6.0,15.0,15.0,4.0,5.0,2.0,2.0,0.0,0.0,1.8,3.75,4.33,15,0,2024,1,20,7,3,7,Draw,Draw,2023-2024,Genk,72.0,71.0,72.0,72.0,26.0,Long ball,Cercle Brugge,69.0,70.0,70.0,67.0,28.0,Balanced,86.66666666666667,66.66666666666666,40.0
B1,2024-01-20,Standard,Kortrijk,0,1,A,20.0,5.0,4.0,2.0,7.0,13.0,7.0,4.0,0.0,1.0,0.0,0.0,1.57,3.8,6.0,17,2,2024,1,20,18,9,7,Away Win,Away Win,2023-2024,,69.65567176186646,70.34285714285714,69.84285714285714,68.46746031746032,26.95,Balanced,Kortrijk,67.0,67.0,68.0,66.0,28.0,Balanced,60.0,20.0,6.666666666666667
B1,2024-01-20,Club Brugge,Westerlo,3,0,H,14.0,2.0,9.0,0.0,4.0,12.0,3.0,0.0,0.0,3.0,0.0,1.0,1.29,5.25,10.0,19,1,2024,1,20,5,21,7,Home Win,Home Win,2023-2024,Club Brugge,74.0,73.0,75.0,71.0,27.0,Long ball,Westerlo,68.0,67.0,67.0,68.0,28.0,Balanced,73.33333333333333,73.33333333333333,66.66666666666666
B1,2024-01-21,Antwerp,Charleroi,4,1,H,20.0,8.0,8.0,5.0,7.0,12.0,5.0,6.0,1.0,2.0,0.0,0.0,1.73,3.75,4.75,12,1,2024,1,21,1,4,1,Home Win,Home Win,2023-2024,Antwerp,73.0,74.0,73.0,73.0,27.0,Fast build up,Charleroi,69.0,72.0,70.0,68.0,28.0,Balanced,73.33333333333333,53.333333333333336,33.33333333333333
B1,2024-01-21,St. Gilloise,St Truiden,2,1,H,16.0,5.0,5.0,2.0,5.0,9.0,7.0,1.0,2.0,5.0,0.0,0.0,1.33,5.25,8.5,15,1,2024,1,21,17,16,1,Home Win,Home Win,2023-2024,St. Gilloise,72.0,72.0,70.0,72.0,27.0,Balanced,St Truiden,68.0,70.0,68.0,68.0,27.0,Fast build up,100.0,86.66666666666667,53.333333333333336
B1,2024-01-21,Oud-Heverlee Leuven,Anderlecht,1,1,D,8.0,12.0,4.0,4.0,8.0,10.0,5.0,3.0,2.0,2.0,0.0,0.0,4.75,3.6,1.7,17,0,2024,1,21,13,0,1,Draw,Draw,2023-2024,Oud-Heverlee Leuven,68.0,69.0,68.0,69.0,28.0,Balanced,Anderlecht,74.0,74.0,73.0,74.0,28.0,Balanced,40.0,26.666666666666668,73.33333333333333
B1,2024-01-24,RWD Molenbeek,Eupen,0,1,A,8.0,11.0,3.0,6.0,13.0,14.0,1.0,4.0,2.0,3.0,0.0,0.0,1.91,3.5,4.0,14,2,2024,1,24,14,6,4,Away Win,Away Win,2023-2024,RWD Molenbeek,67.0,70.0,68.0,65.0,28.0,Balanced,Eupen,67.0,67.0,67.0,66.0,28.0,Long ball,40.0,26.666666666666668,6.666666666666667
B1,2024-01-26,Cercle Brugge,Standard,1,1,D,26.0,11.0,7.0,2.0,8.0,13.0,5.0,4.0,2.0,1.0,0.0,0.0,1.53,4.2,5.75,19,0,2024,1,26,3,18,6,Draw,Draw,2023-2024,Cercle Brugge,69.0,70.0,70.0,67.0,28.0,Balanced,,69.64389067524115,70.3330689928628,69.83108643933386,68.45757335448057,26.94528152260111,Balanced,60.0,46.666666666666664,20.0
B1,2024-01-27,Kortrijk,Oud-Heverlee Leuven,0,0,D,13.0,8.0,3.0,2.0,7.0,16.0,6.0,5.0,3.0,1.0,0.0,0.0,2.75,3.5,2.38,15,0,2024,1,27,9,13,7,Draw,Draw,2023-2024,Kortrijk,67.0,67.0,68.0,66.0,28.0,Balanced,Oud-Heverlee Leuven,68.0,69.0,68.0,69.0,28.0,Balanced,20.0,20.0,33.33333333333333
B1,2024-01-27,Charleroi,Club Brugge,1,4,A,14.0,17.0,6.0,7.0,10.0,11.0,3.0,5.0,0.0,1.0,0.0,0.0,5.5,4.2,1.5,19,2,2024,1,27,4,5,7,Away Win,Away Win,2023-2024,Charleroi,69.0,72.0,70.0,68.0,28.0,Balanced,Club Brugge,74.0,73.0,75.0,71.0,27.0,Long ball,60.0,26.666666666666668,73.33333333333333
B1,2024-01-27,Gent,Westerlo,2,2,D,14.0,11.0,5.0,6.0,16.0,19.0,5.0,3.0,3.0,7.0,0.0,0.0,1.36,5.0,6.5,19,0,2024,1,27,8,21,7,Draw,Draw,2023-2024,Gent,72.0,71.0,72.0,72.0,28.0,Fast build up,Westerlo,68.0,67.0,67.0,68.0,28.0,Balanced,53.333333333333336,60.0,66.66666666666666
B1,2024-01-28,St Truiden,Genk,1,1,D,12.0,10.0,4.0,3.0,13.0,14.0,5.0,7.0,2.0,4.0,0.0,2.0,3.75,3.5,1.95,12,0,2024,1,28,16,7,1,Draw,Draw,2023-2024,St Truiden,68.0,70.0,68.0,68.0,27.0,Fast build up,Genk,72.0,71.0,72.0,72.0,26.0,Long ball,60.0,33.33333333333333,66.66666666666666
B1,2024-01-28,Eupen,Antwerp,1,0,H,9.0,15.0,3.0,2.0,16.0,8.0,3.0,6.0,4.0,2.0,0.0,0.0,7.5,4.75,1.36,15,1,2024,1,28,6,1,1,Home Win,Home Win,2023-2024,Eupen,67.0,67.0,67.0,66.0,28.0,Long ball,Antwerp,73.0,74.0,73.0,73.0,27.0,Fast build up,26.666666666666668,20.0,53.333333333333336
B1,2024-01-28,Anderlecht,St. Gilloise,2,2,D,11.0,14.0,2.0,8.0,15.0,13.0,7.0,6.0,3.0,2.0,0.0,0.0,3.1,3.5,2.1,17,0,2024,1,28,0,17,1,Draw,Draw,2023-2024,Anderlecht,74.0,74.0,73.0,74.0,28.0,Balanced,St. Gilloise,72.0,72.0,70.0,72.0,27.0,Balanced,86.66666666666667,60.0,86.66666666666667
B1,2024-01-28,Mechelen,RWD Molenbeek,3,1,H,24.0,6.0,8.0,3.0,9.0,12.0,14.0,0.0,0.0,2.0,0.0,1.0,1.67,3.75,5.0,18,1,2024,1,28,10,14,1,Home Win,Home Win,2023-2024,Mechelen,69.0,71.0,68.0,68.0,28.0,Balanced,RWD Molenbeek,67.0,70.0,68.0,65.0,28.0,Balanced,46.666666666666664,46.666666666666664,20.0
B1,2024-01-30,Club Brugge,Kortrijk,3,3,D,31.0,7.0,10.0,5.0,7.0,10.0,11.0,0.0,1.0,2.0,0.0,0.0,1.13,8.5,17.0,19,0,2024,1,30,5,9,3,Draw,Draw,2023-2024,Club Brugge,74.0,73.0,75.0,71.0,27.0,Long ball,Kortrijk,67.0,67.0,68.0,66.0,28.0,Balanced,73.33333333333333,86.66666666666667,26.666666666666668
B1,2024-01-30,Westerlo,Cercle Brugge,4,2,H,9.0,14.0,5.0,3.0,10.0,25.0,2.0,6.0,3.0,5.0,1.0,0.0,4.0,3.75,1.8,19,1,2024,1,30,21,3,3,Home Win,Home Win,2023-2024,Westerlo,68.0,67.0,67.0,68.0,28.0,Balanced,Cercle Brugge,69.0,70.0,70.0,67.0,28.0,Balanced,46.666666666666664,53.333333333333336,53.333333333333336
B1,2024-01-31,Charleroi,Eupen,1,0,H,12.0,7.0,3.0,2.0,12.0,12.0,2.0,10.0,1.0,0.0,0.0,0.0,1.62,4.0,5.0,17,1,2024,1,31,4,6,4,Home Win,Home Win,2023-2024,Charleroi,69.0,72.0,70.0,68.0,28.0,Balanced,Eupen,67.0,67.0,67.0,66.0,28.0,Long ball,40.0,26.666666666666668,40.0
B1,2024-01-31,Oud-Heverlee Leuven,Genk,2,1,H,12.0,15.0,4.0,2.0,15.0,21.0,2.0,4.0,2.0,5.0,0.0,0.0,4.5,4.0,1.67,17,1,2024,1,31,13,7,4,Home Win,Home Win,2023-2024,Oud-Heverlee Leuven,68.0,69.0,68.0,69.0,28.0,Balanced,Genk,72.0,71.0,72.0,72.0,26.0,Long ball,26.666666666666668,33.33333333333333,53.333333333333336
B1,2024-01-31,St. Gilloise,RWD Molenbeek,3,2,H,11.0,8.0,5.0,2.0,11.0,15.0,3.0,2.0,2.0,2.0,0.0,0.0,1.2,7.0,12.0,20,1,2024,1,31,17,14,4,Home Win,Home Win,2023-2024,St. Gilloise,72.0,72.0,70.0,72.0,27.0,Balanced,RWD Molenbeek,67.0,70.0,68.0,65.0,28.0,Balanced,100.0,73.33333333333333,20.0
B1,2024-01-31,Standard,Antwerp,0,1,A,15.0,4.0,4.0,2.0,11.0,14.0,4.0,2.0,1.0,3.0,0.0,1.0,4.0,3.6,1.85,20,2,2024,1,31,18,1,4,Away Win,Away Win,2023-2024,,69.65567176186646,70.34285714285714,69.84285714285714,68.46746031746032,26.95,Balanced,Antwerp,73.0,74.0,73.0,73.0,27.0,Fast build up,40.0,20.0,33.33333333333333
B1,2024-02-01,Mechelen,Anderlecht,2,2,D,14.0,16.0,7.0,4.0,10.0,9.0,5.0,4.0,2.0,1.0,0.0,0.0,3.25,3.5,2.15,19,0,2024,2,1,10,0,5,Draw,Draw,2023-2024,Mechelen,69.0,71.0,68.0,68.0,28.0,Balanced,Anderlecht,74.0,74.0,73.0,74.0,28.0,Balanced,66.66666666666666,60.0,60.0
B1,2024-02-01,St Truiden,Gent,4,1,H,23.0,4.0,12.0,1.0,6.0,6.0,9.0,1.0,2.0,0.0,0.0,1.0,3.6,3.6,1.95,19,1,2024,2,1,16,8,5,Home Win,Home Win,2023-2024,St Truiden,68.0,70.0,68.0,68.0,27.0,Fast build up,Gent,72.0,71.0,72.0,72.0,28.0,Fast build up,46.666666666666664,33.33333333333333,46.666666666666664
B1,2024-02-03,RWD Molenbeek,Standard,2,2,D,12.0,13.0,4.0,4.0,15.0,12.0,4.0,3.0,1.0,4.0,0.0,0.0,3.0,3.3,2.3,15,0,2024,2,3,14,18,7,Draw,Draw,2023-2024,RWD Molenbeek,67.0,70.0,68.0,65.0,28.0,Balanced,,69.64389067524115,70.3330689928628,69.83108643933386,68.45757335448057,26.94528152260111,Balanced,33.33333333333333,0.0,13.333333333333334
B1,2024-02-03,Kortrijk,Charleroi,1,0,H,11.0,7.0,4.0,1.0,10.0,20.0,5.0,4.0,1.0,1.0,0.0,0.0,3.2,3.5,2.1,17,1,2024,2,3,9,4,7,Home Win,Home Win,2023-2024,Kortrijk,67.0,67.0,68.0,66.0,28.0,Balanced,Charleroi,69.0,72.0,70.0,68.0,28.0,Balanced,6.666666666666667,33.33333333333333,40.0
B1,2024-02-03,Westerlo,Oud-Heverlee Leuven,0,3,A,11.0,9.0,7.0,6.0,8.0,12.0,15.0,5.0,0.0,2.0,0.0,0.0,2.0,3.6,3.4,17,2,2024,2,3,21,13,7,Away Win,Away Win,2023-2024,Westerlo,68.0,67.0,67.0,68.0,28.0,Balanced,Oud-Heverlee Leuven,68.0,69.0,68.0,69.0,28.0,Balanced,66.66666666666666,53.333333333333336,53.333333333333336
B1,2024-02-03,Genk,St. Gilloise,0,1,A,10.0,12.0,3.0,4.0,18.0,13.0,8.0,3.0,1.0,4.0,0.0,0.0,2.8,3.4,2.38,19,2,2024,2,3,7,17,7,Away Win,Away Win,2023-2024,Genk,72.0,71.0,72.0,72.0,26.0,Long ball,St. Gilloise,72.0,72.0,70.0,72.0,27.0,Balanced,73.33333333333333,33.33333333333333,73.33333333333333
B1,2024-02-04,Antwerp,Club Brugge,2,1,H,11.0,13.0,3.0,4.0,9.0,18.0,5.0,9.0,2.0,4.0,0.0,1.0,3.6,3.5,1.91,12,1,2024,2,4,1,5,1,Home Win,Home Win,2023-2024,Antwerp,73.0,74.0,73.0,73.0,27.0,Fast build up,Club Brugge,74.0,73.0,75.0,71.0,27.0,Long ball,73.33333333333333,46.666666666666664,73.33333333333333
B1,2024-02-04,Eupen,Mechelen,0,1,A,18.0,4.0,5.0,1.0,17.0,8.0,8.0,4.0,1.0,0.0,1.0,0.0,3.0,3.4,2.25,15,2,2024,2,4,6,10,1,Away Win,Away Win,2023-2024,Eupen,67.0,67.0,67.0,66.0,28.0,Long ball,Mechelen,69.0,71.0,68.0,68.0,28.0,Balanced,26.666666666666668,40.0,66.66666666666666
B1,2024-02-04,Anderlecht,Gent,1,0,H,11.0,13.0,3.0,4.0,6.0,12.0,5.0,5.0,1.0,4.0,0.0,0.0,2.2,3.5,3.0,17,1,2024,2,4,0,8,1,Home Win,Home Win,2023-2024,Anderlecht,74.0,74.0,73.0,74.0,28.0,Balanced,Gent,72.0,71.0,72.0,72.0,28.0,Fast build up,73.33333333333333,60.0,46.666666666666664
B1,2024-02-04,Cercle Brugge,St Truiden,4,1,H,17.0,6.0,6.0,3.0,17.0,8.0,6.0,8.0,2.0,2.0,0.0,0.0,1.85,3.6,3.8,18,1,2024,2,4,3,16,1,Home Win,Home Win,2023-2024,Cercle Brugge,69.0,70.0,70.0,67.0,28.0,Balanced,St Truiden,68.0,70.0,68.0,68.0,27.0,Fast build up,46.666666666666664,33.33333333333333,53.333333333333336
B1,2024-02-09,St Truiden,Kortrijk,1,0,H,15.0,10.0,3.0,2.0,8.0,11.0,5.0,3.0,0.0,2.0,0.0,0.0,1.5,4.33,6.0,19,1,2024,2,9,16,9,6,Home Win,Home Win,2023-2024,St Truiden,68.0,70.0,68.0,68.0,27.0,Fast build up,Kortrijk,67.0,67.0,68.0,66.0,28.0,Balanced,60.0,33.33333333333333,53.333333333333336
B1,2024-02-10,Standard,Oud-Heverlee Leuven,1,0,H,11.0,8.0,5.0,2.0,10.0,18.0,7.0,9.0,3.0,3.0,0.0,0.0,1.91,3.6,3.75,15,1,2024,2,10,18,13,7,Home Win,Home Win,2023-2024,,69.65567176186646,70.34285714285714,69.84285714285714,68.46746031746032,26.95,Balanced,Oud-Heverlee Leuven,68.0,69.0,68.0,69.0,28.0,Balanced,33.33333333333333,20.0,73.33333333333333
B1,2024-02-10,St. Gilloise,Westerlo,2,2,D,17.0,9.0,3.0,4.0,14.0,8.0,4.0,4.0,4.0,2.0,0.0,0.0,1.29,6.0,9.0,17,0,2024,2,10,17,21,7,Draw,Draw,2023-2024,St. Gilloise,72.0,72.0,70.0,72.0,27.0,Balanced,Westerlo,68.0,67.0,67.0,68.0,28.0,Balanced,100.0,73.33333333333333,46.666666666666664
B1,2024-02-10,Club Brugge,Eupen,4,0,H,21.0,4.0,6.0,1.0,8.0,11.0,7.0,4.0,0.0,2.0,0.0,0.0,1.22,7.0,9.5,19,1,2024,2,10,5,6,7,Home Win,Home Win,2023-2024,Club Brugge,74.0,73.0,75.0,71.0,27.0,Long ball,Eupen,67.0,67.0,67.0,66.0,28.0,Long ball,73.33333333333333,53.333333333333336,40.0
B1,2024-02-11,RWD Molenbeek,Antwerp,0,4,A,2.0,13.0,1.0,9.0,15.0,11.0,5.0,3.0,3.0,0.0,1.0,0.0,5.0,4.2,1.62,12,2,2024,2,11,14,1,1,Away Win,Away Win,2023-2024,RWD Molenbeek,67.0,70.0,68.0,65.0,28.0,Balanced,Antwerp,73.0,74.0,73.0,73.0,27.0,Fast build up,33.33333333333333,6.666666666666667,60.0
B1,2024-02-11,Mechelen,Genk,1,1,D,11.0,14.0,2.0,1.0,10.0,12.0,5.0,3.0,1.0,2.0,0.0,0.0,3.75,3.6,1.91,15,0,2024,2,11,10,7,1,Draw,Draw,2023-2024,Mechelen,69.0,71.0,68.0,68.0,28.0,Balanced,Genk,72.0,71.0,72.0,72.0,26.0,Long ball,53.333333333333336,66.66666666666666,33.33333333333333
B1,2024-02-11,Charleroi,Anderlecht,1,3,A,16.0,8.0,6.0,4.0,11.0,7.0,5.0,2.0,0.0,0.0,0.0,0.0,3.75,3.4,2.0,17,2,2024,2,11,4,0,1,Away Win,Away Win,2023-2024,Charleroi,69.0,72.0,70.0,68.0,28.0,Balanced,Anderlecht,74.0,74.0,73.0,74.0,28.0,Balanced,60.0,40.0,60.0
B1,2024-02-11,Gent,Cercle Brugge,1,2,A,20.0,11.0,10.0,2.0,11.0,11.0,12.0,3.0,1.0,3.0,0.0,1.0,2.05,3.75,3.25,18,2,2024,2,11,8,3,1,Away Win,Away Win,2023-2024,Gent,72.0,71.0,72.0,72.0,28.0,Fast build up,Cercle Brugge,69.0,70.0,70.0,67.0,28.0,Balanced,53.333333333333336,26.666666666666668,33.33333333333333
B1,2024-02-16,Westerlo,Standard,2,1,H,13.0,12.0,5.0,2.0,14.0,10.0,3.0,5.0,1.0,1.0,0.0,0.0,2.38,3.3,3.0,19,1,2024,2,16,21,18,6,Home Win,Home Win,2023-2024,Westerlo,68.0,67.0,67.0,68.0,28.0,Balanced,,69.64389067524115,70.3330689928628,69.83108643933386,68.45757335448057,26.94528152260111,Balanced,60.0,33.33333333333333,33.33333333333333
B1,2024-02-17,Genk,RWD Molenbeek,3,1,H,21.0,11.0,9.0,5.0,9.0,12.0,6.0,8.0,1.0,2.0,0.0,0.0,1.29,6.0,9.5,15,1,2024,2,17,7,14,7,Home Win,Home Win,2023-2024,Genk,72.0,71.0,72.0,72.0,26.0,Long ball,RWD Molenbeek,67.0,70.0,68.0,65.0,28.0,Balanced,53.333333333333336,20.0,6.666666666666667
B1,2024-02-17,Oud-Heverlee Leuven,Charleroi,0,0,D,17.0,6.0,0.0,0.0,17.0,15.0,13.0,1.0,2.0,5.0,0.0,1.0,2.4,3.4,2.88,17,0,2024,2,17,13,4,7,Draw,Draw,2023-2024,Oud-Heverlee Leuven,68.0,69.0,68.0,69.0,28.0,Balanced,Charleroi,69.0,72.0,70.0,68.0,28.0,Balanced,46.666666666666664,53.333333333333336,20.0
B1,2024-02-17,Antwerp,Mechelen,0,1,A,15.0,6.0,3.0,4.0,9.0,12.0,6.0,2.0,2.0,2.0,0.0,0.0,1.57,4.0,5.75,19,2,2024,2,17,1,10,7,Away Win,Away Win,2023-2024,Antwerp,73.0,74.0,73.0,73.0,27.0,Fast build up,Mechelen,69.0,71.0,68.0,68.0,28.0,Balanced,73.33333333333333,80.0,73.33333333333333
B1,2024-02-18,Cercle Brugge,Club Brugge,1,1,D,7.0,13.0,4.0,3.0,14.0,11.0,0.0,4.0,0.0,4.0,0.0,1.0,3.4,3.75,2.05,12,0,2024,2,18,3,5,1,Draw,Draw,2023-2024,Cercle Brugge,69.0,70.0,70.0,67.0,28.0,Balanced,Club Brugge,74.0,73.0,75.0,71.0,27.0,Long ball,66.66666666666666,53.333333333333336,66.66666666666666
B1,2024-02-18,Kortrijk,St. Gilloise,1,3,A,6.0,18.0,2.0,9.0,11.0,15.0,5.0,6.0,4.0,1.0,0.0,0.0,7.5,5.25,1.36,15,2,2024,2,18,9,17,1,Away Win,Away Win,2023-2024,Kortrijk,67.0,67.0,68.0,66.0,28.0,Balanced,St. Gilloise,72.0,72.0,70.0,72.0,27.0,Balanced,26.666666666666668,53.333333333333336,73.33333333333333
B1,2024-02-18,Anderlecht,St Truiden,4,1,H,17.0,12.0,8.0,4.0,9.0,11.0,2.0,2.0,1.0,1.0,0.0,0.0,1.62,3.75,5.75,17,1,2024,2,18,0,16,1,Home Win,Home Win,2023-2024,Anderlecht,74.0,74.0,73.0,74.0,28.0,Balanced,St Truiden,68.0,70.0,68.0,68.0,27.0,Fast build up,73.33333333333333,60.0,46.666666666666664
B1,2024-02-18,Eupen,Gent,0,2,A,4.0,8.0,3.0,4.0,18.0,14.0,4.0,3.0,3.0,1.0,0.0,0.0,5.0,4.0,1.67,18,2,2024,2,18,6,8,1,Away Win,Away Win,2023-2024,Eupen,67.0,67.0,67.0,66.0,28.0,Long ball,Gent,72.0,71.0,72.0,72.0,28.0,Fast build up,26.666666666666668,40.0,6.666666666666667
B1,2024-02-23,Charleroi,Genk,0,1,A,6.0,19.0,4.0,7.0,14.0,13.0,3.0,6.0,2.0,2.0,0.0,0.0,3.6,3.5,2.05,19,2,2024,2,23,4,7,6,Away Win,Away Win,2023-2024,Charleroi,69.0,72.0,70.0,68.0,28.0,Balanced,Genk,72.0,71.0,72.0,72.0,26.0,Long ball,40.0,26.666666666666668,33.33333333333333
B1,2024-02-24,RWD Molenbeek,Oud-Heverlee Leuven,1,1,D,10.0,9.0,3.0,3.0,10.0,9.0,5.0,6.0,0.0,3.0,0.0,0.0,2.75,3.4,2.45,15,0,2024,2,24,14,13,7,Draw,Draw,2023-2024,RWD Molenbeek,67.0,70.0,68.0,65.0,28.0,Balanced,Oud-Heverlee Leuven,68.0,69.0,68.0,69.0,28.0,Balanced,26.666666666666668,6.666666666666667,53.333333333333336
B1,2024-02-24,St Truiden,Westerlo,1,0,H,15.0,12.0,3.0,3.0,9.0,11.0,8.0,2.0,1.0,1.0,0.0,0.0,2.05,3.3,3.75,17,1,2024,2,24,16,21,7,Home Win,Home Win,2023-2024,St Truiden,68.0,70.0,68.0,68.0,27.0,Fast build up,Westerlo,68.0,67.0,67.0,68.0,28.0,Balanced,73.33333333333333,46.666666666666664,53.333333333333336
B1,2024-02-24,Mechelen,Kortrijk,3,0,H,9.0,11.0,4.0,1.0,2.0,8.0,4.0,4.0,0.0,0.0,0.0,0.0,1.65,3.8,5.0,19,1,2024,2,24,10,9,7,Home Win,Home Win,2023-2024,Mechelen,69.0,71.0,68.0,68.0,28.0,Balanced,Kortrijk,67.0,67.0,68.0,66.0,28.0,Balanced,60.0,73.33333333333333,33.33333333333333
B1,2024-02-25,Club Brugge,Anderlecht,1,2,A,16.0,11.0,6.0,6.0,14.0,16.0,5.0,3.0,0.0,4.0,0.0,0.0,1.67,3.75,5.0,12,2,2024,2,25,5,0,1,Away Win,Away Win,2023-2024,Club Brugge,74.0,73.0,75.0,71.0,27.0,Long ball,Anderlecht,74.0,74.0,73.0,74.0,28.0,Balanced,73.33333333333333,53.333333333333336,73.33333333333333
B1,2024-02-25,Gent,Antwerp,2,2,D,13.0,8.0,5.0,5.0,13.0,8.0,7.0,4.0,1.0,2.0,0.0,0.0,2.45,3.25,2.88,15,0,2024,2,25,8,1,1,Draw,Draw,2023-2024,Gent,72.0,71.0,72.0,72.0,28.0,Fast build up,Antwerp,73.0,74.0,73.0,73.0,27.0,Fast build up,46.666666666666664,26.666666666666668,60.0
B1,2024-02-25,St. Gilloise,Standard,2,1,H,12.0,8.0,7.0,4.0,9.0,17.0,5.0,4.0,1.0,3.0,0.0,0.0,1.36,4.75,8.0,17,1,2024,2,25,17,18,1,Home Win,Home Win,2023-2024,St. Gilloise,72.0,72.0,70.0,72.0,27.0,Balanced,,69.64389067524115,70.3330689928628,69.83108643933386,68.45757335448057,26.94528152260111,Balanced,86.66666666666667,73.33333333333333,33.33333333333333
B1,2024-02-25,Eupen,Cercle Brugge,0,2,A,12.0,17.0,1.0,8.0,10.0,12.0,5.0,4.0,2.0,3.0,0.0,0.0,4.75,3.75,1.7,18,2,2024,2,25,6,3,1,Away Win,Away Win,2023-2024,Eupen,67.0,67.0,67.0,66.0,28.0,Long ball,Cercle Brugge,69.0,70.0,70.0,67.0,28.0,Balanced,20.0,20.0,53.333333333333336
B1,2024-03-01,Westerlo,Charleroi,0,1,A,15.0,7.0,3.0,1.0,11.0,12.0,5.0,1.0,1.0,4.0,0.0,0.0,1.85,3.4,4.2,19,2,2024,3,1,21,4,6,Away Win,Away Win,2023-2024,Westerlo,68.0,67.0,67.0,68.0,28.0,Balanced,Charleroi,69.0,72.0,70.0,68.0,28.0,Balanced,80.0,46.666666666666664,26.666666666666668
B1,2024-03-02,Cercle Brugge,Mechelen,2,3,A,12.0,15.0,5.0,6.0,9.0,9.0,7.0,6.0,1.0,2.0,0.0,0.0,1.91,3.6,4.0,15,2,2024,3,2,3,10,7,Away Win,Away Win,2023-2024,Cercle Brugge,69.0,70.0,70.0,67.0,28.0,Balanced,Mechelen,69.0,71.0,68.0,68.0,28.0,Balanced,53.333333333333336,66.66666666666666,73.33333333333333
B1,2024-03-02,Oud-Heverlee Leuven,St. Gilloise,0,2,A,9.0,9.0,2.0,2.0,10.0,11.0,4.0,6.0,3.0,3.0,0.0,0.0,6.5,4.33,1.5,17,2,2024,3,2,13,17,7,Away Win,Away Win,2023-2024,Oud-Heverlee Leuven,68.0,69.0,68.0,69.0,28.0,Balanced,St. Gilloise,72.0,72.0,70.0,72.0,27.0,Balanced,53.333333333333336,53.333333333333336,86.66666666666667
B1,2024-03-02,Standard,Gent,4,2,H,19.0,11.0,7.0,7.0,13.0,10.0,9.0,5.0,3.0,1.0,0.0,1.0,3.1,3.4,2.2,19,1,2024,3,2,18,8,7,Home Win,Home Win,2023-2024,,69.65567176186646,70.34285714285714,69.84285714285714,68.46746031746032,26.95,Balanced,Gent,72.0,71.0,72.0,72.0,28.0,Fast build up,33.33333333333333,26.666666666666668,26.666666666666668
B1,2024-03-03,Genk,Club Brugge,0,3,A,10.0,12.0,5.0,5.0,13.0,8.0,4.0,6.0,2.0,2.0,0.0,0.0,3.0,3.6,2.2,12,2,2024,3,3,7,5,1,Away Win,Away Win,2023-2024,Genk,72.0,71.0,72.0,72.0,26.0,Long ball,Club Brugge,74.0,73.0,75.0,71.0,27.0,Long ball,66.66666666666666,46.666666666666664,33.33333333333333
B1,2024-03-03,Antwerp,St Truiden,3,0,H,19.0,4.0,11.0,0.0,13.0,15.0,11.0,3.0,0.0,0.0,0.0,0.0,1.62,4.0,4.75,15,1,2024,3,3,1,16,1,Home Win,Home Win,2023-2024,Antwerp,73.0,74.0,73.0,73.0,27.0,Fast build up,St Truiden,68.0,70.0,68.0,68.0,27.0,Fast build up,53.333333333333336,66.66666666666666,60.0
B1,2024-03-03,Anderlecht,Eupen,1,0,H,14.0,15.0,5.0,3.0,12.0,20.0,8.0,4.0,2.0,1.0,0.0,0.0,1.3,5.25,8.5,17,1,2024,3,3,0,6,1,Home Win,Home Win,2023-2024,Anderlecht,74.0,74.0,73.0,74.0,28.0,Balanced,Eupen,67.0,67.0,67.0,66.0,28.0,Long ball,86.66666666666667,86.66666666666667,0.0
B1,2024-03-03,Kortrijk,RWD Molenbeek,3,2,H,17.0,12.0,7.0,4.0,10.0,14.0,8.0,5.0,1.0,3.0,0.0,0.0,2.4,3.5,2.75,18,1,2024,3,3,9,14,1,Home Win,Home Win,2023-2024,Kortrijk,67.0,67.0,68.0,66.0,28.0,Balanced,RWD Molenbeek,67.0,70.0,68.0,65.0,28.0,Balanced,26.666666666666668,26.666666666666668,13.333333333333334
B1,2024-03-08,Mechelen,Westerlo,3,1,H,10.0,21.0,4.0,4.0,7.0,8.0,3.0,3.0,0.0,1.0,0.0,0.0,1.91,3.6,4.0,19,1,2024,3,8,10,21,6,Home Win,Home Win,2023-2024,Mechelen,69.0,71.0,68.0,68.0,28.0,Balanced,Westerlo,68.0,67.0,67.0,68.0,28.0,Balanced,73.33333333333333,86.66666666666667,26.666666666666668
B1,2024-03-09,Kortrijk,Antwerp,0,1,A,3.0,15.0,1.0,5.0,9.0,10.0,3.0,10.0,0.0,1.0,0.0,0.0,7.0,4.33,1.5,15,2,2024,3,9,9,1,7,Away Win,Away Win,2023-2024,Kortrijk,67.0,67.0,68.0,66.0,28.0,Balanced,Antwerp,73.0,74.0,73.0,73.0,27.0,Fast build up,46.666666666666664,40.0,66.66666666666666
B1,2024-03-09,Charleroi,Cercle Brugge,0,0,D,6.0,11.0,2.0,2.0,15.0,17.0,2.0,8.0,1.0,1.0,0.0,1.0,3.6,3.6,1.95,17,0,2024,3,9,4,3,7,Draw,Draw,2023-2024,Charleroi,69.0,72.0,70.0,68.0,28.0,Balanced,Cercle Brugge,69.0,70.0,70.0,67.0,28.0,Balanced,40.0,26.666666666666668,66.66666666666666
B1,2024-03-09,RWD Molenbeek,Anderlecht,0,3,A,10.0,11.0,2.0,5.0,11.0,9.0,4.0,3.0,3.0,1.0,0.0,0.0,5.75,4.2,1.53,19,2,2024,3,9,14,0,7,Away Win,Away Win,2023-2024,RWD Molenbeek,67.0,70.0,68.0,65.0,28.0,Balanced,Anderlecht,74.0,74.0,73.0,74.0,28.0,Balanced,13.333333333333334,13.333333333333334,100.0
B1,2024-03-10,Genk,Standard,1,0,H,19.0,6.0,5.0,4.0,6.0,11.0,7.0,5.0,0.0,2.0,0.0,0.0,1.65,4.0,5.25,12,1,2024,3,10,7,18,1,Home Win,Home Win,2023-2024,Genk,72.0,71.0,72.0,72.0,26.0,Long ball,,69.64389067524115,70.3330689928628,69.83108643933386,68.45757335448057,26.94528152260111,Balanced,46.666666666666664,46.666666666666664,46.666666666666664
B1,2024-03-10,Club Brugge,Oud-Heverlee Leuven,3,1,H,20.0,7.0,8.0,2.0,13.0,10.0,10.0,5.0,0.0,2.0,0.0,0.0,1.33,5.5,7.5,15,1,2024,3,10,5,13,1,Home Win,Home Win,2023-2024,Club Brugge,74.0,73.0,75.0,71.0,27.0,Long ball,Oud-Heverlee Leuven,68.0,69.0,68.0,69.0,28.0,Balanced,53.333333333333336,46.666666666666664,33.33333333333333
B1,2024-03-10,St. Gilloise,Gent,1,1,D,18.0,11.0,5.0,6.0,4.0,11.0,8.0,3.0,3.0,1.0,0.0,0.0,1.62,4.2,4.75,17,0,2024,3,10,17,8,1,Draw,Draw,2023-2024,St. Gilloise,72.0,72.0,70.0,72.0,27.0,Balanced,Gent,72.0,71.0,72.0,72.0,28.0,Fast build up,86.66666666666667,86.66666666666667,26.666666666666668
B1,2024-03-10,Eupen,St Truiden,1,0,H,7.0,17.0,2.0,5.0,12.0,15.0,4.0,3.0,3.0,1.0,0.0,0.0,3.5,3.3,2.1,18,1,2024,3,10,6,16,1,Home Win,Home Win,2023-2024,Eupen,67.0,67.0,67.0,66.0,28.0,Long ball,St Truiden,68.0,70.0,68.0,68.0,27.0,Fast build up,20.0,0.0,40.0
B1,2024-03-16,Standard,Eupen,4,0,H,13.0,9.0,5.0,5.0,2.0,17.0,5.0,5.0,0.0,0.0,0.0,0.0,1.73,3.8,4.5,17,1,2024,3,16,18,6,7,Home Win,Home Win,2023-2024,,69.65567176186646,70.34285714285714,69.84285714285714,68.46746031746032,26.95,Balanced,Eupen,67.0,67.0,67.0,66.0,28.0,Long ball,46.666666666666664,40.0,20.0
B1,2024-03-16,Anderlecht,Kortrijk,0,1,A,17.0,11.0,5.0,4.0,7.0,13.0,5.0,6.0,1.0,2.0,0.0,0.0,1.25,5.5,10.0,19,2,2024,3,16,0,9,7,Away Win,Away Win,2023-2024,Anderlecht,74.0,74.0,73.0,74.0,28.0,Balanced,Kortrijk,67.0,67.0,68.0,66.0,28.0,Balanced,86.66666666666667,100.0,20.0
B1,2024-03-17,St Truiden,Club Brugge,2,1,H,13.0,19.0,5.0,8.0,5.0,10.0,4.0,8.0,0.0,1.0,0.0,0.0,5.5,4.0,1.6,12,1,2024,3,17,16,5,1,Home Win,Home Win,2023-2024,St Truiden,68.0,70.0,68.0,68.0,27.0,Fast build up,Club Brugge,74.0,73.0,75.0,71.0,27.0,Long ball,86.66666666666667,40.0,66.66666666666666
B1,2024-03-17,Antwerp,St. Gilloise,1,1,D,9.0,13.0,3.0,4.0,12.0,12.0,4.0,3.0,3.0,5.0,0.0,1.0,2.6,3.5,2.55,15,0,2024,3,17,1,17,1,Draw,Draw,2023-2024,Antwerp,73.0,74.0,73.0,73.0,27.0,Fast build up,St. Gilloise,72.0,72.0,70.0,72.0,27.0,Balanced,66.66666666666666,66.66666666666666,73.33333333333333
B1,2024-03-17,Cercle Brugge,RWD Molenbeek,4,0,H,20.0,4.0,8.0,1.0,6.0,11.0,11.0,4.0,1.0,4.0,0.0,1.0,1.36,5.25,7.5,17,1,2024,3,17,3,14,1,Home Win,Home Win,2023-2024,Cercle Brugge,69.0,70.0,70.0,67.0,28.0,Balanced,RWD Molenbeek,67.0,70.0,68.0,65.0,28.0,Balanced,53.333333333333336,53.333333333333336,6.666666666666667
B1,2024-03-17,Gent,Charleroi,5,0,H,13.0,12.0,9.0,5.0,8.0,10.0,1.0,6.0,0.0,2.0,0.0,0.0,1.57,4.0,5.75,17,1,2024,3,17,8,4,1,Home Win,Home Win,2023-2024,Gent,72.0,71.0,72.0,72.0,28.0,Fast build up,Charleroi,69.0,72.0,70.0,68.0,28.0,Balanced,33.33333333333333,33.33333333333333,33.33333333333333
B1,2024-03-17,Oud-Heverlee Leuven,Mechelen,1,0,H,14.0,16.0,4.0,5.0,14.0,9.0,3.0,6.0,4.0,1.0,0.0,0.0,2.75,3.4,2.45,17,1,2024,3,17,13,10,1,Home Win,Home Win,2023-2024,Oud-Heverlee Leuven,68.0,69.0,68.0,69.0,28.0,Balanced,Mechelen,69.0,71.0,68.0,68.0,28.0,Balanced,53.333333333333336,13.333333333333334,86.66666666666667
B1,2024-03-17,Westerlo,Genk,1,1,D,12.0,9.0,4.0,2.0,10.0,13.0,5.0,6.0,4.0,1.0,0.0,1.0,3.5,3.75,1.95,17,0,2024,3,17,21,7,1,Draw,Draw,2023-2024,Westerlo,68.0,67.0,67.0,68.0,28.0,Balanced,Genk,72.0,71.0,72.0,72.0,26.0,Long ball,60.0,26.666666666666668,66.66666666666666
B1,2024-03-29,Gent,Standard,5,1,H,15.0,11.0,8.0,4.0,12.0,5.0,4.0,2.0,2.0,1.0,0.0,0.0,1.62,4.0,5.0,19,1,2024,3,29,8,18,6,Home Win,Home Win,2023-2024,Gent,72.0,71.0,72.0,72.0,28.0,Fast build up,,69.64389067524115,70.3330689928628,69.83108643933386,68.45757335448057,26.94528152260111,Balanced,33.33333333333333,53.333333333333336,40.0
B1,2024-03-30,Oud-Heverlee Leuven,Mechelen,2,3,A,18.0,11.0,5.0,8.0,8.0,16.0,7.0,7.0,1.0,5.0,0.0,1.0,2.75,3.2,2.63,17,2,2024,3,30,13,10,7,Away Win,Away Win,2023-2024,Oud-Heverlee Leuven,68.0,69.0,68.0,69.0,28.0,Balanced,Mechelen,69.0,71.0,68.0,68.0,28.0,Balanced,53.333333333333336,33.33333333333333,80.0
B1,2024-03-30,Anderlecht,Antwerp,1,0,H,20.0,8.0,8.0,2.0,8.0,7.0,4.0,3.0,2.0,4.0,0.0,1.0,2.3,3.4,3.0,19,1,2024,3,30,0,1,7,Home Win,Home Win,2023-2024,Anderlecht,74.0,74.0,73.0,74.0,28.0,Balanced,Antwerp,73.0,74.0,73.0,73.0,27.0,Fast build up,66.66666666666666,80.0,53.333333333333336
B1,2024-03-31,St Truiden,Westerlo,2,0,H,14.0,13.0,6.0,5.0,11.0,10.0,7.0,3.0,0.0,1.0,0.0,0.0,2.2,3.5,3.2,17,1,2024,3,31,16,21,1,Home Win,Home Win,2023-2024,St Truiden,68.0,70.0,68.0,68.0,27.0,Fast build up,Westerlo,68.0,67.0,67.0,68.0,28.0,Balanced,86.66666666666667,40.0,26.666666666666668
B1,2024-04-01,Cercle Brugge,Club Brugge,1,1,D,10.0,28.0,4.0,7.0,11.0,7.0,0.0,8.0,0.0,1.0,0.0,0.0,3.6,3.6,2.0,12,0,2024,4,1,3,5,2,Draw,Draw,2023-2024,Cercle Brugge,69.0,70.0,70.0,67.0,28.0,Balanced,Club Brugge,74.0,73.0,75.0,71.0,27.0,Long ball,53.333333333333336,53.333333333333336,46.666666666666664
B1,2024-04-01,Genk,St. Gilloise,1,0,H,7.0,12.0,3.0,4.0,11.0,18.0,2.0,9.0,1.0,1.0,0.0,1.0,2.75,3.4,2.5,17,1,2024,4,1,7,17,2,Home Win,Home Win,2023-2024,Genk,72.0,71.0,72.0,72.0,26.0,Long ball,St. Gilloise,72.0,72.0,70.0,72.0,27.0,Balanced,46.666666666666664,66.66666666666666,73.33333333333333
B1,2024-04-05,Mechelen,St Truiden,2,3,A,17.0,16.0,6.0,7.0,9.0,13.0,5.0,4.0,2.0,2.0,0.0,0.0,2.05,3.5,3.4,19,2,2024,4,5,10,16,6,Away Win,Away Win,2023-2024,Mechelen,69.0,71.0,68.0,68.0,28.0,Balanced,St Truiden,68.0,70.0,68.0,68.0,27.0,Fast build up,73.33333333333333,80.0,60.0
B1,2024-04-06,Charleroi,RWD Molenbeek,0,0,D,14.0,10.0,3.0,3.0,14.0,12.0,11.0,6.0,1.0,4.0,0.0,0.0,1.67,3.75,5.0,15,0,2024,4,6,4,14,7,Draw,Draw,2023-2024,Charleroi,69.0,72.0,70.0,68.0,28.0,Balanced,RWD Molenbeek,67.0,70.0,68.0,65.0,28.0,Balanced,26.666666666666668,33.33333333333333,6.666666666666667
B1,2024-04-06,Standard,Oud-Heverlee Leuven,0,0,D,13.0,8.0,6.0,2.0,12.0,13.0,6.0,2.0,2.0,2.0,0.0,0.0,1.67,3.6,5.0,17,0,2024,4,6,18,13,7,Draw,Draw,2023-2024,,69.65567176186646,70.34285714285714,69.84285714285714,68.46746031746032,26.95,Balanced,Oud-Heverlee Leuven,68.0,69.0,68.0,69.0,28.0,Balanced,60.0,40.0,26.666666666666668
B1,2024-04-06,Antwerp,Genk,0,1,A,11.0,18.0,2.0,6.0,14.0,12.0,6.0,5.0,3.0,1.0,0.0,0.0,2.25,3.4,3.1,19,2,2024,4,6,1,7,7,Away Win,Away Win,2023-2024,Antwerp,73.0,74.0,73.0,73.0,27.0,Fast build up,Genk,72.0,71.0,72.0,72.0,26.0,Long ball,66.66666666666666,53.333333333333336,66.66666666666666
B1,2024-04-07,St. Gilloise,Cercle Brugge,2,3,A,14.0,8.0,9.0,4.0,10.0,20.0,4.0,3.0,2.0,5.0,0.0,0.0,1.73,3.8,4.75,12,2,2024,4,7,17,3,1,Away Win,Away Win,2023-2024,St. Gilloise,72.0,72.0,70.0,72.0,27.0,Balanced,Cercle Brugge,69.0,70.0,70.0,67.0,28.0,Balanced,73.33333333333333,53.333333333333336,53.333333333333336
B1,2024-04-07,Eupen,Kortrijk,1,1,D,7.0,12.0,2.0,4.0,9.0,10.0,2.0,4.0,1.0,2.0,0.0,0.0,2.3,3.2,3.1,15,0,2024,4,7,6,9,1,Draw,Draw,2023-2024,Eupen,67.0,67.0,67.0,66.0,28.0,Long ball,Kortrijk,67.0,67.0,68.0,66.0,28.0,Balanced,40.0,20.0,40.0
B1,2024-04-07,Club Brugge,Anderlecht,3,1,H,20.0,13.0,8.0,7.0,8.0,12.0,3.0,2.0,1.0,5.0,0.0,0.0,1.91,3.6,4.0,17,1,2024,4,7,5,0,1,Home Win,Home Win,2023-2024,Club Brugge,74.0,73.0,75.0,71.0,27.0,Long ball,Anderlecht,74.0,74.0,73.0,74.0,28.0,Balanced,66.66666666666666,46.666666666666664,80.0
B1,2024-04-07,Westerlo,Gent,0,3,A,3.0,21.0,3.0,7.0,16.0,13.0,1.0,8.0,5.0,2.0,2.0,0.0,4.0,3.75,1.85,18,2,2024,4,7,21,8,1,Away Win,Away Win,2023-2024,Westerlo,68.0,67.0,67.0,68.0,28.0,Balanced,Gent,72.0,71.0,72.0,72.0,28.0,Fast build up,46.666666666666664,6.666666666666667,53.333333333333336
B1,2024-04-12,St Truiden,Standard,3,3,D,16.0,17.0,8.0,10.0,10.0,11.0,4.0,3.0,4.0,4.0,0.0,0.0,2.15,3.4,3.3,19,0,2024,4,12,16,18,6,Draw,Draw,2023-2024,St Truiden,68.0,70.0,68.0,68.0,27.0,Fast build up,,69.64389067524115,70.3330689928628,69.83108643933386,68.45757335448057,26.94528152260111,Balanced,100.0,60.0,46.666666666666664
B1,2024-04-13,RWD Molenbeek,Eupen,3,1,H,11.0,8.0,5.0,3.0,16.0,13.0,7.0,4.0,1.0,3.0,0.0,0.0,2.38,3.3,3.0,15,1,2024,4,13,14,6,7,Home Win,Home Win,2023-2024,RWD Molenbeek,67.0,70.0,68.0,65.0,28.0,Balanced,Eupen,67.0,67.0,67.0,66.0,28.0,Long ball,13.333333333333334,13.333333333333334,26.666666666666668
B1,2024-04-13,Mechelen,Westerlo,3,2,H,23.0,14.0,6.0,7.0,13.0,7.0,13.0,6.0,1.0,4.0,0.0,1.0,1.73,3.6,4.75,17,1,2024,4,13,10,21,7,Home Win,Home Win,2023-2024,Mechelen,69.0,71.0,68.0,68.0,28.0,Balanced,Westerlo,68.0,67.0,67.0,68.0,28.0,Balanced,53.333333333333336,60.0,6.666666666666667
B1,2024-04-13,Genk,Cercle Brugge,1,1,D,13.0,10.0,5.0,2.0,7.0,16.0,6.0,5.0,0.0,4.0,0.0,1.0,1.85,3.6,4.0,19,0,2024,4,13,7,3,7,Draw,Draw,2023-2024,Genk,72.0,71.0,72.0,72.0,26.0,Long ball,Cercle Brugge,69.0,70.0,70.0,67.0,28.0,Balanced,60.0,66.66666666666666,53.333333333333336
B1,2024-04-14,Club Brugge,Antwerp,3,0,H,13.0,8.0,6.0,3.0,10.0,14.0,5.0,3.0,2.0,2.0,0.0,0.0,1.8,3.75,4.2,12,1,2024,4,14,5,1,1,Home Win,Home Win,2023-2024,Club Brugge,74.0,73.0,75.0,71.0,27.0,Long ball,Antwerp,73.0,74.0,73.0,73.0,27.0,Fast build up,66.66666666666666,66.66666666666666,46.666666666666664
B1,2024-04-14,Kortrijk,Charleroi,1,2,A,9.0,12.0,2.0,5.0,11.0,12.0,4.0,3.0,0.0,1.0,0.0,0.0,2.9,3.2,2.5,15,2,2024,4,14,9,4,1,Away Win,Away Win,2023-2024,Kortrijk,67.0,67.0,68.0,66.0,28.0,Balanced,Charleroi,69.0,72.0,70.0,68.0,28.0,Balanced,46.666666666666664,46.666666666666664,33.33333333333333
B1,2024-04-14,Anderlecht,St. Gilloise,2,1,H,7.0,15.0,5.0,5.0,10.0,16.0,6.0,6.0,4.0,3.0,1.0,0.0,2.75,3.3,2.5,17,1,2024,4,14,0,17,1,Home Win,Home Win,2023-2024,Anderlecht,74.0,74.0,73.0,74.0,28.0,Balanced,St. Gilloise,72.0,72.0,70.0,72.0,27.0,Balanced,80.0,60.0,33.33333333333333
B1,2024-04-14,Oud-Heverlee Leuven,Gent,2,1,H,12.0,16.0,3.0,6.0,8.0,6.0,0.0,6.0,2.0,2.0,0.0,0.0,4.0,3.75,1.85,18,1,2024,4,14,13,8,1,Home Win,Home Win,2023-2024,Oud-Heverlee Leuven,68.0,69.0,68.0,69.0,28.0,Balanced,Gent,72.0,71.0,72.0,72.0,28.0,Fast build up,46.666666666666664,26.666666666666668,66.66666666666666
B1,2024-04-20,Oud-Heverlee Leuven,St Truiden,1,0,H,20.0,3.0,11.0,0.0,11.0,11.0,6.0,3.0,1.0,2.0,0.0,0.0,2.63,3.3,2.63,15,1,2024,4,20,13,16,7,Home Win,Home Win,2023-2024,Oud-Heverlee Leuven,68.0,69.0,68.0,69.0,28.0,Balanced,St Truiden,68.0,70.0,68.0,68.0,27.0,Fast build up,46.666666666666664,46.666666666666664,66.66666666666666
B1,2024-04-20,Westerlo,Standard,3,3,D,19.0,17.0,6.0,8.0,8.0,12.0,6.0,7.0,1.0,1.0,0.0,0.0,2.6,3.4,2.6,17,0,2024,4,20,21,18,7,Draw,Draw,2023-2024,Westerlo,68.0,67.0,67.0,68.0,28.0,Balanced,,69.64389067524115,70.3330689928628,69.83108643933386,68.45757335448057,26.94528152260111,Balanced,26.666666666666668,6.666666666666667,33.33333333333333
B1,2024-04-20,Gent,Mechelen,3,1,H,15.0,7.0,5.0,3.0,8.0,4.0,6.0,5.0,1.0,1.0,0.0,0.0,1.55,4.0,6.0,19,1,2024,4,20,8,10,7,Home Win,Home Win,2023-2024,Gent,72.0,71.0,72.0,72.0,28.0,Fast build up,Mechelen,69.0,71.0,68.0,68.0,28.0,Balanced,53.333333333333336,66.66666666666666,60.0
B1,2024-04-20,Genk,Anderlecht,2,1,H,22.0,9.0,10.0,2.0,10.0,10.0,4.0,3.0,1.0,1.0,0.0,0.0,2.15,3.6,3.2,19,1,2024,4,20,7,0,7,Home Win,Home Win,2023-2024,Genk,72.0,71.0,72.0,72.0,26.0,Long ball,Anderlecht,74.0,74.0,73.0,74.0,28.0,Balanced,66.66666666666666,73.33333333333333,60.0
B1,2024-04-21,Cercle Brugge,Antwerp,0,1,A,16.0,12.0,4.0,8.0,12.0,5.0,7.0,2.0,4.0,1.0,0.0,0.0,2.63,3.3,2.63,12,2,2024,4,21,3,1,1,Away Win,Away Win,2023-2024,Cercle Brugge,69.0,70.0,70.0,67.0,28.0,Balanced,Antwerp,73.0,74.0,73.0,73.0,27.0,Fast build up,53.333333333333336,60.0,26.666666666666668
B1,2024-04-21,Kortrijk,RWD Molenbeek,2,4,A,16.0,14.0,8.0,8.0,11.0,10.0,11.0,4.0,2.0,4.0,0.0,0.0,2.1,3.4,3.4,15,2,2024,4,21,9,14,1,Away Win,Away Win,2023-2024,Kortrijk,67.0,67.0,68.0,66.0,28.0,Balanced,RWD Molenbeek,67.0,70.0,68.0,65.0,28.0,Balanced,40.0,46.666666666666664,26.666666666666668
B1,2024-04-21,St. Gilloise,Club Brugge,1,2,A,18.0,9.0,6.0,2.0,14.0,11.0,10.0,8.0,3.0,3.0,0.0,1.0,2.3,3.4,3.0,17,2,2024,4,21,17,5,1,Away Win,Away Win,2023-2024,St. Gilloise,72.0,72.0,70.0,72.0,27.0,Balanced,Club Brugge,74.0,73.0,75.0,71.0,27.0,Long ball,53.333333333333336,13.333333333333334,66.66666666666666
B1,2024-04-21,Charleroi,Eupen,1,0,H,19.0,9.0,7.0,3.0,12.0,8.0,7.0,4.0,1.0,1.0,0.0,0.0,1.67,3.75,5.0,18,1,2024,4,21,4,6,1,Home Win,Home Win,2023-2024,Charleroi,69.0,72.0,70.0,68.0,28.0,Balanced,Eupen,67.0,67.0,67.0,66.0,28.0,Long ball,33.33333333333333,53.333333333333336,26.666666666666668
B1,2024-04-23,St Truiden,Gent,0,2,A,17.0,15.0,5.0,5.0,12.0,8.0,5.0,4.0,2.0,1.0,0.0,0.0,3.75,3.75,1.91,19,2,2024,4,23,16,8,3,Away Win,Away Win,2023-2024,St Truiden,68.0,70.0,68.0,68.0,27.0,Fast build up,Gent,72.0,71.0,72.0,72.0,28.0,Fast build up,86.66666666666667,66.66666666666666,80.0
B1,2024-04-23,Standard,Mechelen,0,0,D,21.0,6.0,6.0,1.0,9.0,6.0,8.0,4.0,0.0,2.0,0.0,0.0,2.4,3.5,2.75,19,0,2024,4,23,18,10,3,Draw,Draw,2023-2024,,69.65567176186646,70.34285714285714,69.84285714285714,68.46746031746032,26.95,Balanced,Mechelen,69.0,71.0,68.0,68.0,28.0,Balanced,66.66666666666666,40.0,40.0
B1,2024-04-23,Westerlo,Oud-Heverlee Leuven,1,1,D,15.0,20.0,3.0,7.0,7.0,14.0,9.0,4.0,2.0,3.0,0.0,0.0,2.45,3.6,2.7,19,0,2024,4,23,21,13,3,Draw,Draw,2023-2024,Westerlo,68.0,67.0,67.0,68.0,28.0,Balanced,Oud-Heverlee Leuven,68.0,69.0,68.0,69.0,28.0,Balanced,33.33333333333333,13.333333333333334,66.66666666666666
B1,2024-04-24,Anderlecht,Cercle Brugge,3,0,H,12.0,7.0,5.0,4.0,6.0,12.0,4.0,2.0,1.0,4.0,0.0,0.0,1.91,3.6,3.8,19,1,2024,4,24,0,3,4,Home Win,Home Win,2023-2024,Anderlecht,74.0,74.0,73.0,74.0,28.0,Balanced,Cercle Brugge,69.0,70.0,70.0,67.0,28.0,Balanced,80.0,40.0,53.333333333333336
B1,2024-04-24,Club Brugge,Genk,4,0,H,15.0,12.0,7.0,4.0,12.0,16.0,0.0,4.0,0.0,1.0,0.0,0.0,1.75,3.8,4.33,19,1,2024,4,24,5,7,4,Home Win,Home Win,2023-2024,Club Brugge,74.0,73.0,75.0,71.0,27.0,Long ball,Genk,72.0,71.0,72.0,72.0,26.0,Long ball,80.0,66.66666666666666,73.33333333333333
B1,2024-04-25,Antwerp,St. Gilloise,0,3,A,6.0,13.0,1.0,7.0,9.0,19.0,5.0,5.0,3.0,4.0,0.0,0.0,2.8,3.5,2.38,19,2,2024,4,25,1,17,5,Away Win,Away Win,2023-2024,Antwerp,73.0,74.0,73.0,73.0,27.0,Fast build up,St. Gilloise,72.0,72.0,70.0,72.0,27.0,Balanced,46.666666666666664,26.666666666666668,6.666666666666667
B1,2024-04-26,Eupen,Charleroi,1,2,A,12.0,12.0,2.0,4.0,13.0,15.0,4.0,5.0,2.0,1.0,0.0,0.0,3.4,3.2,2.2,19,2,2024,4,26,6,4,6,Away Win,Away Win,2023-2024,Eupen,67.0,67.0,67.0,66.0,28.0,Long ball,Charleroi,69.0,72.0,70.0,68.0,28.0,Balanced,26.666666666666668,26.666666666666668,53.333333333333336
B1,2024-04-27,Mechelen,Oud-Heverlee Leuven,3,0,H,17.0,17.0,7.0,4.0,10.0,12.0,4.0,3.0,1.0,1.0,0.0,0.0,1.95,3.75,3.6,15,1,2024,4,27,10,13,7,Home Win,Home Win,2023-2024,Mechelen,69.0,71.0,68.0,68.0,28.0,Balanced,Oud-Heverlee Leuven,68.0,69.0,68.0,69.0,28.0,Balanced,66.66666666666666,46.666666666666664,53.333333333333336
B1,2024-04-27,Standard,St Truiden,1,1,D,19.0,11.0,6.0,6.0,6.0,10.0,5.0,4.0,0.0,2.0,0.0,0.0,2.25,3.4,3.1,17,0,2024,4,27,18,16,7,Draw,Draw,2023-2024,,69.65567176186646,70.34285714285714,69.84285714285714,68.46746031746032,26.95,Balanced,St Truiden,68.0,70.0,68.0,68.0,27.0,Fast build up,73.33333333333333,26.666666666666668,46.666666666666664
B1,2024-04-27,Gent,Westerlo,3,2,H,15.0,23.0,6.0,7.0,9.0,12.0,3.0,10.0,2.0,3.0,0.0,0.0,1.36,5.25,7.0,19,1,2024,4,27,8,21,7,Home Win,Home Win,2023-2024,Gent,72.0,71.0,72.0,72.0,28.0,Fast build up,Westerlo,68.0,67.0,67.0,68.0,28.0,Balanced,66.66666666666666,80.0,13.333333333333334
B1,2024-04-28,Genk,Club Brugge,0,3,A,14.0,11.0,3.0,4.0,8.0,10.0,6.0,3.0,1.0,2.0,0.0,0.0,2.9,3.6,2.25,12,2,2024,4,28,7,5,1,Away Win,Away Win,2023-2024,Genk,72.0,71.0,72.0,72.0,26.0,Long ball,Club Brugge,74.0,73.0,75.0,71.0,27.0,Long ball,66.66666666666666,66.66666666666666,86.66666666666667
B1,2024-04-28,Cercle Brugge,Anderlecht,1,1,D,18.0,9.0,4.0,5.0,9.0,9.0,4.0,3.0,1.0,1.0,0.0,0.0,2.8,3.5,2.38,15,0,2024,4,28,3,0,1,Draw,Draw,2023-2024,Cercle Brugge,69.0,70.0,70.0,67.0,28.0,Balanced,Anderlecht,74.0,74.0,73.0,74.0,28.0,Balanced,33.33333333333333,33.33333333333333,60.0
B1,2024-04-28,St. Gilloise,Antwerp,4,1,H,14.0,3.0,10.0,2.0,14.0,9.0,3.0,2.0,2.0,4.0,0.0,0.0,1.67,4.0,4.75,17,1,2024,4,28,17,1,1,Home Win,Home Win,2023-2024,St. Gilloise,72.0,72.0,70.0,72.0,27.0,Balanced,Antwerp,73.0,74.0,73.0,73.0,27.0,Fast build up,33.33333333333333,20.0,20.0
B1,2024-04-28,RWD Molenbeek,Kortrijk,0,1,A,15.0,10.0,4.0,3.0,13.0,10.0,6.0,5.0,2.0,2.0,0.0,0.0,2.38,3.4,2.9,18,2,2024,4,28,14,9,1,Away Win,Away Win,2023-2024,RWD Molenbeek,67.0,70.0,68.0,65.0,28.0,Balanced,Kortrijk,67.0,67.0,68.0,66.0,28.0,Balanced,33.33333333333333,46.666666666666664,26.666666666666668
B1,2024-05-03,Westerlo,St Truiden,2,2,D,19.0,8.0,6.0,4.0,4.0,11.0,6.0,4.0,2.0,2.0,0.0,0.0,2.38,3.75,2.63,19,0,2024,5,3,21,16,6,Draw,Draw,2023-2024,Westerlo,68.0,67.0,67.0,68.0,28.0,Balanced,St Truiden,68.0,70.0,68.0,68.0,27.0,Fast build up,20.0,13.333333333333334,33.33333333333333
B1,2024-05-04,RWD Molenbeek,Charleroi,1,3,A,14.0,12.0,6.0,5.0,8.0,9.0,4.0,5.0,0.0,1.0,0.0,0.0,2.5,3.4,2.7,15,2,2024,5,4,14,4,7,Away Win,Away Win,2023-2024,RWD Molenbeek,67.0,70.0,68.0,65.0,28.0,Balanced,Charleroi,69.0,72.0,70.0,68.0,28.0,Balanced,26.666666666666668,46.666666666666664,66.66666666666666
B1,2024-05-04,Mechelen,Gent,2,4,A,15.0,13.0,8.0,5.0,11.0,10.0,6.0,2.0,2.0,0.0,0.0,0.0,3.3,3.6,2.05,17,2,2024,5,4,10,8,7,Away Win,Away Win,2023-2024,Mechelen,69.0,71.0,68.0,68.0,28.0,Balanced,Gent,72.0,71.0,72.0,72.0,28.0,Fast build up,80.0,46.666666666666664,80.0
B1,2024-05-04,Cercle Brugge,Genk,4,1,H,16.0,13.0,6.0,6.0,16.0,16.0,4.0,1.0,1.0,3.0,0.0,0.0,2.5,3.6,2.6,19,1,2024,5,4,3,7,7,Home Win,Home Win,2023-2024,Cercle Brugge,69.0,70.0,70.0,67.0,28.0,Balanced,Genk,72.0,71.0,72.0,72.0,26.0,Long ball,33.33333333333333,33.33333333333333,46.666666666666664
B1,2024-05-05,Antwerp,Club Brugge,1,2,A,10.0,10.0,5.0,4.0,10.0,11.0,2.0,3.0,3.0,1.0,0.0,0.0,3.8,3.6,1.91,12,2,2024,5,5,1,5,1,Away Win,Away Win,2023-2024,Antwerp,73.0,74.0,73.0,73.0,27.0,Fast build up,Club Brugge,74.0,73.0,75.0,71.0,27.0,Long ball,26.666666666666668,20.0,100.0
B1,2024-05-05,Oud-Heverlee Leuven,Standard,3,1,H,16.0,8.0,7.0,1.0,10.0,14.0,4.0,1.0,1.0,1.0,0.0,0.0,2.3,3.5,2.88,15,1,2024,5,5,13,18,1,Home Win,Home Win,2023-2024,Oud-Heverlee Leuven,68.0,69.0,68.0,69.0,28.0,Balanced,,69.64389067524115,70.3330689928628,69.83108643933386,68.45757335448057,26.94528152260111,Balanced,60.0,53.333333333333336,33.33333333333333
B1,2024-05-05,St. Gilloise,Anderlecht,0,0,D,19.0,12.0,8.0,9.0,12.0,8.0,8.0,3.0,4.0,1.0,0.0,0.0,1.7,3.8,4.5,17,0,2024,5,5,17,0,1,Draw,Draw,2023-2024,St. Gilloise,72.0,72.0,70.0,72.0,27.0,Balanced,Anderlecht,74.0,74.0,73.0,74.0,28.0,Balanced,46.666666666666664,40.0,46.666666666666664
B1,2024-05-05,Kortrijk,Eupen,1,0,H,18.0,10.0,4.0,2.0,15.0,12.0,7.0,3.0,4.0,3.0,0.0,1.0,2.05,3.4,3.6,18,1,2024,5,5,9,6,1,Home Win,Home Win,2023-2024,Kortrijk,67.0,67.0,68.0,66.0,28.0,Balanced,Eupen,67.0,67.0,67.0,66.0,28.0,Long ball,20.0,46.666666666666664,6.666666666666667
B1,2024-05-11,Charleroi,Kortrijk,3,1,H,12.0,9.0,8.0,4.0,11.0,8.0,5.0,5.0,0.0,1.0,0.0,0.0,2.25,3.4,3.1,17,1,2024,5,11,4,9,7,Home Win,Home Win,2023-2024,Charleroi,69.0,72.0,70.0,68.0,28.0,Balanced,Kortrijk,67.0,67.0,68.0,66.0,28.0,Balanced,33.33333333333333,86.66666666666667,46.666666666666664
B1,2024-05-11,Eupen,RWD Molenbeek,2,0,H,12.0,18.0,4.0,7.0,11.0,13.0,2.0,7.0,0.0,1.0,0.0,0.0,3.3,3.8,1.95,17,1,2024,5,11,6,14,7,Home Win,Home Win,2023-2024,Eupen,67.0,67.0,67.0,66.0,28.0,Long ball,RWD Molenbeek,67.0,70.0,68.0,65.0,28.0,Balanced,26.666666666666668,6.666666666666667,46.666666666666664
B1,2024-05-11,Anderlecht,Genk,2,1,H,17.0,19.0,4.0,3.0,5.0,14.0,4.0,3.0,1.0,2.0,0.0,0.0,1.95,3.5,3.6,19,1,2024,5,11,0,7,7,Home Win,Home Win,2023-2024,Anderlecht,74.0,74.0,73.0,74.0,28.0,Balanced,Genk,72.0,71.0,72.0,72.0,26.0,Long ball,80.0,53.333333333333336,26.666666666666668
B1,2024-05-12,Gent,Oud-Heverlee Leuven,0,1,A,12.0,8.0,2.0,4.0,10.0,12.0,10.0,1.0,2.0,3.0,0.0,0.0,1.4,5.0,6.5,12,2,2024,5,12,8,13,1,Away Win,Away Win,2023-2024,Gent,72.0,71.0,72.0,72.0,28.0,Fast build up,Oud-Heverlee Leuven,68.0,69.0,68.0,69.0,28.0,Balanced,86.66666666666667,80.0,66.66666666666666
B1,2024-05-12,St Truiden,Mechelen,2,1,H,11.0,7.0,5.0,3.0,9.0,12.0,2.0,1.0,1.0,0.0,0.0,0.0,2.3,3.5,2.88,15,1,2024,5,12,16,10,1,Home Win,Home Win,2023-2024,St Truiden,68.0,70.0,68.0,68.0,27.0,Fast build up,Mechelen,69.0,71.0,68.0,68.0,28.0,Balanced,66.66666666666666,20.0,46.666666666666664
B1,2024-05-12,Antwerp,Cercle Brugge,1,2,A,16.0,13.0,4.0,5.0,9.0,13.0,6.0,2.0,1.0,2.0,0.0,0.0,2.25,3.5,3.0,17,2,2024,5,12,1,3,1,Away Win,Away Win,2023-2024,Antwerp,73.0,74.0,73.0,73.0,27.0,Fast build up,Cercle Brugge,69.0,70.0,70.0,67.0,28.0,Balanced,26.666666666666668,20.0,33.33333333333333
B1,2024-05-13,Club Brugge,St. Gilloise,2,2,D,24.0,17.0,4.0,6.0,7.0,14.0,8.0,3.0,1.0,2.0,0.0,0.0,2.1,3.5,3.3,19,0,2024,5,13,5,17,2,Draw,Draw,2023-2024,Club Brugge,74.0,73.0,75.0,71.0,27.0,Long ball,St. Gilloise,72.0,72.0,70.0,72.0,27.0,Balanced,80.0,100.0,46.666666666666664
B1,2024-05-17,St Truiden,Oud-Heverlee Leuven,1,1,D,9.0,9.0,3.0,3.0,10.0,12.0,2.0,1.0,2.0,0.0,0.0,0.0,2.1,3.6,3.1,19,0,2024,5,17,16,13,6,Draw,Draw,2023-2024,St Truiden,68.0,70.0,68.0,68.0,27.0,Fast build up,Oud-Heverlee Leuven,68.0,69.0,68.0,69.0,28.0,Balanced,66.66666666666666,33.33333333333333,66.66666666666666
B1,2024-05-18,Westerlo,Mechelen,0,2,A,10.0,17.0,2.0,7.0,8.0,10.0,10.0,5.0,0.0,1.0,0.0,0.0,2.6,3.6,2.45,17,2,2024,5,18,21,10,7,Away Win,Away Win,2023-2024,Westerlo,68.0,67.0,67.0,68.0,28.0,Balanced,Mechelen,69.0,71.0,68.0,68.0,28.0,Balanced,26.666666666666668,20.0,26.666666666666668
B1,2024-05-18,Standard,Gent,1,4,A,9.0,18.0,2.0,6.0,11.0,6.0,5.0,11.0,1.0,0.0,0.0,0.0,3.5,4.0,1.85,19,2,2024,5,18,18,8,7,Away Win,Away Win,2023-2024,,69.65567176186646,70.34285714285714,69.84285714285714,68.46746031746032,26.95,Balanced,Gent,72.0,71.0,72.0,72.0,28.0,Fast build up,60.0,26.666666666666668,80.0
B1,2024-05-19,Cercle Brugge,St. Gilloise,1,2,A,9.0,14.0,3.0,5.0,17.0,18.0,5.0,5.0,3.0,3.0,0.0,0.0,3.3,3.5,2.05,12,2,2024,5,19,3,17,1,Away Win,Away Win,2023-2024,Cercle Brugge,69.0,70.0,70.0,67.0,28.0,Balanced,St. Gilloise,72.0,72.0,70.0,72.0,27.0,Balanced,53.333333333333336,46.666666666666664,53.333333333333336
B1,2024-05-19,Anderlecht,Club Brugge,0,1,A,13.0,14.0,4.0,2.0,10.0,10.0,4.0,4.0,1.0,3.0,0.0,0.0,2.88,3.5,2.3,17,2,2024,5,19,0,5,1,Away Win,Away Win,2023-2024,Anderlecht,74.0,74.0,73.0,74.0,28.0,Balanced,Club Brugge,74.0,73.0,75.0,71.0,27.0,Long ball,80.0,53.333333333333336,86.66666666666667
B1,2024-05-20,Genk,Antwerp,1,0,H,9.0,16.0,3.0,6.0,10.0,13.0,2.0,8.0,3.0,1.0,0.0,0.0,1.8,3.9,3.9,17,1,2024,5,20,7,1,2,Home Win,Home Win,2023-2024,Genk,72.0,71.0,72.0,72.0,26.0,Long ball,Antwerp,73.0,74.0,73.0,73.0,27.0,Fast build up,66.66666666666666,20.0,20.0
B1,2024-05-25,Gent,St Truiden,2,0,H,7.0,15.0,4.0,2.0,9.0,12.0,4.0,4.0,0.0,0.0,0.0,0.0,1.5,4.5,5.25,19,1,2024,5,25,8,16,7,Home Win,Home Win,2023-2024,Gent,72.0,71.0,72.0,72.0,28.0,Fast build up,St Truiden,68.0,70.0,68.0,68.0,27.0,Fast build up,80.0,80.0,40.0
B1,2024-05-25,Mechelen,Standard,3,2,H,20.0,7.0,9.0,4.0,8.0,6.0,9.0,4.0,2.0,0.0,0.0,0.0,1.85,3.7,3.8,19,1,2024,5,25,10,18,7,Home Win,Home Win,2023-2024,Mechelen,69.0,71.0,68.0,68.0,28.0,Balanced,,69.64389067524115,70.3330689928628,69.83108643933386,68.45757335448057,26.94528152260111,Balanced,60.0,46.666666666666664,20.0
B1,2024-05-25,Oud-Heverlee Leuven,Westerlo,1,2,A,10.0,21.0,3.0,7.0,11.0,11.0,1.0,6.0,4.0,5.0,2.0,0.0,2.05,3.7,3.2,19,2,2024,5,25,13,21,7,Away Win,Away Win,2023-2024,Oud-Heverlee Leuven,68.0,69.0,68.0,69.0,28.0,Balanced,Westerlo,68.0,67.0,67.0,68.0,28.0,Balanced,80.0,53.333333333333336,20.0
B1,2024-05-26,Antwerp,Anderlecht,3,1,H,21.0,15.0,5.0,5.0,8.0,9.0,4.0,2.0,3.0,0.0,0.0,0.0,3.75,3.5,1.75,17,1,2024,5,26,1,0,1,Home Win,Home Win,2023-2024,Antwerp,73.0,74.0,73.0,73.0,27.0,Fast build up,Anderlecht,74.0,74.0,73.0,74.0,28.0,Balanced,6.666666666666667,0.0,53.333333333333336
B1,2024-05-26,Club Brugge,Cercle Brugge,0,0,D,10.0,7.0,3.0,1.0,9.0,11.0,5.0,2.0,1.0,0.0,0.0,0.0,1.5,4.33,5.0,17,0,2024,5,26,5,3,1,Draw,Draw,2023-2024,Club Brugge,74.0,73.0,75.0,71.0,27.0,Long ball,Cercle Brugge,69.0,70.0,70.0,67.0,28.0,Balanced,86.66666666666667,86.66666666666667,46.666666666666664
B1,2024-05-26,St. Gilloise,Genk,2,0,H,21.0,9.0,8.0,2.0,18.0,10.0,10.0,4.0,3.0,1.0,0.0,1.0,1.65,3.8,4.5,17,1,2024,5,26,17,7,1,Home Win,Home Win,2023-2024,St. Gilloise,72.0,72.0,70.0,72.0,27.0,Balanced,Genk,72.0,71.0,72.0,72.0,26.0,Long ball,33.33333333333333,73.33333333333333,20.0
B1,2024-06-02,Genk,Gent,0,1,A,10.0,13.0,4.0,5.0,20.0,12.0,4.0,2.0,5.0,2.0,0.0,0.0,2.25,3.5,2.75,12,2,2024,6,2,7,8,1,Away Win,Away Win,2023-2024,Genk,72.0,71.0,72.0,72.0,26.0,Long ball,Gent,72.0,71.0,72.0,72.0,28.0,Fast build up,66.66666666666666,20.0,80.0
